사고번호,사고일시,요일,시군구,사고내용,사망자수,중상자수,경상자수,부상신고자수,사고유형,법규위반,노면상태,기상상태,도로형태,가해운전자 차종,가해운전자 성별,가해운전자 연령,가해운전자 상해정도,피해운전자 차종,피해운전자 성별,피해운전자 연령,피해운전자 상해정도
2021011000100087,2021년 1월 10일 12시,일요일,대구광역시 달성군 다사읍,중상사고,0,1,0,0,차대차 - 후진중충돌,안전운전불이행,건조,맑음,단일로 - 기타,승용,남,66세,상해없음,이륜,남,44세,중상
2021011000100088,2021년 1월 10일 12시,일요일,대구광역시 북구 고성동3가,중상사고,0,2,0,0,차대차 - 측면충돌,신호위반,건조,맑음,교차로 - 교차로부근,이륜,남,59세,중상,승용,남,27세,중상
2021011000100111,2021년 1월 10일 13시,일요일,대구광역시 동구 신서동,경상사고,0,0,1,0,차대차 - 기타,신호위반,건조,맑음,교차로 - 교차로안,원동기,남,47세,경상,승용,남,58세,상해없음
2021011000100112,2021년 1월 10일 13시,일요일,대구광역시 동구 신암동,부상신고사고,0,0,0,2,차대차 - 측면충돌,안전운전불이행,건조,맑음,교차로 - 교차로안,승용,남,45세,상해없음,승용,여,26세,부상신고
2021011000100113,2021년 1월 10일 13시,일요일,대구광역시 달서구 두류동,경상사고,0,0,1,0,차대차 - 기타,안전운전불이행,건조,맑음,단일로 - 기타,승용,여,24세,상해없음,승용,남,36세,경상
2021011000100131,2021년 1월 10일 14시,일요일,대구광역시 동구 용계동,경상사고,0,0,1,0,차대차 - 측면충돌,안전운전불이행,건조,맑음,단일로 - 기타,승용,남,60세,기타불명,이륜,남,66세,경상
2021011000100132,2021년 1월 10일 14시,일요일,대구광역시 달성군 화원읍,중상사고,0,1,3,0,차대차 - 기타,안전운전불이행,건조,맑음,단일로 - 기타,승용,남,65세,상해없음,승합,남,47세,상해없음
2021011000100133,2021년 1월 10일 14시,일요일,대구광역시 달서구 죽전동,부상신고사고,0,0,0,1,차대차 - 기타,중앙선침범,건조,맑음,단일로 - 기타,개인형이동수단(PM),남,26세,부상신고,기타불명,기타불명,미분류,기타불명
2021011000100167,2021년 1월 10일 15시,일요일,대구광역시 동구 신천동,부상신고사고,0,0,0,1,차대차 - 기타,직진우회전진행방해,건조,맑음,교차로 - 교차로안,이륜,남,21세,부상신고,승용,남,28세,상해없음
2021011000100168,2021년 1월 10일 15시,일요일,대구광역시 수성구 범물동,중상사고,0,1,1,0,차대차 - 측면충돌,안전운전불이행,건조,맑음,단일로 - 기타,승용,남,56세,경상,승용,여,51세,중상
2021011000100169,2021년 1월 10일 15시,일요일,대구광역시 달성군 다사읍,경상사고,0,0,1,1,차대차 - 측면충돌,안전운전불이행,건조,맑음,단일로 - 기타,화물,남,53세,부상신고,승용,남,61세,경상
2021011000100170,2021년 1월 10일 15시,일요일,대구광역시 북구 노원동3가,경상사고,0,0,1,0,차대차 - 측면충돌,안전운전불이행,건조,맑음,단일로 - 기타,승용,여,34세,상해없음,승용,남,59세,경상
2021011000100199,2021년 1월 10일 16시,일요일,대구광역시 수성구 만촌동,사망사고,1,0,0,0,차대차 - 정면충돌,교차로운행방법위반,건조,맑음,교차로 - 교차로안,승용,남,56세,상해없음,이륜,남,29세,사망
2021011000100260,2021년 1월 10일 18시,일요일,대구광역시 서구 평리동,경상사고,0,0,2,0,차대사람 - 횡단중,신호위반,건조,맑음,단일로 - 기타,승용,남,25세,상해없음,보행자,남,10세,경상
2021011000100282,2021년 1월 10일 19시,일요일,대구광역시 북구 팔달동,중상사고,0,1,0,0,차대사람 - 보도통행중,안전운전불이행,건조,맑음,단일로 - 지하차도(도로)내,승용,남,53세,상해없음,보행자,남,36세,중상
2021011000100310,2021년 1월 10일 20시,일요일,대구광역시 수성구 지산동,부상신고사고,0,0,0,2,차대차 - 측면충돌,안전운전불이행,건조,맑음,단일로 - 기타,기타불명,기타불명,미분류,기타불명,승용,남,72세,상해없음
2021011000100311,2021년 1월 10일 20시,일요일,대구광역시 달서구 상인동,중상사고,0,1,0,0,차대차 - 기타,신호위반,젖음/습기,맑음,교차로 - 교차로안,원동기,남,49세,중상,원동기,남,27세,상해없음
2021011000100332,2021년 1월 10일 21시,일요일,대구광역시 서구 평리동,경상사고,0,0,1,0,차대사람 - 기타,안전운전불이행,건조,맑음,교차로 - 교차로부근,승용,남,56세,상해없음,보행자,남,60세,경상
2021011000100350,2021년 1월 10일 22시,일요일,대구광역시 달서구 용산동,경상사고,0,0,1,0,차대차 - 추돌,안전운전불이행,건조,맑음,교차로 - 교차로부근,승용,남,53세,상해없음,승용,남,61세,경상
2021011000100351,2021년 1월 10일 22시,일요일,대구광역시 북구 팔달동,경상사고,0,0,2,0,차대차 - 추돌,안전운전불이행,건조,맑음,단일로 - 지하차도(도로)내,승용,남,32세,상해없음,승용,남,56세,경상
2021011000100358,2021년 1월 10일 23시,일요일,대구광역시 서구 비산동,중상사고,0,1,0,0,차대차 - 측면충돌,기타,건조,맑음,교차로 - 교차로부근,승용,남,59세,상해없음,자전거,남,22세,중상
2021011100100025,2021년 1월 11일 06시,월요일,대구광역시 남구 대명동,경상사고,0,0,1,0,차대사람 - 기타,안전운전불이행,건조,맑음,교차로 - 교차로부근,화물,남,39세,상해없음,보행자,여,58세,경상
2021011100100026,2021년 1월 11일 06시,월요일,대구광역시 북구 검단동,중상사고,0,1,0,0,차대사람 - 보도통행중,보행자보호의무위반,젖음/습기,흐림,교차로 - 교차로안,승용,남,58세,상해없음,보행자,여,55세,중상
2021011100100050,2021년 1월 11일 07시,월요일,대구광역시 달성군 화원읍,중상사고,0,1,0,0,차대차 - 기타,안전운전불이행,건조,맑음,단일로 - 기타,승용,남,33세,상해없음,기타불명,여,87세,중상
2021011100100051,2021년 1월 11일 07시,월요일,대구광역시 북구 구암동,중상사고,0,1,0,0,차대차 - 추돌,안전운전불이행,건조,맑음,단일로 - 기타,승용,여,59세,상해없음,승용,여,54세,중상
2021011100100083,2021년 1월 11일 08시,월요일,대구광역시 서구 비산동,경상사고,0,0,1,0,차대차 - 측면충돌,안전거리미확보,건조,맑음,교차로 - 교차로부근,건설기계,남,39세,상해없음,승용,여,49세,경상
2021011100100110,2021년 1월 11일 09시,월요일,대구광역시 수성구 수성동3가,경상사고,0,0,1,0,차대차 - 측면충돌,교차로운행방법위반,건조,맑음,교차로 - 교차로안,승용,여,46세,상해없음,승용,남,55세,경상
2021011100100131,2021년 1월 11일 10시,월요일,대구광역시 수성구 지산동,경상사고,0,0,2,0,차대차 - 측면충돌,교차로운행방법위반,건조,맑음,교차로 - 교차로안,승용,남,54세,상해없음,승용,여,36세,경상
2021011100100184,2021년 1월 11일 12시,월요일,대구광역시 수성구 만촌동,경상사고,0,0,1,0,차대사람 - 차도통행중,안전운전불이행,건조,맑음,단일로 - 기타,화물,남,53세,상해없음,보행자,여,86세,경상
2021011100100216,2021년 1월 11일 13시,월요일,대구광역시 동구 신천동,경상사고,0,0,3,0,차대차 - 추돌,안전거리미확보,건조,맑음,교차로 - 교차로부근,승용,남,50세,상해없음,승용,여,30세,경상
2021011100100217,2021년 1월 11일 13시,월요일,대구광역시 달서구 월성동,경상사고,0,0,1,0,차대차 - 측면충돌,교차로운행방법위반,건조,맑음,교차로 - 교차로안,화물,남,60세,상해없음,이륜,남,43세,경상
2021011100100219,2021년 1월 11일 13시,월요일,대구광역시 달서구 감삼동,중상사고,0,1,1,0,차대차 - 기타,교차로운행방법위반,건조,맑음,교차로 - 교차로안,승용,여,37세,상해없음,이륜,남,34세,중상
2021011100100249,2021년 1월 11일 14시,월요일,대구광역시 북구 구암동,경상사고,0,0,1,0,차대차 - 추돌,안전운전불이행,건조,맑음,단일로 - 기타,승용,남,68세,상해없음,자전거,여,50세,경상
2021011100100287,2021년 1월 11일 15시,월요일,대구광역시 수성구 만촌동,경상사고,0,0,1,0,차대차 - 기타,안전거리미확보,건조,맑음,교차로 - 교차로부근,승용,여,31세,상해없음,이륜,남,43세,경상
2021011100100312,2021년 1월 11일 16시,월요일,대구광역시 달성군 다사읍,부상신고사고,0,0,0,1,차대차 - 기타,안전운전불이행,건조,맑음,교차로 - 교차로부근,기타불명,기타불명,미분류,기타불명,승합,남,54세,상해없음
2021011100100313,2021년 1월 11일 16시,월요일,대구광역시 중구 동인동1가,경상사고,0,0,1,0,차대차 - 정면충돌,중앙선침범,건조,맑음,단일로 - 기타,화물,남,43세,상해없음,승용,남,59세,경상
2021011100100340,2021년 1월 11일 17시,월요일,대구광역시 달서구 대천동,경상사고,0,0,2,1,차대차 - 기타,안전거리미확보,건조,맑음,단일로 - 기타,승용,남,23세,부상신고,화물,남,61세,경상
2021011100100393,2021년 1월 11일 18시,월요일,대구광역시 동구 효목동,경상사고,0,0,2,0,차대차 - 추돌,안전거리미확보,건조,맑음,교차로 - 교차로안,승용,남,71세,상해없음,승용,여,59세,경상
2021011100100394,2021년 1월 11일 18시,월요일,대구광역시 달서구 월암동,경상사고,0,0,1,0,차대차 - 추돌,안전운전불이행,건조,맑음,단일로 - 기타,승용,남,27세,상해없음,승용,남,59세,경상
2021011100100395,2021년 1월 11일 18시,월요일,대구광역시 중구 태평로3가,경상사고,0,0,2,0,차대차 - 기타,안전운전불이행,건조,맑음,교차로 - 교차로부근,승용,남,68세,상해없음,승용,여,66세,경상
2021011100100432,2021년 1월 11일 19시,월요일,대구광역시 남구 봉덕동,경상사고,0,0,1,0,차대사람 - 기타,안전운전불이행,건조,맑음,교차로 - 교차로안,승용,여,26세,상해없음,보행자,여,64세,경상
2021011100100433,2021년 1월 11일 19시,월요일,대구광역시 동구 대림동,부상신고사고,0,0,0,1,차대차 - 기타,중앙선침범,건조,맑음,단일로 - 기타,화물,남,45세,상해없음,이륜,남,34세,부상신고
2021011100100434,2021년 1월 11일 19시,월요일,대구광역시 수성구 범어동,경상사고,0,0,2,0,차대차 - 추돌,안전운전불이행,건조,맑음,단일로 - 기타,승용,여,21세,경상,승용,남,48세,경상
2021011100100435,2021년 1월 11일 19시,월요일,대구광역시 북구 복현동,부상신고사고,0,0,0,1,차대사람 - 기타,안전운전불이행,건조,맑음,단일로 - 기타,기타불명,기타불명,미분류,기타불명,보행자,남,29세,부상신고
2021011100100436,2021년 1월 11일 19시,월요일,대구광역시 서구 평리동,중상사고,0,1,0,0,차대사람 - 차도통행중,안전운전불이행,건조,맑음,교차로 - 교차로안,승용,남,28세,상해없음,보행자,여,75세,중상
2021011100100510,2021년 1월 11일 21시,월요일,대구광역시 수성구 상동,경상사고,0,0,1,0,차대차 - 측면충돌,안전운전불이행,건조,맑음,단일로 - 기타,승용,남,47세,상해없음,승용,남,21세,경상
2021011100100511,2021년 1월 11일 21시,월요일,대구광역시 북구 산격동,중상사고,0,1,0,0,차대차 - 정면충돌,기타,건조,맑음,교차로 - 교차로부근,자전거,남,54세,중상,승용,남,25세,상해없음
2021011100100512,2021년 1월 11일 21시,월요일,대구광역시 달서구 이곡동,경상사고,0,0,1,0,차대사람 - 차도통행중,안전운전불이행,건조,맑음,단일로 - 기타,승용,여,24세,상해없음,보행자,남,62세,경상
2021011200100022,2021년 1월 12일 06시,화요일,대구광역시 북구 산격동,경상사고,0,0,1,0,차대차 - 추돌,안전거리미확보,건조,맑음,교차로 - 교차로횡단보도내,승용,남,24세,상해없음,승용,남,44세,경상
2021011200100043,2021년 1월 12일 07시,화요일,대구광역시 북구 대현동,경상사고,0,0,1,0,차대차 - 추돌,안전운전불이행,건조,맑음,단일로 - 기타,승용,남,35세,상해없음,승용,남,39세,경상
2021011200100070,2021년 1월 12일 08시,화요일,대구광역시 동구 신암동,경상사고,0,0,1,0,차대사람 - 횡단중,안전운전불이행,건조,맑음,교차로 - 교차로안,승용,여,52세,상해없음,보행자,남,53세,경상
2021011200100071,2021년 1월 12일 08시,화요일,대구광역시 수성구 파동,중상사고,0,1,0,0,차량단독 - 기타,안전운전불이행,건조,맑음,단일로 - 기타,승용,남,70세,중상,,,,
2021011200100072,2021년 1월 12일 08시,화요일,대구광역시 수성구 수성동1가,경상사고,0,0,1,0,차대차 - 기타,안전운전불이행,건조,맑음,단일로 - 기타,승용,남,43세,기타불명,승용,남,43세,경상
2021011200100073,2021년 1월 12일 08시,화요일,대구광역시 달서구 죽전동,경상사고,0,0,3,0,차대차 - 측면충돌,안전운전불이행,건조,맑음,단일로 - 기타,승용,여,51세,경상,승용,여,61세,경상
2021011200100088,2021년 1월 12일 09시,화요일,대구광역시 중구 서야동,중상사고,0,1,0,0,차대사람 - 기타,안전운전불이행,건조,맑음,단일로 - 기타,화물,남,48세,상해없음,보행자,남,78세,중상
2021011200100112,2021년 1월 12일 10시,화요일,대구광역시 달서구 성당동,경상사고,0,0,2,0,차대차 - 측면충돌,불법유턴,건조,맑음,단일로 - 기타,승용,남,28세,경상,이륜,남,44세,경상
2021011200100113,2021년 1월 12일 10시,화요일,대구광역시 북구 금호동,경상사고,0,0,3,0,차대차 - 추돌,안전운전불이행,젖음/습기,비,단일로 - 기타,승용,여,52세,상해없음,승용,남,31세,경상
2021011200100134,2021년 1월 12일 11시,화요일,대구광역시 동구 부동,중상사고,0,1,1,0,차대차 - 추돌,안전운전불이행,건조,맑음,단일로 - 기타,화물,남,41세,상해없음,화물,남,40세,경상
2021011200100168,2021년 1월 12일 12시,화요일,대구광역시 동구 율암동,중상사고,0,1,0,0,차대사람 - 기타,안전운전불이행,건조,맑음,단일로 - 기타,승용,남,63세,상해없음,보행자,남,55세,중상
2021011200100169,2021년 1월 12일 12시,화요일,대구광역시 수성구 범어동,경상사고,0,0,2,0,차대차 - 측면충돌,안전운전불이행,건조,맑음,단일로 - 기타,승용,여,51세,경상,이륜,남,32세,경상
2021011200100170,2021년 1월 12일 12시,화요일,대구광역시 수성구 범어동,부상신고사고,0,0,0,1,차대차 - 기타,안전운전불이행,서리/결빙,흐림,교차로 - 교차로부근,이륜,남,45세,부상신고,승용,남,47세,상해없음
2021011200100201,2021년 1월 12일 13시,화요일,대구광역시 달성군 논공읍,경상사고,0,0,1,0,차대차 - 기타,안전운전불이행,건조,기타,기타 - 기타,이륜,남,34세,경상,승용,여,43세,상해없음
2021011200100202,2021년 1월 12일 13시,화요일,대구광역시 달서구 이곡동,경상사고,0,0,1,0,차대차 - 기타,안전운전불이행,건조,맑음,단일로 - 기타,승용,남,20세,상해없음,승합,남,51세,상해없음
2021011200100235,2021년 1월 12일 14시,화요일,대구광역시 달성군 가창면,경상사고,0,0,1,0,차대차 - 기타,안전거리미확보,건조,맑음,교차로 - 교차로부근,건설기계,남,39세,상해없음,건설기계,남,59세,경상
2021011200100236,2021년 1월 12일 14시,화요일,대구광역시 달서구 감삼동,경상사고,0,0,2,0,차대차 - 정면충돌,차로위반,건조,맑음,기타 - 기타,승용,남,68세,상해없음,승용,여,65세,경상
2021011200100265,2021년 1월 12일 15시,화요일,대구광역시 수성구 지산동,중상사고,0,1,0,0,차대사람 - 횡단중,보행자보호의무위반,건조,맑음,교차로 - 교차로횡단보도내,화물,남,48세,상해없음,보행자,여,63세,중상
2021011200100266,2021년 1월 12일 15시,화요일,대구광역시 수성구 상동,경상사고,0,0,1,1,차대차 - 측면충돌,안전거리미확보,건조,맑음,단일로 - 기타,승용,남,45세,부상신고,승용,여,49세,경상
2021011200100267,2021년 1월 12일 15시,화요일,대구광역시 북구 칠성동1가,경상사고,0,0,1,0,차대차 - 기타,안전거리미확보,서리/결빙,맑음,교차로 - 교차로안,승용,남,62세,상해없음,이륜,남,59세,경상
2021011200100325,2021년 1월 12일 17시,화요일,대구광역시 동구 신천동,경상사고,0,0,1,0,차대차 - 측면충돌,안전운전불이행,건조,맑음,단일로 - 기타,승용,남,58세,상해없음,원동기,남,56세,경상
2021011200100363,2021년 1월 12일 18시,화요일,대구광역시 동구 각산동,경상사고,0,0,1,0,차대차 - 기타,교차로운행방법위반,건조,맑음,교차로 - 교차로안,기타불명,기타불명,미분류,기타불명,승용,여,35세,경상
2021011200100364,2021년 1월 12일 18시,화요일,대구광역시 수성구 만촌동,경상사고,0,0,1,0,차대차 - 측면충돌,신호위반,건조,맑음,교차로 - 교차로안,승용,여,45세,상해없음,이륜,남,25세,경상
2021011200100365,2021년 1월 12일 18시,화요일,대구광역시 달성군 유가읍,경상사고,0,0,2,0,차대차 - 측면충돌,안전운전불이행,건조,맑음,교차로 - 교차로부근,승용,남,50세,상해없음,승용,여,48세,경상
2021011200100366,2021년 1월 12일 18시,화요일,대구광역시 북구 산격동,중상사고,0,1,0,0,차대사람 - 기타,안전운전불이행,건조,맑음,단일로 - 기타,화물,남,69세,상해없음,보행자,남,81세,중상
2021011200100367,2021년 1월 12일 18시,화요일,대구광역시 달서구 장기동,경상사고,0,0,2,0,차대차 - 기타,안전거리미확보,건조,맑음,단일로 - 기타,승용,남,68세,상해없음,승용,남,25세,경상
2021011200100368,2021년 1월 12일 18시,화요일,대구광역시 달서구 감삼동,경상사고,0,0,2,0,차대차 - 기타,안전거리미확보,건조,맑음,교차로 - 교차로부근,승용,남,56세,상해없음,승용,남,28세,경상
2021011200100393,2021년 1월 12일 19시,화요일,대구광역시 남구 대명동,경상사고,0,0,2,1,차대차 - 정면충돌,중앙선침범,건조,맑음,교차로 - 교차로부근,승용,여,71세,부상신고,승용,여,65세,경상
2021011200100394,2021년 1월 12일 19시,화요일,대구광역시 달성군 다사읍,경상사고,0,0,1,0,차대차 - 측면충돌,안전운전불이행,건조,맑음,교차로 - 교차로안,승용,남,36세,상해없음,승합,남,70세,경상
2021011200100412,2021년 1월 12일 20시,화요일,대구광역시 동구 불로동,경상사고,0,0,2,0,차대차 - 측면충돌,안전운전불이행,건조,맑음,단일로 - 기타,승용,남,66세,상해없음,승용,남,25세,경상
2021011200100413,2021년 1월 12일 20시,화요일,대구광역시 수성구 지산동,경상사고,0,0,1,0,차대차 - 기타,안전운전불이행,건조,맑음,교차로 - 교차로안,승용,여,68세,상해없음,이륜,남,46세,경상
2021011200100414,2021년 1월 12일 20시,화요일,대구광역시 수성구 두산동,중상사고,0,1,0,0,차대차 - 기타,안전운전불이행,건조,맑음,단일로 - 기타,승용,남,42세,상해없음,승용,남,57세,기타불명
2021011200100415,2021년 1월 12일 20시,화요일,대구광역시 달서구 월성동,경상사고,0,0,1,0,차대차 - 기타,안전운전불이행,건조,맑음,단일로 - 기타,자전거,남,14세,상해없음,이륜,남,31세,경상
2021011200100416,2021년 1월 12일 20시,화요일,대구광역시 중구 공평동,경상사고,0,0,1,0,차대사람 - 차도통행중,안전운전불이행,건조,맑음,단일로 - 기타,승용,남,37세,상해없음,보행자,여,23세,경상
2021011200100417,2021년 1월 12일 20시,화요일,대구광역시 달서구 이곡동,부상신고사고,0,0,0,1,차대차 - 기타,안전운전불이행,건조,맑음,기타 - 기타,이륜,남,16세,부상신고,이륜,남,38세,상해없음
2021011200100418,2021년 1월 12일 20시,화요일,대구광역시 북구 구암동,중상사고,0,1,0,0,차대차 - 측면충돌,안전운전불이행,건조,맑음,교차로 - 교차로안,승용,여,56세,상해없음,이륜,남,41세,중상
2021011200100444,2021년 1월 12일 21시,화요일,대구광역시 남구 봉덕동,중상사고,0,1,0,0,차대차 - 추돌,안전거리미확보,건조,맑음,단일로 - 기타,승용,여,51세,상해없음,승용,남,27세,중상
2021011200100445,2021년 1월 12일 21시,화요일,대구광역시 수성구 범어동,경상사고,0,0,2,0,차대차 - 측면충돌,안전운전불이행,건조,맑음,교차로 - 교차로부근,승용,여,30세,상해없음,승용,남,61세,경상
2021011200100446,2021년 1월 12일 21시,화요일,대구광역시 북구 칠성동1가,중상사고,0,1,0,0,차대차 - 측면충돌,안전운전불이행,건조,맑음,교차로 - 교차로안,승용,남,45세,상해없음,승용,남,65세,중상
2021011200100447,2021년 1월 12일 21시,화요일,대구광역시 중구 사일동,경상사고,0,0,1,0,차대사람 - 횡단중,보행자보호의무위반,건조,맑음,단일로 - 기타,승용,남,63세,상해없음,보행자,여,24세,경상
2021011300100002,2021년 1월 13일 00시,수요일,대구광역시 중구 남산동,경상사고,0,0,1,0,차대차 - 기타,기타,건조,맑음,단일로 - 기타,기타불명,기타불명,미분류,기타불명,이륜,남,33세,경상
2021011300100014,2021년 1월 13일 02시,수요일,대구광역시 중구 동인동3가,부상신고사고,0,0,0,1,차대차 - 측면충돌,차로위반,건조,맑음,단일로 - 교량,화물,남,58세,상해없음,승용,남,22세,부상신고
2021011300100040,2021년 1월 13일 06시,수요일,대구광역시 북구 노원동3가,중상사고,0,1,0,0,차대사람 - 기타,안전운전불이행,건조,맑음,단일로 - 기타,승용,남,64세,상해없음,보행자,남,62세,중상
2021011300100041,2021년 1월 13일 06시,수요일,대구광역시 서구 중리동,경상사고,0,0,1,0,차대차 - 기타,기타,건조,맑음,교차로 - 교차로안,승용,남,18세,상해없음,승용,남,66세,경상
2021011300100092,2021년 1월 13일 08시,수요일,대구광역시 달성군 화원읍,경상사고,0,0,1,0,차대차 - 측면충돌,안전운전불이행,서리/결빙,맑음,단일로 - 기타,승용,남,29세,상해없음,승용,여,45세,경상
2021011300100096,2021년 1월 13일 08시,수요일,대구광역시 달성군 다사읍,경상사고,0,0,2,0,차대차 - 기타,안전운전불이행,건조,맑음,단일로 - 기타,승용,남,49세,상해없음,승용,남,26세,경상
2021011300100097,2021년 1월 13일 08시,수요일,대구광역시 중구 남산동,경상사고,0,0,1,0,차대차 - 기타,안전거리미확보,건조,맑음,교차로 - 교차로부근,승용,남,64세,상해없음,이륜,남,29세,경상
2021011300100117,2021년 1월 13일 09시,수요일,대구광역시 수성구 범어동,경상사고,0,0,1,0,차대차 - 추돌,안전운전불이행,건조,맑음,단일로 - 기타,승용,남,65세,상해없음,승용,여,29세,경상
2021011300100118,2021년 1월 13일 09시,수요일,대구광역시 북구 산격동,경상사고,0,0,1,0,차대차 - 측면충돌,안전거리미확보,건조,맑음,단일로 - 기타,이륜,남,73세,경상,승용,남,61세,상해없음
2021011300100119,2021년 1월 13일 09시,수요일,대구광역시 북구 침산동,경상사고,0,0,1,0,차대차 - 측면충돌,신호위반,건조,맑음,교차로 - 교차로안,승용,남,76세,상해없음,승용,여,44세,경상
2021011300100143,2021년 1월 13일 10시,수요일,대구광역시 달성군 가창면,경상사고,0,0,1,0,차대차 - 추돌,안전운전불이행,건조,맑음,교차로 - 교차로부근,이륜,여,61세,경상,승용,남,58세,상해없음
2021011300100144,2021년 1월 13일 10시,수요일,대구광역시 북구 금호동,경상사고,0,0,1,0,차대차 - 측면충돌,안전운전불이행,건조,맑음,단일로 - 기타,승용,여,55세,상해없음,승합,남,64세,경상
2021011300100162,2021년 1월 13일 11시,수요일,대구광역시 수성구 노변동,경상사고,0,0,2,0,차대차 - 측면충돌,안전운전불이행,건조,맑음,교차로 - 교차로부근,승용,남,30세,경상,승용,남,54세,경상
2021011300100189,2021년 1월 13일 12시,수요일,대구광역시 달서구 이곡동,경상사고,0,0,1,0,차대차 - 기타,안전운전불이행,건조,맑음,교차로 - 교차로부근,승용,남,24세,상해없음,승합,남,55세,상해없음
2021011300100239,2021년 1월 13일 14시,수요일,대구광역시 북구 노원동3가,경상사고,0,0,1,0,차대차 - 추돌,안전운전불이행,건조,맑음,단일로 - 기타,화물,남,50세,상해없음,승용,여,47세,경상
2021011300100268,2021년 1월 13일 15시,수요일,대구광역시 남구 대명동,중상사고,0,1,0,0,차대차 - 측면충돌,안전운전불이행,건조,맑음,교차로 - 교차로안,승용,남,23세,상해없음,이륜,남,40세,중상
2021011300100269,2021년 1월 13일 15시,수요일,대구광역시 동구 신서동,중상사고,0,1,0,0,차대사람 - 기타,보행자보호의무위반,건조,맑음,교차로 - 교차로횡단보도내,승용,남,63세,상해없음,보행자,여,9세,중상
2021011300100270,2021년 1월 13일 15시,수요일,대구광역시 중구 교동,경상사고,0,0,2,0,차대차 - 측면충돌,안전운전불이행,건조,맑음,교차로 - 교차로부근,승용,여,35세,상해없음,승용,남,38세,경상
2021011300100271,2021년 1월 13일 15시,수요일,대구광역시 달서구 이곡동,경상사고,0,0,1,0,차대차 - 측면충돌,안전운전불이행,건조,맑음,교차로 - 교차로안,승용,여,59세,상해없음,이륜,남,30세,경상
2021011300100301,2021년 1월 13일 16시,수요일,대구광역시 남구 대명동,경상사고,0,0,1,0,차대차 - 기타,안전운전불이행,건조,맑음,교차로 - 교차로안,승용,남,54세,상해없음,이륜,남,24세,경상
2021011300100302,2021년 1월 13일 16시,수요일,대구광역시 수성구 시지동,경상사고,0,0,1,0,차대차 - 측면충돌,안전운전불이행,건조,맑음,단일로 - 기타,승용,남,28세,상해없음,승용,남,35세,경상
2021011300100303,2021년 1월 13일 16시,수요일,대구광역시 달성군 다사읍,경상사고,0,0,1,0,차대차 - 기타,안전운전불이행,건조,맑음,단일로 - 기타,화물,남,59세,상해없음,승용,남,39세,경상
2021011300100304,2021년 1월 13일 16시,수요일,대구광역시 북구 노원동2가,중상사고,0,1,0,0,차대차 - 기타,안전운전불이행,건조,맑음,단일로 - 기타,이륜,남,60세,상해없음,자전거,여,70세,중상
2021011300100323,2021년 1월 13일 17시,수요일,대구광역시 동구 신암동,경상사고,0,0,1,0,차대차 - 측면충돌,교차로운행방법위반,건조,맑음,교차로 - 교차로안,승용,남,51세,상해없음,이륜,남,32세,경상
2021011300100324,2021년 1월 13일 17시,수요일,대구광역시 북구 산격동,경상사고,0,0,3,0,차대차 - 측면충돌,직진우회전진행방해,건조,맑음,교차로 - 교차로안,승용,남,69세,상해없음,승용,남,34세,경상
2021011300100325,2021년 1월 13일 17시,수요일,대구광역시 달서구 신당동,경상사고,0,0,1,0,차대사람 - 기타,안전운전불이행,건조,맑음,교차로 - 교차로안,승용,여,42세,상해없음,보행자,여,72세,경상
2021011300100326,2021년 1월 13일 17시,수요일,대구광역시 달서구 두류동,경상사고,0,0,1,0,차대차 - 추돌,안전운전불이행,건조,맑음,교차로 - 교차로부근,승용,남,69세,상해없음,승용,여,62세,경상
2021011300100327,2021년 1월 13일 17시,수요일,대구광역시 북구 팔달동,경상사고,0,0,1,0,차대사람 - 보도통행중,보행자보호의무위반,건조,맑음,교차로 - 교차로횡단보도내,화물,남,61세,상해없음,보행자,남,29세,경상
2021011300100383,2021년 1월 13일 18시,수요일,대구광역시 남구 대명동,경상사고,0,0,1,0,차대차 - 측면충돌,안전운전불이행,건조,맑음,교차로 - 교차로부근,승용,남,60세,상해없음,이륜,남,36세,경상
2021011300100384,2021년 1월 13일 18시,수요일,대구광역시 달서구 본리동,경상사고,0,0,2,0,차대차 - 기타,안전운전불이행,건조,맑음,기타 - 기타,화물,남,40세,상해없음,승용,남,27세,경상
2021011300100421,2021년 1월 13일 19시,수요일,대구광역시 수성구 만촌동,중상사고,0,1,4,0,차대차 - 추돌,안전운전불이행,건조,맑음,단일로 - 기타,승용,남,27세,상해없음,승용,남,29세,중상
2021011300100422,2021년 1월 13일 19시,수요일,대구광역시 수성구 범어동,중상사고,0,1,0,0,차대사람 - 횡단중,보행자보호의무위반,건조,맑음,교차로 - 교차로횡단보도내,승용,남,46세,상해없음,보행자,남,48세,중상
2021011300100450,2021년 1월 13일 20시,수요일,대구광역시 북구 산격동,경상사고,0,0,1,0,차대차 - 측면충돌,차로위반,건조,맑음,교차로 - 교차로부근,승용,남,62세,상해없음,화물,여,58세,경상
2021011300100451,2021년 1월 13일 20시,수요일,대구광역시 달서구 두류동,경상사고,0,0,2,0,차대차 - 측면충돌,중앙선침범,건조,맑음,단일로 - 기타,이륜,남,18세,상해없음,승용,남,43세,경상