사고번호,사고일시,요일,시군구,사고내용,사망자수,중상자수,경상자수,부상신고자수,사고유형,법규위반,노면상태,기상상태,도로형태,가해운전자 차종,가해운전자 성별,가해운전자 연령,가해운전자 상해정도,피해운전자 차종,피해운전자 성별,피해운전자 연령,피해운전자 상해정도
2021013000100231,2021년 1월 30일 14시,토요일,대구광역시 남구 대명동,경상사고,0,0,1,0,차대차 - 측면충돌,안전운전불이행,건조,맑음,교차로 - 교차로안,승용,여,69세,상해없음,이륜,남,19세,경상
2021013000100232,2021년 1월 30일 14시,토요일,대구광역시 남구 대명동,경상사고,0,0,1,0,차대차 - 추돌,안전운전불이행,건조,맑음,단일로 - 기타,승용,여,70세,상해없음,승용,남,21세,경상
2021013000100233,2021년 1월 30일 14시,토요일,대구광역시 동구 신기동,중상사고,0,1,1,0,차대차 - 측면충돌,신호위반,건조,맑음,교차로 - 교차로안,승용,여,55세,상해없음,승용,남,63세,중상
2021013000100314,2021년 1월 30일 16시,토요일,대구광역시 동구 동호동,경상사고,0,0,2,0,차대차 - 후진중충돌,안전운전불이행,건조,맑음,단일로 - 기타,화물,남,62세,상해없음,승용,여,59세,경상
2021013000100315,2021년 1월 30일 16시,토요일,대구광역시 수성구 만촌동,경상사고,0,0,1,0,차대차 - 추돌,안전운전불이행,건조,맑음,교차로 - 교차로안,승용,남,81세,상해없음,자전거,남,70세,경상
2021013000100316,2021년 1월 30일 16시,토요일,대구광역시 달성군 화원읍,중상사고,0,1,0,0,차대차 - 정면충돌,안전운전불이행,건조,맑음,단일로 - 기타,이륜,남,23세,상해없음,자전거,여,36세,상해없음
2021013000100317,2021년 1월 30일 16시,토요일,대구광역시 서구 비산동,중상사고,0,1,0,0,차대차 - 측면충돌,안전운전불이행,건조,맑음,교차로 - 교차로부근,승용,남,44세,상해없음,이륜,남,52세,중상
2021013000100393,2021년 1월 30일 18시,토요일,대구광역시 동구 신천동,경상사고,0,0,2,0,차대차 - 기타,안전운전불이행,건조,맑음,단일로 - 기타,승용,남,30세,상해없음,승용,남,37세,경상
2021013000100394,2021년 1월 30일 18시,토요일,대구광역시 수성구 수성동1가,중상사고,0,1,0,0,차대사람 - 횡단중,신호위반,건조,맑음,단일로 - 기타,승용,여,77세,상해없음,보행자,남,73세,중상
2021013000100429,2021년 1월 30일 19시,토요일,대구광역시 달서구 용산동,경상사고,0,0,1,0,차대차 - 기타,안전거리미확보,기타,기타,단일로 - 기타,승용,남,67세,상해없음,승용,남,61세,경상
2021013000100430,2021년 1월 30일 19시,토요일,대구광역시 달서구 두류동,경상사고,0,0,1,0,차대사람 - 기타,안전운전불이행,건조,맑음,단일로 - 기타,승용,남,61세,상해없음,보행자,남,32세,경상
2021013000100468,2021년 1월 30일 20시,토요일,대구광역시 수성구 범물동,경상사고,0,0,1,0,차대사람 - 기타,안전운전불이행,건조,맑음,단일로 - 기타,승합,남,39세,상해없음,보행자,남,70세,경상
2021013000100469,2021년 1월 30일 20시,토요일,대구광역시 달서구 월성동,경상사고,0,0,1,0,차대차 - 측면충돌,안전운전불이행,건조,맑음,단일로 - 기타,승용,남,43세,상해없음,원동기,남,18세,경상
2021013000100470,2021년 1월 30일 20시,토요일,대구광역시 달성군 다사읍,경상사고,0,0,1,0,차대차 - 기타,안전운전불이행,건조,맑음,기타 - 기타,승용,여,51세,상해없음,승용,남,51세,경상
2021013000100521,2021년 1월 30일 21시,토요일,대구광역시 수성구 수성동1가,경상사고,0,0,1,0,차대차 - 후진중충돌,안전운전불이행,건조,맑음,기타 - 기타,승용,남,53세,상해없음,승용,남,30세,경상
2021013000100522,2021년 1월 30일 21시,토요일,대구광역시 서구 내당동,경상사고,0,0,1,0,차대사람 - 횡단중,보행자보호의무위반,건조,맑음,단일로 - 기타,승용,남,29세,상해없음,보행자,남,63세,경상
2021013000100547,2021년 1월 30일 22시,토요일,대구광역시 동구 신암동,중상사고,0,1,0,0,차대차 - 측면충돌,안전운전불이행,건조,맑음,단일로 - 기타,승용,여,54세,상해없음,승용,남,44세,중상
2021013100100021,2021년 1월 31일 01시,일요일,대구광역시 북구 태전동,중상사고,0,1,0,0,차대사람 - 횡단중,안전운전불이행,건조,맑음,단일로 - 지하차도(도로)내,승용,남,54세,상해없음,보행자,남,32세,중상
2021013100100059,2021년 1월 31일 09시,일요일,대구광역시 달서구 본리동,중상사고,0,1,0,0,차대차 - 기타,안전운전불이행,건조,맑음,기타 - 기타,승용,여,53세,상해없음,승용,남,46세,중상
2021013100100099,2021년 1월 31일 11시,일요일,대구광역시 서구 중리동,중상사고,0,1,1,0,차대차 - 기타,직진우회전진행방해,건조,맑음,교차로 - 교차로안,화물,남,63세,경상,이륜,남,74세,중상
2021013100100141,2021년 1월 31일 13시,일요일,대구광역시 북구 칠성동1가,경상사고,0,0,1,0,차대차 - 기타,안전거리미확보,건조,맑음,단일로 - 기타,승용,남,74세,상해없음,승용,남,61세,경상
2021013100100142,2021년 1월 31일 13시,일요일,대구광역시 중구 삼덕동2가,경상사고,0,0,1,1,차대차 - 측면충돌,기타,건조,맑음,교차로 - 교차로안,승용,남,35세,상해없음,승용,남,61세,경상
2021013100100164,2021년 1월 31일 14시,일요일,대구광역시 달서구 대곡동,중상사고,0,1,0,0,차대차 - 기타,안전거리미확보,건조,맑음,단일로 - 기타,이륜,남,25세,상해없음,원동기,남,33세,중상
2021013100100165,2021년 1월 31일 14시,일요일,대구광역시 달성군 옥포읍,중상사고,0,1,0,0,차대차 - 기타,안전운전불이행,건조,맑음,단일로 - 기타,자전거,남,79세,중상,승용,여,39세,상해없음
2021013100100193,2021년 1월 31일 15시,일요일,대구광역시 남구 대명동,경상사고,0,0,1,0,차대사람 - 보도통행중,기타,건조,맑음,단일로 - 기타,승용,남,34세,상해없음,보행자,여,69세,경상
2021013100100218,2021년 1월 31일 16시,일요일,대구광역시 남구 대명동,경상사고,0,0,2,0,차대차 - 측면충돌,안전운전불이행,건조,맑음,교차로 - 교차로부근,승용,남,31세,상해없음,승용,남,21세,경상
2021013100100219,2021년 1월 31일 16시,일요일,대구광역시 남구 대명동,경상사고,0,0,1,0,차대차 - 추돌,안전운전불이행,건조,맑음,단일로 - 지하차도(도로)내,승용,남,64세,상해없음,승용,여,48세,경상
2021013100100245,2021년 1월 31일 17시,일요일,대구광역시 달성군 구지면,중상사고,0,1,1,0,차대차 - 기타,안전운전불이행,건조,맑음,교차로 - 교차로안,승용,기타불명,미분류,기타불명,승용,남,79세,경상
2021013100100246,2021년 1월 31일 17시,일요일,대구광역시 서구 비산동,경상사고,0,0,1,0,차대차 - 추돌,안전거리미확보,건조,맑음,교차로 - 교차로부근,이륜,남,24세,상해없음,승용,남,62세,경상
2021013100100284,2021년 1월 31일 18시,일요일,대구광역시 달서구 상인동,경상사고,0,0,1,0,차대차 - 기타,교차로운행방법위반,건조,맑음,교차로 - 교차로안,이륜,남,45세,경상,승용,여,28세,상해없음
2021013100100307,2021년 1월 31일 19시,일요일,대구광역시 동구 신천동,경상사고,0,0,1,0,차대사람 - 횡단중,안전운전불이행,건조,맑음,단일로 - 기타,승용,남,33세,상해없음,보행자,남,22세,경상
2021013100100308,2021년 1월 31일 19시,일요일,대구광역시 수성구 범물동,경상사고,0,0,5,0,차대차 - 측면충돌,안전거리미확보,건조,맑음,교차로 - 교차로부근,승용,남,50세,경상,승용,남,55세,경상
2021013100100309,2021년 1월 31일 19시,일요일,대구광역시 달서구 월성동,경상사고,0,0,1,0,차대차 - 기타,신호위반,건조,맑음,교차로 - 교차로부근,원동기,남,28세,상해없음,승용,남,37세,경상
2021013100100381,2021년 1월 31일 23시,일요일,대구광역시 동구 용계동,중상사고,0,1,0,0,차대차 - 정면충돌,안전운전불이행,건조,맑음,단일로 - 기타,승용,남,66세,상해없음,이륜,남,44세,중상
2021013100100382,2021년 1월 31일 23시,일요일,대구광역시 달서구 성당동,경상사고,0,0,1,0,차대차 - 측면충돌,신호위반,건조,맑음,교차로 - 교차로안,승용,남,54세,상해없음,이륜,남,19세,경상
2021020100100034,2021년 2월 1일 06시,월요일,대구광역시 달서구 이곡동,중상사고,0,1,0,0,차대사람 - 횡단중,보행자보호의무위반,젖음/습기,비,교차로 - 교차로횡단보도내,화물,남,49세,상해없음,보행자,여,49세,중상
2021020100100060,2021년 2월 1일 07시,월요일,대구광역시 수성구 중동,경상사고,0,0,2,0,차대차 - 기타,안전운전불이행,젖음/습기,비,단일로 - 기타,승용,여,31세,상해없음,승용,여,57세,경상
2021020100100087,2021년 2월 1일 08시,월요일,대구광역시 동구 대림동,경상사고,0,0,2,0,차대차 - 측면충돌,신호위반,건조,맑음,교차로 - 교차로안,승용,여,26세,경상,승용,여,39세,경상
2021020100100088,2021년 2월 1일 08시,월요일,대구광역시 달성군 구지면,중상사고,0,1,0,0,차대차 - 정면충돌,신호위반,건조,맑음,교차로 - 교차로안,승용,남,29세,상해없음,승용,남,56세,중상
2021020100100089,2021년 2월 1일 08시,월요일,대구광역시 달성군 화원읍,경상사고,0,0,1,0,차대차 - 측면충돌,안전운전불이행,건조,맑음,교차로 - 교차로안,건설기계,남,59세,상해없음,화물,남,70세,경상
2021020100100154,2021년 2월 1일 11시,월요일,대구광역시 북구 산격동,경상사고,0,0,2,0,차대차 - 측면충돌,안전운전불이행,건조,맑음,교차로 - 교차로안,화물,남,63세,경상,승용,남,67세,경상
2021020100100155,2021년 2월 1일 11시,월요일,대구광역시 북구 침산동,중상사고,0,1,0,0,차대차 - 측면충돌,교차로운행방법위반,젖음/습기,맑음,교차로 - 교차로안,화물,남,78세,상해없음,승용,여,49세,중상
2021020100100182,2021년 2월 1일 12시,월요일,대구광역시 북구 노원동2가,중상사고,0,1,0,0,차대차 - 측면충돌,안전운전불이행,건조,맑음,단일로 - 기타,이륜,남,46세,상해없음,자전거,남,78세,중상
2021020100100183,2021년 2월 1일 12시,월요일,대구광역시 서구 원대동3가,중상사고,0,1,3,0,차대차 - 측면충돌,안전운전불이행,건조,맑음,교차로 - 교차로부근,화물,남,73세,상해없음,화물,남,63세,중상
2021020100100212,2021년 2월 1일 13시,월요일,대구광역시 동구 율하동,경상사고,0,0,1,0,차대차 - 추돌,안전거리미확보,건조,맑음,교차로 - 교차로부근,이륜,남,47세,기타불명,승용,여,38세,경상
2021020100100213,2021년 2월 1일 13시,월요일,대구광역시 동구 효목동,경상사고,0,0,2,0,차대차 - 측면충돌,안전거리미확보,건조,맑음,단일로 - 기타,승용,남,51세,상해없음,이륜,남,21세,경상
2021020100100258,2021년 2월 1일 15시,월요일,대구광역시 북구 태전동,경상사고,0,0,1,0,차대사람 - 횡단중,안전운전불이행,건조,맑음,단일로 - 기타,기타불명,기타불명,미분류,기타불명,보행자,여,10세,경상
2021020100100308,2021년 2월 1일 17시,월요일,대구광역시 수성구 만촌동,중상사고,0,1,0,0,차대차 - 기타,안전운전불이행,건조,맑음,단일로 - 기타,승용,남,42세,상해없음,이륜,남,61세,중상
2021020100100309,2021년 2월 1일 17시,월요일,대구광역시 수성구 매호동,경상사고,0,0,4,0,차대차 - 측면충돌,신호위반,건조,맑음,교차로 - 교차로안,승용,여,27세,경상,승용,남,46세,경상
2021020100100310,2021년 2월 1일 17시,월요일,대구광역시 달서구 진천동,경상사고,0,0,2,0,차대차 - 추돌,안전거리미확보,건조,맑음,교차로 - 교차로안,화물,남,27세,상해없음,승용,여,48세,경상
2021020100100311,2021년 2월 1일 17시,월요일,대구광역시 달서구 갈산동,중상사고,0,1,0,0,차대차 - 기타,안전운전불이행,건조,맑음,단일로 - 기타,승용,여,40세,상해없음,원동기,남,32세,중상
2021020100100365,2021년 2월 1일 18시,월요일,대구광역시 동구 봉무동,경상사고,0,0,2,0,차대차 - 정면충돌,안전운전불이행,건조,맑음,교차로 - 교차로안,승용,남,78세,상해없음,승용,남,35세,경상
2021020100100366,2021년 2월 1일 18시,월요일,대구광역시 달서구 송현동,경상사고,0,0,1,0,차대차 - 측면충돌,안전운전불이행,건조,맑음,단일로 - 기타,승용,남,19세,상해없음,이륜,남,36세,경상
2021020100100367,2021년 2월 1일 18시,월요일,대구광역시 달성군 화원읍,경상사고,0,0,2,0,차대차 - 추돌,안전운전불이행,건조,맑음,교차로 - 교차로안,승용,남,73세,상해없음,승용,남,30세,경상
2021020100100368,2021년 2월 1일 18시,월요일,대구광역시 중구 동산동,경상사고,0,0,1,0,차대차 - 측면충돌,안전운전불이행,건조,맑음,교차로 - 교차로안,승용,남,58세,상해없음,승용,여,38세,경상
2021020100100408,2021년 2월 1일 19시,월요일,대구광역시 수성구 만촌동,경상사고,0,0,2,0,차대차 - 측면충돌,안전운전불이행,건조,맑음,단일로 - 기타,승용,남,41세,상해없음,승용,남,19세,경상
2021020100100409,2021년 2월 1일 19시,월요일,대구광역시 달서구 유천동,중상사고,0,1,1,0,차대차 - 추돌,안전운전불이행,건조,맑음,단일로 - 기타,승용,여,43세,상해없음,승용,남,51세,경상
2021020100100410,2021년 2월 1일 19시,월요일,대구광역시 달서구 대천동,경상사고,0,0,1,0,차대차 - 추돌,안전운전불이행,건조,맑음,단일로 - 기타,승용,여,43세,상해없음,승용,여,22세,경상
2021020100100411,2021년 2월 1일 19시,월요일,대구광역시 달서구 감삼동,경상사고,0,0,3,0,차대차 - 기타,교차로운행방법위반,건조,맑음,교차로 - 교차로부근,승용,남,64세,상해없음,승합,남,31세,경상
2021020100100447,2021년 2월 1일 20시,월요일,대구광역시 달서구 장기동,중상사고,0,1,1,0,차대사람 - 횡단중,신호위반,건조,맑음,단일로 - 기타,이륜,남,26세,경상,보행자,남,55세,중상
2021020100100479,2021년 2월 1일 21시,월요일,대구광역시 동구 방촌동,경상사고,0,0,2,0,차대차 - 측면충돌,차로위반,건조,맑음,교차로 - 교차로안,승용,여,65세,경상,승용,여,75세,경상
2021020100100480,2021년 2월 1일 21시,월요일,대구광역시 달서구 유천동,중상사고,0,2,0,0,차대차 - 측면충돌,신호위반,건조,맑음,교차로 - 교차로안,원동기,남,27세,중상,승용,남,61세,상해없음
2021020100100501,2021년 2월 1일 22시,월요일,대구광역시 동구 효목동,중상사고,0,1,0,0,차대차 - 측면충돌,안전운전불이행,건조,맑음,교차로 - 교차로안,승용,여,34세,기타불명,승용,여,34세,중상
2021020200100004,2021년 2월 2일 00시,화요일,대구광역시 북구 태전동,중상사고,0,1,1,0,차대차 - 추돌,안전운전불이행,건조,맑음,단일로 - 교량,승용,남,19세,상해없음,승용,남,46세,중상
2021020200100021,2021년 2월 2일 05시,화요일,대구광역시 서구 내당동,경상사고,0,0,2,0,차대차 - 측면충돌,안전운전불이행,건조,맑음,교차로 - 교차로안,승용,남,52세,경상,승용,남,45세,경상
2021020200100022,2021년 2월 2일 05시,화요일,대구광역시 서구 평리동,중상사고,0,1,0,0,차대차 - 기타,안전운전불이행,건조,맑음,교차로 - 교차로부근,원동기,남,66세,기타불명,화물,남,54세,상해없음
2021020200100026,2021년 2월 2일 06시,화요일,대구광역시 달서구 신당동,중상사고,0,1,0,0,차대사람 - 차도통행중,안전운전불이행,건조,맑음,교차로 - 교차로부근,승용,여,45세,상해없음,보행자,여,65세,중상
2021020200100040,2021년 2월 2일 07시,화요일,대구광역시 서구 상리동,경상사고,0,0,1,0,차대차 - 측면충돌,안전운전불이행,건조,맑음,단일로 - 기타,승용,남,72세,상해없음,화물,남,54세,경상
2021020200100045,2021년 2월 2일 07시,화요일,대구광역시 동구 효목동,경상사고,0,0,1,0,차대차 - 기타,안전운전불이행,건조,맑음,단일로 - 기타,건설기계,남,63세,상해없음,승용,여,27세,경상
2021020200100094,2021년 2월 2일 09시,화요일,대구광역시 수성구 범어동,경상사고,0,0,1,0,차대차 - 기타,안전거리미확보,건조,맑음,단일로 - 기타,화물,남,51세,상해없음,승용,여,33세,경상
2021020200100095,2021년 2월 2일 09시,화요일,대구광역시 달서구 송현동,경상사고,0,0,1,0,차대사람 - 차도통행중,보행자보호의무위반,건조,맑음,교차로 - 교차로부근,승용,여,73세,상해없음,보행자,여,50세,경상
2021020200100115,2021년 2월 2일 10시,화요일,대구광역시 수성구 성동,중상사고,0,1,0,0,차대사람 - 횡단중,보행자보호의무위반,건조,맑음,단일로 - 기타,자전거,남,61세,상해없음,보행자,여,79세,중상
2021020200100117,2021년 2월 2일 10시,화요일,대구광역시 북구 침산동,경상사고,0,0,1,0,차대차 - 추돌,안전거리미확보,건조,맑음,단일로 - 기타,승용,여,39세,상해없음,화물,남,23세,경상
2021020200100118,2021년 2월 2일 10시,화요일,대구광역시 달서구 감삼동,경상사고,0,0,1,0,차대차 - 기타,안전거리미확보,건조,맑음,단일로 - 기타,승용,여,39세,상해없음,승합,남,49세,상해없음
2021020200100181,2021년 2월 2일 12시,화요일,대구광역시 남구 대명동,경상사고,0,0,1,0,차대차 - 측면충돌,안전운전불이행,건조,맑음,단일로 - 기타,이륜,남,32세,상해없음,승용,남,54세,경상
2021020200100182,2021년 2월 2일 12시,화요일,대구광역시 달서구 진천동,경상사고,0,0,1,0,차대차 - 기타,직진우회전진행방해,젖음/습기,흐림,교차로 - 교차로안,원동기,남,20세,경상,화물,남,67세,상해없음
2021020200100202,2021년 2월 2일 13시,화요일,대구광역시 동구 신서동,경상사고,0,0,2,0,차량단독 - 기타,안전운전불이행,건조,맑음,교차로 - 교차로부근,승용,여,59세,경상,,,,
2021020200100234,2021년 2월 2일 14시,화요일,대구광역시 수성구 범어동,부상신고사고,0,0,0,1,차대차 - 측면충돌,안전거리미확보,건조,맑음,단일로 - 기타,승용,남,40세,상해없음,승용,남,55세,부상신고
2021020200100271,2021년 2월 2일 15시,화요일,대구광역시 수성구 황금동,경상사고,0,0,1,0,차대차 - 측면충돌,안전거리미확보,건조,맑음,단일로 - 기타,승용,남,29세,상해없음,승합,남,59세,경상
2021020200100304,2021년 2월 2일 16시,화요일,대구광역시 남구 이천동,경상사고,0,0,2,1,차대차 - 측면충돌,안전운전불이행,건조,맑음,교차로 - 교차로안,승용,남,34세,경상,화물,남,61세,경상
2021020200100305,2021년 2월 2일 16시,화요일,대구광역시 달서구 용산동,중상사고,0,1,0,0,차대사람 - 횡단중,신호위반,건조,맑음,교차로 - 교차로횡단보도내,화물,남,73세,상해없음,보행자,여,23세,중상
2021020200100335,2021년 2월 2일 17시,화요일,대구광역시 남구 봉덕동,경상사고,0,0,2,0,차대차 - 측면충돌,안전거리미확보,건조,맑음,단일로 - 교량,승용,여,59세,경상,승용,남,75세,경상
2021020200100336,2021년 2월 2일 17시,화요일,대구광역시 달서구 본동,중상사고,0,1,0,0,차대사람 - 횡단중,안전운전불이행,건조,맑음,단일로 - 기타,이륜,남,49세,상해없음,보행자,남,42세,중상
2021020200100337,2021년 2월 2일 17시,화요일,대구광역시 서구 내당동,경상사고,0,0,3,0,차대차 - 측면충돌,안전운전불이행,건조,맑음,단일로 - 기타,승용,남,48세,경상,승용,남,52세,경상
2021020200100338,2021년 2월 2일 17시,화요일,대구광역시 달서구 죽전동,경상사고,0,0,3,0,차대차 - 측면충돌,안전거리미확보,건조,맑음,단일로 - 기타,승용,여,30세,경상,승용,남,60세,경상
2021020200100371,2021년 2월 2일 18시,화요일,대구광역시 수성구 욱수동,경상사고,0,0,1,0,차대차 - 측면충돌,안전운전불이행,건조,맑음,교차로 - 교차로안,기타불명,기타불명,미분류,기타불명,원동기,여,28세,경상
2021020200100405,2021년 2월 2일 19시,화요일,대구광역시 수성구 지산동,경상사고,0,0,1,0,차대차 - 기타,안전운전불이행,건조,맑음,단일로 - 기타,승용,남,68세,상해없음,승용,남,36세,경상
2021020200100406,2021년 2월 2일 19시,화요일,대구광역시 수성구 수성동1가,경상사고,0,0,1,0,차대차 - 측면충돌,안전운전불이행,건조,맑음,단일로 - 기타,승용,남,60세,상해없음,승용,여,31세,경상
2021020200100407,2021년 2월 2일 19시,화요일,대구광역시 서구 내당동,경상사고,0,0,1,0,차대차 - 측면충돌,안전운전불이행,건조,맑음,단일로 - 기타,승용,여,25세,상해없음,승용,남,30세,경상
2021020200100431,2021년 2월 2일 20시,화요일,대구광역시 남구 이천동,중상사고,0,1,4,0,차대차 - 정면충돌,신호위반,건조,맑음,교차로 - 교차로안,이륜,남,37세,상해없음,승합,남,59세,경상
2021020200100432,2021년 2월 2일 20시,화요일,대구광역시 달서구 상인동,중상사고,0,1,3,0,차대차 - 측면충돌,신호위반,건조,맑음,교차로 - 교차로안,승용,여,39세,상해없음,승용,여,37세,중상
2021020200100433,2021년 2월 2일 20시,화요일,대구광역시 달성군 구지면,중상사고,0,1,0,0,차대차 - 기타,신호위반,건조,맑음,교차로 - 교차로안,승용,남,60세,상해없음,원동기,남,43세,중상
2021020200100434,2021년 2월 2일 20시,화요일,대구광역시 달성군 가창면,경상사고,0,0,1,0,차대차 - 측면충돌,신호위반,건조,맑음,교차로 - 교차로안,승용,여,38세,상해없음,화물,여,55세,경상
2021020200100478,2021년 2월 2일 21시,화요일,대구광역시 달서구 송현동,경상사고,0,0,2,0,차대차 - 측면충돌,기타,건조,맑음,교차로 - 교차로안,승용,남,47세,상해없음,화물,남,53세,경상
2021020200100479,2021년 2월 2일 21시,화요일,대구광역시 북구 노원동2가,사망사고,1,0,0,0,차대차 - 측면충돌,신호위반,건조,맑음,교차로 - 교차로안,자전거,남,72세,사망,화물,남,49세,상해없음
2021020200100480,2021년 2월 2일 21시,화요일,대구광역시 서구 비산동,경상사고,0,0,1,0,차대차 - 측면충돌,안전운전불이행,건조,맑음,단일로 - 기타,승용,남,61세,상해없음,승합,남,58세,경상
2021020200100501,2021년 2월 2일 22시,화요일,대구광역시 남구 대명동,경상사고,0,0,1,1,차대차 - 후진중충돌,안전운전불이행,건조,맑음,교차로 - 교차로안,승용,남,72세,상해없음,승용,남,61세,경상
2021020300100070,2021년 2월 3일 08시,수요일,대구광역시 달성군 옥포읍,경상사고,0,0,1,0,차대차 - 기타,안전거리미확보,건조,맑음,교차로 - 교차로안,승용,남,70세,상해없음,승용,여,38세,경상
2021020300100100,2021년 2월 3일 09시,수요일,대구광역시 서구 평리동,경상사고,0,0,1,0,차대차 - 추돌,안전거리미확보,건조,맑음,교차로 - 교차로부근,승용,남,53세,상해없음,승용,여,48세,경상
2021020300100101,2021년 2월 3일 09시,수요일,대구광역시 서구 평리동,중상사고,0,1,3,0,차대차 - 측면충돌,직진우회전진행방해,건조,맑음,교차로 - 교차로안,승용,여,50세,경상,화물,남,55세,경상
2021020300100130,2021년 2월 3일 10시,수요일,대구광역시 동구 신평동,경상사고,0,0,1,1,차대차 - 측면충돌,신호위반,건조,맑음,교차로 - 교차로안,이륜,남,73세,부상신고,승용,남,64세,상해없음
2021020300100131,2021년 2월 3일 10시,수요일,대구광역시 달성군 구지면,경상사고,0,0,1,0,차대차 - 측면충돌,신호위반,건조,맑음,교차로 - 교차로안,화물,남,49세,상해없음,승용,남,35세,경상
2021020300100132,2021년 2월 3일 10시,수요일,대구광역시 북구 구암동,경상사고,0,0,1,0,차대차 - 측면충돌,안전운전불이행,건조,맑음,교차로 - 교차로안,승합,남,67세,상해없음,자전거,남,66세,경상
2021020300100155,2021년 2월 3일 11시,수요일,대구광역시 북구 국우동,경상사고,0,0,1,0,차대차 - 측면충돌,안전운전불이행,건조,맑음,단일로 - 지하차도(도로)내,승용,여,38세,상해없음,이륜,남,36세,경상
2021020300100182,2021년 2월 3일 12시,수요일,대구광역시 북구 서변동,경상사고,0,0,3,0,차대차 - 측면충돌,안전거리미확보,건조,맑음,단일로 - 교량,승용,여,31세,경상,승용,여,24세,경상
2021020300100212,2021년 2월 3일 13시,수요일,대구광역시 북구 태전동,경상사고,0,0,1,0,차대사람 - 기타,안전운전불이행,건조,맑음,단일로 - 기타,승용,남,63세,상해없음,보행자,남,59세,경상
2021020300100240,2021년 2월 3일 14시,수요일,대구광역시 달서구 이곡동,부상신고사고,0,0,0,1,차대차 - 기타,기타,건조,맑음,단일로 - 기타,원동기,남,43세,부상신고,기타불명,기타불명,미분류,기타불명
2021020300100241,2021년 2월 3일 14시,수요일,대구광역시 달서구 이곡동,경상사고,0,0,1,0,차대차 - 기타,안전운전불이행,건조,맑음,단일로 - 기타,승용,여,59세,상해없음,승용,남,50세,경상
2021020300100286,2021년 2월 3일 15시,수요일,대구광역시 달서구 상인동,경상사고,0,0,1,0,차대차 - 기타,안전운전불이행,건조,맑음,교차로 - 교차로횡단보도내,승용,남,61세,상해없음,기타불명,남,37세,경상
2021020300100287,2021년 2월 3일 15시,수요일,대구광역시 달성군 구지면,경상사고,0,0,2,0,차대차 - 정면충돌,신호위반,건조,맑음,교차로 - 교차로안,이륜,남,29세,경상,화물,남,30세,경상
2021020300100288,2021년 2월 3일 15시,수요일,대구광역시 북구 구암동,경상사고,0,0,1,0,차대차 - 측면충돌,신호위반,건조,맑음,단일로 - 기타,이륜,남,20세,상해없음,자전거,남,11세,경상
2021020300100289,2021년 2월 3일 15시,수요일,대구광역시 북구 구암동,경상사고,0,0,1,0,차대차 - 정면충돌,안전운전불이행,건조,맑음,단일로 - 기타,승용,여,41세,기타불명,승용,남,50세,경상
2021020300100322,2021년 2월 3일 16시,수요일,대구광역시 남구 대명동,경상사고,0,0,1,0,차대차 - 추돌,신호위반,건조,맑음,단일로 - 기타,이륜,남,19세,상해없음,승용,남,62세,경상
2021020300100323,2021년 2월 3일 16시,수요일,대구광역시 달서구 진천동,경상사고,0,0,1,0,차대차 - 측면충돌,중앙선침범,건조,맑음,단일로 - 기타,승용,여,28세,상해없음,이륜,남,29세,경상
2021020300100363,2021년 2월 3일 17시,수요일,대구광역시 중구 태평로2가,경상사고,0,0,1,0,차대차 - 측면충돌,안전운전불이행,건조,맑음,단일로 - 기타,승용,남,43세,상해없음,승용,남,47세,경상
2021020300100419,2021년 2월 3일 18시,수요일,대구광역시 동구 동내동,경상사고,0,0,1,0,차대차 - 정면충돌,직진우회전진행방해,건조,맑음,교차로 - 교차로안,승용,여,31세,상해없음,승용,여,44세,경상
2021020300100420,2021년 2월 3일 18시,수요일,대구광역시 수성구 수성동4가,경상사고,0,0,1,0,차대차 - 추돌,안전운전불이행,건조,맑음,기타 - 기타,승용,남,40세,상해없음,이륜,남,36세,경상
2021020300100421,2021년 2월 3일 18시,수요일,대구광역시 달서구 상인동,경상사고,0,0,2,1,차대차 - 측면충돌,직진우회전진행방해,건조,맑음,교차로 - 교차로안,승용,여,56세,부상신고,승용,남,20세,경상
2021020300100463,2021년 2월 3일 19시,수요일,대구광역시 동구 용계동,경상사고,0,0,1,0,차대차 - 측면충돌,안전운전불이행,건조,맑음,단일로 - 기타,이륜,남,51세,상해없음,이륜,남,20세,경상
2021020300100490,2021년 2월 3일 20시,수요일,대구광역시 남구 대명동,부상신고사고,0,0,0,1,차대사람 - 기타,안전운전불이행,건조,맑음,단일로 - 기타,승용,남,39세,상해없음,보행자,남,49세,부상신고
2021020300100529,2021년 2월 3일 21시,수요일,대구광역시 북구 대현동,경상사고,0,0,1,0,차량단독 - 전도전복 - 전도,안전운전불이행,건조,맑음,단일로 - 기타,이륜,남,73세,경상,,,,
2021020300100530,2021년 2월 3일 21시,수요일,대구광역시 서구 내당동,중상사고,0,2,0,0,차대차 - 추돌,안전운전불이행,건조,맑음,단일로 - 기타,승용,여,60세,상해없음,승용,남,66세,중상
2021020300100574,2021년 2월 3일 23시,수요일,대구광역시 수성구 황금동,중상사고,0,1,1,0,차대차 - 정면충돌,신호위반,건조,맑음,교차로 - 교차로안,이륜,남,32세,중상,승용,남,53세,경상
2021020400100057,2021년 2월 4일 07시,목요일,대구광역시 달서구 상인동,경상사고,0,0,3,0,차대차 - 기타,기타,건조,맑음,단일로 - 기타,승용,여,32세,경상,승용,여,50세,경상