사고번호,사고일시,요일,시군구,사고내용,사망자수,중상자수,경상자수,부상신고자수,사고유형,법규위반,노면상태,기상상태,도로형태,가해운전자 차종,가해운전자 성별,가해운전자 연령,가해운전자 상해정도,피해운전자 차종,피해운전자 성별,피해운전자 연령,피해운전자 상해정도
2021020700100234,2021년 2월 7일 16시,일요일,대구광역시 달서구 상인동,경상사고,0,0,1,0,차대차 - 측면충돌,안전운전불이행,건조,맑음,교차로 - 교차로안,승용,남,64세,상해없음,승용,남,39세,경상
2021020700100235,2021년 2월 7일 16시,일요일,대구광역시 동구 신암동,중상사고,0,1,1,0,차대차 - 측면충돌,신호위반,건조,맑음,교차로 - 교차로안,승용,여,23세,상해없음,승용,남,65세,중상
2021020700100260,2021년 2월 7일 17시,일요일,대구광역시 수성구 수성동4가,중상사고,0,1,0,0,차대차 - 추돌,신호위반,건조,맑음,단일로 - 기타,승용,남,68세,상해없음,이륜,남,24세,중상
2021020700100261,2021년 2월 7일 17시,일요일,대구광역시 달서구 신당동,중상사고,0,1,0,0,차대차 - 기타,신호위반,건조,맑음,교차로 - 교차로안,승합,남,59세,상해없음,이륜,남,48세,중상
2021020700100284,2021년 2월 7일 18시,일요일,대구광역시 남구 대명동,경상사고,0,0,1,0,차대차 - 기타,중앙선침범,건조,맑음,단일로 - 기타,자전거,남,68세,상해없음,이륜,남,30세,경상
2021020700100285,2021년 2월 7일 18시,일요일,대구광역시 북구 산격동,경상사고,0,0,1,0,차대사람 - 횡단중,보행자보호의무위반,건조,맑음,단일로 - 기타,승용,남,21세,상해없음,보행자,여,53세,경상
2021020700100286,2021년 2월 7일 18시,일요일,대구광역시 중구 공평동,경상사고,0,0,1,0,차대사람 - 기타,안전운전불이행,건조,맑음,단일로 - 기타,승용,여,29세,상해없음,보행자,여,26세,경상
2021020700100287,2021년 2월 7일 18시,일요일,대구광역시 달서구 이곡동,경상사고,0,0,1,0,차대차 - 기타,교차로운행방법위반,건조,맑음,교차로 - 교차로안,승용,남,65세,상해없음,이륜,남,28세,경상
2021020700100329,2021년 2월 7일 19시,일요일,대구광역시 수성구 욱수동,경상사고,0,0,1,0,차대차 - 측면충돌,차로위반,건조,흐림,기타 - 기타,화물,남,56세,상해없음,승용,남,35세,경상
2021020700100330,2021년 2월 7일 19시,일요일,대구광역시 달서구 송현동,경상사고,0,0,1,1,차대차 - 기타,안전운전불이행,건조,맑음,교차로 - 교차로안,화물,남,34세,상해없음,원동기,남,32세,경상
2021020700100331,2021년 2월 7일 19시,일요일,대구광역시 달서구 신당동,경상사고,0,0,1,0,차대차 - 기타,교차로운행방법위반,건조,맑음,교차로 - 교차로안,승용,여,41세,상해없음,이륜,남,34세,경상
2021020700100354,2021년 2월 7일 20시,일요일,대구광역시 달서구 상인동,경상사고,0,0,1,1,차대차 - 기타,교차로운행방법위반,건조,맑음,교차로 - 교차로안,이륜,남,18세,부상신고,이륜,남,30세,경상
2021020700100396,2021년 2월 7일 22시,일요일,대구광역시 남구 대명동,경상사고,0,0,1,0,차대차 - 측면충돌,직진우회전진행방해,건조,맑음,교차로 - 교차로안,승용,남,47세,상해없음,이륜,남,22세,경상
2021020800100002,2021년 2월 8일 00시,월요일,대구광역시 수성구 황금동,부상신고사고,0,0,0,1,차량단독 - 공작물충돌,안전운전불이행,건조,맑음,단일로 - 기타,승용,남,64세,부상신고,,,,
2021020800100003,2021년 2월 8일 00시,월요일,대구광역시 달서구 대곡동,중상사고,0,1,0,0,차대사람 - 보도통행중,기타,건조,맑음,기타 - 기타,이륜,여,48세,상해없음,보행자,남,49세,중상
2021020800100009,2021년 2월 8일 02시,월요일,대구광역시 달서구 진천동,경상사고,0,0,1,0,차대차 - 기타,신호위반,건조,맑음,교차로 - 교차로안,승용,여,64세,상해없음,승용,남,29세,경상
2021020800100033,2021년 2월 8일 06시,월요일,대구광역시 북구 연경동,경상사고,0,0,1,0,차대차 - 추돌,안전운전불이행,건조,맑음,교차로 - 교차로안,승용,여,34세,상해없음,이륜,여,49세,경상
2021020800100051,2021년 2월 8일 07시,월요일,대구광역시 동구 불로동,경상사고,0,0,2,1,차대차 - 정면충돌,안전운전불이행,건조,맑음,교차로 - 교차로안,승용,여,55세,부상신고,승용,여,68세,경상
2021020800100089,2021년 2월 8일 08시,월요일,대구광역시 달성군 현풍읍,경상사고,0,0,1,1,차대차 - 측면충돌,직진우회전진행방해,건조,맑음,교차로 - 교차로안,승용,남,34세,부상신고,승용,여,40세,경상
2021020800100131,2021년 2월 8일 09시,월요일,대구광역시 북구 노원동2가,경상사고,0,0,1,0,차대차 - 측면충돌,중앙선침범,건조,맑음,단일로 - 기타,자전거,여,66세,경상,승용,여,59세,상해없음
2021020800100132,2021년 2월 8일 09시,월요일,대구광역시 달서구 감삼동,경상사고,0,0,1,0,차대차 - 기타,안전거리미확보,건조,맑음,단일로 - 기타,승용,여,32세,상해없음,승합,남,43세,상해없음
2021020800100196,2021년 2월 8일 11시,월요일,대구광역시 동구 율하동,중상사고,0,1,2,0,차대차 - 측면충돌,신호위반,건조,맑음,교차로 - 교차로안,승용,여,66세,경상,승용,여,41세,경상
2021020800100241,2021년 2월 8일 12시,월요일,대구광역시 북구 침산동,경상사고,0,0,2,0,차대차 - 측면충돌,직진우회전진행방해,건조,맑음,교차로 - 교차로안,승용,여,42세,상해없음,승용,남,39세,경상
2021020800100242,2021년 2월 8일 12시,월요일,대구광역시 북구 읍내동,경상사고,0,0,2,0,차대차 - 측면충돌,중앙선침범,건조,맑음,단일로 - 기타,승용,남,67세,상해없음,승용,남,43세,경상
2021020800100288,2021년 2월 8일 13시,월요일,대구광역시 동구 검사동,경상사고,0,0,1,0,차대차 - 측면충돌,안전운전불이행,건조,맑음,단일로 - 기타,화물,남,36세,경상,화물,남,57세,기타불명
2021020800100289,2021년 2월 8일 13시,월요일,대구광역시 달성군 논공읍,중상사고,0,2,0,0,차대차 - 기타,직진우회전진행방해,건조,맑음,교차로 - 교차로안,이륜,남,89세,중상,승용,남,44세,중상
2021020800100327,2021년 2월 8일 14시,월요일,대구광역시 북구 노원동3가,부상신고사고,0,0,0,1,차대차 - 기타,교차로운행방법위반,건조,맑음,교차로 - 교차로안,자전거,남,77세,부상신고,승합,남,68세,상해없음
2021020800100357,2021년 2월 8일 15시,월요일,대구광역시 동구 지저동,중상사고,0,1,0,0,차대차 - 기타,중앙선침범,건조,맑음,단일로 - 기타,승용,남,53세,상해없음,이륜,남,37세,중상
2021020800100358,2021년 2월 8일 15시,월요일,대구광역시 동구 신암동,경상사고,0,0,3,0,차대차 - 측면충돌,안전운전불이행,건조,맑음,단일로 - 기타,승용,남,38세,상해없음,승용,여,62세,경상
2021020800100359,2021년 2월 8일 15시,월요일,대구광역시 동구 신암동,경상사고,0,0,1,0,차대차 - 측면충돌,안전운전불이행,건조,맑음,단일로 - 기타,이륜,남,17세,상해없음,승용,남,34세,경상
2021020800100360,2021년 2월 8일 15시,월요일,대구광역시 북구 산격동,경상사고,0,0,2,0,차대사람 - 기타,안전운전불이행,건조,맑음,단일로 - 기타,승용,남,71세,상해없음,보행자,여,38세,경상
2021020800100361,2021년 2월 8일 15시,월요일,대구광역시 북구 칠성동2가,중상사고,0,1,0,0,차대차 - 측면충돌,교차로운행방법위반,건조,맑음,교차로 - 교차로안,승용,남,33세,상해없음,자전거,여,67세,중상
2021020800100362,2021년 2월 8일 15시,월요일,대구광역시 서구 평리동,경상사고,0,0,1,0,차대차 - 정면충돌,신호위반,건조,맑음,교차로 - 교차로부근,이륜,남,27세,상해없음,승용,남,62세,경상
2021020800100363,2021년 2월 8일 15시,월요일,대구광역시 달서구 성당동,중상사고,0,1,1,0,차대차 - 기타,신호위반,건조,맑음,교차로 - 교차로안,이륜,남,55세,경상,이륜,남,34세,중상
2021020800100364,2021년 2월 8일 15시,월요일,대구광역시 북구 동천동,경상사고,0,0,1,2,차대차 - 측면충돌,교차로운행방법위반,건조,맑음,교차로 - 교차로안,승용,남,36세,상해없음,승용,여,48세,경상
2021020800100402,2021년 2월 8일 16시,월요일,대구광역시 수성구 만촌동,경상사고,0,0,2,0,차대차 - 측면충돌,중앙선침범,건조,맑음,단일로 - 기타,화물,남,65세,상해없음,승용,여,25세,경상
2021020800100403,2021년 2월 8일 16시,월요일,대구광역시 달성군 화원읍,경상사고,0,0,1,0,차대차 - 기타,안전운전불이행,건조,맑음,단일로 - 기타,승용,남,79세,상해없음,승용,남,31세,경상
2021020800100404,2021년 2월 8일 16시,월요일,대구광역시 북구 서변동,중상사고,0,1,0,0,차대차 - 추돌,안전거리미확보,건조,맑음,단일로 - 지하차도(도로)내,승용,남,64세,상해없음,승용,남,27세,중상
2021020800100449,2021년 2월 8일 17시,월요일,대구광역시 동구 신천동,경상사고,0,0,2,0,차대차 - 측면충돌,교차로운행방법위반,건조,맑음,교차로 - 교차로안,승용,남,72세,상해없음,승용,남,65세,경상
2021020800100450,2021년 2월 8일 17시,월요일,대구광역시 달서구 본동,경상사고,0,0,1,0,차대차 - 후진중충돌,안전운전불이행,건조,맑음,단일로 - 기타,승용,남,25세,상해없음,자전거,여,71세,경상
2021020800100451,2021년 2월 8일 17시,월요일,대구광역시 달서구 대천동,경상사고,0,0,1,0,차대차 - 측면충돌,안전운전불이행,건조,맑음,단일로 - 기타,승용,남,65세,상해없음,승용,남,53세,경상
2021020800100495,2021년 2월 8일 18시,월요일,대구광역시 수성구 지산동,경상사고,0,0,1,0,차대차 - 측면충돌,교차로운행방법위반,건조,맑음,교차로 - 교차로안,화물,남,67세,상해없음,승용,여,65세,경상
2021020800100496,2021년 2월 8일 18시,월요일,대구광역시 달서구 상인동,경상사고,0,0,1,0,차대사람 - 기타,안전운전불이행,건조,맑음,단일로 - 기타,승용,여,58세,상해없음,보행자,남,9세,경상
2021020800100535,2021년 2월 8일 19시,월요일,대구광역시 달서구 두류동,중상사고,0,1,0,0,차대차 - 기타,기타,건조,맑음,교차로 - 교차로부근,승용,남,34세,상해없음,이륜,남,26세,중상
2021020800100536,2021년 2월 8일 19시,월요일,대구광역시 북구 태전동,경상사고,0,0,1,0,차대차 - 측면충돌,안전운전불이행,건조,맑음,단일로 - 지하차도(도로)내,화물,남,65세,상해없음,이륜,남,46세,경상
2021020800100537,2021년 2월 8일 19시,월요일,대구광역시 북구 구암동,중상사고,0,1,0,0,차대사람 - 기타,안전운전불이행,건조,맑음,단일로 - 기타,자전거,남,13세,상해없음,보행자,여,56세,중상
2021020800100577,2021년 2월 8일 20시,월요일,대구광역시 수성구 범물동,경상사고,0,0,2,0,차대차 - 추돌,안전운전불이행,건조,맑음,교차로 - 교차로부근,화물,남,56세,상해없음,승용,여,30세,경상
2021020800100578,2021년 2월 8일 20시,월요일,대구광역시 수성구 지산동,경상사고,0,0,1,0,차대차 - 추돌,안전운전불이행,건조,맑음,단일로 - 기타,승용,남,47세,상해없음,승용,남,44세,경상
2021020800100609,2021년 2월 8일 21시,월요일,대구광역시 북구 칠성동2가,중상사고,0,2,0,0,차대차 - 기타,교차로운행방법위반,건조,맑음,교차로 - 교차로안,화물,남,28세,상해없음,승용,남,55세,중상
2021020800100641,2021년 2월 8일 22시,월요일,대구광역시 동구 지묘동,중상사고,0,2,1,2,차대차 - 측면충돌,신호위반,건조,맑음,교차로 - 교차로안,승용,여,33세,상해없음,승용,여,28세,중상
2021020800100642,2021년 2월 8일 22시,월요일,대구광역시 달성군 다사읍,중상사고,0,1,0,0,차대사람 - 횡단중,보행자보호의무위반,건조,맑음,교차로 - 교차로횡단보도내,화물,남,46세,상해없음,보행자,남,19세,중상
2021020800100656,2021년 2월 8일 23시,월요일,대구광역시 북구 태전동,경상사고,0,0,2,0,차대차 - 측면충돌,안전운전불이행,건조,맑음,단일로 - 지하차도(도로)내,승용,남,52세,상해없음,승용,남,51세,경상
2021020900100017,2021년 2월 9일 03시,화요일,대구광역시 동구 율하동,경상사고,0,0,1,0,차대차 - 측면충돌,안전거리미확보,건조,맑음,교차로 - 교차로부근,승용,여,35세,기타불명,승용,여,58세,경상
2021020900100038,2021년 2월 9일 06시,화요일,대구광역시 수성구 수성동1가,경상사고,0,0,1,0,차대차 - 추돌,신호위반,건조,맑음,교차로 - 교차로안,화물,남,51세,상해없음,승용,남,61세,경상
2021020900100058,2021년 2월 9일 07시,화요일,대구광역시 수성구 만촌동,중상사고,0,1,0,0,차대사람 - 횡단중,보행자보호의무위반,건조,맑음,교차로 - 교차로안,승합,남,46세,상해없음,보행자,남,70세,중상
2021020900100059,2021년 2월 9일 07시,화요일,대구광역시 서구 평리동,중상사고,0,1,0,0,차대차 - 측면충돌,안전운전불이행,건조,맑음,교차로 - 교차로안,승용,여,61세,상해없음,원동기,남,70세,중상
2021020900100088,2021년 2월 9일 08시,화요일,대구광역시 달서구 감삼동,중상사고,0,2,0,0,차대차 - 측면충돌,안전거리미확보,건조,맑음,단일로 - 기타,승용,여,81세,상해없음,승용,남,19세,상해없음
2021020900100089,2021년 2월 9일 08시,화요일,대구광역시 달서구 호산동,경상사고,0,0,1,0,차대차 - 추돌,안전운전불이행,건조,맑음,단일로 - 기타,승용,남,66세,상해없음,승용,여,25세,경상
2021020900100115,2021년 2월 9일 09시,화요일,대구광역시 남구 대명동,경상사고,0,0,1,0,차대차 - 측면충돌,안전운전불이행,건조,맑음,단일로 - 지하차도(도로)내,승용,여,73세,상해없음,승용,남,45세,경상
2021020900100116,2021년 2월 9일 09시,화요일,대구광역시 동구 신천동,경상사고,0,0,3,0,차대차 - 측면충돌,안전거리미확보,건조,맑음,교차로 - 교차로부근,승용,남,64세,경상,승합,남,31세,경상
2021020900100117,2021년 2월 9일 09시,화요일,대구광역시 달서구 장기동,경상사고,0,0,1,0,차대사람 - 기타,안전운전불이행,건조,맑음,단일로 - 기타,화물,남,32세,상해없음,보행자,남,34세,경상
2021020900100118,2021년 2월 9일 09시,화요일,대구광역시 달서구 이곡동,경상사고,0,0,2,0,차대차 - 측면충돌,불법유턴,건조,맑음,단일로 - 기타,승용,남,68세,경상,화물,남,26세,경상
2021020900100167,2021년 2월 9일 10시,화요일,대구광역시 수성구 중동,경상사고,0,0,2,0,차대차 - 추돌,안전운전불이행,건조,맑음,단일로 - 기타,이륜,남,58세,경상,승용,남,61세,경상
2021020900100168,2021년 2월 9일 10시,화요일,대구광역시 북구 태전동,경상사고,0,0,1,0,차대차 - 측면충돌,안전거리미확보,건조,맑음,단일로 - 기타,승용,남,66세,상해없음,승용,남,61세,경상
2021020900100203,2021년 2월 9일 11시,화요일,대구광역시 수성구 범어동,경상사고,0,0,1,0,차대차 - 측면충돌,안전운전불이행,건조,맑음,단일로 - 기타,승용,여,25세,기타불명,이륜,남,32세,경상
2021020900100204,2021년 2월 9일 11시,화요일,대구광역시 달서구 진천동,경상사고,0,0,2,0,차대차 - 측면충돌,직진우회전진행방해,건조,맑음,교차로 - 교차로안,승용,여,45세,경상,승용,여,51세,경상
2021020900100238,2021년 2월 9일 12시,화요일,대구광역시 달서구 대곡동,경상사고,0,0,2,0,차대차 - 측면충돌,안전거리미확보,건조,맑음,단일로 - 기타,승용,여,58세,상해없음,승용,남,57세,경상
2021020900100239,2021년 2월 9일 12시,화요일,대구광역시 달서구 장동,중상사고,0,1,0,0,차대사람 - 기타,안전운전불이행,건조,맑음,단일로 - 기타,화물,남,50세,상해없음,보행자,남,42세,중상
2021020900100284,2021년 2월 9일 13시,화요일,대구광역시 수성구 범어동,중상사고,0,1,1,0,차대차 - 기타,안전운전불이행,건조,맑음,교차로 - 교차로안,이륜,남,40세,중상,이륜,남,19세,경상
2021020900100285,2021년 2월 9일 13시,화요일,대구광역시 달서구 송현동,중상사고,0,1,0,0,차대사람 - 횡단중,보행자보호의무위반,건조,맑음,교차로 - 교차로횡단보도내,승용,여,54세,상해없음,보행자,여,68세,중상
2021020900100325,2021년 2월 9일 14시,화요일,대구광역시 동구 효목동,경상사고,0,0,1,0,차대차 - 측면충돌,신호위반,건조,맑음,단일로 - 기타,승용,남,56세,기타불명,이륜,남,23세,경상
2021020900100326,2021년 2월 9일 14시,화요일,대구광역시 동구 불로동,중상사고,0,1,1,0,차대차 - 측면충돌,교차로운행방법위반,건조,맑음,교차로 - 교차로안,승용,여,61세,중상,화물,남,71세,경상
2021020900100327,2021년 2월 9일 14시,화요일,대구광역시 수성구 상동,경상사고,0,0,1,0,차대차 - 측면충돌,안전운전불이행,건조,맑음,기타 - 기타,승용,남,63세,상해없음,승용,여,54세,경상
2021020900100328,2021년 2월 9일 14시,화요일,대구광역시 달서구 도원동,중상사고,0,1,0,0,차대사람 - 기타,보행자보호의무위반,건조,맑음,교차로 - 교차로안,화물,남,69세,상해없음,보행자,여,72세,중상
2021020900100330,2021년 2월 9일 14시,화요일,대구광역시 달서구 호산동,경상사고,0,0,1,0,차대차 - 측면충돌,안전운전불이행,건조,맑음,단일로 - 기타,승용,여,48세,상해없음,화물,남,54세,경상
2021020900100331,2021년 2월 9일 14시,화요일,대구광역시 달서구 감삼동,중상사고,0,1,0,0,차대사람 - 기타,기타,건조,맑음,단일로 - 기타,승용,여,63세,상해없음,보행자,남,21세,중상
2021020900100378,2021년 2월 9일 15시,화요일,대구광역시 동구 신암동,경상사고,0,0,1,0,차대차 - 추돌,불법유턴,건조,맑음,단일로 - 기타,승용,남,60세,상해없음,승용,여,45세,경상
2021020900100379,2021년 2월 9일 15시,화요일,대구광역시 달서구 본리동,부상신고사고,0,0,0,1,차대차 - 측면충돌,안전운전불이행,건조,맑음,교차로 - 교차로안,자전거,남,10세,부상신고,승용,여,55세,상해없음
2021020900100421,2021년 2월 9일 16시,화요일,대구광역시 남구 봉덕동,중상사고,0,1,1,0,차대차 - 측면충돌,기타,건조,맑음,단일로 - 기타,이륜,남,60세,중상,승용,남,42세,경상
2021020900100422,2021년 2월 9일 16시,화요일,대구광역시 동구 봉무동,경상사고,0,0,1,0,차대차 - 추돌,안전운전불이행,건조,맑음,단일로 - 기타,승용,여,41세,상해없음,승용,남,30세,경상
2021020900100423,2021년 2월 9일 16시,화요일,대구광역시 수성구 만촌동,경상사고,0,0,1,0,차대차 - 측면충돌,차로위반,건조,맑음,단일로 - 기타,승용,남,82세,상해없음,승용,여,52세,경상
2021020900100424,2021년 2월 9일 16시,화요일,대구광역시 달성군 다사읍,경상사고,0,0,2,0,차대차 - 기타,직진우회전진행방해,건조,맑음,교차로 - 교차로안,승용,여,52세,상해없음,승용,남,26세,경상
2021020900100425,2021년 2월 9일 16시,화요일,대구광역시 서구 중리동,경상사고,0,0,1,0,차대차 - 측면충돌,직진우회전진행방해,건조,맑음,교차로 - 교차로안,승용,여,45세,상해없음,승용,여,39세,경상
2021020900100467,2021년 2월 9일 17시,화요일,대구광역시 남구 대명동,경상사고,0,0,1,0,차대차 - 후진중충돌,안전운전불이행,건조,맑음,교차로 - 교차로안,승합,남,27세,상해없음,승용,남,33세,경상
2021020900100468,2021년 2월 9일 17시,화요일,대구광역시 달서구 두류동,중상사고,0,1,0,0,차대사람 - 보도통행중,안전운전불이행,건조,맑음,단일로 - 기타,자전거,남,10세,상해없음,보행자,여,57세,중상
2021020900100520,2021년 2월 9일 18시,화요일,대구광역시 남구 대명동,경상사고,0,0,1,0,차대차 - 추돌,안전운전불이행,건조,맑음,단일로 - 기타,승용,여,57세,상해없음,승용,남,46세,경상
2021020900100577,2021년 2월 9일 19시,화요일,대구광역시 달서구 유천동,경상사고,0,0,2,0,차대차 - 기타,교차로운행방법위반,건조,맑음,교차로 - 교차로안,원동기,남,26세,경상,자전거,남,13세,경상
2021020900100626,2021년 2월 9일 20시,화요일,대구광역시 달서구 대곡동,경상사고,0,0,1,0,차대차 - 기타,안전운전불이행,건조,맑음,기타 - 기타,승용,남,57세,상해없음,자전거,남,6세,경상
2021020900100627,2021년 2월 9일 20시,화요일,대구광역시 달서구 호산동,중상사고,0,1,0,0,차대차 - 기타,안전운전불이행,건조,맑음,교차로 - 교차로부근,이륜,남,39세,상해없음,개인형이동수단(PM),여,19세,중상
2021020900100674,2021년 2월 9일 21시,화요일,대구광역시 북구 대현동,경상사고,0,0,2,0,차대차 - 추돌,안전거리미확보,건조,맑음,단일로 - 기타,이륜,남,43세,상해없음,승용,남,26세,경상
2021020900100675,2021년 2월 9일 21시,화요일,대구광역시 서구 평리동,경상사고,0,0,2,0,차대차 - 측면충돌,안전거리미확보,건조,맑음,단일로 - 기타,승용,남,56세,상해없음,승용,남,59세,경상
2021020900100734,2021년 2월 9일 23시,화요일,대구광역시 동구 용계동,경상사고,0,0,2,0,차대차 - 추돌,안전거리미확보,건조,맑음,교차로 - 교차로부근,이륜,남,33세,경상,승용,남,33세,경상
2021020900100735,2021년 2월 9일 23시,화요일,대구광역시 수성구 연호동,경상사고,0,0,1,0,차대사람 - 횡단중,보행자보호의무위반,건조,맑음,교차로 - 교차로횡단보도내,승용,남,64세,상해없음,보행자,남,25세,경상
2021020900100736,2021년 2월 9일 23시,화요일,대구광역시 서구 평리동,중상사고,0,1,0,0,차대차 - 측면충돌,신호위반,건조,맑음,교차로 - 교차로안,승용,남,24세,상해없음,승용,남,77세,중상
2021021000100015,2021년 2월 10일 00시,수요일,대구광역시 북구 대현동,경상사고,0,0,3,0,차대차 - 측면충돌,안전운전불이행,건조,맑음,교차로 - 교차로안,승용,남,64세,상해없음,승용,남,24세,경상
2021021000100023,2021년 2월 10일 02시,수요일,대구광역시 달서구 도원동,중상사고,0,1,0,0,차대차 - 기타,안전운전불이행,건조,맑음,단일로 - 기타,이륜,남,25세,중상,승용,남,38세,기타불명
2021021000100036,2021년 2월 10일 05시,수요일,대구광역시 동구 효목동,중상사고,0,1,0,0,차대차 - 추돌,안전운전불이행,건조,맑음,교차로 - 교차로부근,승용,남,69세,상해없음,승용,남,51세,중상
2021021000100037,2021년 2월 10일 05시,수요일,대구광역시 수성구 성동,경상사고,0,0,1,0,차대차 - 측면충돌,차로위반,건조,맑음,교차로 - 교차로안,승용,남,19세,상해없음,이륜,남,49세,경상
2021021000100068,2021년 2월 10일 07시,수요일,대구광역시 동구 동호동,경상사고,0,0,1,0,차대사람 - 횡단중,안전운전불이행,건조,맑음,단일로 - 기타,승용,남,44세,상해없음,보행자,남,23세,경상
2021021000100069,2021년 2월 10일 07시,수요일,대구광역시 달서구 용산동,경상사고,0,0,1,0,차대사람 - 보도통행중,기타,건조,맑음,단일로 - 기타,이륜,남,28세,상해없음,보행자,여,56세,경상
2021021000100070,2021년 2월 10일 07시,수요일,대구광역시 달서구 신당동,경상사고,0,0,1,0,차대차 - 측면충돌,안전운전불이행,건조,맑음,교차로 - 교차로부근,승용,남,59세,상해없음,자전거,남,60세,경상
2021021000100104,2021년 2월 10일 08시,수요일,대구광역시 남구 대명동,경상사고,0,0,1,0,차대차 - 측면충돌,안전거리미확보,건조,맑음,단일로 - 기타,화물,남,90세,상해없음,승용,남,36세,경상
2021021000100105,2021년 2월 10일 08시,수요일,대구광역시 북구 산격동,경상사고,0,0,1,0,차대차 - 측면충돌,직진우회전진행방해,건조,맑음,교차로 - 교차로안,승용,여,37세,상해없음,승용,여,52세,경상
2021021000100162,2021년 2월 10일 10시,수요일,대구광역시 수성구 상동,경상사고,0,0,2,0,차대차 - 기타,안전거리미확보,건조,맑음,기타 - 기타,승용,여,49세,상해없음,승용,남,61세,경상
2021021000100163,2021년 2월 10일 10시,수요일,대구광역시 달서구 진천동,경상사고,0,0,1,0,차대사람 - 기타,안전운전불이행,건조,맑음,단일로 - 기타,화물,남,53세,상해없음,보행자,여,62세,경상
2021021000100209,2021년 2월 10일 11시,수요일,대구광역시 북구 대현동,경상사고,0,0,1,0,차대사람 - 기타,안전운전불이행,건조,맑음,교차로 - 교차로부근,승용,남,64세,상해없음,보행자,남,35세,경상
2021021000100241,2021년 2월 10일 12시,수요일,대구광역시 남구 대명동,경상사고,0,0,1,0,차대차 - 측면충돌,안전운전불이행,건조,맑음,교차로 - 교차로부근,승용,남,24세,상해없음,자전거,여,27세,경상
2021021000100242,2021년 2월 10일 12시,수요일,대구광역시 달성군 논공읍,중상사고,0,1,0,0,차대차 - 측면충돌,안전운전불이행,건조,맑음,교차로 - 교차로안,원동기,남,60세,중상,화물,남,55세,상해없음
2021021000100243,2021년 2월 10일 12시,수요일,대구광역시 북구 고성동2가,중상사고,0,1,0,0,차대차 - 측면충돌,안전운전불이행,건조,맑음,단일로 - 기타,원동기,남,61세,중상,승용,여,53세,상해없음
2021021000100275,2021년 2월 10일 13시,수요일,대구광역시 달성군 유가읍,경상사고,0,0,2,0,차대차 - 기타,안전운전불이행,건조,맑음,교차로 - 교차로부근,승용,여,61세,경상,승용,남,27세,경상
2021021000100276,2021년 2월 10일 13시,수요일,대구광역시 서구 평리동,경상사고,0,0,1,0,차대차 - 추돌,안전운전불이행,건조,맑음,교차로 - 교차로부근,승용,남,57세,상해없음,승용,남,33세,경상
2021021000100277,2021년 2월 10일 13시,수요일,대구광역시 달서구 성당동,경상사고,0,0,1,0,차대차 - 측면충돌,안전운전불이행,건조,맑음,교차로 - 교차로안,승용,여,41세,상해없음,승용,여,63세,경상
2021021000100278,2021년 2월 10일 13시,수요일,대구광역시 북구 서변동,경상사고,0,0,1,0,차대차 - 측면충돌,안전거리미확보,건조,맑음,단일로 - 기타,건설기계,남,63세,상해없음,승용,남,40세,경상
2021021000100322,2021년 2월 10일 14시,수요일,대구광역시 남구 이천동,경상사고,0,0,1,0,차대차 - 측면충돌,안전거리미확보,건조,맑음,단일로 - 기타,승용,남,56세,상해없음,승용,여,59세,경상
2021021000100323,2021년 2월 10일 14시,수요일,대구광역시 수성구 지산동,경상사고,0,0,1,0,차대사람 - 보도통행중,안전운전불이행,건조,맑음,기타 - 기타,기타불명,기타불명,미분류,기타불명,보행자,여,58세,경상
2021021000100324,2021년 2월 10일 14시,수요일,대구광역시 달성군 가창면,중상사고,0,1,0,0,차대사람 - 기타,신호위반,건조,맑음,단일로 - 기타,승용,남,72세,상해없음,보행자,남,25세,중상
2021021000100325,2021년 2월 10일 14시,수요일,대구광역시 달성군 다사읍,경상사고,0,0,1,0,차대차 - 기타,신호위반,건조,맑음,교차로 - 교차로안,승용,여,52세,상해없음,승용,남,30세,경상
2021021000100326,2021년 2월 10일 14시,수요일,대구광역시 서구 평리동,경상사고,0,0,1,0,차대차 - 측면충돌,안전운전불이행,건조,맑음,단일로 - 기타,승합,남,74세,상해없음,승용,여,33세,경상
2021021000100327,2021년 2월 10일 14시,수요일,대구광역시 서구 비산동,경상사고,0,0,2,0,차대차 - 측면충돌,안전운전불이행,건조,맑음,교차로 - 교차로안,승용,남,53세,상해없음,승용,남,24세,경상
2021021000100328,2021년 2월 10일 14시,수요일,대구광역시 서구 비산동,경상사고,0,0,2,0,차대차 - 추돌,안전운전불이행,건조,맑음,교차로 - 교차로부근,화물,남,78세,상해없음,승용,여,35세,경상
2021021000100364,2021년 2월 10일 15시,수요일,대구광역시 동구 신기동,부상신고사고,0,0,0,1,차대사람 - 보도통행중,기타,건조,맑음,단일로 - 기타,승합,남,79세,상해없음,보행자,여,71세,부상신고
2021021000100365,2021년 2월 10일 15시,수요일,대구광역시 북구 침산동,경상사고,0,0,2,0,차대차 - 측면충돌,안전거리미확보,건조,맑음,단일로 - 기타,화물,남,54세,상해없음,승용,남,28세,경상
2021021000100366,2021년 2월 10일 15시,수요일,대구광역시 서구 내당동,중상사고,0,1,0,0,차대차 - 측면충돌,안전운전불이행,건조,맑음,교차로 - 교차로부근,승용,남,52세,상해없음,이륜,남,37세,중상
2021021000100367,2021년 2월 10일 15시,수요일,대구광역시 서구 내당동,경상사고,0,0,1,0,차대차 - 측면충돌,안전운전불이행,건조,맑음,단일로 - 기타,승용,여,51세,상해없음,이륜,남,71세,경상