사고번호,사고일시,요일,시군구,사고내용,사망자수,중상자수,경상자수,부상신고자수,사고유형,법규위반,노면상태,기상상태,도로형태,가해운전자 차종,가해운전자 성별,가해운전자 연령,가해운전자 상해정도,피해운전자 차종,피해운전자 성별,피해운전자 연령,피해운전자 상해정도
2021022200100518,2021년 2월 22일 20시,월요일,대구광역시 서구 내당동,경상사고,0,0,2,0,차대차 - 측면충돌,안전거리미확보,건조,맑음,기타 - 기타,승용,남,52세,상해없음,승용,여,28세,경상
2021022200100519,2021년 2월 22일 20시,월요일,대구광역시 서구 비산동,중상사고,0,1,0,0,차대사람 - 횡단중,안전운전불이행,건조,맑음,단일로 - 기타,승용,남,52세,상해없음,보행자,남,48세,중상
2021022200100542,2021년 2월 22일 21시,월요일,대구광역시 수성구 지산동,중상사고,0,1,1,0,차대차 - 추돌,안전운전불이행,건조,맑음,교차로 - 교차로부근,승용,여,49세,상해없음,승용,남,51세,중상
2021022200100543,2021년 2월 22일 21시,월요일,대구광역시 북구 읍내동,경상사고,0,0,1,0,차대차 - 측면충돌,안전거리미확보,건조,맑음,단일로 - 기타,승용,여,42세,상해없음,승용,남,45세,경상
2021022200100566,2021년 2월 22일 22시,월요일,대구광역시 수성구 고모동,경상사고,0,0,1,1,차대차 - 기타,안전운전불이행,건조,맑음,단일로 - 기타,기타불명,기타불명,미분류,기타불명,승용,남,62세,부상신고
2021022200100567,2021년 2월 22일 22시,월요일,대구광역시 달서구 송현동,경상사고,0,0,1,0,차대차 - 추돌,안전운전불이행,건조,맑음,교차로 - 교차로부근,승용,남,45세,상해없음,승용,여,40세,경상
2021022200100579,2021년 2월 22일 23시,월요일,대구광역시 북구 읍내동,중상사고,0,1,0,0,차대차 - 측면충돌,안전운전불이행,건조,맑음,교차로 - 교차로안,승합,남,32세,상해없음,이륜,남,20세,중상
2021022300100007,2021년 2월 23일 00시,화요일,대구광역시 달서구 장기동,경상사고,0,0,1,0,차대차 - 측면충돌,안전거리미확보,건조,맑음,단일로 - 기타,화물,남,55세,상해없음,승용,남,41세,경상
2021022300100014,2021년 2월 23일 01시,화요일,대구광역시 수성구 신매동,경상사고,0,0,3,0,차대차 - 추돌,안전운전불이행,건조,맑음,단일로 - 기타,화물,남,26세,상해없음,승용,남,22세,경상
2021022300100015,2021년 2월 23일 01시,화요일,대구광역시 달서구 상인동,경상사고,0,0,2,0,차대차 - 측면충돌,직진우회전진행방해,건조,맑음,교차로 - 교차로안,이륜,남,23세,경상,승용,남,61세,경상
2021022300100030,2021년 2월 23일 05시,화요일,대구광역시 수성구 두산동,경상사고,0,0,1,0,차대사람 - 차도통행중,안전운전불이행,건조,맑음,교차로 - 교차로부근,승용,남,34세,상해없음,보행자,남,23세,경상
2021022300100031,2021년 2월 23일 05시,화요일,대구광역시 서구 내당동,경상사고,0,0,1,0,차대차 - 기타,안전운전불이행,건조,맑음,단일로 - 기타,승용,남,53세,상해없음,자전거,남,68세,경상
2021022300100042,2021년 2월 23일 06시,화요일,대구광역시 동구 동호동,경상사고,0,0,1,0,차대차 - 측면충돌,안전운전불이행,건조,맑음,교차로 - 교차로안,승용,남,40세,기타불명,화물,남,60세,경상
2021022300100043,2021년 2월 23일 06시,화요일,대구광역시 동구 신암동,경상사고,0,0,1,0,차대차 - 측면충돌,교차로운행방법위반,건조,맑음,교차로 - 교차로안,승용,남,48세,상해없음,이륜,남,37세,경상
2021022300100061,2021년 2월 23일 07시,화요일,대구광역시 수성구 범어동,경상사고,0,0,1,0,차대차 - 기타,안전운전불이행,건조,맑음,교차로 - 교차로안,승용,남,82세,상해없음,승용,남,43세,경상
2021022300100085,2021년 2월 23일 08시,화요일,대구광역시 서구 상리동,경상사고,0,0,1,0,차대차 - 측면충돌,안전운전불이행,건조,맑음,단일로 - 기타,건설기계,남,56세,상해없음,승용,남,55세,경상
2021022300100091,2021년 2월 23일 08시,화요일,대구광역시 남구 대명동,중상사고,0,2,0,0,차대차 - 측면충돌,신호위반,건조,맑음,단일로 - 기타,이륜,남,65세,중상,자전거,남,41세,중상
2021022300100092,2021년 2월 23일 08시,화요일,대구광역시 수성구 범물동,경상사고,0,0,2,0,차대차 - 측면충돌,신호위반,건조,맑음,교차로 - 교차로안,승용,여,30세,상해없음,승용,남,53세,경상
2021022300100093,2021년 2월 23일 08시,화요일,대구광역시 달성군 옥포읍,경상사고,0,0,1,0,차대차 - 기타,안전운전불이행,건조,맑음,교차로 - 교차로부근,화물,남,60세,상해없음,자전거,여,71세,경상
2021022300100119,2021년 2월 23일 09시,화요일,대구광역시 동구 봉무동,경상사고,0,0,3,0,차대차 - 추돌,안전운전불이행,건조,맑음,교차로 - 교차로부근,승용,남,38세,상해없음,승용,남,18세,상해없음
2021022300100140,2021년 2월 23일 10시,화요일,대구광역시 서구 상리동,경상사고,0,0,1,0,차대차 - 측면충돌,안전운전불이행,건조,맑음,단일로 - 기타,승용,여,58세,상해없음,특수,남,56세,경상
2021022300100144,2021년 2월 23일 10시,화요일,대구광역시 서구 중리동,경상사고,0,0,1,0,차대차 - 측면충돌,안전운전불이행,건조,맑음,단일로 - 기타,자전거,남,70세,경상,승용,남,52세,상해없음
2021022300100172,2021년 2월 23일 11시,화요일,대구광역시 수성구 범어동,경상사고,0,0,1,0,차대사람 - 기타,안전운전불이행,건조,맑음,기타 - 기타,승용,남,22세,상해없음,보행자,남,39세,경상
2021022300100200,2021년 2월 23일 12시,화요일,대구광역시 서구 비산동,경상사고,0,0,1,0,차대차 - 측면충돌,안전운전불이행,건조,맑음,단일로 - 기타,화물,남,45세,상해없음,이륜,남,46세,경상
2021022300100238,2021년 2월 23일 13시,화요일,대구광역시 남구 대명동,중상사고,0,1,0,0,차대차 - 측면충돌,안전운전불이행,건조,맑음,단일로 - 기타,승용,남,52세,상해없음,이륜,남,26세,중상
2021022300100239,2021년 2월 23일 13시,화요일,대구광역시 동구 각산동,경상사고,0,0,1,0,차대차 - 기타,안전운전불이행,건조,맑음,교차로 - 교차로부근,화물,남,28세,상해없음,승용,여,32세,경상
2021022300100240,2021년 2월 23일 13시,화요일,대구광역시 달서구 대곡동,경상사고,0,0,1,0,차대차 - 측면충돌,안전거리미확보,건조,맑음,단일로 - 기타,이륜,남,55세,경상,승용,남,71세,상해없음
2021022300100275,2021년 2월 23일 14시,화요일,대구광역시 달서구 두류동,경상사고,0,0,1,0,차대차 - 추돌,안전운전불이행,건조,맑음,단일로 - 기타,승용,여,28세,상해없음,승용,남,28세,경상
2021022300100318,2021년 2월 23일 15시,화요일,대구광역시 남구 대명동,경상사고,0,0,1,0,차대차 - 측면충돌,차로위반,건조,맑음,단일로 - 기타,건설기계,남,47세,상해없음,승용,남,23세,경상
2021022300100319,2021년 2월 23일 15시,화요일,대구광역시 동구 방촌동,경상사고,0,0,1,0,차대사람 - 기타,기타,건조,맑음,기타 - 기타,원동기,남,21세,상해없음,보행자,남,32세,경상
2021022300100320,2021년 2월 23일 15시,화요일,대구광역시 달성군 구지면,경상사고,0,0,2,0,차대차 - 측면충돌,신호위반,건조,맑음,교차로 - 교차로안,화물,남,65세,상해없음,화물,남,60세,경상
2021022300100321,2021년 2월 23일 15시,화요일,대구광역시 달서구 본리동,경상사고,0,0,2,1,차대차 - 측면충돌,안전운전불이행,건조,맑음,단일로 - 기타,건설기계,남,61세,부상신고,승용,남,51세,경상
2021022300100353,2021년 2월 23일 16시,화요일,대구광역시 수성구 범물동,경상사고,0,0,1,0,차대차 - 측면충돌,안전운전불이행,건조,맑음,단일로 - 기타,승용,남,61세,상해없음,승용,남,61세,경상
2021022300100401,2021년 2월 23일 17시,화요일,대구광역시 동구 방촌동,중상사고,0,1,1,0,차대차 - 측면충돌,직진우회전진행방해,건조,맑음,교차로 - 교차로안,이륜,남,44세,경상,이륜,남,20세,중상
2021022300100402,2021년 2월 23일 17시,화요일,대구광역시 수성구 두산동,경상사고,0,0,2,0,차대차 - 측면충돌,교차로운행방법위반,건조,맑음,교차로 - 교차로안,승용,여,43세,상해없음,승합,남,33세,경상
2021022300100403,2021년 2월 23일 17시,화요일,대구광역시 북구 구암동,경상사고,0,0,2,0,차대차 - 측면충돌,안전운전불이행,건조,맑음,단일로 - 교량,화물,남,54세,상해없음,승용,여,23세,경상
2021022300100426,2021년 2월 23일 18시,화요일,대구광역시 동구 봉무동,경상사고,0,0,1,0,차대차 - 측면충돌,안전운전불이행,건조,맑음,교차로 - 교차로부근,화물,남,46세,상해없음,승용,남,61세,상해없음
2021022300100427,2021년 2월 23일 18시,화요일,대구광역시 수성구 상동,경상사고,0,0,1,0,차대차 - 측면충돌,교차로운행방법위반,건조,맑음,교차로 - 교차로안,이륜,남,17세,경상,승용,여,31세,상해없음
2021022300100428,2021년 2월 23일 18시,화요일,대구광역시 수성구 연호동,경상사고,0,0,4,0,차대차 - 추돌,안전운전불이행,건조,맑음,단일로 - 기타,승용,여,44세,경상,승용,여,41세,경상
2021022300100429,2021년 2월 23일 18시,화요일,대구광역시 달서구 송현동,중상사고,0,1,0,0,차대차 - 후진중충돌,안전운전불이행,건조,맑음,단일로 - 기타,승용,남,39세,상해없음,자전거,여,59세,중상
2021022300100430,2021년 2월 23일 18시,화요일,대구광역시 달서구 두류동,경상사고,0,0,1,0,차대차 - 측면충돌,신호위반,건조,맑음,교차로 - 교차로안,승용,남,63세,상해없음,이륜,남,50세,경상
2021022300100471,2021년 2월 23일 19시,화요일,대구광역시 남구 이천동,경상사고,0,0,1,0,차대차 - 측면충돌,신호위반,건조,맑음,교차로 - 교차로안,승용,여,51세,상해없음,이륜,남,32세,경상
2021022300100472,2021년 2월 23일 19시,화요일,대구광역시 북구 학정동,중상사고,0,1,0,0,차대차 - 측면충돌,안전운전불이행,건조,맑음,단일로 - 지하차도(도로)내,화물,남,53세,상해없음,자전거,남,63세,중상
2021022300100566,2021년 2월 23일 23시,화요일,대구광역시 수성구 두산동,경상사고,0,0,2,0,차대차 - 측면충돌,안전운전불이행,건조,맑음,교차로 - 교차로부근,승용,남,61세,상해없음,승용,남,46세,경상
2021022400100011,2021년 2월 24일 02시,수요일,대구광역시 동구 신암동,중상사고,0,1,0,0,차대차 - 추돌,안전운전불이행,건조,맑음,단일로 - 기타,승용,남,21세,상해없음,승용,여,63세,중상
2021022400100020,2021년 2월 24일 04시,수요일,대구광역시 북구 노원동3가,경상사고,0,0,2,0,차대차 - 측면충돌,교차로운행방법위반,건조,맑음,교차로 - 교차로부근,화물,남,61세,경상,승용,남,56세,경상
2021022400100027,2021년 2월 24일 05시,수요일,대구광역시 수성구 매호동,경상사고,0,0,1,0,차대차 - 측면충돌,교차로운행방법위반,건조,맑음,교차로 - 교차로안,승용,남,53세,상해없음,승용,남,59세,경상
2021022400100101,2021년 2월 24일 09시,수요일,대구광역시 동구 입석동,경상사고,0,0,2,0,차대차 - 측면충돌,교차로운행방법위반,건조,맑음,교차로 - 교차로부근,승용,남,55세,기타불명,승용,남,28세,경상
2021022400100102,2021년 2월 24일 09시,수요일,대구광역시 북구 태전동,경상사고,0,0,1,0,차대사람 - 횡단중,안전운전불이행,건조,맑음,단일로 - 지하차도(도로)내,승용,여,28세,기타불명,보행자,여,53세,경상
2021022400100122,2021년 2월 24일 10시,수요일,대구광역시 달서구 대천동,부상신고사고,0,0,0,1,차대차 - 기타,안전운전불이행,건조,맑음,교차로 - 교차로안,원동기,남,33세,부상신고,화물,남,55세,상해없음
2021022400100144,2021년 2월 24일 11시,수요일,대구광역시 수성구 범어동,경상사고,0,0,1,0,차대차 - 측면충돌,안전운전불이행,건조,맑음,교차로 - 교차로안,승용,남,72세,상해없음,이륜,남,36세,경상
2021022400100171,2021년 2월 24일 12시,수요일,대구광역시 동구 용계동,경상사고,0,0,1,0,차대차 - 추돌,안전운전불이행,건조,맑음,교차로 - 교차로안,자전거,여,67세,경상,승용,남,62세,상해없음
2021022400100172,2021년 2월 24일 12시,수요일,대구광역시 달서구 상인동,중상사고,0,1,0,0,차대차 - 기타,안전운전불이행,건조,맑음,단일로 - 기타,승용,남,37세,상해없음,이륜,남,24세,중상
2021022400100173,2021년 2월 24일 12시,수요일,대구광역시 중구 남산동,중상사고,0,4,2,1,차대차 - 측면충돌,안전거리미확보,건조,맑음,단일로 - 기타,화물,남,33세,상해없음,승용,남,27세,중상
2021022400100174,2021년 2월 24일 12시,수요일,대구광역시 달서구 호산동,부상신고사고,0,0,0,1,차대차 - 기타,중앙선침범,건조,맑음,단일로 - 기타,자전거,남,49세,부상신고,이륜,남,35세,상해없음
2021022400100205,2021년 2월 24일 13시,수요일,대구광역시 동구 용수동,경상사고,0,0,2,0,차대차 - 측면충돌,중앙선침범,건조,맑음,교차로 - 교차로안,승용,여,61세,상해없음,승용,남,30세,경상
2021022400100206,2021년 2월 24일 13시,수요일,대구광역시 북구 산격동,경상사고,0,0,1,0,차대사람 - 차도통행중,안전운전불이행,건조,맑음,교차로 - 교차로안,승용,남,32세,상해없음,보행자,여,57세,경상
2021022400100240,2021년 2월 24일 14시,수요일,대구광역시 동구 신서동,중상사고,0,1,0,0,차대차 - 측면충돌,교차로운행방법위반,건조,맑음,교차로 - 교차로안,승용,여,46세,상해없음,승용,여,29세,중상
2021022400100241,2021년 2월 24일 14시,수요일,대구광역시 동구 신암동,중상사고,0,1,3,0,차대차 - 측면충돌,안전거리미확보,건조,맑음,단일로 - 기타,승용,남,84세,기타불명,승용,남,26세,경상
2021022400100242,2021년 2월 24일 14시,수요일,대구광역시 달성군 가창면,중상사고,0,2,0,0,차대차 - 기타,안전운전불이행,건조,맑음,교차로 - 교차로부근,승용,여,27세,상해없음,승용,남,42세,중상
2021022400100243,2021년 2월 24일 14시,수요일,대구광역시 달서구 감삼동,경상사고,0,0,2,0,차대차 - 측면충돌,안전운전불이행,건조,맑음,단일로 - 기타,승용,남,59세,상해없음,승용,여,54세,경상
2021022400100277,2021년 2월 24일 15시,수요일,대구광역시 남구 봉덕동,경상사고,0,0,1,0,차대사람 - 차도통행중,보행자보호의무위반,건조,맑음,교차로 - 교차로안,승용,남,76세,상해없음,보행자,여,23세,경상
2021022400100278,2021년 2월 24일 15시,수요일,대구광역시 동구 신암동,경상사고,0,0,1,1,차대차 - 측면충돌,안전운전불이행,건조,맑음,교차로 - 교차로안,이륜,남,16세,부상신고,승용,남,37세,상해없음
2021022400100279,2021년 2월 24일 15시,수요일,대구광역시 달서구 송현동,경상사고,0,0,1,0,차대차 - 기타,안전운전불이행,건조,맑음,교차로 - 교차로부근,승용,여,58세,상해없음,이륜,남,31세,경상
2021022400100280,2021년 2월 24일 15시,수요일,대구광역시 달서구 대천동,경상사고,0,0,4,0,차대차 - 측면충돌,교차로운행방법위반,건조,맑음,교차로 - 교차로부근,승용,남,68세,상해없음,승용,남,19세,경상
2021022400100281,2021년 2월 24일 15시,수요일,대구광역시 서구 이현동,경상사고,0,0,4,0,차대차 - 측면충돌,안전운전불이행,건조,맑음,교차로 - 교차로부근,승용,남,71세,상해없음,화물,남,62세,상해없음
2021022400100307,2021년 2월 24일 16시,수요일,대구광역시 북구 칠성동2가,중상사고,0,1,0,0,차대사람 - 차도통행중,신호위반,건조,맑음,교차로 - 교차로안,승용,여,41세,상해없음,보행자,남,77세,중상
2021022400100339,2021년 2월 24일 17시,수요일,대구광역시 북구 노원동3가,중상사고,0,1,0,0,차대차 - 추돌,차로위반,건조,맑음,단일로 - 기타,이륜,여,50세,중상,이륜,남,35세,상해없음
2021022400100340,2021년 2월 24일 17시,수요일,대구광역시 북구 동호동,중상사고,0,1,0,0,차대차 - 측면충돌,중앙선침범,건조,맑음,단일로 - 교량,승용,여,56세,상해없음,승합,남,61세,상해없음
2021022400100380,2021년 2월 24일 18시,수요일,대구광역시 동구 동호동,경상사고,0,0,1,0,차대차 - 기타,직진우회전진행방해,건조,맑음,교차로 - 교차로안,승용,남,61세,상해없음,승합,남,63세,상해없음
2021022400100382,2021년 2월 24일 18시,수요일,대구광역시 북구 구암동,경상사고,0,0,1,0,차대차 - 추돌,차로위반,건조,맑음,교차로 - 교차로부근,이륜,남,24세,기타불명,승용,여,26세,경상
2021022400100424,2021년 2월 24일 19시,수요일,대구광역시 동구 신암동,경상사고,0,0,1,0,차대차 - 측면충돌,안전운전불이행,건조,맑음,교차로 - 교차로부근,승용,여,29세,상해없음,승용,남,28세,경상
2021022400100425,2021년 2월 24일 19시,수요일,대구광역시 달서구 월성동,경상사고,0,0,2,0,차대차 - 측면충돌,교차로운행방법위반,건조,맑음,단일로 - 기타,승용,남,25세,경상,승용,남,40세,경상
2021022400100449,2021년 2월 24일 20시,수요일,대구광역시 동구 신서동,중상사고,0,1,0,0,차대차 - 측면충돌,안전운전불이행,건조,맑음,교차로 - 교차로안,승용,남,31세,상해없음,자전거,남,74세,중상
2021022400100450,2021년 2월 24일 20시,수요일,대구광역시 달서구 호림동,중상사고,0,1,0,0,차대차 - 기타,안전운전불이행,건조,흐림,단일로 - 기타,승용,남,40세,상해없음,이륜,남,65세,중상
2021022400100451,2021년 2월 24일 20시,수요일,대구광역시 북구 사수동,경상사고,0,0,2,0,차대차 - 측면충돌,기타,건조,맑음,단일로 - 교량,승용,남,25세,경상,화물,남,40세,경상
2021022400100506,2021년 2월 24일 22시,수요일,대구광역시 남구 대명동,경상사고,0,0,1,0,차대사람 - 보도통행중,안전운전불이행,건조,맑음,단일로 - 기타,승용,남,43세,상해없음,보행자,남,62세,경상
2021022400100507,2021년 2월 24일 22시,수요일,대구광역시 동구 불로동,경상사고,0,0,1,0,차량단독 - 기타,안전운전불이행,건조,맑음,단일로 - 기타,승용,남,52세,상해없음,,,,
2021022400100527,2021년 2월 24일 23시,수요일,대구광역시 수성구 두산동,경상사고,0,0,1,0,차대차 - 추돌,교차로운행방법위반,건조,맑음,교차로 - 교차로안,승용,여,60세,상해없음,이륜,남,42세,경상
2021022400100528,2021년 2월 24일 23시,수요일,대구광역시 달서구 진천동,경상사고,0,0,1,0,차대차 - 측면충돌,안전운전불이행,건조,맑음,단일로 - 기타,승용,남,38세,상해없음,승용,남,53세,경상
2021022500100010,2021년 2월 25일 00시,목요일,대구광역시 달서구 용산동,부상신고사고,0,0,0,1,차대차 - 추돌,안전운전불이행,건조,맑음,단일로 - 기타,이륜,남,16세,부상신고,승합,남,68세,기타불명
2021022500100031,2021년 2월 25일 03시,목요일,대구광역시 달서구 죽전동,경상사고,0,0,3,0,차대차 - 추돌,안전운전불이행,건조,맑음,교차로 - 교차로부근,승용,남,24세,상해없음,승용,남,60세,경상
2021022500100071,2021년 2월 25일 07시,목요일,대구광역시 수성구 만촌동,중상사고,0,1,0,0,차대차 - 추돌,중앙선침범,건조,맑음,단일로 - 기타,승용,남,68세,기타불명,승용,여,64세,중상
2021022500100072,2021년 2월 25일 07시,목요일,대구광역시 서구 평리동,경상사고,0,0,1,0,차대차 - 측면충돌,안전운전불이행,건조,맑음,단일로 - 기타,승용,남,36세,상해없음,승용,남,47세,경상
2021022500100073,2021년 2월 25일 07시,목요일,대구광역시 달서구 용산동,경상사고,0,0,1,1,차대차 - 추돌,안전거리미확보,건조,맑음,단일로 - 기타,승용,여,59세,부상신고,승용,여,48세,경상
2021022500100096,2021년 2월 25일 08시,목요일,대구광역시 수성구 범어동,경상사고,0,0,1,0,차대사람 - 차도통행중,안전운전불이행,건조,맑음,단일로 - 기타,승용,여,36세,상해없음,보행자,남,42세,경상
2021022500100097,2021년 2월 25일 08시,목요일,대구광역시 달서구 상인동,경상사고,0,0,1,0,차대차 - 기타,안전거리미확보,건조,맑음,단일로 - 기타,승용,여,56세,상해없음,화물,남,62세,상해없음
2021022500100098,2021년 2월 25일 08시,목요일,대구광역시 서구 내당동,중상사고,0,1,0,0,차대사람 - 차도통행중,안전운전불이행,건조,맑음,단일로 - 기타,승용,여,49세,상해없음,보행자,여,69세,중상
2021022500100123,2021년 2월 25일 10시,목요일,대구광역시 수성구 중동,경상사고,0,0,2,0,차대차 - 추돌,안전운전불이행,건조,맑음,단일로 - 기타,승용,남,53세,상해없음,승용,남,41세,경상
2021022500100124,2021년 2월 25일 10시,목요일,대구광역시 중구 삼덕동2가,부상신고사고,0,0,0,1,차대차 - 측면충돌,직진우회전진행방해,건조,맑음,교차로 - 교차로안,승용,남,56세,기타불명,승용,남,20세,부상신고
2021022500100159,2021년 2월 25일 12시,목요일,대구광역시 남구 봉덕동,경상사고,0,0,1,0,차대차 - 측면충돌,안전운전불이행,건조,맑음,교차로 - 교차로안,화물,남,66세,상해없음,이륜,남,43세,경상
2021022500100160,2021년 2월 25일 12시,목요일,대구광역시 달서구 용산동,중상사고,0,1,0,0,차대차 - 측면충돌,안전운전불이행,건조,맑음,교차로 - 교차로부근,화물,남,20세,상해없음,이륜,남,23세,중상
2021022500100196,2021년 2월 25일 13시,목요일,대구광역시 서구 내당동,경상사고,0,0,1,0,차대차 - 후진중충돌,안전운전불이행,건조,맑음,교차로 - 교차로부근,승용,남,70세,상해없음,이륜,남,34세,경상
2021022500100231,2021년 2월 25일 14시,목요일,대구광역시 달서구 신당동,경상사고,0,0,1,0,차대차 - 추돌,안전거리미확보,건조,맑음,단일로 - 기타,승용,여,31세,기타불명,이륜,남,25세,경상
2021022500100258,2021년 2월 25일 15시,목요일,대구광역시 수성구 범어동,경상사고,0,0,1,1,차대차 - 측면충돌,안전운전불이행,건조,맑음,단일로 - 기타,승용,남,66세,상해없음,승용,여,32세,경상
2021022500100259,2021년 2월 25일 15시,목요일,대구광역시 달서구 도원동,경상사고,0,0,1,0,차대차 - 추돌,안전거리미확보,건조,맑음,교차로 - 교차로횡단보도내,승용,남,60세,상해없음,승용,여,64세,경상
2021022500100260,2021년 2월 25일 15시,목요일,대구광역시 달서구 송현동,경상사고,0,0,2,0,차대차 - 측면충돌,안전운전불이행,건조,맑음,단일로 - 기타,승용,여,38세,경상,승용,여,44세,경상
2021022500100261,2021년 2월 25일 15시,목요일,대구광역시 달성군 옥포읍,경상사고,0,0,1,0,차대차 - 기타,안전운전불이행,건조,맑음,주차장 - 주차장,승용,여,50세,상해없음,승합,남,50세,상해없음
2021022500100262,2021년 2월 25일 15시,목요일,대구광역시 북구 침산동,경상사고,0,0,1,0,차대차 - 측면충돌,교차로운행방법위반,건조,맑음,교차로 - 교차로안,승용,남,65세,상해없음,승용,여,50세,경상
2021022500100263,2021년 2월 25일 15시,목요일,대구광역시 서구 내당동,경상사고,0,0,2,0,차대차 - 측면충돌,안전운전불이행,건조,맑음,교차로 - 교차로부근,승용,남,24세,상해없음,승용,여,44세,경상
2021022500100264,2021년 2월 25일 15시,목요일,대구광역시 북구 태전동,중상사고,0,1,0,0,차대사람 - 횡단중,보행자보호의무위반,건조,맑음,교차로 - 교차로횡단보도내,승용,남,77세,상해없음,보행자,여,71세,중상
2021022500100289,2021년 2월 25일 16시,목요일,대구광역시 수성구 지산동,경상사고,0,0,1,0,차량단독 - 기타,기타,건조,맑음,단일로 - 기타,승합,남,55세,상해없음,,,,
2021022500100290,2021년 2월 25일 16시,목요일,대구광역시 달서구 월성동,경상사고,0,0,2,0,차대차 - 측면충돌,기타,젖음/습기,비,교차로 - 교차로안,승용,남,47세,경상,승용,남,64세,경상
2021022500100326,2021년 2월 25일 17시,목요일,대구광역시 수성구 만촌동,경상사고,0,0,1,0,차량단독 - 기타,기타,젖음/습기,비,단일로 - 기타,승합,남,48세,상해없음,,,,
2021022500100327,2021년 2월 25일 17시,목요일,대구광역시 수성구 범어동,경상사고,0,0,1,0,차대차 - 측면충돌,기타,젖음/습기,비,교차로 - 교차로안,승용,남,36세,상해없음,승용,여,58세,경상
2021022500100328,2021년 2월 25일 17시,목요일,대구광역시 수성구 황금동,경상사고,0,0,1,0,차대차 - 측면충돌,안전거리미확보,건조,맑음,단일로 - 기타,승용,여,24세,상해없음,승용,여,28세,경상
2021022500100329,2021년 2월 25일 17시,목요일,대구광역시 북구 구암동,경상사고,0,0,1,1,차대차 - 측면충돌,안전운전불이행,건조,맑음,단일로 - 기타,원동기,남,17세,부상신고,승용,여,64세,경상
2021022500100373,2021년 2월 25일 18시,목요일,대구광역시 동구 검사동,중상사고,0,1,0,0,차대차 - 측면충돌,안전거리미확보,젖음/습기,비,교차로 - 교차로부근,승용,남,60세,상해없음,화물,남,58세,중상
2021022500100374,2021년 2월 25일 18시,목요일,대구광역시 동구 용계동,경상사고,0,0,1,0,차대차 - 측면충돌,신호위반,젖음/습기,비,교차로 - 교차로안,승용,남,30세,상해없음,화물,남,28세,경상
2021022500100375,2021년 2월 25일 18시,목요일,대구광역시 동구 지묘동,경상사고,0,0,1,0,차대차 - 기타,안전운전불이행,젖음/습기,비,교차로 - 교차로안,승용,여,59세,상해없음,승용,여,50세,경상
2021022500100376,2021년 2월 25일 18시,목요일,대구광역시 북구 산격동,부상신고사고,0,0,0,1,차대차 - 측면충돌,안전운전불이행,젖음/습기,비,교차로 - 교차로안,승용,여,31세,상해없음,이륜,남,21세,부상신고
2021022500100377,2021년 2월 25일 18시,목요일,대구광역시 중구 수창동,경상사고,0,0,1,0,차대차 - 측면충돌,안전거리미확보,젖음/습기,비,단일로 - 기타,승용,여,56세,상해없음,승용,남,69세,상해없음
2021022500100421,2021년 2월 25일 19시,목요일,대구광역시 달서구 송현동,경상사고,0,0,1,0,차대사람 - 횡단중,보행자보호의무위반,젖음/습기,비,교차로 - 교차로안,승합,남,59세,상해없음,보행자,남,29세,경상
2021022500100422,2021년 2월 25일 19시,목요일,대구광역시 북구 복현동,경상사고,0,0,1,0,차대차 - 기타,안전거리미확보,젖음/습기,비,단일로 - 기타,승용,여,62세,상해없음,승합,남,29세,상해없음
2021022500100453,2021년 2월 25일 20시,목요일,대구광역시 남구 대명동,중상사고,0,1,0,0,차대차 - 기타,안전운전불이행,젖음/습기,비,단일로 - 기타,승용,여,26세,기타불명,이륜,남,31세,중상
2021022500100454,2021년 2월 25일 20시,목요일,대구광역시 동구 신천동,경상사고,0,0,1,0,차대차 - 기타,안전운전불이행,건조,맑음,단일로 - 기타,승용,남,29세,상해없음,원동기,남,52세,경상
2021022500100455,2021년 2월 25일 20시,목요일,대구광역시 북구 침산동,경상사고,0,0,1,0,차대차 - 후진중충돌,안전운전불이행,젖음/습기,비,교차로 - 교차로안,승용,여,38세,상해없음,승용,여,25세,경상
2021022500100484,2021년 2월 25일 21시,목요일,대구광역시 수성구 범어동,경상사고,0,0,2,0,차대차 - 추돌,안전운전불이행,젖음/습기,비,교차로 - 교차로부근,이륜,남,26세,경상,이륜,남,37세,경상
2021022500100508,2021년 2월 25일 22시,목요일,대구광역시 수성구 황금동,경상사고,0,0,1,1,차대차 - 측면충돌,신호위반,젖음/습기,비,단일로 - 기타,승용,남,23세,부상신고,승용,남,57세,경상
2021022600100066,2021년 2월 26일 07시,금요일,대구광역시 중구 대신동,중상사고,0,1,0,0,차대사람 - 횡단중,보행자보호의무위반,건조,맑음,단일로 - 기타,승용,여,58세,상해없음,보행자,남,71세,중상
2021022600100067,2021년 2월 26일 07시,금요일,대구광역시 북구 국우동,경상사고,0,0,1,0,차대차 - 측면충돌,안전운전불이행,젖음/습기,흐림,교차로 - 교차로부근,승용,남,28세,기타불명,승용,남,52세,경상
2021022600100068,2021년 2월 26일 07시,금요일,대구광역시 북구 팔달동,중상사고,0,1,0,0,차대차 - 측면충돌,안전거리미확보,건조,맑음,단일로 - 고가도로위,화물,남,76세,상해없음,이륜,남,28세,중상
2021022600100091,2021년 2월 26일 08시,금요일,대구광역시 동구 용계동,경상사고,0,0,1,0,차대차 - 측면충돌,신호위반,건조,맑음,교차로 - 교차로횡단보도내,승용,남,60세,상해없음,자전거,남,26세,경상