사고번호,사고일시,요일,시군구,사고내용,사망자수,중상자수,경상자수,부상신고자수,사고유형,법규위반,노면상태,기상상태,도로형태,가해운전자 차종,가해운전자 성별,가해운전자 연령,가해운전자 상해정도,피해운전자 차종,피해운전자 성별,피해운전자 연령,피해운전자 상해정도
2021022600100092,2021년 2월 26일 08시,금요일,대구광역시 수성구 만촌동,경상사고,0,0,1,0,차대차 - 측면충돌,차로위반,건조,맑음,단일로 - 기타,승용,여,52세,상해없음,승용,남,63세,경상
2021022600100121,2021년 2월 26일 09시,금요일,대구광역시 수성구 수성동3가,중상사고,0,1,0,0,차대사람 - 기타,안전운전불이행,건조,맑음,단일로 - 기타,화물,남,66세,상해없음,보행자,남,38세,중상
2021022600100122,2021년 2월 26일 09시,금요일,대구광역시 달서구 월성동,경상사고,0,0,1,0,차대차 - 추돌,안전거리미확보,건조,맑음,단일로 - 기타,승용,여,65세,상해없음,승용,여,43세,경상
2021022600100123,2021년 2월 26일 09시,금요일,대구광역시 북구 읍내동,중상사고,0,1,0,0,차량단독 - 공작물충돌,안전운전불이행,건조,맑음,단일로 - 고가도로위,승합,남,42세,상해없음,,,,
2021022600100146,2021년 2월 26일 10시,금요일,대구광역시 남구 대명동,경상사고,0,0,1,0,차대차 - 추돌,안전운전불이행,건조,맑음,교차로 - 교차로부근,승용,여,45세,상해없음,승용,남,64세,경상
2021022600100147,2021년 2월 26일 10시,금요일,대구광역시 동구 신서동,경상사고,0,0,1,1,차대차 - 측면충돌,신호위반,건조,맑음,교차로 - 교차로안,승용,남,67세,부상신고,승용,여,31세,경상
2021022600100148,2021년 2월 26일 10시,금요일,대구광역시 북구 칠성동2가,경상사고,0,0,1,0,차대사람 - 횡단중,보행자보호의무위반,건조,맑음,교차로 - 교차로안,화물,남,65세,상해없음,보행자,남,54세,경상
2021022600100182,2021년 2월 26일 11시,금요일,대구광역시 동구 서호동,중상사고,0,1,0,0,차대사람 - 차도통행중,안전운전불이행,건조,맑음,단일로 - 기타,승용,남,53세,상해없음,보행자,여,79세,중상
2021022600100183,2021년 2월 26일 11시,금요일,대구광역시 수성구 만촌동,경상사고,0,0,1,0,차대차 - 추돌,안전운전불이행,건조,맑음,교차로 - 교차로부근,승용,여,62세,상해없음,승용,여,54세,경상
2021022600100184,2021년 2월 26일 11시,금요일,대구광역시 달서구 성당동,경상사고,0,0,2,0,차대차 - 기타,안전거리미확보,건조,맑음,교차로 - 교차로안,승용,여,41세,상해없음,승합,남,59세,상해없음
2021022600100250,2021년 2월 26일 13시,금요일,대구광역시 동구 율하동,경상사고,0,0,1,0,차대차 - 측면충돌,교차로운행방법위반,건조,맑음,교차로 - 교차로안,승용,남,36세,상해없음,자전거,남,79세,경상
2021022600100251,2021년 2월 26일 13시,금요일,대구광역시 수성구 범어동,중상사고,0,1,0,0,차대차 - 기타,안전운전불이행,건조,맑음,기타 - 기타,승용,남,65세,상해없음,자전거,남,12세,중상
2021022600100289,2021년 2월 26일 14시,금요일,대구광역시 동구 신암동,경상사고,0,0,1,0,차대사람 - 기타,안전운전불이행,건조,맑음,기타 - 기타,자전거,남,65세,상해없음,보행자,여,30세,경상
2021022600100290,2021년 2월 26일 14시,금요일,대구광역시 북구 검단동,경상사고,0,0,1,0,차대차 - 측면충돌,안전운전불이행,건조,맑음,단일로 - 기타,승용,여,37세,상해없음,승용,남,40세,경상
2021022600100291,2021년 2월 26일 14시,금요일,대구광역시 달서구 감삼동,경상사고,0,0,1,0,차대차 - 측면충돌,안전운전불이행,건조,맑음,기타 - 기타,승용,여,39세,상해없음,이륜,여,59세,경상
2021022600100328,2021년 2월 26일 15시,금요일,대구광역시 달성군 현풍읍,경상사고,0,0,1,0,차대사람 - 기타,안전운전불이행,건조,맑음,기타 - 기타,승용,여,43세,상해없음,보행자,여,34세,경상
2021022600100360,2021년 2월 26일 16시,금요일,대구광역시 동구 지저동,경상사고,0,0,1,0,차대차 - 기타,안전운전불이행,건조,맑음,단일로 - 기타,승용,여,64세,상해없음,승합,남,42세,경상
2021022600100361,2021년 2월 26일 16시,금요일,대구광역시 서구 평리동,중상사고,0,1,1,0,차대차 - 기타,안전운전불이행,건조,맑음,교차로 - 교차로안,승용,여,33세,상해없음,승용,여,62세,중상
2021022600100396,2021년 2월 26일 17시,금요일,대구광역시 수성구 황금동,경상사고,0,0,1,0,차대차 - 추돌,안전거리미확보,건조,맑음,교차로 - 교차로부근,화물,남,35세,기타불명,승용,여,53세,경상
2021022600100397,2021년 2월 26일 17시,금요일,대구광역시 수성구 매호동,중상사고,0,1,0,0,차대사람 - 차도통행중,안전운전불이행,건조,맑음,단일로 - 기타,승용,남,71세,기타불명,보행자,남,56세,중상
2021022600100449,2021년 2월 26일 18시,금요일,대구광역시 달성군 구지면,경상사고,0,0,1,0,차대차 - 측면충돌,교차로운행방법위반,건조,맑음,교차로 - 교차로안,승용,여,44세,상해없음,이륜,남,36세,경상
2021022600100500,2021년 2월 26일 19시,금요일,대구광역시 남구 대명동,부상신고사고,0,0,0,1,차대사람 - 횡단중,안전운전불이행,건조,맑음,단일로 - 기타,기타불명,기타불명,미분류,기타불명,보행자,남,55세,부상신고
2021022600100501,2021년 2월 26일 19시,금요일,대구광역시 동구 용계동,경상사고,0,0,1,0,차대차 - 측면충돌,안전거리미확보,건조,맑음,교차로 - 교차로안,승용,남,26세,상해없음,승용,남,63세,상해없음
2021022600100502,2021년 2월 26일 19시,금요일,대구광역시 달성군 다사읍,경상사고,0,0,1,0,차대차 - 기타,신호위반,건조,맑음,교차로 - 교차로안,이륜,남,51세,상해없음,승용,남,30세,경상
2021022600100503,2021년 2월 26일 19시,금요일,대구광역시 북구 국우동,중상사고,0,1,0,0,차대차 - 측면충돌,신호위반,건조,맑음,교차로 - 교차로안,이륜,남,36세,중상,화물,남,26세,상해없음
2021022600100540,2021년 2월 26일 20시,금요일,대구광역시 수성구 신매동,경상사고,0,0,1,0,차대사람 - 기타,안전운전불이행,건조,맑음,단일로 - 기타,승합,남,24세,상해없음,보행자,여,55세,경상
2021022600100568,2021년 2월 26일 21시,금요일,대구광역시 달서구 신당동,중상사고,0,1,0,0,차대사람 - 기타,안전운전불이행,건조,흐림,단일로 - 기타,승용,여,60세,상해없음,보행자,여,71세,중상
2021022600100569,2021년 2월 26일 21시,금요일,대구광역시 북구 동천동,경상사고,0,0,2,0,차대차 - 측면충돌,교차로운행방법위반,건조,맑음,교차로 - 교차로안,승용,남,54세,상해없음,승용,남,30세,경상
2021022600100600,2021년 2월 26일 22시,금요일,대구광역시 동구 봉무동,중상사고,0,3,0,0,차대차 - 추돌,안전운전불이행,건조,맑음,단일로 - 기타,승용,남,53세,상해없음,승용,남,60세,중상
2021022700100004,2021년 2월 27일 00시,토요일,대구광역시 달서구 두류동,경상사고,0,0,1,0,차대차 - 추돌,안전운전불이행,건조,맑음,교차로 - 교차로부근,승용,남,27세,상해없음,승용,남,60세,경상
2021022700100015,2021년 2월 27일 02시,토요일,대구광역시 달서구 신당동,중상사고,0,1,2,0,차대차 - 측면충돌,교차로운행방법위반,건조,맑음,교차로 - 교차로안,승용,남,66세,경상,승용,남,47세,경상
2021022700100044,2021년 2월 27일 06시,토요일,대구광역시 서구 비산동,중상사고,0,1,0,0,차대사람 - 횡단중,안전운전불이행,건조,맑음,단일로 - 기타,승용,남,71세,상해없음,보행자,남,26세,중상
2021022700100045,2021년 2월 27일 06시,토요일,대구광역시 서구 평리동,경상사고,0,0,1,0,차대차 - 측면충돌,안전운전불이행,건조,맑음,단일로 - 기타,승용,남,66세,상해없음,화물,남,66세,경상
2021022700100055,2021년 2월 27일 07시,토요일,대구광역시 북구 침산동,경상사고,0,0,1,0,차대차 - 기타,안전거리미확보,건조,맑음,교차로 - 교차로부근,기타불명,기타불명,미분류,기타불명,승용,남,44세,경상
2021022700100067,2021년 2월 27일 08시,토요일,대구광역시 수성구 매호동,중상사고,0,1,0,0,차대차 - 추돌,안전운전불이행,건조,맑음,단일로 - 기타,승용,여,43세,상해없음,자전거,여,64세,중상
2021022700100068,2021년 2월 27일 08시,토요일,대구광역시 수성구 만촌동,경상사고,0,0,1,0,차대차 - 측면충돌,안전운전불이행,건조,맑음,기타 - 기타,승용,남,35세,기타불명,승용,남,36세,경상
2021022700100110,2021년 2월 27일 10시,토요일,대구광역시 중구 동인동1가,중상사고,0,1,1,0,차대차 - 측면충돌,신호위반,건조,맑음,교차로 - 교차로안,이륜,남,27세,중상,화물,남,52세,경상
2021022700100111,2021년 2월 27일 10시,토요일,대구광역시 달서구 이곡동,경상사고,0,0,1,0,차대차 - 기타,안전운전불이행,건조,맑음,단일로 - 기타,승용,남,66세,상해없음,승용,여,62세,경상
2021022700100145,2021년 2월 27일 11시,토요일,대구광역시 북구 구암동,경상사고,0,0,2,0,차대차 - 측면충돌,안전거리미확보,건조,맑음,교차로 - 교차로부근,이륜,남,18세,기타불명,승용,남,38세,경상
2021022700100176,2021년 2월 27일 12시,토요일,대구광역시 서구 평리동,경상사고,0,0,1,0,차대차 - 측면충돌,안전거리미확보,건조,흐림,교차로 - 교차로부근,승용,여,64세,상해없음,승용,남,41세,경상
2021022700100177,2021년 2월 27일 12시,토요일,대구광역시 달서구 본리동,중상사고,0,1,0,0,차대차 - 정면충돌,안전운전불이행,건조,맑음,단일로 - 기타,승용,남,20세,상해없음,승용,여,50세,중상
2021022700100178,2021년 2월 27일 12시,토요일,대구광역시 북구 읍내동,경상사고,0,0,2,0,차대차 - 측면충돌,안전운전불이행,건조,맑음,교차로 - 교차로안,승용,여,55세,경상,승용,남,61세,경상
2021022700100224,2021년 2월 27일 13시,토요일,대구광역시 동구 신암동,부상신고사고,0,0,0,1,차대차 - 기타,안전거리미확보,건조,맑음,교차로 - 교차로안,승용,여,40세,상해없음,승용,남,71세,부상신고
2021022700100271,2021년 2월 27일 14시,토요일,대구광역시 북구 관음동,경상사고,0,0,1,0,차대사람 - 기타,안전운전불이행,건조,맑음,단일로 - 기타,승용,남,79세,상해없음,보행자,여,75세,경상
2021022700100305,2021년 2월 27일 15시,토요일,대구광역시 달서구 송현동,경상사고,0,0,2,0,차대차 - 후진중충돌,안전운전불이행,건조,맑음,단일로 - 기타,승용,남,25세,상해없음,승용,여,28세,경상
2021022700100342,2021년 2월 27일 16시,토요일,대구광역시 남구 봉덕동,경상사고,0,0,2,0,차대차 - 측면충돌,안전거리미확보,건조,맑음,단일로 - 기타,승용,여,56세,상해없음,승용,남,30세,경상
2021022700100343,2021년 2월 27일 16시,토요일,대구광역시 달성군 논공읍,중상사고,0,1,3,0,차대차 - 기타,차로위반,건조,맑음,단일로 - 기타,화물,남,58세,상해없음,승용,남,21세,경상
2021022700100364,2021년 2월 27일 17시,토요일,대구광역시 수성구 만촌동,경상사고,0,0,1,0,차대차 - 측면충돌,안전운전불이행,건조,맑음,기타 - 기타,승용,여,28세,상해없음,자전거,여,8세,경상
2021022700100365,2021년 2월 27일 17시,토요일,대구광역시 달성군 현풍읍,중상사고,0,1,0,0,차대차 - 추돌,안전운전불이행,건조,맑음,교차로 - 교차로부근,승용,남,30세,상해없음,이륜,여,59세,중상
2021022700100366,2021년 2월 27일 17시,토요일,대구광역시 북구 침산동,부상신고사고,0,0,0,1,차대차 - 측면충돌,안전거리미확보,건조,맑음,단일로 - 기타,이륜,남,60세,부상신고,승용,여,33세,상해없음
2021022700100367,2021년 2월 27일 17시,토요일,대구광역시 달서구 호산동,경상사고,0,0,1,0,차대차 - 기타,중앙선침범,건조,맑음,단일로 - 기타,이륜,남,16세,상해없음,이륜,남,25세,경상
2021022700100404,2021년 2월 27일 18시,토요일,대구광역시 동구 효목동,중상사고,0,1,0,0,차대사람 - 횡단중,안전운전불이행,건조,맑음,단일로 - 기타,승용,남,61세,상해없음,보행자,여,53세,중상
2021022700100405,2021년 2월 27일 18시,토요일,대구광역시 동구 신천동,경상사고,0,0,1,0,차대차 - 측면충돌,교차로운행방법위반,건조,맑음,교차로 - 교차로부근,화물,남,58세,상해없음,승용,남,29세,경상
2021022700100406,2021년 2월 27일 18시,토요일,대구광역시 달성군 유가읍,경상사고,0,0,1,0,차대차 - 측면충돌,안전운전불이행,건조,맑음,단일로 - 기타,승용,여,32세,상해없음,승용,남,36세,경상
2021022700100407,2021년 2월 27일 18시,토요일,대구광역시 북구 칠성동2가,부상신고사고,0,0,0,2,차대차 - 측면충돌,신호위반,건조,맑음,단일로 - 지하차도(도로)내,승용,남,22세,상해없음,승용,남,30세,부상신고
2021022700100408,2021년 2월 27일 18시,토요일,대구광역시 중구 삼덕동1가,경상사고,0,0,1,0,차대차 - 기타,안전운전불이행,건조,맑음,단일로 - 기타,이륜,남,40세,경상,승용,남,58세,상해없음
2021022700100409,2021년 2월 27일 18시,토요일,대구광역시 중구 북성로1가,부상신고사고,0,0,0,1,차대사람 - 보도통행중,안전운전불이행,건조,맑음,단일로 - 기타,기타불명,기타불명,미분류,기타불명,보행자,남,60세,부상신고
2021022700100446,2021년 2월 27일 19시,토요일,대구광역시 달서구 호산동,경상사고,0,0,1,0,차대차 - 측면충돌,안전운전불이행,건조,맑음,교차로 - 교차로부근,승용,여,30세,상해없음,이륜,남,31세,경상
2021022700100476,2021년 2월 27일 20시,토요일,대구광역시 달성군 유가읍,경상사고,0,0,1,0,차대차 - 기타,신호위반,건조,맑음,교차로 - 교차로안,화물,남,69세,상해없음,승용,남,34세,경상
2021022700100504,2021년 2월 27일 21시,토요일,대구광역시 수성구 만촌동,경상사고,0,0,1,0,차대차 - 측면충돌,안전운전불이행,건조,맑음,교차로 - 교차로안,승용,여,52세,상해없음,승용,남,34세,경상
2021022700100546,2021년 2월 27일 23시,토요일,대구광역시 북구 구암동,경상사고,0,0,1,0,차대사람 - 보도통행중,안전운전불이행,건조,맑음,단일로 - 기타,승용,남,37세,상해없음,보행자,남,42세,경상
2021022800100031,2021년 2월 28일 03시,일요일,대구광역시 수성구 지산동,중상사고,0,1,1,0,차대차 - 측면충돌,안전거리미확보,건조,맑음,단일로 - 기타,이륜,남,23세,경상,이륜,남,29세,중상
2021022800100037,2021년 2월 28일 04시,일요일,대구광역시 중구 삼덕동1가,경상사고,0,0,3,0,차대차 - 추돌,안전운전불이행,건조,맑음,단일로 - 기타,승용,남,21세,상해없음,승용,남,54세,경상
2021022800100062,2021년 2월 28일 08시,일요일,대구광역시 동구 방촌동,부상신고사고,0,0,0,1,차대차 - 기타,안전거리미확보,건조,맑음,주차장 - 주차장,이륜,남,43세,부상신고,승용,남,43세,상해없음
2021022800100063,2021년 2월 28일 08시,일요일,대구광역시 수성구 시지동,부상신고사고,0,0,0,1,차대차 - 측면충돌,직진우회전진행방해,건조,맑음,교차로 - 교차로안,자전거,남,41세,부상신고,승용,남,50세,상해없음
2021022800100071,2021년 2월 28일 09시,일요일,대구광역시 달서구 감삼동,경상사고,0,0,1,0,차대차 - 기타,안전운전불이행,건조,맑음,단일로 - 기타,승용,남,21세,상해없음,개인형이동수단(PM),여,23세,경상
2021022800100109,2021년 2월 28일 11시,일요일,대구광역시 북구 노원동1가,중상사고,0,1,0,0,차대차 - 측면충돌,안전거리미확보,건조,맑음,교차로 - 교차로안,승용,남,54세,상해없음,이륜,남,59세,중상
2021022800100127,2021년 2월 28일 12시,일요일,대구광역시 달서구 송현동,중상사고,0,1,0,0,차대차 - 측면충돌,신호위반,건조,맑음,교차로 - 교차로안,승용,남,30세,상해없음,승용,여,59세,중상
2021022800100157,2021년 2월 28일 13시,일요일,대구광역시 동구 신천동,중상사고,0,1,0,0,차대차 - 정면충돌,신호위반,건조,맑음,교차로 - 교차로안,승용,남,34세,상해없음,이륜,남,44세,중상
2021022800100158,2021년 2월 28일 13시,일요일,대구광역시 수성구 황금동,경상사고,0,0,1,0,차대차 - 기타,안전운전불이행,건조,맑음,단일로 - 기타,승용,여,26세,상해없음,이륜,남,40세,경상
2021022800100188,2021년 2월 28일 14시,일요일,대구광역시 수성구 수성동2가,경상사고,0,0,1,0,차대차 - 추돌,안전운전불이행,건조,맑음,단일로 - 기타,이륜,남,33세,기타불명,승용,남,34세,경상
2021022800100189,2021년 2월 28일 14시,일요일,대구광역시 달서구 진천동,중상사고,0,1,3,0,차대차 - 측면충돌,교차로운행방법위반,건조,맑음,교차로 - 교차로안,원동기,남,49세,중상,승용,여,63세,경상
2021022800100213,2021년 2월 28일 15시,일요일,대구광역시 달서구 송현동,경상사고,0,0,1,0,차대차 - 정면충돌,교차로운행방법위반,건조,맑음,교차로 - 교차로안,화물,남,68세,상해없음,승용,남,39세,경상
2021022800100214,2021년 2월 28일 15시,일요일,대구광역시 북구 칠성동1가,중상사고,0,2,0,0,차대차 - 측면충돌,신호위반,젖음/습기,비,교차로 - 교차로안,승용,남,29세,상해없음,승용,남,56세,중상
2021022800100215,2021년 2월 28일 15시,일요일,대구광역시 서구 이현동,중상사고,0,3,2,0,차대차 - 추돌,안전운전불이행,건조,맑음,단일로 - 기타,승용,여,51세,상해없음,승용,남,48세,경상
2021022800100238,2021년 2월 28일 16시,일요일,대구광역시 달성군 다사읍,중상사고,0,1,0,0,차대차 - 기타,안전운전불이행,건조,맑음,교차로 - 교차로안,승용,여,49세,상해없음,자전거,여,64세,중상
2021022800100260,2021년 2월 28일 17시,일요일,대구광역시 달서구 상인동,경상사고,0,0,1,0,차대차 - 기타,안전운전불이행,젖음/습기,흐림,단일로 - 기타,승용,남,25세,상해없음,이륜,남,35세,경상
2021022800100261,2021년 2월 28일 17시,일요일,대구광역시 중구 덕산동,경상사고,0,0,1,0,차대차 - 측면충돌,안전운전불이행,젖음/습기,비,단일로 - 기타,승용,남,57세,상해없음,승용,여,52세,경상
2021022800100283,2021년 2월 28일 18시,일요일,대구광역시 서구 내당동,경상사고,0,0,2,0,차대차 - 측면충돌,안전거리미확보,젖음/습기,비,교차로 - 교차로안,승용,남,66세,상해없음,승용,남,68세,경상
2021022800100284,2021년 2월 28일 18시,일요일,대구광역시 중구 남일동,중상사고,0,2,5,1,차대사람 - 기타,신호위반,건조,맑음,단일로 - 기타,승용,남,73세,부상신고,보행자,여,27세,경상
2021022800100311,2021년 2월 28일 19시,일요일,대구광역시 남구 봉덕동,경상사고,0,0,2,0,차대차 - 추돌,안전운전불이행,젖음/습기,맑음,단일로 - 기타,승용,남,38세,상해없음,승용,남,32세,경상
2021022800100332,2021년 2월 28일 20시,일요일,대구광역시 동구 율하동,경상사고,0,0,1,0,차대차 - 측면충돌,안전운전불이행,건조,맑음,단일로 - 기타,승용,남,24세,상해없음,이륜,남,45세,경상
2021022800100333,2021년 2월 28일 20시,일요일,대구광역시 수성구 고모동,경상사고,0,0,2,0,차대차 - 추돌,안전운전불이행,젖음/습기,비,단일로 - 기타,승용,남,48세,상해없음,승용,남,25세,경상
2021022800100334,2021년 2월 28일 20시,일요일,대구광역시 달성군 다사읍,중상사고,0,1,0,0,차대차 - 측면충돌,신호위반,건조,맑음,교차로 - 교차로안,이륜,남,36세,상해없음,이륜,남,56세,중상
2021022800100335,2021년 2월 28일 20시,일요일,대구광역시 북구 대현동,중상사고,0,1,0,0,차대차 - 기타,안전운전불이행,젖음/습기,비,단일로 - 기타,이륜,남,22세,중상,승용,남,28세,상해없음
2021022800100355,2021년 2월 28일 21시,일요일,대구광역시 남구 대명동,경상사고,0,0,1,0,차대차 - 측면충돌,안전운전불이행,건조,맑음,교차로 - 교차로부근,승용,남,50세,상해없음,이륜,남,20세,경상
2021022800100356,2021년 2월 28일 21시,일요일,대구광역시 달성군 화원읍,경상사고,0,0,3,0,차대차 - 기타,안전운전불이행,젖음/습기,비,교차로 - 교차로안,승용,여,20세,상해없음,승용,여,48세,경상
2021022800100371,2021년 2월 28일 22시,일요일,대구광역시 수성구 만촌동,중상사고,0,1,2,0,차대차 - 추돌,안전운전불이행,젖음/습기,비,단일로 - 기타,승용,남,30세,상해없음,승용,남,44세,경상
2021022800100372,2021년 2월 28일 22시,일요일,대구광역시 북구 팔달동,중상사고,0,2,0,0,차대차 - 측면충돌,안전운전불이행,건조,맑음,단일로 - 기타,화물,남,26세,상해없음,승용,남,36세,중상
2021022800100396,2021년 2월 28일 23시,일요일,대구광역시 달서구 상인동,부상신고사고,0,0,0,1,차대차 - 측면충돌,안전운전불이행,건조,맑음,단일로 - 기타,원동기,남,20세,부상신고,승용,남,50세,기타불명
2021022800100397,2021년 2월 28일 23시,일요일,대구광역시 달서구 두류동,경상사고,0,0,1,0,차대차 - 기타,신호위반,젖음/습기,흐림,교차로 - 교차로부근,승용,남,49세,상해없음,이륜,남,19세,경상
2021030100100012,2021년 3월 1일 01시,월요일,대구광역시 달서구 본동,부상신고사고,0,0,0,2,차대사람 - 기타,안전운전불이행,건조,맑음,단일로 - 기타,기타불명,기타불명,미분류,기타불명,보행자,남,45세,부상신고
2021030100100025,2021년 3월 1일 03시,월요일,대구광역시 중구 남산동,중상사고,0,1,1,0,차대차 - 기타,신호위반,건조,맑음,교차로 - 교차로안,이륜,남,17세,경상,승용,남,21세,상해없음
2021030100100033,2021년 3월 1일 05시,월요일,대구광역시 서구 비산동,경상사고,0,0,1,0,차대차 - 추돌,안전운전불이행,젖음/습기,비,교차로 - 교차로부근,승용,남,52세,상해없음,승용,남,48세,경상
2021030100100034,2021년 3월 1일 05시,월요일,대구광역시 중구 동인동1가,중상사고,0,1,2,1,차대차 - 측면충돌,신호위반,건조,맑음,교차로 - 교차로안,승용,남,60세,상해없음,승용,남,68세,경상
2021030100100052,2021년 3월 1일 09시,월요일,대구광역시 북구 칠성동2가,경상사고,0,0,1,0,차대차 - 기타,안전운전불이행,젖음/습기,흐림,단일로 - 기타,승용,남,64세,상해없음,승용,여,61세,경상
2021030100100053,2021년 3월 1일 09시,월요일,대구광역시 달서구 장기동,경상사고,0,0,1,0,차대차 - 측면충돌,안전거리미확보,건조,맑음,단일로 - 기타,승용,여,28세,기타불명,승용,남,31세,경상
2021030100100068,2021년 3월 1일 10시,월요일,대구광역시 달서구 두류동,중상사고,0,1,0,0,차대차 - 기타,신호위반,젖음/습기,흐림,교차로 - 교차로안,승합,남,32세,상해없음,이륜,남,65세,중상
2021030100100099,2021년 3월 1일 12시,월요일,대구광역시 서구 상리동,중상사고,0,1,0,0,차대차 - 측면충돌,안전운전불이행,건조,맑음,단일로 - 기타,화물,남,61세,상해없음,승용,남,45세,중상
2021030100100101,2021년 3월 1일 12시,월요일,대구광역시 동구 신암동,경상사고,0,0,1,0,차대차 - 측면충돌,안전거리미확보,건조,맑음,단일로 - 기타,승용,남,57세,상해없음,승용,남,63세,경상
2021030100100102,2021년 3월 1일 12시,월요일,대구광역시 동구 지묘동,중상사고,0,1,0,0,차량단독 - 공작물충돌,안전운전불이행,젖음/습기,비,단일로 - 기타,승용,남,62세,중상,,,,
2021030100100103,2021년 3월 1일 12시,월요일,대구광역시 북구 태전동,경상사고,0,0,1,0,차대차 - 정면충돌,신호위반,젖음/습기,비,교차로 - 교차로안,이륜,남,17세,경상,승용,남,57세,상해없음
2021030100100122,2021년 3월 1일 13시,월요일,대구광역시 달성군 다사읍,경상사고,0,0,2,0,차대차 - 기타,안전운전불이행,젖음/습기,비,단일로 - 기타,승용,남,41세,경상,승용,남,44세,경상
2021030100100149,2021년 3월 1일 14시,월요일,대구광역시 중구 북성로1가,경상사고,0,0,1,0,차대차 - 측면충돌,안전운전불이행,젖음/습기,비,기타 - 기타,승용,남,61세,상해없음,이륜,남,48세,경상
2021030100100179,2021년 3월 1일 15시,월요일,대구광역시 동구 봉무동,경상사고,0,0,1,0,차대차 - 측면충돌,안전운전불이행,젖음/습기,비,단일로 - 기타,승용,남,55세,상해없음,승용,남,42세,경상
2021030100100180,2021년 3월 1일 15시,월요일,대구광역시 달성군 현풍읍,경상사고,0,0,1,0,차대차 - 기타,안전운전불이행,젖음/습기,비,단일로 - 기타,승용,남,63세,경상,승용,여,48세,상해없음
2021030100100181,2021년 3월 1일 15시,월요일,대구광역시 북구 고성동3가,경상사고,0,0,1,0,차대차 - 측면충돌,안전거리미확보,젖음/습기,비,단일로 - 기타,화물,남,58세,상해없음,승용,남,42세,경상
2021030100100182,2021년 3월 1일 15시,월요일,대구광역시 서구 내당동,중상사고,0,2,0,0,차대차 - 추돌,안전거리미확보,젖음/습기,비,교차로 - 교차로부근,승용,남,20세,상해없음,승용,남,68세,중상
2021030100100183,2021년 3월 1일 15시,월요일,대구광역시 서구 평리동,경상사고,0,0,1,0,차대차 - 기타,안전거리미확보,젖음/습기,비,교차로 - 교차로안,화물,남,57세,상해없음,이륜,남,52세,경상
2021030100100214,2021년 3월 1일 16시,월요일,대구광역시 수성구 범어동,경상사고,0,0,1,0,차대사람 - 기타,안전운전불이행,젖음/습기,비,기타 - 기타,화물,남,54세,상해없음,보행자,남,45세,경상
2021030100100215,2021년 3월 1일 16시,월요일,대구광역시 수성구 두산동,경상사고,0,0,1,0,차대차 - 측면충돌,안전운전불이행,젖음/습기,비,기타 - 기타,승용,남,61세,상해없음,승용,여,30세,경상
2021030100100216,2021년 3월 1일 16시,월요일,대구광역시 달서구 진천동,부상신고사고,0,0,0,1,차량단독 - 기타,안전운전불이행,젖음/습기,비,단일로 - 기타,원동기,남,45세,부상신고,,,,
2021030100100250,2021년 3월 1일 17시,월요일,대구광역시 달서구 신당동,중상사고,0,1,0,0,차대차 - 기타,안전거리미확보,젖음/습기,비,단일로 - 기타,승합,여,44세,상해없음,이륜,남,60세,중상
2021030100100251,2021년 3월 1일 17시,월요일,대구광역시 북구 관음동,경상사고,0,0,2,0,차대차 - 추돌,안전거리미확보,젖음/습기,비,교차로 - 교차로부근,승용,남,75세,상해없음,승용,남,30세,상해없음
2021030100100296,2021년 3월 1일 18시,월요일,대구광역시 동구 지저동,경상사고,0,0,1,0,차대사람 - 횡단중,신호위반,젖음/습기,비,단일로 - 기타,승용,여,60세,상해없음,보행자,여,59세,경상
2021030100100297,2021년 3월 1일 18시,월요일,대구광역시 수성구 파동,중상사고,0,1,0,0,차대차 - 추돌,안전운전불이행,젖음/습기,비,단일로 - 기타,화물,남,63세,상해없음,승용,여,47세,중상
2021030100100298,2021년 3월 1일 18시,월요일,대구광역시 달성군 다사읍,경상사고,0,0,1,0,차대차 - 기타,안전운전불이행,젖음/습기,비,교차로 - 교차로부근,승합,남,25세,상해없음,이륜,남,38세,경상
2021030100100377,2021년 3월 1일 20시,월요일,대구광역시 수성구 중동,경상사고,0,0,1,0,차대차 - 측면충돌,신호위반,젖음/습기,비,교차로 - 교차로안,이륜,남,27세,상해없음,승용,남,61세,경상
2021030100100378,2021년 3월 1일 20시,월요일,대구광역시 중구 봉산동,중상사고,0,1,0,0,차대차 - 측면충돌,안전운전불이행,젖음/습기,비,단일로 - 기타,자전거,남,64세,중상,승용,남,25세,상해없음
2021030100100379,2021년 3월 1일 20시,월요일,대구광역시 달서구 이곡동,중상사고,0,1,0,0,차대차 - 기타,신호위반,젖음/습기,비,교차로 - 교차로안,승용,남,23세,상해없음,승용,남,30세,중상
2021030100100408,2021년 3월 1일 21시,월요일,대구광역시 달서구 상인동,경상사고,0,0,2,0,차대차 - 기타,교차로운행방법위반,젖음/습기,비,교차로 - 교차로안,이륜,남,21세,경상,이륜,남,35세,경상
2021030100100409,2021년 3월 1일 21시,월요일,대구광역시 북구 복현동,경상사고,0,0,1,0,차대차 - 측면충돌,차로위반,젖음/습기,비,단일로 - 기타,승용,여,49세,상해없음,승용,남,54세,경상
2021030100100410,2021년 3월 1일 21시,월요일,대구광역시 달서구 성당동,중상사고,0,1,0,0,차대사람 - 기타,안전운전불이행,젖음/습기,비,교차로 - 교차로안,승용,여,31세,상해없음,보행자,남,55세,중상