사고번호,사고일시,요일,시군구,사고내용,사망자수,중상자수,경상자수,부상신고자수,사고유형,법규위반,노면상태,기상상태,도로형태,가해운전자 차종,가해운전자 성별,가해운전자 연령,가해운전자 상해정도,피해운전자 차종,피해운전자 성별,피해운전자 연령,피해운전자 상해정도
2021030100100411,2021년 3월 1일 21시,월요일,대구광역시 달서구 이곡동,경상사고,0,0,1,0,차대차 - 기타,안전운전불이행,젖음/습기,비,단일로 - 기타,승용,남,66세,상해없음,승용,여,45세,경상
2021030100100412,2021년 3월 1일 21시,월요일,대구광역시 북구 연경동,중상사고,0,1,0,0,차대사람 - 횡단중,안전운전불이행,젖음/습기,비,단일로 - 교량,승용,남,27세,상해없음,보행자,여,19세,중상
2021030100100441,2021년 3월 1일 22시,월요일,대구광역시 수성구 두산동,경상사고,0,0,1,0,차대차 - 측면충돌,교차로운행방법위반,젖음/습기,비,교차로 - 교차로안,승용,남,29세,상해없음,이륜,남,39세,경상
2021030100100442,2021년 3월 1일 22시,월요일,대구광역시 북구 침산동,경상사고,0,0,1,0,차대차 - 측면충돌,중앙선침범,젖음/습기,비,단일로 - 기타,승용,남,37세,상해없음,승용,남,53세,경상
2021030100100443,2021년 3월 1일 22시,월요일,대구광역시 중구 계산동2가,경상사고,0,0,2,0,차대차 - 기타,안전거리미확보,건조,맑음,단일로 - 기타,승용,남,68세,상해없음,승용,남,24세,경상
2021030100100444,2021년 3월 1일 22시,월요일,대구광역시 달서구 용산동,경상사고,0,0,1,0,차대사람 - 횡단중,안전운전불이행,젖음/습기,비,교차로 - 교차로횡단보도내,승용,남,64세,상해없음,보행자,남,60세,경상
2021030200100005,2021년 3월 2일 00시,화요일,대구광역시 수성구 시지동,중상사고,0,1,0,0,차대차 - 측면충돌,안전운전불이행,젖음/습기,비,교차로 - 교차로안,승용,남,47세,상해없음,원동기,남,20세,중상
2021030200100006,2021년 3월 2일 00시,화요일,대구광역시 달서구 이곡동,경상사고,0,0,1,0,차대차 - 추돌,안전운전불이행,젖음/습기,비,교차로 - 교차로부근,승용,남,32세,상해없음,화물,남,65세,경상
2021030200100078,2021년 3월 2일 08시,화요일,대구광역시 동구 효목동,경상사고,0,0,1,0,차대차 - 측면충돌,신호위반,젖음/습기,비,단일로 - 기타,승용,여,29세,상해없음,승용,남,25세,경상
2021030200100111,2021년 3월 2일 09시,화요일,대구광역시 남구 대명동,경상사고,0,0,1,0,차대차 - 기타,안전운전불이행,건조,맑음,단일로 - 기타,승용,여,42세,상해없음,승용,남,22세,경상
2021030200100112,2021년 3월 2일 09시,화요일,대구광역시 수성구 파동,경상사고,0,0,1,1,차대차 - 측면충돌,안전운전불이행,젖음/습기,흐림,단일로 - 기타,승용,여,47세,부상신고,승용,여,59세,경상
2021030200100113,2021년 3월 2일 09시,화요일,대구광역시 서구 비산동,중상사고,0,1,0,0,차대차 - 측면충돌,기타,건조,맑음,단일로 - 기타,승용,남,69세,상해없음,이륜,남,55세,중상
2021030200100114,2021년 3월 2일 09시,화요일,대구광역시 서구 비산동,경상사고,0,0,1,1,차대차 - 측면충돌,안전운전불이행,건조,맑음,교차로 - 교차로안,승용,남,70세,부상신고,이륜,남,52세,경상
2021030200100140,2021년 3월 2일 10시,화요일,대구광역시 중구 북성로2가,중상사고,0,1,0,1,차대차 - 측면충돌,교차로운행방법위반,건조,맑음,교차로 - 교차로안,승용,남,64세,부상신고,이륜,남,50세,중상
2021030200100141,2021년 3월 2일 10시,화요일,대구광역시 남구 대명동,경상사고,0,0,1,0,차대차 - 측면충돌,안전거리미확보,건조,맑음,단일로 - 기타,이륜,남,67세,기타불명,이륜,남,67세,경상
2021030200100172,2021년 3월 2일 11시,화요일,대구광역시 동구 신서동,경상사고,0,0,1,0,차대차 - 기타,안전거리미확보,건조,맑음,단일로 - 기타,화물,남,61세,상해없음,승합,남,51세,상해없음
2021030200100173,2021년 3월 2일 11시,화요일,대구광역시 달성군 구지면,중상사고,0,1,0,0,차대차 - 측면충돌,신호위반,건조,맑음,교차로 - 교차로안,화물,남,46세,상해없음,화물,여,66세,중상
2021030200100174,2021년 3월 2일 11시,화요일,대구광역시 북구 노원동3가,경상사고,0,0,3,0,차대차 - 추돌,안전거리미확보,건조,맑음,단일로 - 기타,화물,남,49세,상해없음,승용,남,60세,상해없음
2021030200100175,2021년 3월 2일 11시,화요일,대구광역시 북구 침산동,경상사고,0,0,2,0,차대차 - 기타,안전운전불이행,건조,맑음,단일로 - 기타,승용,여,51세,경상,승용,여,50세,경상
2021030200100224,2021년 3월 2일 13시,화요일,대구광역시 남구 봉덕동,경상사고,0,0,2,0,차대차 - 측면충돌,신호위반,건조,맑음,교차로 - 교차로부근,승용,남,68세,상해없음,승용,남,35세,경상
2021030200100258,2021년 3월 2일 14시,화요일,대구광역시 수성구 수성동3가,경상사고,0,0,4,0,차대차 - 추돌,안전거리미확보,건조,맑음,교차로 - 교차로안,승용,남,27세,상해없음,승용,남,40세,경상
2021030200100259,2021년 3월 2일 14시,화요일,대구광역시 중구 남산동,경상사고,0,0,1,0,차대사람 - 차도통행중,교차로운행방법위반,건조,맑음,교차로 - 교차로안,승용,남,56세,상해없음,보행자,남,13세,경상
2021030200100286,2021년 3월 2일 15시,화요일,대구광역시 달서구 대곡동,경상사고,0,0,2,0,차대차 - 측면충돌,차로위반,건조,맑음,교차로 - 교차로부근,승용,여,57세,상해없음,승용,남,62세,경상
2021030200100318,2021년 3월 2일 16시,화요일,대구광역시 수성구 범어동,부상신고사고,0,0,0,1,차대차 - 측면충돌,안전운전불이행,건조,맑음,단일로 - 기타,자전거,남,16세,부상신고,승용,여,54세,상해없음
2021030200100319,2021년 3월 2일 16시,화요일,대구광역시 북구 산격동,경상사고,0,0,1,0,차대차 - 후진중충돌,안전운전불이행,건조,맑음,단일로 - 기타,화물,남,59세,상해없음,승용,여,37세,경상
2021030200100362,2021년 3월 2일 17시,화요일,대구광역시 수성구 신매동,부상신고사고,0,0,0,1,차대차 - 기타,차로위반,건조,맑음,단일로 - 기타,기타불명,기타불명,미분류,기타불명,승합,남,44세,상해없음
2021030200100363,2021년 3월 2일 17시,화요일,대구광역시 중구 종로1가,경상사고,0,0,2,0,차대차 - 측면충돌,안전운전불이행,건조,맑음,교차로 - 교차로부근,승용,여,28세,상해없음,승용,남,42세,경상
2021030200100398,2021년 3월 2일 18시,화요일,대구광역시 남구 봉덕동,중상사고,0,1,0,1,차대차 - 추돌,안전운전불이행,건조,맑음,단일로 - 기타,승용,남,29세,상해없음,승용,남,45세,중상
2021030200100399,2021년 3월 2일 18시,화요일,대구광역시 동구 동호동,경상사고,0,0,1,0,차대사람 - 기타,안전운전불이행,건조,맑음,단일로 - 기타,이륜,남,53세,상해없음,보행자,남,27세,경상
2021030200100400,2021년 3월 2일 18시,화요일,대구광역시 수성구 범어동,경상사고,0,0,1,0,차대차 - 측면충돌,안전운전불이행,건조,맑음,교차로 - 교차로부근,승용,여,42세,기타불명,승용,남,27세,경상
2021030200100401,2021년 3월 2일 18시,화요일,대구광역시 수성구 범어동,경상사고,0,0,1,1,차대차 - 측면충돌,안전운전불이행,건조,맑음,단일로 - 기타,승용,여,45세,부상신고,승용,여,51세,경상
2021030200100402,2021년 3월 2일 18시,화요일,대구광역시 북구 침산동,경상사고,0,0,15,0,차대차 - 추돌,안전거리미확보,건조,맑음,교차로 - 교차로부근,승용,남,38세,상해없음,승합,남,46세,경상
2021030200100444,2021년 3월 2일 19시,화요일,대구광역시 동구 방촌동,경상사고,0,0,1,0,차대차 - 기타,안전거리미확보,건조,맑음,교차로 - 교차로부근,승용,남,22세,기타불명,승합,남,40세,상해없음
2021030200100512,2021년 3월 2일 22시,화요일,대구광역시 남구 대명동,중상사고,0,1,0,0,차대차 - 측면충돌,안전운전불이행,건조,맑음,단일로 - 지하차도(도로)내,이륜,남,21세,중상,승용,남,55세,기타불명
2021030300100011,2021년 3월 3일 01시,수요일,대구광역시 북구 산격동,부상신고사고,0,0,0,1,차량단독 - 공작물충돌,안전운전불이행,건조,맑음,단일로 - 기타,승용,여,39세,부상신고,,,,
2021030300100022,2021년 3월 3일 04시,수요일,대구광역시 동구 신암동,중상사고,0,1,0,0,차대사람 - 기타,안전운전불이행,건조,맑음,교차로 - 교차로안,승합,남,45세,상해없음,보행자,여,84세,중상
2021030300100029,2021년 3월 3일 05시,수요일,대구광역시 서구 상리동,경상사고,0,0,2,0,차대차 - 측면충돌,안전거리미확보,건조,맑음,기타 - 기타,화물,남,66세,상해없음,특수,남,48세,경상
2021030300100047,2021년 3월 3일 06시,수요일,대구광역시 수성구 범물동,경상사고,0,0,1,0,차대차 - 측면충돌,안전운전불이행,젖음/습기,비,교차로 - 교차로부근,승용,남,74세,상해없음,승용,남,48세,경상
2021030300100068,2021년 3월 3일 07시,수요일,대구광역시 동구 신암동,경상사고,0,0,1,0,차대차 - 후진중충돌,안전운전불이행,건조,맑음,단일로 - 기타,화물,남,50세,상해없음,승용,남,56세,경상
2021030300100069,2021년 3월 3일 07시,수요일,대구광역시 북구 침산동,중상사고,0,1,0,0,차대차 - 측면충돌,신호위반,건조,맑음,단일로 - 기타,이륜,남,48세,상해없음,자전거,남,54세,중상
2021030300100134,2021년 3월 3일 09시,수요일,대구광역시 달서구 용산동,경상사고,0,0,1,0,차대차 - 측면충돌,안전운전불이행,건조,맑음,단일로 - 기타,승용,여,56세,상해없음,승용,여,42세,경상
2021030300100158,2021년 3월 3일 10시,수요일,대구광역시 남구 봉덕동,경상사고,0,0,1,0,차대차 - 측면충돌,교차로운행방법위반,건조,맑음,교차로 - 교차로부근,승용,여,43세,상해없음,승용,남,28세,경상
2021030300100159,2021년 3월 3일 10시,수요일,대구광역시 남구 대명동,부상신고사고,0,0,0,1,차대사람 - 기타,안전운전불이행,건조,맑음,단일로 - 기타,승용,기타불명,미분류,기타불명,보행자,남,27세,부상신고
2021030300100160,2021년 3월 3일 10시,수요일,대구광역시 중구 계산동2가,경상사고,0,0,1,0,차대차 - 측면충돌,안전운전불이행,건조,맑음,단일로 - 기타,승용,여,54세,상해없음,이륜,남,25세,경상
2021030300100161,2021년 3월 3일 10시,수요일,대구광역시 북구 국우동,중상사고,0,1,1,0,차대사람 - 보도통행중,안전운전불이행,건조,맑음,단일로 - 기타,승용,남,59세,상해없음,보행자,남,65세,중상
2021030300100189,2021년 3월 3일 11시,수요일,대구광역시 동구 효목동,경상사고,0,0,1,0,차대차 - 측면충돌,교차로운행방법위반,건조,맑음,교차로 - 교차로부근,승용,여,58세,상해없음,승용,여,55세,경상
2021030300100190,2021년 3월 3일 11시,수요일,대구광역시 달성군 화원읍,경상사고,0,0,1,0,차대차 - 측면충돌,중앙선침범,건조,맑음,단일로 - 기타,이륜,남,76세,경상,승용,여,40세,상해없음
2021030300100191,2021년 3월 3일 11시,수요일,대구광역시 북구 복현동,경상사고,0,0,1,0,차대차 - 측면충돌,안전운전불이행,건조,맑음,단일로 - 기타,승용,남,73세,상해없음,화물,남,40세,경상
2021030300100192,2021년 3월 3일 11시,수요일,대구광역시 북구 서변동,경상사고,0,0,1,0,차대차 - 추돌,안전운전불이행,건조,맑음,교차로 - 교차로안,기타불명,기타불명,미분류,기타불명,승용,남,53세,상해없음
2021030300100231,2021년 3월 3일 12시,수요일,대구광역시 동구 불로동,경상사고,0,0,2,1,차대차 - 측면충돌,신호위반,건조,맑음,교차로 - 교차로안,승용,남,57세,부상신고,승용,남,70세,경상
2021030300100292,2021년 3월 3일 14시,수요일,대구광역시 달서구 두류동,경상사고,0,0,1,0,차대차 - 측면충돌,직진우회전진행방해,건조,맑음,교차로 - 교차로안,승용,여,54세,기타불명,승용,여,36세,경상
2021030300100293,2021년 3월 3일 14시,수요일,대구광역시 달서구 성당동,중상사고,0,1,0,0,차대사람 - 기타,안전운전불이행,건조,맑음,기타 - 기타,승용,남,31세,상해없음,보행자,여,62세,중상
2021030300100322,2021년 3월 3일 15시,수요일,대구광역시 달서구 성당동,부상신고사고,0,0,0,1,차대차 - 측면충돌,신호위반,건조,맑음,교차로 - 교차로안,이륜,남,30세,상해없음,승용,남,59세,부상신고
2021030300100323,2021년 3월 3일 15시,수요일,대구광역시 달서구 신당동,경상사고,0,0,3,0,차대차 - 기타,직진우회전진행방해,건조,맑음,교차로 - 교차로안,승용,남,65세,경상,승용,남,25세,경상
2021030300100324,2021년 3월 3일 15시,수요일,대구광역시 달서구 이곡동,경상사고,0,0,1,0,차대차 - 측면충돌,신호위반,건조,맑음,교차로 - 교차로안,승합,남,60세,상해없음,이륜,남,65세,경상
2021030300100325,2021년 3월 3일 15시,수요일,대구광역시 북구 서변동,경상사고,0,0,2,0,차대차 - 측면충돌,안전거리미확보,건조,맑음,단일로 - 교량,승용,여,57세,상해없음,승용,여,43세,경상
2021030300100374,2021년 3월 3일 17시,수요일,대구광역시 북구 산격동,경상사고,0,0,2,0,차대차 - 기타,안전운전불이행,건조,맑음,단일로 - 교량,승용,남,79세,상해없음,승용,여,51세,경상
2021030300100401,2021년 3월 3일 18시,수요일,대구광역시 달서구 장동,경상사고,0,0,1,0,차대차 - 측면충돌,차로위반,건조,맑음,단일로 - 기타,승용,여,39세,상해없음,승용,남,33세,경상
2021030300100469,2021년 3월 3일 20시,수요일,대구광역시 수성구 만촌동,중상사고,0,1,0,0,차대차 - 기타,교차로운행방법위반,건조,맑음,교차로 - 교차로안,승용,여,48세,상해없음,이륜,남,23세,중상
2021030300100470,2021년 3월 3일 20시,수요일,대구광역시 수성구 만촌동,경상사고,0,0,2,0,차대차 - 추돌,안전운전불이행,건조,맑음,단일로 - 기타,승용,남,44세,상해없음,화물,남,67세,경상
2021030300100471,2021년 3월 3일 20시,수요일,대구광역시 북구 관음동,경상사고,0,0,3,0,차대차 - 추돌,안전운전불이행,건조,맑음,단일로 - 지하차도(도로)내,승용,남,30세,상해없음,승용,남,39세,경상
2021030300100518,2021년 3월 3일 22시,수요일,대구광역시 북구 태전동,부상신고사고,0,0,0,1,차대사람 - 횡단중,안전운전불이행,건조,맑음,단일로 - 지하차도(도로)내,승용,여,45세,상해없음,보행자,여,19세,부상신고
2021030400100009,2021년 3월 4일 00시,목요일,대구광역시 서구 비산동,부상신고사고,0,0,0,1,차대차 - 기타,안전운전불이행,젖음/습기,흐림,단일로 - 기타,기타불명,기타불명,미분류,기타불명,자전거,남,60세,부상신고
2021030400100014,2021년 3월 4일 01시,목요일,대구광역시 동구 지저동,중상사고,0,1,0,0,차대차 - 기타,신호위반,건조,맑음,단일로 - 기타,개인형이동수단(PM),남,31세,중상,승용,남,29세,상해없음
2021030400100015,2021년 3월 4일 01시,목요일,대구광역시 수성구 범어동,경상사고,0,0,1,0,차대차 - 측면충돌,신호위반,건조,맑음,교차로 - 교차로안,승용,남,27세,상해없음,승용,남,24세,경상
2021030400100040,2021년 3월 4일 06시,목요일,대구광역시 동구 신천동,경상사고,0,0,1,0,차대차 - 측면충돌,안전거리미확보,건조,맑음,교차로 - 교차로부근,승용,남,75세,상해없음,건설기계,남,49세,경상
2021030400100041,2021년 3월 4일 06시,목요일,대구광역시 동구 율암동,경상사고,0,0,1,0,차대차 - 후진중충돌,안전운전불이행,건조,맑음,단일로 - 기타,화물,남,58세,상해없음,승용,남,56세,경상
2021030400100042,2021년 3월 4일 06시,목요일,대구광역시 서구 내당동,경상사고,0,0,1,0,차대사람 - 횡단중,보행자보호의무위반,젖음/습기,비,단일로 - 기타,화물,남,51세,상해없음,보행자,여,16세,경상
2021030400100059,2021년 3월 4일 07시,목요일,대구광역시 달성군 옥포읍,경상사고,0,0,1,0,차대차 - 측면충돌,안전거리미확보,건조,맑음,단일로 - 기타,화물,남,63세,상해없음,승용,여,30세,경상
2021030400100061,2021년 3월 4일 07시,목요일,대구광역시 수성구 황금동,경상사고,0,0,2,0,차대차 - 측면충돌,안전운전불이행,건조,맑음,교차로 - 교차로부근,승용,남,50세,경상,승용,여,48세,경상
2021030400100094,2021년 3월 4일 08시,목요일,대구광역시 수성구 상동,경상사고,0,0,1,0,차대차 - 기타,안전거리미확보,건조,맑음,단일로 - 기타,승용,여,24세,상해없음,승용,여,52세,경상
2021030400100095,2021년 3월 4일 08시,목요일,대구광역시 달서구 진천동,경상사고,0,0,1,0,차대차 - 측면충돌,안전운전불이행,건조,맑음,교차로 - 교차로안,승용,여,22세,상해없음,자전거,여,71세,경상
2021030400100121,2021년 3월 4일 09시,목요일,대구광역시 북구 칠성동2가,경상사고,0,0,2,0,차대차 - 기타,신호위반,건조,맑음,단일로 - 기타,이륜,남,76세,경상,승용,여,35세,경상
2021030400100166,2021년 3월 4일 11시,목요일,대구광역시 수성구 황금동,경상사고,0,0,1,1,차대차 - 측면충돌,안전거리미확보,건조,맑음,단일로 - 기타,이륜,남,26세,부상신고,승용,남,38세,경상
2021030400100167,2021년 3월 4일 11시,목요일,대구광역시 달성군 논공읍,경상사고,0,0,1,0,차대차 - 추돌,안전운전불이행,건조,맑음,교차로 - 교차로부근,승용,남,31세,상해없음,화물,남,55세,경상
2021030400100168,2021년 3월 4일 11시,목요일,대구광역시 북구 노원동3가,경상사고,0,0,1,0,차대차 - 기타,교차로운행방법위반,건조,맑음,교차로 - 교차로안,화물,남,26세,상해없음,자전거,남,73세,경상
2021030400100224,2021년 3월 4일 13시,목요일,대구광역시 서구 평리동,중상사고,0,1,0,0,차대차 - 측면충돌,안전운전불이행,건조,맑음,교차로 - 교차로안,승용,여,42세,상해없음,이륜,남,54세,중상
2021030400100265,2021년 3월 4일 15시,목요일,대구광역시 동구 효목동,경상사고,0,0,1,0,차대차 - 기타,신호위반,건조,맑음,단일로 - 기타,승용,남,78세,상해없음,승용,남,44세,경상
2021030400100266,2021년 3월 4일 15시,목요일,대구광역시 수성구 범어동,경상사고,0,0,1,1,차대차 - 기타,안전운전불이행,건조,맑음,주차장 - 주차장,승용,여,26세,부상신고,승용,남,44세,경상
2021030400100267,2021년 3월 4일 15시,목요일,대구광역시 서구 중리동,중상사고,0,1,0,0,차대사람 - 기타,기타,건조,맑음,기타 - 기타,기타불명,여,5세,상해없음,보행자,여,78세,중상
2021030400100296,2021년 3월 4일 16시,목요일,대구광역시 달서구 대곡동,중상사고,0,1,0,0,차대차 - 기타,안전운전불이행,건조,맑음,교차로 - 교차로안,자전거,남,21세,중상,승용,남,20세,상해없음
2021030400100321,2021년 3월 4일 17시,목요일,대구광역시 동구 신천동,부상신고사고,0,0,0,1,차대차 - 측면충돌,안전운전불이행,젖음/습기,비,교차로 - 교차로부근,승용,남,72세,상해없음,승용,남,37세,상해없음
2021030400100322,2021년 3월 4일 17시,목요일,대구광역시 달성군 현풍읍,경상사고,0,0,1,0,차대차 - 기타,교차로운행방법위반,젖음/습기,비,교차로 - 교차로안,화물,남,61세,상해없음,승용,남,54세,상해없음
2021030400100323,2021년 3월 4일 17시,목요일,대구광역시 북구 동천동,중상사고,0,1,0,0,차대사람 - 횡단중,신호위반,건조,맑음,교차로 - 교차로안,이륜,남,31세,상해없음,보행자,남,39세,중상
2021030400100353,2021년 3월 4일 18시,목요일,대구광역시 남구 대명동,경상사고,0,0,1,0,차대차 - 측면충돌,안전운전불이행,건조,맑음,단일로 - 기타,승용,남,52세,상해없음,이륜,남,23세,경상
2021030400100354,2021년 3월 4일 18시,목요일,대구광역시 남구 이천동,경상사고,0,0,1,0,차대차 - 정면충돌,안전운전불이행,젖음/습기,비,단일로 - 지하차도(도로)내,승용,남,35세,상해없음,승용,여,30세,경상
2021030400100355,2021년 3월 4일 18시,목요일,대구광역시 달서구 대곡동,경상사고,0,0,1,0,차대차 - 측면충돌,안전운전불이행,젖음/습기,비,단일로 - 기타,승용,남,50세,기타불명,이륜,남,25세,경상
2021030400100356,2021년 3월 4일 18시,목요일,대구광역시 북구 침산동,경상사고,0,0,1,0,차대차 - 측면충돌,기타,젖음/습기,비,단일로 - 기타,승용,남,55세,상해없음,원동기,남,59세,경상
2021030400100410,2021년 3월 4일 19시,목요일,대구광역시 수성구 지산동,경상사고,0,0,1,0,차대차 - 측면충돌,신호위반,젖음/습기,비,교차로 - 교차로안,승용,남,72세,상해없음,이륜,남,65세,경상
2021030400100411,2021년 3월 4일 19시,목요일,대구광역시 수성구 범물동,경상사고,0,0,1,0,차대차 - 측면충돌,안전운전불이행,건조,맑음,교차로 - 교차로횡단보도내,승용,여,48세,상해없음,화물,남,58세,경상
2021030400100412,2021년 3월 4일 19시,목요일,대구광역시 북구 칠성동2가,경상사고,0,0,1,0,차대차 - 측면충돌,신호위반,젖음/습기,비,교차로 - 교차로횡단보도내,이륜,남,64세,상해없음,자전거,여,51세,경상
2021030400100413,2021년 3월 4일 19시,목요일,대구광역시 중구 포정동,중상사고,0,1,0,1,차대차 - 추돌,안전거리미확보,젖음/습기,비,교차로 - 교차로부근,승합,남,60세,부상신고,승용,여,41세,중상
2021030400100439,2021년 3월 4일 20시,목요일,대구광역시 달서구 송현동,경상사고,0,0,1,0,차대차 - 측면충돌,안전운전불이행,젖음/습기,비,단일로 - 기타,이륜,남,34세,경상,승용,남,26세,상해없음
2021030400100440,2021년 3월 4일 20시,목요일,대구광역시 달성군 다사읍,중상사고,0,1,0,0,차대차 - 측면충돌,안전운전불이행,건조,맑음,단일로 - 기타,화물,남,36세,상해없음,이륜,남,24세,중상
2021030400100441,2021년 3월 4일 20시,목요일,대구광역시 달서구 두류동,경상사고,0,0,1,0,차대사람 - 차도통행중,안전운전불이행,건조,맑음,단일로 - 기타,이륜,남,27세,기타불명,보행자,남,27세,경상
2021030500100030,2021년 3월 5일 04시,금요일,대구광역시 달서구 본리동,경상사고,0,0,3,0,차대차 - 측면충돌,직진우회전진행방해,건조,맑음,교차로 - 교차로안,승용,여,53세,경상,승용,남,33세,경상
2021030500100051,2021년 3월 5일 06시,금요일,대구광역시 북구 팔달동,경상사고,0,0,1,0,차대차 - 추돌,안전거리미확보,건조,맑음,단일로 - 기타,승용,남,63세,상해없음,승용,남,43세,상해없음
2021030500100077,2021년 3월 5일 07시,금요일,대구광역시 달서구 용산동,경상사고,0,0,1,0,차대차 - 측면충돌,안전거리미확보,건조,맑음,단일로 - 기타,승합,남,68세,상해없음,승용,남,40세,경상
2021030500100111,2021년 3월 5일 08시,금요일,대구광역시 동구 신천동,경상사고,0,0,1,0,차대차 - 측면충돌,안전거리미확보,건조,맑음,단일로 - 기타,승용,여,34세,상해없음,승용,여,37세,경상
2021030500100112,2021년 3월 5일 08시,금요일,대구광역시 수성구 범어동,경상사고,0,0,1,0,차대차 - 기타,안전운전불이행,젖음/습기,맑음,교차로 - 교차로부근,승용,여,40세,상해없음,자전거,남,45세,경상
2021030500100113,2021년 3월 5일 08시,금요일,대구광역시 수성구 범어동,중상사고,0,2,2,0,차대차 - 기타,안전운전불이행,건조,맑음,기타 - 기타,승용,남,50세,상해없음,승용,남,31세,중상
2021030500100114,2021년 3월 5일 08시,금요일,대구광역시 수성구 연호동,중상사고,0,1,0,0,차대차 - 측면충돌,안전거리미확보,건조,맑음,단일로 - 기타,화물,남,50세,상해없음,승용,여,59세,중상
2021030500100115,2021년 3월 5일 08시,금요일,대구광역시 서구 이현동,중상사고,0,1,0,0,차대차 - 측면충돌,안전거리미확보,건조,맑음,단일로 - 기타,승용,남,53세,상해없음,이륜,남,33세,중상
2021030500100152,2021년 3월 5일 09시,금요일,대구광역시 수성구 매호동,경상사고,0,0,1,0,차대차 - 기타,안전운전불이행,건조,맑음,교차로 - 교차로안,이륜,남,54세,경상,화물,남,50세,상해없음
2021030500100178,2021년 3월 5일 10시,금요일,대구광역시 동구 용계동,경상사고,0,0,2,0,차대차 - 추돌,안전거리미확보,건조,맑음,단일로 - 기타,승용,남,56세,상해없음,승용,남,20세,경상
2021030500100207,2021년 3월 5일 11시,금요일,대구광역시 중구 태평로2가,경상사고,0,0,1,0,차대차 - 측면충돌,차로위반,건조,맑음,기타 - 기타,승용,여,56세,상해없음,승용,남,53세,경상
2021030500100228,2021년 3월 5일 12시,금요일,대구광역시 달성군 다사읍,중상사고,0,1,1,0,차대차 - 측면충돌,안전거리미확보,건조,맑음,단일로 - 기타,이륜,남,44세,중상,승용,남,45세,상해없음
2021030500100256,2021년 3월 5일 13시,금요일,대구광역시 동구 신암동,경상사고,0,0,1,0,차대차 - 측면충돌,안전운전불이행,건조,맑음,교차로 - 교차로부근,승용,남,49세,기타불명,승용,남,61세,경상
2021030500100290,2021년 3월 5일 14시,금요일,대구광역시 수성구 범어동,경상사고,0,0,1,0,차대사람 - 기타,안전운전불이행,건조,맑음,단일로 - 기타,승용,여,31세,상해없음,보행자,남,10세,경상
2021030500100291,2021년 3월 5일 14시,금요일,대구광역시 수성구 상동,경상사고,0,0,1,0,차대차 - 측면충돌,교차로운행방법위반,건조,맑음,교차로 - 교차로안,승용,남,64세,상해없음,승용,여,31세,상해없음
2021030500100292,2021년 3월 5일 14시,금요일,대구광역시 달성군 구지면,중상사고,0,1,2,0,차대차 - 측면충돌,안전운전불이행,건조,맑음,교차로 - 교차로안,승용,남,48세,경상,승용,남,33세,경상
2021030500100293,2021년 3월 5일 14시,금요일,대구광역시 달성군 구지면,부상신고사고,0,0,0,1,차대차 - 측면충돌,교차로운행방법위반,건조,맑음,교차로 - 교차로안,이륜,남,21세,부상신고,승합,여,64세,상해없음
2021030500100332,2021년 3월 5일 15시,금요일,대구광역시 남구 봉덕동,경상사고,0,0,1,0,차대차 - 측면충돌,안전운전불이행,건조,맑음,단일로 - 지하차도(도로)내,승용,남,47세,상해없음,승합,남,61세,경상
2021030500100333,2021년 3월 5일 15시,금요일,대구광역시 수성구 범어동,경상사고,0,0,2,0,차대차 - 기타,안전운전불이행,건조,맑음,단일로 - 기타,승용,남,32세,상해없음,승용,남,33세,경상
2021030500100334,2021년 3월 5일 15시,금요일,대구광역시 중구 동성로2가,중상사고,0,1,0,0,차대사람 - 길가장자리구역통행중,안전운전불이행,건조,맑음,교차로 - 교차로부근,승용,여,28세,상해없음,보행자,여,17세,중상
2021030500100371,2021년 3월 5일 16시,금요일,대구광역시 남구 대명동,중상사고,0,1,0,0,차대사람 - 횡단중,신호위반,건조,맑음,단일로 - 기타,이륜,남,21세,상해없음,보행자,여,68세,중상
2021030500100372,2021년 3월 5일 16시,금요일,대구광역시 달성군 논공읍,경상사고,0,0,1,0,차대차 - 기타,신호위반,건조,맑음,단일로 - 기타,화물,남,65세,상해없음,화물,남,59세,경상
2021030500100373,2021년 3월 5일 16시,금요일,대구광역시 서구 중리동,중상사고,0,1,0,0,차대차 - 기타,안전거리미확보,건조,맑음,기타 - 기타,승용,남,47세,상해없음,승용,남,46세,기타불명
2021030500100374,2021년 3월 5일 16시,금요일,대구광역시 북구 관음동,경상사고,0,0,2,0,차대차 - 측면충돌,교차로운행방법위반,건조,맑음,교차로 - 교차로안,승합,여,55세,상해없음,승용,여,48세,경상
2021030500100406,2021년 3월 5일 17시,금요일,대구광역시 동구 검사동,경상사고,0,0,1,0,차량단독 - 기타,안전운전불이행,건조,맑음,기타 - 기타,이륜,남,44세,경상,,,,
2021030500100407,2021년 3월 5일 17시,금요일,대구광역시 달서구 상인동,경상사고,0,0,1,0,차대차 - 측면충돌,기타,건조,맑음,단일로 - 기타,승용,남,86세,상해없음,이륜,남,24세,경상
2021030500100408,2021년 3월 5일 17시,금요일,대구광역시 달성군 다사읍,경상사고,0,0,1,0,차대차 - 측면충돌,안전운전불이행,건조,맑음,기타 - 기타,승용,남,75세,상해없음,승용,여,43세,경상
2021030500100409,2021년 3월 5일 17시,금요일,대구광역시 중구 대봉동,중상사고,0,1,0,0,차대사람 - 보도통행중,기타,건조,맑음,단일로 - 기타,승용,남,69세,상해없음,보행자,여,65세,중상