사고번호,사고일시,요일,시군구,사고내용,사망자수,중상자수,경상자수,부상신고자수,사고유형,법규위반,노면상태,기상상태,도로형태,가해운전자 차종,가해운전자 성별,가해운전자 연령,가해운전자 상해정도,피해운전자 차종,피해운전자 성별,피해운전자 연령,피해운전자 상해정도
2021031200100483,2021년 3월 12일 19시,금요일,대구광역시 달성군 다사읍,중상사고,0,1,0,0,차대차 - 후진중충돌,안전운전불이행,젖음/습기,비,단일로 - 기타,승용,여,50세,상해없음,이륜,남,29세,중상
2021031200100529,2021년 3월 12일 20시,금요일,대구광역시 동구 율하동,중상사고,0,1,1,0,차대차 - 측면충돌,기타,젖음/습기,흐림,교차로 - 교차로안,승용,여,65세,중상,화물,남,48세,경상
2021031200100530,2021년 3월 12일 20시,금요일,대구광역시 북구 태전동,경상사고,0,0,1,0,차대차 - 추돌,안전운전불이행,젖음/습기,비,교차로 - 교차로안,승용,여,46세,상해없음,승용,남,47세,경상
2021031200100560,2021년 3월 12일 21시,금요일,대구광역시 남구 대명동,중상사고,0,1,0,0,차대차 - 기타,안전운전불이행,젖음/습기,흐림,단일로 - 기타,승용,남,30세,상해없음,이륜,남,25세,중상
2021031200100561,2021년 3월 12일 21시,금요일,대구광역시 수성구 상동,경상사고,0,0,1,0,차대차 - 추돌,안전운전불이행,젖음/습기,흐림,교차로 - 교차로부근,승용,여,54세,상해없음,자전거,남,26세,경상
2021031200100588,2021년 3월 12일 22시,금요일,대구광역시 동구 신기동,경상사고,0,0,1,0,차대사람 - 기타,안전운전불이행,건조,맑음,단일로 - 기타,승용,여,54세,상해없음,보행자,남,51세,경상
2021031200100617,2021년 3월 12일 23시,금요일,대구광역시 중구 대봉동,경상사고,0,0,2,0,차대차 - 측면충돌,교차로운행방법위반,건조,맑음,교차로 - 교차로안,승용,남,68세,경상,승용,남,47세,경상
2021031200100618,2021년 3월 12일 23시,금요일,대구광역시 달서구 두류동,경상사고,0,0,1,0,차대사람 - 기타,기타,건조,맑음,기타 - 기타,승합,남,55세,상해없음,보행자,남,61세,경상
2021031300100130,2021년 3월 13일 10시,토요일,대구광역시 수성구 수성동2가,중상사고,0,1,0,0,차대차 - 측면충돌,안전운전불이행,건조,맑음,단일로 - 기타,이륜,남,65세,상해없음,이륜,남,35세,중상
2021031300100158,2021년 3월 13일 11시,토요일,대구광역시 남구 대명동,경상사고,0,0,1,0,차대차 - 측면충돌,안전운전불이행,건조,맑음,교차로 - 교차로안,승용,여,23세,상해없음,화물,남,56세,경상
2021031300100159,2021년 3월 13일 11시,토요일,대구광역시 동구 방촌동,중상사고,0,1,0,0,차대사람 - 횡단중,안전운전불이행,건조,맑음,단일로 - 기타,이륜,남,34세,상해없음,보행자,여,45세,중상
2021031300100160,2021년 3월 13일 11시,토요일,대구광역시 달성군 옥포읍,경상사고,0,0,2,0,차대차 - 추돌,안전운전불이행,건조,맑음,단일로 - 기타,승용,여,57세,경상,승용,남,74세,경상
2021031300100161,2021년 3월 13일 11시,토요일,대구광역시 서구 비산동,중상사고,0,1,1,0,차대차 - 측면충돌,신호위반,건조,맑음,교차로 - 교차로안,승용,여,27세,상해없음,승용,남,43세,경상
2021031300100162,2021년 3월 13일 11시,토요일,대구광역시 서구 비산동,경상사고,0,0,1,0,차대사람 - 길가장자리구역통행중,안전운전불이행,건조,맑음,단일로 - 기타,승용,남,64세,상해없음,보행자,남,65세,경상
2021031300100209,2021년 3월 13일 12시,토요일,대구광역시 남구 대명동,중상사고,0,1,0,0,차대차 - 측면충돌,안전운전불이행,건조,맑음,단일로 - 기타,승용,여,70세,상해없음,승용,남,58세,중상
2021031300100210,2021년 3월 13일 12시,토요일,대구광역시 동구 동호동,중상사고,0,1,2,0,차대차 - 추돌,안전운전불이행,건조,맑음,교차로 - 교차로횡단보도내,승용,남,51세,상해없음,승용,여,42세,중상
2021031300100211,2021년 3월 13일 12시,토요일,대구광역시 수성구 중동,경상사고,0,0,1,0,차대차 - 기타,신호위반,건조,맑음,단일로 - 기타,승용,여,22세,상해없음,자전거,남,28세,경상
2021031300100212,2021년 3월 13일 12시,토요일,대구광역시 북구 태전동,경상사고,0,0,1,0,차대차 - 추돌,안전운전불이행,건조,맑음,단일로 - 기타,승용,남,71세,상해없음,자전거,남,15세,경상
2021031300100248,2021년 3월 13일 13시,토요일,대구광역시 동구 효목동,부상신고사고,0,0,0,1,차대차 - 측면충돌,직진우회전진행방해,건조,맑음,교차로 - 교차로안,원동기,남,88세,부상신고,승용,여,55세,상해없음
2021031300100249,2021년 3월 13일 13시,토요일,대구광역시 달서구 상인동,부상신고사고,0,0,0,1,차대차 - 후진중충돌,안전운전불이행,건조,맑음,단일로 - 기타,승용,남,38세,부상신고,승용,남,28세,기타불명
2021031300100250,2021년 3월 13일 13시,토요일,대구광역시 북구 동변동,경상사고,0,0,1,0,차대차 - 측면충돌,안전운전불이행,건조,맑음,단일로 - 기타,승용,남,58세,상해없음,이륜,남,43세,경상
2021031300100282,2021년 3월 13일 14시,토요일,대구광역시 동구 신암동,경상사고,0,0,1,0,차대차 - 측면충돌,차로위반,건조,맑음,단일로 - 기타,승용,남,39세,상해없음,승용,남,65세,경상
2021031300100283,2021년 3월 13일 14시,토요일,대구광역시 달서구 두류동,경상사고,0,0,2,0,차대차 - 측면충돌,안전운전불이행,건조,맑음,단일로 - 기타,승용,남,60세,상해없음,승용,남,27세,경상
2021031300100313,2021년 3월 13일 15시,토요일,대구광역시 북구 태전동,경상사고,0,0,3,0,차대차 - 추돌,안전운전불이행,건조,맑음,단일로 - 기타,승용,남,62세,상해없음,승용,여,45세,경상
2021031300100318,2021년 3월 13일 15시,토요일,대구광역시 동구 신서동,경상사고,0,0,4,0,차대차 - 추돌,안전거리미확보,건조,맑음,교차로 - 교차로부근,승용,남,64세,상해없음,승용,여,37세,경상
2021031300100319,2021년 3월 13일 15시,토요일,대구광역시 동구 각산동,중상사고,0,1,0,0,차량단독 - 기타,안전운전불이행,건조,맑음,단일로 - 기타,승합,남,63세,상해없음,,,,
2021031300100320,2021년 3월 13일 15시,토요일,대구광역시 수성구 지산동,경상사고,0,0,1,0,차대사람 - 기타,안전운전불이행,건조,맑음,단일로 - 기타,승용,남,77세,상해없음,보행자,남,28세,경상
2021031300100347,2021년 3월 13일 16시,토요일,대구광역시 달성군 현풍읍,경상사고,0,0,2,0,차대차 - 추돌,안전거리미확보,건조,맑음,단일로 - 기타,승용,여,55세,상해없음,승용,남,41세,경상
2021031300100378,2021년 3월 13일 17시,토요일,대구광역시 수성구 신매동,경상사고,0,0,2,0,차대차 - 기타,안전거리미확보,건조,맑음,교차로 - 교차로부근,승용,여,40세,상해없음,승용,남,31세,경상
2021031300100410,2021년 3월 13일 18시,토요일,대구광역시 남구 대명동,경상사고,0,0,1,1,차대차 - 측면충돌,안전운전불이행,건조,맑음,교차로 - 교차로안,승용,남,59세,부상신고,승용,남,30세,경상
2021031300100411,2021년 3월 13일 18시,토요일,대구광역시 달서구 대천동,경상사고,0,0,1,0,차대차 - 측면충돌,안전운전불이행,건조,맑음,교차로 - 교차로횡단보도내,화물,남,28세,상해없음,자전거,남,13세,경상
2021031300100448,2021년 3월 13일 19시,토요일,대구광역시 남구 이천동,경상사고,0,0,1,0,차대차 - 측면충돌,차로위반,건조,맑음,교차로 - 교차로부근,기타불명,기타불명,미분류,기타불명,승합,남,62세,상해없음
2021031300100449,2021년 3월 13일 19시,토요일,대구광역시 달서구 대천동,경상사고,0,0,4,0,차대차 - 측면충돌,교차로운행방법위반,건조,맑음,교차로 - 교차로횡단보도내,승용,여,44세,경상,승용,남,34세,경상
2021031300100450,2021년 3월 13일 19시,토요일,대구광역시 북구 산격동,중상사고,0,1,1,0,차대차 - 측면충돌,안전운전불이행,건조,맑음,단일로 - 기타,승용,남,38세,경상,화물,남,49세,상해없음
2021031300100451,2021년 3월 13일 19시,토요일,대구광역시 서구 평리동,중상사고,0,1,3,0,차대차 - 측면충돌,불법유턴,건조,맑음,교차로 - 교차로부근,승용,남,23세,상해없음,이륜,남,55세,중상
2021031300100452,2021년 3월 13일 19시,토요일,대구광역시 중구 계산동2가,경상사고,0,0,3,0,차대차 - 기타,안전거리미확보,건조,맑음,단일로 - 기타,승용,남,27세,상해없음,승용,남,36세,경상
2021031300100497,2021년 3월 13일 21시,토요일,대구광역시 동구 신암동,경상사고,0,0,2,0,차대차 - 측면충돌,교차로운행방법위반,건조,맑음,교차로 - 교차로안,승용,남,43세,경상,승용,남,36세,경상
2021031300100498,2021년 3월 13일 21시,토요일,대구광역시 북구 국우동,경상사고,0,0,4,0,차대차 - 추돌,안전운전불이행,건조,맑음,단일로 - 기타,승용,남,40세,상해없음,승용,여,51세,경상
2021031300100523,2021년 3월 13일 22시,토요일,대구광역시 서구 평리동,중상사고,0,1,5,0,차대차 - 기타,안전운전불이행,건조,맑음,단일로 - 기타,승용,여,58세,상해없음,승합,남,61세,중상
2021031400100050,2021년 3월 14일 07시,일요일,대구광역시 수성구 범어동,경상사고,0,0,2,0,차대차 - 측면충돌,신호위반,건조,맑음,교차로 - 교차로안,승용,남,85세,경상,승용,남,57세,경상
2021031400100101,2021년 3월 14일 11시,일요일,대구광역시 동구 중대동,경상사고,0,0,3,0,차대차 - 측면충돌,안전운전불이행,건조,맑음,단일로 - 기타,승용,남,27세,상해없음,승용,남,49세,경상
2021031400100102,2021년 3월 14일 11시,일요일,대구광역시 달서구 용산동,경상사고,0,0,1,0,차대차 - 측면충돌,안전거리미확보,건조,맑음,단일로 - 기타,기타불명,기타불명,미분류,기타불명,승용,남,29세,경상
2021031400100129,2021년 3월 14일 12시,일요일,대구광역시 동구 송정동,경상사고,0,0,2,0,차대차 - 정면충돌,중앙선침범,건조,맑음,단일로 - 기타,승용,여,72세,상해없음,승용,여,51세,경상
2021031400100130,2021년 3월 14일 12시,일요일,대구광역시 달성군 가창면,중상사고,0,1,2,0,차대차 - 기타,안전운전불이행,건조,맑음,주차장 - 주차장,승용,남,78세,상해없음,승용,여,43세,기타불명
2021031400100149,2021년 3월 14일 13시,일요일,대구광역시 수성구 상동,경상사고,0,0,1,0,차대차 - 측면충돌,안전운전불이행,건조,맑음,단일로 - 기타,화물,남,55세,상해없음,자전거,남,55세,경상
2021031400100150,2021년 3월 14일 13시,일요일,대구광역시 수성구 범어동,중상사고,0,1,0,0,차대차 - 측면충돌,안전운전불이행,건조,맑음,단일로 - 기타,승용,여,66세,상해없음,이륜,남,26세,중상
2021031400100151,2021년 3월 14일 13시,일요일,대구광역시 달서구 대곡동,경상사고,0,0,1,0,차대차 - 측면충돌,안전운전불이행,건조,맑음,교차로 - 교차로부근,승용,여,37세,상해없음,승용,남,61세,경상
2021031400100152,2021년 3월 14일 13시,일요일,대구광역시 북구 침산동,경상사고,0,0,2,0,차대차 - 측면충돌,안전운전불이행,건조,맑음,교차로 - 교차로부근,승용,여,38세,상해없음,승용,남,38세,경상
2021031400100180,2021년 3월 14일 14시,일요일,대구광역시 수성구 수성동1가,경상사고,0,0,1,0,차대차 - 기타,불법유턴,건조,맑음,교차로 - 교차로부근,승용,여,57세,상해없음,이륜,남,29세,경상
2021031400100181,2021년 3월 14일 14시,일요일,대구광역시 달서구 신당동,경상사고,0,0,1,0,차대차 - 추돌,안전운전불이행,건조,맑음,단일로 - 기타,화물,남,66세,상해없음,승용,여,63세,경상
2021031400100202,2021년 3월 14일 15시,일요일,대구광역시 북구 칠성동2가,경상사고,0,0,1,0,차대차 - 기타,교차로운행방법위반,건조,맑음,교차로 - 교차로안,승용,남,64세,경상,승용,남,36세,상해없음
2021031400100229,2021년 3월 14일 16시,일요일,대구광역시 달서구 대천동,경상사고,0,0,5,0,차대차 - 추돌,안전운전불이행,건조,맑음,단일로 - 기타,화물,남,59세,상해없음,승용,남,49세,경상
2021031400100234,2021년 3월 14일 16시,일요일,대구광역시 달성군 화원읍,경상사고,0,0,1,0,차대차 - 기타,안전운전불이행,건조,맑음,교차로 - 교차로안,승용,남,52세,상해없음,승용,여,53세,경상
2021031400100265,2021년 3월 14일 17시,일요일,대구광역시 북구 노원동2가,경상사고,0,0,1,0,차대차 - 기타,안전거리미확보,건조,맑음,단일로 - 기타,승용,여,57세,상해없음,승합,남,58세,상해없음
2021031400100266,2021년 3월 14일 17시,일요일,대구광역시 달서구 성당동,경상사고,0,0,1,0,차대차 - 측면충돌,안전운전불이행,건조,맑음,단일로 - 기타,승용,남,63세,상해없음,승용,남,39세,상해없음
2021031400100290,2021년 3월 14일 18시,일요일,대구광역시 중구 남산동,경상사고,0,0,1,0,차대차 - 측면충돌,안전운전불이행,건조,맑음,단일로 - 기타,승용,남,44세,상해없음,자전거,남,60세,경상
2021031400100332,2021년 3월 14일 19시,일요일,대구광역시 북구 읍내동,경상사고,0,0,3,1,차대차 - 정면충돌,신호위반,건조,맑음,교차로 - 교차로안,원동기,남,24세,부상신고,승용,남,63세,경상
2021031400100348,2021년 3월 14일 20시,일요일,대구광역시 북구 침산동,경상사고,0,0,1,0,차대차 - 측면충돌,신호위반,건조,맑음,교차로 - 교차로부근,승용,남,47세,상해없음,자전거,남,19세,경상
2021031400100349,2021년 3월 14일 20시,일요일,대구광역시 달서구 장기동,경상사고,0,0,1,0,차대차 - 측면충돌,안전운전불이행,건조,맑음,교차로 - 교차로안,승용,남,42세,상해없음,이륜,남,48세,경상
2021031400100350,2021년 3월 14일 20시,일요일,대구광역시 북구 태전동,사망사고,1,0,0,0,차대사람 - 기타,안전운전불이행,건조,맑음,단일로 - 기타,승용,남,44세,상해없음,보행자,여,57세,사망
2021031400100367,2021년 3월 14일 21시,일요일,대구광역시 남구 대명동,경상사고,0,0,1,0,차대차 - 측면충돌,중앙선침범,건조,맑음,단일로 - 기타,이륜,남,21세,상해없음,자전거,여,61세,경상
2021031400100368,2021년 3월 14일 21시,일요일,대구광역시 달서구 감삼동,경상사고,0,0,1,0,차대차 - 측면충돌,안전운전불이행,건조,맑음,단일로 - 기타,승용,남,66세,상해없음,승용,남,51세,기타불명
2021031400100399,2021년 3월 14일 22시,일요일,대구광역시 서구 비산동,경상사고,0,0,1,0,차대차 - 측면충돌,안전운전불이행,건조,맑음,단일로 - 기타,원동기,남,25세,상해없음,원동기,남,22세,경상
2021031400100400,2021년 3월 14일 22시,일요일,대구광역시 달서구 파호동,경상사고,0,0,2,0,차대차 - 추돌,교차로운행방법위반,건조,흐림,교차로 - 교차로안,승용,남,28세,상해없음,승용,남,21세,상해없음
2021031400100416,2021년 3월 14일 23시,일요일,대구광역시 동구 도학동,부상신고사고,0,0,0,1,차량단독 - 기타,안전운전불이행,건조,맑음,단일로 - 기타,승용,남,31세,부상신고,,,,
2021031400100417,2021년 3월 14일 23시,일요일,대구광역시 수성구 범어동,경상사고,0,0,1,0,차대차 - 측면충돌,안전운전불이행,건조,맑음,단일로 - 기타,승용,남,26세,상해없음,승용,남,63세,기타불명
2021031500100012,2021년 3월 15일 02시,월요일,대구광역시 동구 각산동,경상사고,0,0,4,2,차대차 - 측면충돌,신호위반,건조,맑음,교차로 - 교차로안,승용,남,19세,부상신고,승용,남,18세,경상
2021031500100013,2021년 3월 15일 02시,월요일,대구광역시 수성구 수성동2가,중상사고,0,1,0,0,차대차 - 측면충돌,안전운전불이행,건조,맑음,교차로 - 교차로안,승용,남,23세,상해없음,이륜,남,29세,중상
2021031500100052,2021년 3월 15일 07시,월요일,대구광역시 달서구 월암동,경상사고,0,0,1,0,차대차 - 후진중충돌,안전운전불이행,건조,맑음,단일로 - 기타,화물,남,49세,상해없음,승용,여,37세,경상
2021031500100092,2021년 3월 15일 08시,월요일,대구광역시 동구 각산동,경상사고,0,0,1,0,차대차 - 측면충돌,안전거리미확보,건조,맑음,교차로 - 교차로부근,승용,남,29세,상해없음,승용,남,38세,경상
2021031500100093,2021년 3월 15일 08시,월요일,대구광역시 수성구 황금동,경상사고,0,0,1,0,차대차 - 측면충돌,안전운전불이행,건조,맑음,교차로 - 교차로안,승용,남,62세,상해없음,승용,남,33세,경상
2021031500100094,2021년 3월 15일 08시,월요일,대구광역시 서구 평리동,경상사고,0,0,1,0,차대차 - 추돌,안전운전불이행,건조,맑음,단일로 - 지하차도(도로)내,승용,남,69세,상해없음,승용,여,50세,경상
2021031500100095,2021년 3월 15일 08시,월요일,대구광역시 중구 태평로3가,중상사고,0,1,1,0,차대차 - 측면충돌,신호위반,건조,맑음,교차로 - 교차로안,승용,남,39세,중상,승용,남,56세,경상
2021031500100096,2021년 3월 15일 08시,월요일,대구광역시 달서구 신당동,경상사고,0,0,1,0,차대사람 - 보도통행중,기타,건조,맑음,단일로 - 기타,개인형이동수단(PM),여,41세,상해없음,보행자,여,66세,경상
2021031500100132,2021년 3월 15일 09시,월요일,대구광역시 동구 율하동,경상사고,0,0,1,1,차대차 - 측면충돌,안전운전불이행,건조,맑음,단일로 - 기타,이륜,남,16세,부상신고,승용,남,41세,경상
2021031500100133,2021년 3월 15일 09시,월요일,대구광역시 중구 태평로3가,부상신고사고,0,0,0,1,차대차 - 추돌,안전운전불이행,건조,맑음,단일로 - 기타,승용,남,40세,상해없음,승용,여,69세,상해없음
2021031500100165,2021년 3월 15일 10시,월요일,대구광역시 달서구 죽전동,경상사고,0,0,1,0,차대차 - 측면충돌,안전운전불이행,건조,맑음,교차로 - 교차로안,승용,남,50세,상해없음,이륜,남,57세,경상
2021031500100190,2021년 3월 15일 11시,월요일,대구광역시 남구 대명동,경상사고,0,0,2,0,차대차 - 측면충돌,안전운전불이행,건조,맑음,단일로 - 기타,승용,남,49세,경상,승용,남,32세,경상
2021031500100191,2021년 3월 15일 11시,월요일,대구광역시 동구 신암동,경상사고,0,0,1,0,차대사람 - 기타,안전운전불이행,건조,맑음,단일로 - 기타,자전거,남,52세,상해없음,보행자,남,75세,경상
2021031500100219,2021년 3월 15일 12시,월요일,대구광역시 북구 산격동,경상사고,0,0,1,0,차대차 - 추돌,안전거리미확보,건조,맑음,단일로 - 기타,화물,남,68세,기타불명,승용,남,31세,경상
2021031500100220,2021년 3월 15일 12시,월요일,대구광역시 서구 평리동,경상사고,0,0,1,0,차대차 - 후진중충돌,안전운전불이행,건조,맑음,단일로 - 기타,승용,여,62세,상해없음,승용,남,34세,경상
2021031500100221,2021년 3월 15일 12시,월요일,대구광역시 중구 덕산동,중상사고,0,1,0,0,차대차 - 측면충돌,안전거리미확보,건조,맑음,단일로 - 기타,승용,남,44세,상해없음,이륜,남,37세,중상
2021031500100241,2021년 3월 15일 13시,월요일,대구광역시 남구 이천동,경상사고,0,0,1,0,차대차 - 측면충돌,안전운전불이행,건조,맑음,교차로 - 교차로안,자전거,여,61세,경상,이륜,남,27세,상해없음
2021031500100242,2021년 3월 15일 13시,월요일,대구광역시 수성구 지산동,경상사고,0,0,1,0,차대차 - 추돌,안전운전불이행,건조,맑음,교차로 - 교차로안,승용,남,36세,상해없음,승용,여,42세,경상
2021031500100243,2021년 3월 15일 13시,월요일,대구광역시 중구 동인동1가,경상사고,0,0,1,1,차대차 - 측면충돌,신호위반,건조,맑음,교차로 - 교차로부근,승용,여,40세,부상신고,승용,여,33세,경상
2021031500100310,2021년 3월 15일 15시,월요일,대구광역시 북구 칠성동1가,경상사고,0,0,1,0,차대사람 - 기타,안전운전불이행,건조,맑음,단일로 - 기타,승용,여,58세,기타불명,보행자,여,40세,경상
2021031500100311,2021년 3월 15일 15시,월요일,대구광역시 북구 학정동,경상사고,0,0,1,0,차대차 - 측면충돌,안전거리미확보,건조,맑음,단일로 - 교량,승용,남,65세,상해없음,승용,여,33세,경상
2021031500100340,2021년 3월 15일 16시,월요일,대구광역시 남구 대명동,중상사고,0,1,0,0,차대차 - 기타,안전운전불이행,건조,맑음,교차로 - 교차로안,화물,남,52세,상해없음,이륜,남,48세,중상
2021031500100341,2021년 3월 15일 16시,월요일,대구광역시 수성구 수성동1가,경상사고,0,0,1,0,차대사람 - 기타,안전운전불이행,건조,맑음,교차로 - 교차로안,화물,남,56세,상해없음,보행자,남,5세,경상
2021031500100342,2021년 3월 15일 16시,월요일,대구광역시 서구 비산동,경상사고,0,0,4,0,차대차 - 기타,신호위반,건조,맑음,교차로 - 교차로안,이륜,남,53세,경상,승용,여,38세,경상
2021031500100343,2021년 3월 15일 16시,월요일,대구광역시 중구 동인동3가,경상사고,0,0,2,0,차대차 - 측면충돌,신호위반,건조,맑음,기타 - 기타,승용,여,56세,상해없음,승용,여,66세,경상
2021031500100344,2021년 3월 15일 16시,월요일,대구광역시 북구 동변동,경상사고,0,0,1,0,차대차 - 측면충돌,중앙선침범,건조,맑음,단일로 - 지하차도(도로)내,승용,남,60세,상해없음,승용,여,38세,경상
2021031500100432,2021년 3월 15일 18시,월요일,대구광역시 달서구 두류동,경상사고,0,0,1,0,차대사람 - 횡단중,보행자보호의무위반,건조,맑음,교차로 - 교차로횡단보도내,화물,남,63세,상해없음,보행자,여,44세,경상
2021031500100470,2021년 3월 15일 19시,월요일,대구광역시 달서구 대천동,경상사고,0,0,1,0,차대차 - 기타,교차로운행방법위반,건조,맑음,단일로 - 기타,승용,남,38세,상해없음,승합,남,39세,경상
2021031500100471,2021년 3월 15일 19시,월요일,대구광역시 중구 사일동,경상사고,0,0,3,0,차대차 - 측면충돌,안전거리미확보,건조,맑음,단일로 - 기타,승용,남,24세,상해없음,승용,여,25세,경상
2021031500100535,2021년 3월 15일 22시,월요일,대구광역시 북구 대현동,경상사고,0,0,1,0,차대차 - 추돌,안전운전불이행,건조,맑음,교차로 - 교차로부근,승용,남,32세,상해없음,승용,여,47세,경상
2021031500100536,2021년 3월 15일 22시,월요일,대구광역시 달서구 신당동,경상사고,0,0,1,0,차대차 - 추돌,안전운전불이행,건조,맑음,교차로 - 교차로부근,승용,남,34세,상해없음,승용,남,26세,경상
2021031500100559,2021년 3월 15일 23시,월요일,대구광역시 남구 대명동,경상사고,0,0,1,0,차대차 - 측면충돌,안전거리미확보,건조,맑음,단일로 - 기타,승용,남,66세,상해없음,원동기,여,30세,경상
2021031600100030,2021년 3월 16일 03시,화요일,대구광역시 수성구 황금동,경상사고,0,0,1,0,차대사람 - 길가장자리구역통행중,안전운전불이행,건조,맑음,단일로 - 기타,승용,남,46세,상해없음,보행자,남,25세,경상
2021031600100122,2021년 3월 16일 08시,화요일,대구광역시 서구 비산동,경상사고,0,0,1,0,차대차 - 기타,안전운전불이행,건조,맑음,교차로 - 교차로안,승용,여,57세,상해없음,승합,남,50세,상해없음
2021031600100123,2021년 3월 16일 08시,화요일,대구광역시 달서구 용산동,경상사고,0,0,3,0,차대차 - 기타,안전운전불이행,건조,맑음,단일로 - 기타,승용,남,31세,상해없음,승용,남,55세,경상
2021031600100152,2021년 3월 16일 09시,화요일,대구광역시 수성구 만촌동,경상사고,0,0,1,0,차대차 - 측면충돌,안전거리미확보,건조,맑음,단일로 - 기타,건설기계,남,43세,상해없음,승용,여,39세,경상
2021031600100153,2021년 3월 16일 09시,화요일,대구광역시 수성구 황금동,경상사고,0,0,1,0,차대차 - 기타,안전운전불이행,건조,맑음,기타 - 기타,승용,여,29세,상해없음,승용,여,38세,경상
2021031600100154,2021년 3월 16일 09시,화요일,대구광역시 달서구 대천동,경상사고,0,0,1,0,차대차 - 추돌,안전운전불이행,건조,맑음,단일로 - 기타,승용,여,40세,상해없음,승용,여,30세,경상
2021031600100155,2021년 3월 16일 09시,화요일,대구광역시 달서구 이곡동,경상사고,0,0,1,0,차대차 - 기타,안전거리미확보,건조,맑음,단일로 - 기타,승용,남,64세,상해없음,승합,남,24세,상해없음
2021031600100184,2021년 3월 16일 10시,화요일,대구광역시 수성구 고모동,경상사고,0,0,1,0,차대사람 - 기타,안전운전불이행,건조,맑음,주차장 - 주차장,승용,남,51세,상해없음,보행자,남,30세,경상
2021031600100185,2021년 3월 16일 10시,화요일,대구광역시 수성구 중동,경상사고,0,0,1,0,차대차 - 측면충돌,안전거리미확보,건조,맑음,교차로 - 교차로안,승용,남,73세,상해없음,승용,남,40세,경상
2021031600100186,2021년 3월 16일 10시,화요일,대구광역시 북구 침산동,경상사고,0,0,1,0,차대차 - 측면충돌,안전거리미확보,건조,맑음,교차로 - 교차로부근,화물,남,51세,상해없음,승용,남,20세,경상
2021031600100187,2021년 3월 16일 10시,화요일,대구광역시 중구 태평로3가,부상신고사고,0,0,0,1,차대차 - 기타,안전운전불이행,건조,맑음,교차로 - 교차로안,이륜,남,35세,부상신고,화물,남,66세,상해없음
2021031600100216,2021년 3월 16일 11시,화요일,대구광역시 남구 대명동,경상사고,0,0,1,0,차대차 - 측면충돌,안전운전불이행,건조,맑음,교차로 - 교차로부근,승용,여,47세,상해없음,승용,남,68세,경상
2021031600100250,2021년 3월 16일 12시,화요일,대구광역시 수성구 만촌동,경상사고,0,0,1,0,차대차 - 기타,신호위반,건조,맑음,교차로 - 교차로안,건설기계,남,50세,상해없음,승합,남,56세,상해없음
2021031600100251,2021년 3월 16일 12시,화요일,대구광역시 서구 내당동,경상사고,0,0,1,0,차대차 - 측면충돌,안전운전불이행,건조,맑음,단일로 - 기타,승용,남,70세,상해없음,자전거,남,79세,경상
2021031600100252,2021년 3월 16일 12시,화요일,대구광역시 달서구 두류동,경상사고,0,0,1,0,차대사람 - 기타,안전운전불이행,건조,맑음,단일로 - 기타,승용,여,29세,상해없음,보행자,여,6세,경상
2021031600100282,2021년 3월 16일 13시,화요일,대구광역시 달성군 하빈면,중상사고,0,2,0,0,차대차 - 추돌,안전운전불이행,건조,맑음,교차로 - 교차로부근,승용,남,63세,상해없음,승용,남,31세,중상
2021031600100283,2021년 3월 16일 13시,화요일,대구광역시 달서구 두류동,중상사고,0,1,0,0,차대사람 - 기타,안전운전불이행,건조,맑음,주차장 - 주차장,승용,여,49세,상해없음,보행자,남,65세,중상
2021031600100309,2021년 3월 16일 14시,화요일,대구광역시 서구 상리동,경상사고,0,0,1,0,차대차 - 측면충돌,안전운전불이행,건조,맑음,단일로 - 기타,승용,여,43세,경상,화물,남,38세,상해없음
2021031600100312,2021년 3월 16일 14시,화요일,대구광역시 달서구 신당동,중상사고,0,1,0,0,차대차 - 기타,안전운전불이행,건조,맑음,기타 - 기타,승용,남,45세,상해없음,개인형이동수단(PM),남,18세,중상
2021031600100343,2021년 3월 16일 15시,화요일,대구광역시 수성구 두산동,중상사고,0,1,1,0,차대차 - 추돌,안전운전불이행,건조,맑음,교차로 - 교차로부근,승용,여,56세,상해없음,승용,여,60세,중상
2021031600100376,2021년 3월 16일 16시,화요일,대구광역시 동구 율하동,경상사고,0,0,1,0,차대사람 - 기타,안전운전불이행,건조,맑음,단일로 - 기타,승용,남,79세,상해없음,보행자,여,47세,경상
2021031600100377,2021년 3월 16일 16시,화요일,대구광역시 북구 칠성동1가,경상사고,0,0,1,0,차대차 - 측면충돌,안전운전불이행,건조,맑음,단일로 - 기타,승용,여,50세,상해없음,자전거,남,71세,경상
2021031600100378,2021년 3월 16일 16시,화요일,대구광역시 북구 팔달동,중상사고,0,1,0,0,차대차 - 측면충돌,불법유턴,건조,맑음,교차로 - 교차로부근,화물,남,45세,상해없음,이륜,남,26세,중상
2021031600100413,2021년 3월 16일 17시,화요일,대구광역시 달성군 가창면,경상사고,0,0,1,0,차량단독 - 공작물충돌,기타,건조,맑음,단일로 - 기타,승용,남,62세,경상,,,,
2021031600100414,2021년 3월 16일 17시,화요일,대구광역시 달성군 가창면,경상사고,0,0,1,0,차대차 - 기타,안전운전불이행,젖음/습기,맑음,교차로 - 교차로부근,승용,여,61세,상해없음,화물,남,65세,경상