사고번호,사고일시,요일,시군구,사고내용,사망자수,중상자수,경상자수,부상신고자수,사고유형,법규위반,노면상태,기상상태,도로형태,가해운전자 차종,가해운전자 성별,가해운전자 연령,가해운전자 상해정도,피해운전자 차종,피해운전자 성별,피해운전자 연령,피해운전자 상해정도
2021031600100460,2021년 3월 16일 18시,화요일,대구광역시 서구 평리동,경상사고,0,0,1,0,차대차 - 추돌,안전운전불이행,건조,맑음,교차로 - 교차로부근,승용,남,59세,상해없음,화물,남,50세,경상
2021031600100461,2021년 3월 16일 18시,화요일,대구광역시 달서구 갈산동,경상사고,0,0,2,0,차대차 - 기타,안전운전불이행,건조,맑음,교차로 - 교차로부근,화물,남,45세,상해없음,승용,남,33세,경상
2021031600100462,2021년 3월 16일 18시,화요일,대구광역시 달서구 호림동,중상사고,0,1,0,0,차대사람 - 횡단중,보행자보호의무위반,건조,맑음,교차로 - 교차로횡단보도내,승용,여,34세,상해없음,보행자,남,61세,중상
2021031600100501,2021년 3월 16일 19시,화요일,대구광역시 달서구 감삼동,경상사고,0,0,1,0,차대차 - 측면충돌,교차로운행방법위반,건조,맑음,교차로 - 교차로횡단보도내,승용,남,52세,상해없음,승용,여,57세,경상
2021031600100525,2021년 3월 16일 20시,화요일,대구광역시 수성구 범어동,경상사고,0,0,1,0,차대차 - 측면충돌,안전운전불이행,건조,맑음,단일로 - 기타,승용,여,56세,상해없음,이륜,남,55세,경상
2021031600100526,2021년 3월 16일 20시,화요일,대구광역시 달서구 상인동,경상사고,0,0,1,0,차대차 - 기타,안전운전불이행,건조,맑음,단일로 - 기타,원동기,남,34세,상해없음,승합,남,46세,상해없음
2021031600100527,2021년 3월 16일 20시,화요일,대구광역시 북구 읍내동,경상사고,0,0,1,0,차대차 - 측면충돌,교차로운행방법위반,건조,맑음,교차로 - 교차로안,승용,남,44세,상해없음,이륜,남,29세,경상
2021031600100542,2021년 3월 16일 21시,화요일,대구광역시 동구 방촌동,경상사고,0,0,1,1,차대사람 - 기타,안전운전불이행,건조,맑음,단일로 - 기타,자전거,남,41세,부상신고,보행자,남,56세,경상
2021031600100543,2021년 3월 16일 21시,화요일,대구광역시 서구 중리동,경상사고,0,0,5,0,차대차 - 측면충돌,교차로운행방법위반,건조,맑음,교차로 - 교차로부근,승용,남,21세,경상,승용,남,25세,경상
2021031600100572,2021년 3월 16일 22시,화요일,대구광역시 달서구 상인동,경상사고,0,0,1,0,차대차 - 기타,안전운전불이행,건조,맑음,단일로 - 기타,승용,여,61세,경상,승합,남,71세,상해없음
2021031600100573,2021년 3월 16일 22시,화요일,대구광역시 북구 복현동,경상사고,0,0,1,0,차대차 - 추돌,안전거리미확보,건조,맑음,단일로 - 기타,승용,남,31세,상해없음,승용,남,40세,경상
2021031600100596,2021년 3월 16일 23시,화요일,대구광역시 서구 평리동,경상사고,0,0,1,0,차대차 - 기타,안전운전불이행,건조,맑음,교차로 - 교차로안,기타불명,기타불명,미분류,기타불명,승용,남,63세,상해없음
2021031600100597,2021년 3월 16일 23시,화요일,대구광역시 북구 서변동,경상사고,0,0,1,0,차대차 - 추돌,안전운전불이행,건조,맑음,단일로 - 지하차도(도로)내,승용,여,51세,기타불명,승용,기타불명,미분류,기타불명
2021031700100006,2021년 3월 17일 00시,수요일,대구광역시 수성구 시지동,경상사고,0,0,2,0,차대차 - 추돌,안전운전불이행,건조,맑음,교차로 - 교차로부근,승용,남,51세,상해없음,승용,남,72세,경상
2021031700100010,2021년 3월 17일 01시,수요일,대구광역시 수성구 성동,경상사고,0,0,1,2,차대차 - 기타,안전운전불이행,건조,맑음,단일로 - 기타,승용,남,26세,상해없음,승용,남,25세,경상
2021031700100013,2021년 3월 17일 02시,수요일,대구광역시 중구 동인동3가,중상사고,0,1,1,0,차대차 - 측면충돌,신호위반,건조,맑음,교차로 - 교차로안,승용,남,53세,상해없음,승용,남,50세,중상
2021031700100029,2021년 3월 17일 05시,수요일,대구광역시 달서구 장기동,경상사고,0,0,3,0,차대차 - 측면충돌,신호위반,건조,맑음,교차로 - 교차로안,승용,남,38세,상해없음,승용,남,37세,경상
2021031700100059,2021년 3월 17일 07시,수요일,대구광역시 수성구 가천동,중상사고,0,1,0,0,차량단독 - 기타,안전운전불이행,건조,맑음,단일로 - 기타,원동기,남,40세,중상,,,,
2021031700100090,2021년 3월 17일 08시,수요일,대구광역시 달성군 논공읍,중상사고,0,1,1,0,차대차 - 기타,직진우회전진행방해,건조,맑음,교차로 - 교차로안,원동기,여,29세,경상,승용,여,70세,중상
2021031700100119,2021년 3월 17일 09시,수요일,대구광역시 달성군 구지면,경상사고,0,0,1,0,차대차 - 측면충돌,안전운전불이행,건조,맑음,단일로 - 기타,승용,여,43세,상해없음,승용,여,35세,경상
2021031700100120,2021년 3월 17일 09시,수요일,대구광역시 북구 칠성동1가,경상사고,0,0,1,0,차대차 - 측면충돌,불법유턴,건조,맑음,교차로 - 교차로부근,승용,남,76세,상해없음,승용,남,31세,경상
2021031700100121,2021년 3월 17일 09시,수요일,대구광역시 북구 구암동,경상사고,0,0,1,0,차대차 - 기타,교차로운행방법위반,건조,맑음,교차로 - 교차로안,승용,여,53세,상해없음,승용,남,34세,경상
2021031700100146,2021년 3월 17일 10시,수요일,대구광역시 수성구 범어동,경상사고,0,0,1,0,차대차 - 추돌,안전운전불이행,건조,맑음,단일로 - 기타,승용,남,73세,상해없음,승용,여,29세,경상
2021031700100179,2021년 3월 17일 11시,수요일,대구광역시 달서구 감삼동,경상사고,0,0,1,0,차대차 - 측면충돌,안전운전불이행,건조,맑음,단일로 - 기타,승용,여,54세,상해없음,승용,여,31세,경상
2021031700100207,2021년 3월 17일 12시,수요일,대구광역시 동구 불로동,경상사고,0,0,1,0,차대차 - 기타,안전운전불이행,건조,맑음,교차로 - 교차로부근,승용,남,76세,상해없음,승용,남,44세,경상
2021031700100208,2021년 3월 17일 12시,수요일,대구광역시 수성구 범어동,중상사고,0,1,0,0,차대차 - 측면충돌,안전운전불이행,건조,맑음,단일로 - 기타,승용,여,60세,상해없음,승용,여,50세,중상
2021031700100209,2021년 3월 17일 12시,수요일,대구광역시 북구 관음동,경상사고,0,0,1,0,차대차 - 측면충돌,안전운전불이행,건조,맑음,단일로 - 기타,화물,남,83세,상해없음,승용,여,58세,경상
2021031700100314,2021년 3월 17일 15시,수요일,대구광역시 수성구 파동,중상사고,0,1,0,0,차대차 - 추돌,안전운전불이행,건조,맑음,단일로 - 기타,승합,남,61세,상해없음,승용,남,78세,중상
2021031700100315,2021년 3월 17일 15시,수요일,대구광역시 서구 비산동,경상사고,0,0,1,0,차대차 - 기타,안전운전불이행,건조,맑음,단일로 - 기타,승용,남,58세,상해없음,승용,남,46세,경상
2021031700100316,2021년 3월 17일 15시,수요일,대구광역시 서구 평리동,경상사고,0,0,1,0,차대사람 - 보도통행중,기타,건조,맑음,단일로 - 기타,승용,남,47세,상해없음,보행자,여,59세,경상
2021031700100350,2021년 3월 17일 16시,수요일,대구광역시 동구 신기동,경상사고,0,0,1,0,차대차 - 측면충돌,안전운전불이행,건조,맑음,단일로 - 기타,승용,남,71세,상해없음,승용,남,34세,경상
2021031700100391,2021년 3월 17일 17시,수요일,대구광역시 수성구 매호동,중상사고,0,1,1,0,차대차 - 측면충돌,중앙선침범,건조,맑음,단일로 - 기타,승용,남,77세,상해없음,승용,남,20세,중상
2021031700100392,2021년 3월 17일 17시,수요일,대구광역시 달서구 대천동,중상사고,0,1,0,0,차대차 - 추돌,신호위반,건조,맑음,교차로 - 교차로안,승용,여,51세,기타불명,승용,여,31세,중상
2021031700100393,2021년 3월 17일 17시,수요일,대구광역시 중구 남산동,경상사고,0,0,1,0,차대차 - 측면충돌,안전거리미확보,건조,맑음,교차로 - 교차로부근,화물,남,61세,상해없음,화물,남,30세,경상
2021031700100394,2021년 3월 17일 17시,수요일,대구광역시 북구 태전동,중상사고,0,1,0,0,차대차 - 측면충돌,신호위반,건조,맑음,교차로 - 교차로안,승용,남,66세,상해없음,이륜,남,36세,중상
2021031700100433,2021년 3월 17일 18시,수요일,대구광역시 수성구 범어동,경상사고,0,0,1,0,차대사람 - 기타,안전운전불이행,건조,맑음,기타 - 기타,승용,남,56세,상해없음,보행자,남,33세,경상
2021031700100467,2021년 3월 17일 19시,수요일,대구광역시 북구 침산동,중상사고,0,1,0,0,차대차 - 추돌,안전거리미확보,건조,맑음,단일로 - 기타,승용,남,56세,상해없음,승용,남,51세,중상
2021031700100468,2021년 3월 17일 19시,수요일,대구광역시 북구 동천동,경상사고,0,0,1,0,차대차 - 측면충돌,안전운전불이행,건조,맑음,교차로 - 교차로안,기타불명,기타불명,미분류,기타불명,이륜,남,24세,경상
2021031700100510,2021년 3월 17일 20시,수요일,대구광역시 달서구 대곡동,경상사고,0,0,3,0,차대차 - 추돌,안전운전불이행,건조,맑음,단일로 - 기타,승용,남,66세,상해없음,승합,남,37세,경상
2021031700100511,2021년 3월 17일 20시,수요일,대구광역시 달서구 대천동,중상사고,0,1,1,0,차대차 - 측면충돌,안전운전불이행,건조,맑음,교차로 - 교차로안,승용,여,28세,상해없음,승용,여,29세,중상
2021031700100512,2021년 3월 17일 20시,수요일,대구광역시 서구 평리동,경상사고,0,0,1,0,차대차 - 측면충돌,신호위반,건조,맑음,교차로 - 교차로안,승용,남,22세,상해없음,이륜,남,26세,경상
2021031700100535,2021년 3월 17일 21시,수요일,대구광역시 달서구 진천동,경상사고,0,0,1,0,차대차 - 측면충돌,안전운전불이행,건조,맑음,교차로 - 교차로부근,승용,남,62세,상해없음,승용,여,50세,경상
2021031700100536,2021년 3월 17일 21시,수요일,대구광역시 달서구 장동,중상사고,0,1,1,0,차대차 - 기타,신호위반,건조,맑음,교차로 - 교차로안,승용,남,60세,상해없음,승용,남,60세,중상
2021031700100537,2021년 3월 17일 21시,수요일,대구광역시 달서구 신당동,경상사고,0,0,1,0,차대사람 - 기타,기타,건조,맑음,기타 - 기타,개인형이동수단(PM),여,18세,상해없음,보행자,여,19세,경상
2021031700100538,2021년 3월 17일 21시,수요일,대구광역시 북구 태전동,중상사고,0,1,0,0,차대사람 - 횡단중,보행자보호의무위반,건조,흐림,교차로 - 교차로안,승용,여,25세,상해없음,보행자,여,68세,중상
2021031700100562,2021년 3월 17일 22시,수요일,대구광역시 달서구 본동,경상사고,0,0,1,0,차대차 - 측면충돌,안전거리미확보,건조,맑음,교차로 - 교차로횡단보도내,승용,남,53세,상해없음,승용,남,22세,경상
2021031800100008,2021년 3월 18일 00시,목요일,대구광역시 수성구 두산동,경상사고,0,0,1,0,차대차 - 기타,안전운전불이행,건조,맑음,교차로 - 교차로안,기타불명,기타불명,미분류,기타불명,이륜,남,40세,경상
2021031800100009,2021년 3월 18일 00시,목요일,대구광역시 달서구 감삼동,경상사고,0,0,2,0,차대차 - 기타,안전거리미확보,건조,맑음,단일로 - 기타,승용,남,49세,경상,승용,남,60세,경상
2021031800100038,2021년 3월 18일 05시,목요일,대구광역시 달서구 본동,중상사고,0,1,0,0,차대차 - 측면충돌,신호위반,건조,맑음,교차로 - 교차로안,화물,남,64세,상해없음,승용,여,32세,중상
2021031800100049,2021년 3월 18일 06시,목요일,대구광역시 달서구 월성동,경상사고,0,0,1,0,차대차 - 측면충돌,신호위반,건조,맑음,교차로 - 교차로안,승용,여,57세,상해없음,승용,남,31세,경상
2021031800100070,2021년 3월 18일 07시,목요일,대구광역시 달서구 신당동,중상사고,0,1,0,0,차대차 - 측면충돌,안전운전불이행,건조,맑음,단일로 - 기타,승용,남,49세,상해없음,자전거,여,58세,중상
2021031800100071,2021년 3월 18일 07시,목요일,대구광역시 북구 관음동,경상사고,0,0,1,0,차대차 - 측면충돌,안전운전불이행,건조,맑음,교차로 - 교차로부근,승용,남,59세,상해없음,화물,남,44세,경상
2021031800100102,2021년 3월 18일 08시,목요일,대구광역시 수성구 황금동,경상사고,0,0,1,0,차대차 - 측면충돌,안전운전불이행,건조,맑음,기타 - 기타,승용,남,51세,상해없음,자전거,남,12세,경상
2021031800100103,2021년 3월 18일 08시,목요일,대구광역시 서구 비산동,경상사고,0,0,1,0,차대차 - 측면충돌,안전운전불이행,건조,맑음,교차로 - 교차로부근,화물,남,77세,상해없음,승용,여,35세,경상
2021031800100104,2021년 3월 18일 08시,목요일,대구광역시 달서구 장동,경상사고,0,0,1,0,차대차 - 측면충돌,기타,건조,맑음,교차로 - 교차로안,화물,남,54세,기타불명,승용,남,48세,경상
2021031800100127,2021년 3월 18일 09시,목요일,대구광역시 달서구 월성동,경상사고,0,0,1,0,차대차 - 측면충돌,교차로운행방법위반,건조,맑음,교차로 - 교차로안,승용,남,54세,상해없음,원동기,남,50세,경상
2021031800100147,2021년 3월 18일 10시,목요일,대구광역시 동구 각산동,경상사고,0,0,1,1,차대차 - 기타,교차로운행방법위반,건조,맑음,교차로 - 교차로안,승용,여,55세,부상신고,승용,여,62세,경상
2021031800100148,2021년 3월 18일 10시,목요일,대구광역시 달서구 상인동,경상사고,0,0,1,0,차대차 - 기타,안전운전불이행,건조,맑음,단일로 - 기타,이륜,남,37세,상해없음,자전거,남,63세,경상
2021031800100149,2021년 3월 18일 10시,목요일,대구광역시 달성군 현풍읍,중상사고,0,1,1,0,차대차 - 측면충돌,안전거리미확보,건조,맑음,교차로 - 교차로부근,승용,남,34세,상해없음,승용,남,30세,경상
2021031800100209,2021년 3월 18일 12시,목요일,대구광역시 달서구 감삼동,경상사고,0,0,1,0,차대차 - 후진중충돌,안전운전불이행,건조,맑음,주차장 - 주차장,화물,남,60세,상해없음,승용,여,47세,경상
2021031800100303,2021년 3월 18일 15시,목요일,대구광역시 남구 봉덕동,경상사고,0,0,2,1,차대차 - 추돌,안전운전불이행,건조,맑음,단일로 - 기타,승용,남,54세,부상신고,승용,여,25세,경상
2021031800100304,2021년 3월 18일 15시,목요일,대구광역시 동구 괴전동,경상사고,0,0,1,0,차대차 - 측면충돌,중앙선침범,건조,맑음,기타 - 기타,이륜,남,72세,경상,승용,여,39세,상해없음
2021031800100378,2021년 3월 18일 17시,목요일,대구광역시 수성구 범어동,경상사고,0,0,1,0,차대차 - 추돌,안전운전불이행,건조,맑음,단일로 - 기타,이륜,남,37세,상해없음,승용,남,49세,경상
2021031800100379,2021년 3월 18일 17시,목요일,대구광역시 수성구 시지동,중상사고,0,1,0,0,차대사람 - 보도통행중,기타,건조,맑음,단일로 - 기타,이륜,남,65세,상해없음,보행자,여,53세,중상
2021031800100407,2021년 3월 18일 18시,목요일,대구광역시 수성구 범어동,경상사고,0,0,1,0,차대차 - 측면충돌,안전운전불이행,건조,맑음,단일로 - 기타,승용,남,62세,기타불명,승용,여,71세,경상
2021031800100439,2021년 3월 18일 19시,목요일,대구광역시 북구 동천동,경상사고,0,0,1,0,차대차 - 측면충돌,안전운전불이행,건조,맑음,단일로 - 지하차도(도로)내,승용,남,23세,상해없음,승용,남,52세,경상
2021031800100465,2021년 3월 18일 20시,목요일,대구광역시 달서구 월성동,경상사고,0,0,1,0,차대차 - 기타,안전거리미확보,건조,맑음,교차로 - 교차로부근,원동기,남,38세,상해없음,승용,남,61세,경상
2021031800100487,2021년 3월 18일 21시,목요일,대구광역시 수성구 만촌동,경상사고,0,0,1,0,차대사람 - 기타,안전운전불이행,건조,맑음,단일로 - 기타,승용,여,59세,상해없음,보행자,남,41세,경상
2021031800100521,2021년 3월 18일 23시,목요일,대구광역시 중구 달성동,경상사고,0,0,2,0,차대차 - 기타,안전거리미확보,건조,맑음,교차로 - 교차로안,승용,남,66세,상해없음,승용,남,41세,경상
2021031900100006,2021년 3월 19일 00시,금요일,대구광역시 동구 신암동,경상사고,0,0,1,0,차대차 - 추돌,안전운전불이행,건조,맑음,단일로 - 기타,이륜,남,25세,상해없음,승용,남,63세,경상
2021031900100024,2021년 3월 19일 03시,금요일,대구광역시 중구 삼덕동1가,경상사고,0,0,1,0,차대사람 - 기타,기타,건조,흐림,단일로 - 기타,승용,남,60세,상해없음,보행자,남,20세,경상
2021031900100026,2021년 3월 19일 04시,금요일,대구광역시 동구 각산동,중상사고,0,3,0,0,차량단독 - 공작물충돌,안전운전불이행,건조,맑음,교차로 - 교차로안,승용,남,21세,중상,,,,
2021031900100035,2021년 3월 19일 05시,금요일,대구광역시 달서구 신당동,경상사고,0,0,1,0,차대차 - 측면충돌,교차로운행방법위반,건조,맑음,교차로 - 교차로안,승합,남,71세,기타불명,승합,남,60세,경상
2021031900100044,2021년 3월 19일 06시,금요일,대구광역시 서구 비산동,경상사고,0,0,1,0,차대차 - 후진중충돌,안전운전불이행,건조,맑음,단일로 - 기타,승용,남,57세,상해없음,이륜,남,26세,경상
2021031900100095,2021년 3월 19일 08시,금요일,대구광역시 북구 복현동,경상사고,0,0,1,0,차대차 - 기타,안전운전불이행,건조,맑음,교차로 - 교차로부근,승용,남,62세,상해없음,승용,남,26세,경상
2021031900100123,2021년 3월 19일 09시,금요일,대구광역시 동구 신천동,경상사고,0,0,1,0,차대차 - 측면충돌,교차로운행방법위반,건조,맑음,교차로 - 교차로안,승용,남,80세,상해없음,승용,남,28세,경상
2021031900100124,2021년 3월 19일 09시,금요일,대구광역시 중구 동인동4가,경상사고,0,0,2,0,차대차 - 측면충돌,안전운전불이행,건조,맑음,단일로 - 지하차도(도로)내,승용,남,75세,기타불명,승합,남,52세,경상
2021031900100156,2021년 3월 19일 10시,금요일,대구광역시 동구 지저동,경상사고,0,0,6,0,차대차 - 추돌,안전거리미확보,건조,맑음,교차로 - 교차로부근,승합,남,50세,상해없음,승합,남,61세,상해없음
2021031900100157,2021년 3월 19일 10시,금요일,대구광역시 달서구 상인동,경상사고,0,0,1,0,차대차 - 측면충돌,교차로운행방법위반,건조,맑음,교차로 - 교차로안,승용,여,37세,상해없음,이륜,남,62세,상해없음
2021031900100187,2021년 3월 19일 11시,금요일,대구광역시 동구 효목동,경상사고,0,0,1,0,차대차 - 후진중충돌,안전운전불이행,건조,맑음,단일로 - 기타,승용,남,59세,상해없음,승용,남,22세,경상
2021031900100220,2021년 3월 19일 12시,금요일,대구광역시 수성구 황금동,경상사고,0,0,1,0,차대차 - 측면충돌,안전운전불이행,건조,맑음,단일로 - 기타,건설기계,남,43세,상해없음,승용,남,45세,경상
2021031900100221,2021년 3월 19일 12시,금요일,대구광역시 서구 비산동,경상사고,0,0,2,0,차대차 - 측면충돌,중앙선침범,건조,맑음,교차로 - 교차로안,이륜,여,66세,경상,승용,남,44세,경상
2021031900100259,2021년 3월 19일 13시,금요일,대구광역시 수성구 두산동,부상신고사고,0,0,0,1,차대차 - 측면충돌,신호위반,건조,맑음,단일로 - 기타,원동기,남,20세,상해없음,승용,남,60세,부상신고
2021031900100260,2021년 3월 19일 13시,금요일,대구광역시 달서구 감삼동,경상사고,0,0,1,0,차대사람 - 기타,안전운전불이행,건조,맑음,단일로 - 기타,기타불명,남,54세,상해없음,보행자,여,61세,경상
2021031900100288,2021년 3월 19일 14시,금요일,대구광역시 수성구 지산동,경상사고,0,0,2,0,차대차 - 측면충돌,안전운전불이행,건조,맑음,교차로 - 교차로안,승용,여,47세,경상,승용,남,51세,경상
2021031900100289,2021년 3월 19일 14시,금요일,대구광역시 달성군 가창면,중상사고,0,3,0,0,차량단독 - 기타,안전운전불이행,건조,맑음,단일로 - 기타,승용,남,66세,중상,,,,
2021031900100290,2021년 3월 19일 14시,금요일,대구광역시 서구 평리동,경상사고,0,0,1,0,차대차 - 추돌,안전거리미확보,건조,맑음,단일로 - 기타,화물,남,74세,상해없음,승용,남,64세,경상
2021031900100291,2021년 3월 19일 14시,금요일,대구광역시 달서구 죽전동,경상사고,0,0,2,0,차대차 - 기타,기타,건조,맑음,단일로 - 기타,승용,남,49세,상해없음,자전거,남,10세,경상
2021031900100331,2021년 3월 19일 15시,금요일,대구광역시 달성군 화원읍,경상사고,0,0,1,0,차대차 - 측면충돌,신호위반,건조,맑음,교차로 - 교차로부근,승용,남,40세,상해없음,이륜,남,24세,경상
2021031900100332,2021년 3월 19일 15시,금요일,대구광역시 달성군 하빈면,경상사고,0,0,1,0,차량단독 - 공작물충돌,안전운전불이행,건조,맑음,단일로 - 기타,승용,남,51세,경상,,,,
2021031900100333,2021년 3월 19일 15시,금요일,대구광역시 달서구 두류동,경상사고,0,0,1,0,차대차 - 기타,안전운전불이행,건조,맑음,단일로 - 기타,승용,남,78세,상해없음,승용,여,50세,경상
2021031900100334,2021년 3월 19일 15시,금요일,대구광역시 달서구 신당동,경상사고,0,0,2,0,차대차 - 추돌,안전거리미확보,건조,맑음,단일로 - 기타,화물,남,65세,상해없음,승용,남,69세,경상
2021031900100376,2021년 3월 19일 16시,금요일,대구광역시 수성구 만촌동,경상사고,0,0,1,0,차대차 - 측면충돌,교차로운행방법위반,건조,맑음,교차로 - 교차로안,승용,여,46세,상해없음,승용,남,31세,상해없음
2021031900100377,2021년 3월 19일 16시,금요일,대구광역시 달성군 다사읍,경상사고,0,0,1,0,차대차 - 기타,안전운전불이행,건조,맑음,교차로 - 교차로안,승용,남,46세,상해없음,자전거,여,56세,경상
2021031900100378,2021년 3월 19일 16시,금요일,대구광역시 달성군 화원읍,경상사고,0,0,3,0,차대차 - 추돌,안전운전불이행,건조,맑음,단일로 - 기타,승용,남,37세,상해없음,승용,남,70세,경상
2021031900100379,2021년 3월 19일 16시,금요일,대구광역시 달성군 다사읍,경상사고,0,0,1,0,차대사람 - 횡단중,안전운전불이행,건조,맑음,단일로 - 기타,화물,남,36세,상해없음,보행자,여,35세,경상
2021031900100380,2021년 3월 19일 16시,금요일,대구광역시 중구 봉산동,경상사고,0,0,1,0,차대차 - 측면충돌,안전거리미확보,건조,맑음,단일로 - 기타,승용,여,56세,상해없음,승용,여,28세,경상
2021031900100429,2021년 3월 19일 17시,금요일,대구광역시 달성군 현풍읍,중상사고,0,1,0,0,차대차 - 측면충돌,차로위반,건조,맑음,단일로 - 기타,이륜,여,78세,중상,승용,남,34세,상해없음
2021031900100430,2021년 3월 19일 17시,금요일,대구광역시 달서구 장동,경상사고,0,0,1,0,차대차 - 추돌,안전거리미확보,건조,맑음,단일로 - 기타,승용,남,63세,기타불명,승용,남,59세,기타불명
2021031900100431,2021년 3월 19일 17시,금요일,대구광역시 북구 학정동,경상사고,0,0,1,0,차대차 - 측면충돌,안전운전불이행,건조,맑음,단일로 - 기타,승용,여,38세,상해없음,승용,남,48세,경상
2021031900100466,2021년 3월 19일 18시,금요일,대구광역시 수성구 수성동1가,경상사고,0,0,1,0,차대차 - 측면충돌,안전운전불이행,건조,맑음,기타 - 기타,승용,여,46세,상해없음,이륜,남,33세,경상
2021031900100467,2021년 3월 19일 18시,금요일,대구광역시 수성구 황금동,부상신고사고,0,0,0,1,차대차 - 측면충돌,안전운전불이행,건조,맑음,교차로 - 교차로횡단보도내,자전거,여,39세,부상신고,자전거,여,38세,상해없음
2021031900100468,2021년 3월 19일 18시,금요일,대구광역시 달성군 다사읍,경상사고,0,0,2,0,차대차 - 기타,안전운전불이행,건조,맑음,단일로 - 기타,승용,남,39세,경상,승용,남,34세,경상
2021031900100469,2021년 3월 19일 18시,금요일,대구광역시 북구 학정동,중상사고,0,1,0,0,차대차 - 측면충돌,안전운전불이행,건조,맑음,교차로 - 교차로안,화물,남,33세,상해없음,원동기,남,60세,중상
2021031900100510,2021년 3월 19일 19시,금요일,대구광역시 수성구 수성동1가,경상사고,0,0,2,0,차대차 - 후진중충돌,안전운전불이행,건조,맑음,기타 - 기타,승용,여,43세,상해없음,승용,여,41세,경상
2021031900100511,2021년 3월 19일 19시,금요일,대구광역시 서구 내당동,중상사고,0,1,0,1,차대사람 - 차도통행중,안전운전불이행,건조,맑음,교차로 - 교차로부근,이륜,남,22세,부상신고,보행자,남,70세,중상
2021031900100512,2021년 3월 19일 19시,금요일,대구광역시 달서구 죽전동,경상사고,0,0,1,0,차대차 - 기타,안전운전불이행,건조,맑음,단일로 - 기타,승용,여,40세,상해없음,화물,남,32세,경상
2021031900100565,2021년 3월 19일 20시,금요일,대구광역시 북구 복현동,경상사고,0,0,1,0,차대차 - 기타,차로위반,건조,맑음,단일로 - 교량,승용,남,59세,상해없음,승용,남,65세,경상
2021031900100592,2021년 3월 19일 21시,금요일,대구광역시 수성구 범어동,경상사고,0,0,3,0,차대차 - 추돌,안전운전불이행,건조,맑음,단일로 - 기타,화물,남,65세,상해없음,승용,남,42세,경상
2021031900100593,2021년 3월 19일 21시,금요일,대구광역시 달성군 다사읍,경상사고,0,0,1,0,차대차 - 기타,신호위반,건조,맑음,교차로 - 교차로부근,이륜,남,17세,상해없음,승용,여,24세,경상
2021031900100594,2021년 3월 19일 21시,금요일,대구광역시 북구 구암동,경상사고,0,0,1,0,차대사람 - 기타,신호위반,건조,맑음,단일로 - 기타,승합,남,47세,상해없음,보행자,남,6세,경상
2021031900100632,2021년 3월 19일 22시,금요일,대구광역시 남구 이천동,경상사고,0,0,1,0,차대차 - 측면충돌,안전운전불이행,건조,맑음,단일로 - 지하차도(도로)내,승용,여,32세,상해없음,이륜,남,34세,경상
2021031900100633,2021년 3월 19일 22시,금요일,대구광역시 달서구 두류동,경상사고,0,0,1,0,차대차 - 측면충돌,안전운전불이행,건조,맑음,교차로 - 교차로부근,이륜,남,43세,기타불명,이륜,남,23세,경상
2021031900100658,2021년 3월 19일 23시,금요일,대구광역시 남구 대명동,경상사고,0,0,2,0,차대차 - 측면충돌,중앙선침범,건조,맑음,단일로 - 기타,승용,남,27세,상해없음,승용,남,21세,경상
2021031900100659,2021년 3월 19일 23시,금요일,대구광역시 수성구 지산동,경상사고,0,0,1,0,차대사람 - 횡단중,보행자보호의무위반,건조,맑음,교차로 - 교차로횡단보도내,승용,남,60세,상해없음,보행자,여,26세,경상
2021031900100660,2021년 3월 19일 23시,금요일,대구광역시 수성구 범어동,중상사고,0,1,1,0,차대차 - 측면충돌,신호위반,건조,맑음,교차로 - 교차로안,승용,여,64세,상해없음,승용,남,54세,경상
2021031900100661,2021년 3월 19일 23시,금요일,대구광역시 서구 내당동,경상사고,0,0,1,0,차대차 - 추돌,안전거리미확보,건조,맑음,교차로 - 교차로부근,이륜,남,31세,상해없음,승용,남,66세,경상
2021031900100662,2021년 3월 19일 23시,금요일,대구광역시 달서구 용산동,경상사고,0,0,1,0,차대차 - 측면충돌,안전운전불이행,건조,맑음,단일로 - 기타,승용,남,67세,상해없음,승용,남,53세,경상
2021032000100008,2021년 3월 20일 00시,토요일,대구광역시 달서구 두류동,중상사고,0,1,0,0,차대사람 - 기타,안전운전불이행,건조,맑음,단일로 - 기타,기타불명,기타불명,미분류,기타불명,보행자,여,31세,중상
2021032000100016,2021년 3월 20일 01시,토요일,대구광역시 달서구 본리동,경상사고,0,0,1,0,차대사람 - 기타,안전운전불이행,건조,맑음,단일로 - 기타,승용,남,57세,상해없음,보행자,여,43세,경상
2021032000100024,2021년 3월 20일 02시,토요일,대구광역시 중구 서성로2가,중상사고,0,1,0,0,차대차 - 추돌,안전운전불이행,건조,맑음,교차로 - 교차로부근,승용,여,24세,상해없음,승용,남,53세,중상
2021032000100030,2021년 3월 20일 04시,토요일,대구광역시 중구 삼덕동1가,경상사고,0,0,1,0,차대사람 - 차도통행중,안전운전불이행,건조,맑음,단일로 - 기타,승용,남,43세,상해없음,보행자,남,33세,경상
2021032000100037,2021년 3월 20일 05시,토요일,대구광역시 중구 덕산동,경상사고,0,0,1,0,차대차 - 측면충돌,신호위반,건조,맑음,교차로 - 교차로안,승용,여,18세,상해없음,승용,남,46세,경상