사고번호,사고일시,요일,시군구,사고내용,사망자수,중상자수,경상자수,부상신고자수,사고유형,법규위반,노면상태,기상상태,도로형태,가해운전자 차종,가해운전자 성별,가해운전자 연령,가해운전자 상해정도,피해운전자 차종,피해운전자 성별,피해운전자 연령,피해운전자 상해정도
2021032000100046,2021년 3월 20일 06시,토요일,대구광역시 중구 삼덕동1가,경상사고,0,0,1,0,차대사람 - 기타,안전운전불이행,젖음/습기,비,단일로 - 기타,승용,남,59세,상해없음,보행자,남,36세,경상
2021032000100047,2021년 3월 20일 06시,토요일,대구광역시 달서구 이곡동,중상사고,0,1,0,0,차대차 - 추돌,안전운전불이행,젖음/습기,비,기타 - 기타,이륜,남,68세,중상,승용,남,50세,상해없음
2021032000100048,2021년 3월 20일 06시,토요일,대구광역시 달서구 장기동,중상사고,0,1,0,0,차대차 - 측면충돌,안전운전불이행,젖음/습기,비,단일로 - 기타,승용,남,39세,상해없음,화물,남,64세,상해없음
2021032000100049,2021년 3월 20일 06시,토요일,대구광역시 달서구 두류동,중상사고,0,1,0,0,차대차 - 측면충돌,안전운전불이행,젖음/습기,비,교차로 - 교차로횡단보도내,승용,여,52세,상해없음,자전거,남,71세,중상
2021032000100068,2021년 3월 20일 08시,토요일,대구광역시 동구 신천동,중상사고,0,1,2,0,차대차 - 기타,안전거리미확보,건조,맑음,교차로 - 교차로부근,승용,남,35세,상해없음,승용,남,75세,경상
2021032000100069,2021년 3월 20일 08시,토요일,대구광역시 북구 칠성동2가,경상사고,0,0,1,0,차대차 - 추돌,안전거리미확보,젖음/습기,비,교차로 - 교차로부근,승용,여,24세,상해없음,승용,남,38세,경상
2021032000100070,2021년 3월 20일 08시,토요일,대구광역시 달서구 용산동,경상사고,0,0,1,0,차대차 - 측면충돌,안전거리미확보,건조,맑음,교차로 - 교차로안,승용,여,60세,상해없음,승용,남,23세,경상
2021032000100071,2021년 3월 20일 08시,토요일,대구광역시 북구 서변동,경상사고,0,0,3,0,차대차 - 측면충돌,안전거리미확보,젖음/습기,비,단일로 - 교량,건설기계,남,47세,기타불명,승용,남,36세,경상
2021032000100084,2021년 3월 20일 09시,토요일,대구광역시 달성군 옥포읍,경상사고,0,0,1,0,차대차 - 추돌,안전거리미확보,젖음/습기,비,교차로 - 교차로부근,승용,남,48세,상해없음,승용,남,39세,경상
2021032000100085,2021년 3월 20일 09시,토요일,대구광역시 달성군 유가읍,경상사고,0,0,2,0,차대차 - 추돌,안전운전불이행,건조,맑음,단일로 - 기타,승용,남,43세,상해없음,승용,여,52세,경상
2021032000100086,2021년 3월 20일 09시,토요일,대구광역시 달서구 파호동,중상사고,0,2,1,0,차대차 - 기타,직진우회전진행방해,젖음/습기,비,교차로 - 교차로안,화물,남,60세,경상,화물,남,34세,중상
2021032000100106,2021년 3월 20일 10시,토요일,대구광역시 서구 평리동,부상신고사고,0,0,0,1,차대차 - 추돌,기타,젖음/습기,비,단일로 - 기타,승용,남,56세,부상신고,화물,남,58세,상해없음
2021032000100170,2021년 3월 20일 12시,토요일,대구광역시 수성구 만촌동,부상신고사고,0,0,0,1,차대차 - 측면충돌,안전운전불이행,젖음/습기,비,단일로 - 기타,승용,여,57세,부상신고,승용,여,43세,상해없음
2021032000100171,2021년 3월 20일 12시,토요일,대구광역시 서구 원대동3가,부상신고사고,0,0,0,1,차대사람 - 차도통행중,안전운전불이행,젖음/습기,비,교차로 - 교차로안,승용,남,48세,상해없음,보행자,남,60세,부상신고
2021032000100172,2021년 3월 20일 12시,토요일,대구광역시 중구 전동,중상사고,0,1,0,0,차대차 - 측면충돌,안전거리미확보,젖음/습기,맑음,단일로 - 기타,승용,남,30세,상해없음,승용,여,75세,중상
2021032000100211,2021년 3월 20일 13시,토요일,대구광역시 동구 효목동,중상사고,0,1,0,0,차대사람 - 횡단중,안전운전불이행,건조,맑음,단일로 - 기타,화물,남,61세,상해없음,보행자,여,81세,중상
2021032000100212,2021년 3월 20일 13시,토요일,대구광역시 동구 입석동,경상사고,0,0,1,0,차대차 - 측면충돌,안전운전불이행,젖음/습기,비,기타 - 기타,승용,남,54세,상해없음,승용,여,55세,경상
2021032000100213,2021년 3월 20일 13시,토요일,대구광역시 달성군 현풍읍,중상사고,0,2,0,0,차량단독 - 공작물충돌,안전운전불이행,젖음/습기,비,단일로 - 기타,승용,남,69세,중상,,,,
2021032000100253,2021년 3월 20일 14시,토요일,대구광역시 달서구 이곡동,중상사고,0,1,0,0,차대사람 - 기타,신호위반,기타,흐림,교차로 - 교차로횡단보도내,이륜,남,51세,상해없음,보행자,여,61세,중상
2021032000100273,2021년 3월 20일 15시,토요일,대구광역시 달서구 송현동,경상사고,0,0,1,0,차대사람 - 길가장자리구역통행중,안전운전불이행,젖음/습기,비,단일로 - 기타,승용,남,79세,상해없음,보행자,여,25세,경상
2021032000100274,2021년 3월 20일 15시,토요일,대구광역시 북구 읍내동,중상사고,0,1,0,0,차대차 - 측면충돌,안전운전불이행,건조,맑음,교차로 - 교차로안,화물,남,44세,상해없음,자전거,남,16세,중상
2021032000100336,2021년 3월 20일 17시,토요일,대구광역시 달서구 용산동,경상사고,0,0,1,0,차대차 - 측면충돌,안전운전불이행,건조,맑음,단일로 - 기타,승합,남,67세,상해없음,승용,여,41세,경상
2021032000100405,2021년 3월 20일 19시,토요일,대구광역시 서구 평리동,부상신고사고,0,0,0,1,차대사람 - 기타,안전운전불이행,건조,맑음,교차로 - 교차로안,승용,남,29세,상해없음,보행자,남,64세,부상신고
2021032000100406,2021년 3월 20일 19시,토요일,대구광역시 서구 비산동,경상사고,0,0,1,0,차대차 - 추돌,차로위반,건조,맑음,단일로 - 기타,승용,남,59세,상해없음,이륜,남,27세,경상
2021032000100442,2021년 3월 20일 20시,토요일,대구광역시 달서구 월성동,경상사고,0,0,1,0,차대차 - 측면충돌,안전운전불이행,건조,맑음,단일로 - 기타,승용,남,58세,상해없음,이륜,남,30세,경상
2021032000100443,2021년 3월 20일 20시,토요일,대구광역시 달성군 다사읍,경상사고,0,0,1,0,차대차 - 측면충돌,교차로운행방법위반,건조,맑음,교차로 - 교차로안,승용,남,54세,상해없음,승용,여,30세,경상
2021032100100071,2021년 3월 21일 09시,일요일,대구광역시 동구 지묘동,중상사고,0,1,0,0,차대차 - 추돌,신호위반,건조,맑음,교차로 - 교차로부근,이륜,남,87세,중상,승용,여,60세,상해없음
2021032100100072,2021년 3월 21일 09시,일요일,대구광역시 수성구 만촌동,중상사고,0,1,0,0,차대사람 - 기타,안전운전불이행,건조,맑음,기타 - 기타,승용,남,62세,상해없음,보행자,남,19세,중상
2021032100100073,2021년 3월 21일 09시,일요일,대구광역시 달서구 상인동,경상사고,0,0,2,0,차대차 - 측면충돌,교차로운행방법위반,건조,흐림,교차로 - 교차로부근,승용,여,51세,경상,개인형이동수단(PM),남,69세,경상
2021032100100085,2021년 3월 21일 10시,일요일,대구광역시 동구 신기동,경상사고,0,0,1,0,차대사람 - 기타,안전운전불이행,건조,맑음,주차장 - 주차장,화물,남,62세,상해없음,보행자,여,52세,경상
2021032100100086,2021년 3월 21일 10시,일요일,대구광역시 달서구 갈산동,중상사고,0,1,2,0,차대차 - 정면충돌,직진우회전진행방해,건조,맑음,교차로 - 교차로안,승용,남,55세,경상,승용,남,50세,중상
2021032100100119,2021년 3월 21일 12시,일요일,대구광역시 달서구 성당동,중상사고,0,1,0,0,차대차 - 추돌,안전운전불이행,건조,맑음,단일로 - 기타,이륜,남,51세,상해없음,이륜,남,37세,중상
2021032100100145,2021년 3월 21일 13시,일요일,대구광역시 달서구 용산동,경상사고,0,0,1,0,차대차 - 추돌,안전운전불이행,건조,맑음,단일로 - 기타,이륜,남,15세,경상,승용,남,63세,상해없음
2021032100100181,2021년 3월 21일 14시,일요일,대구광역시 수성구 만촌동,중상사고,0,1,0,0,차대차 - 기타,안전운전불이행,건조,맑음,기타 - 기타,승용,남,25세,상해없음,자전거,남,12세,중상
2021032100100182,2021년 3월 21일 14시,일요일,대구광역시 북구 칠성동2가,경상사고,0,0,1,0,차대차 - 기타,안전거리미확보,건조,맑음,단일로 - 기타,승용,여,49세,상해없음,이륜,남,25세,경상
2021032100100183,2021년 3월 21일 14시,일요일,대구광역시 중구 삼덕동2가,중상사고,0,1,0,0,차대차 - 측면충돌,차로위반,건조,맑음,단일로 - 기타,승용,남,53세,상해없음,승용,여,56세,중상
2021032100100184,2021년 3월 21일 14시,일요일,대구광역시 북구 관음동,중상사고,0,1,0,0,차대차 - 추돌,안전운전불이행,건조,맑음,교차로 - 교차로안,승용,남,39세,상해없음,원동기,남,54세,중상
2021032100100256,2021년 3월 21일 16시,일요일,대구광역시 남구 봉덕동,중상사고,0,1,0,0,차대차 - 측면충돌,직진우회전진행방해,건조,맑음,교차로 - 교차로안,특수,남,41세,상해없음,개인형이동수단(PM),남,70세,중상
2021032100100283,2021년 3월 21일 17시,일요일,대구광역시 달서구 월성동,경상사고,0,0,5,0,차대차 - 측면충돌,차로위반,건조,맑음,단일로 - 기타,승용,남,20세,경상,승용,여,21세,경상
2021032100100284,2021년 3월 21일 17시,일요일,대구광역시 서구 비산동,중상사고,0,1,0,0,차대사람 - 차도통행중,안전운전불이행,건조,맑음,교차로 - 교차로안,승합,남,71세,상해없음,보행자,여,73세,중상
2021032100100285,2021년 3월 21일 17시,일요일,대구광역시 북구 매천동,부상신고사고,0,0,0,2,차대차 - 기타,안전운전불이행,건조,맑음,단일로 - 기타,승용,남,63세,상해없음,승용,남,21세,부상신고
2021032100100286,2021년 3월 21일 17시,일요일,대구광역시 북구 태전동,경상사고,0,0,1,0,차대차 - 측면충돌,교차로운행방법위반,건조,맑음,교차로 - 교차로안,승용,여,54세,상해없음,승용,여,42세,경상
2021032100100351,2021년 3월 21일 19시,일요일,대구광역시 달서구 진천동,경상사고,0,0,1,1,차대차 - 측면충돌,안전거리미확보,건조,맑음,단일로 - 기타,이륜,남,31세,부상신고,자전거,남,21세,경상
2021032100100380,2021년 3월 21일 20시,일요일,대구광역시 남구 대명동,경상사고,0,0,1,0,차대차 - 기타,차로위반,건조,맑음,교차로 - 교차로부근,승용,남,52세,상해없음,화물,남,44세,경상
2021032100100418,2021년 3월 21일 22시,일요일,대구광역시 동구 방촌동,경상사고,0,0,1,0,차대차 - 측면충돌,안전거리미확보,건조,맑음,단일로 - 기타,승용,여,40세,상해없음,승용,여,56세,경상
2021032100100429,2021년 3월 21일 23시,일요일,대구광역시 중구 공평동,경상사고,0,0,1,0,차대사람 - 기타,안전운전불이행,건조,맑음,교차로 - 교차로안,승용,남,23세,상해없음,보행자,남,25세,경상
2021032200100003,2021년 3월 22일 00시,월요일,대구광역시 중구 덕산동,중상사고,0,1,1,0,차대차 - 측면충돌,기타,건조,맑음,단일로 - 기타,이륜,남,35세,중상,승용,남,53세,경상
2021032200100005,2021년 3월 22일 01시,월요일,대구광역시 중구 삼덕동2가,경상사고,0,0,2,1,차대차 - 측면충돌,직진우회전진행방해,건조,맑음,교차로 - 교차로안,승용,남,25세,부상신고,승용,남,29세,경상
2021032200100058,2021년 3월 22일 07시,월요일,대구광역시 남구 봉덕동,경상사고,0,0,1,0,차대사람 - 기타,안전운전불이행,건조,맑음,주차장 - 주차장,승용,남,76세,기타불명,보행자,여,37세,경상
2021032200100059,2021년 3월 22일 07시,월요일,대구광역시 동구 지묘동,사망사고,1,1,0,0,차대차 - 측면충돌,신호위반,건조,맑음,교차로 - 교차로부근,이륜,남,80세,사망,승용,여,45세,상해없음
2021032200100060,2021년 3월 22일 07시,월요일,대구광역시 수성구 범물동,경상사고,0,0,1,0,차대차 - 추돌,안전운전불이행,건조,맑음,교차로 - 교차로부근,승용,남,30세,상해없음,승용,남,53세,경상
2021032200100061,2021년 3월 22일 07시,월요일,대구광역시 달서구 진천동,중상사고,0,1,2,0,차대차 - 측면충돌,차로위반,건조,맑음,단일로 - 기타,승용,남,71세,중상,승용,남,37세,경상
2021032200100062,2021년 3월 22일 07시,월요일,대구광역시 중구 동인동3가,경상사고,0,0,3,0,차대차 - 측면충돌,기타,건조,맑음,교차로 - 교차로안,화물,남,44세,경상,승용,남,57세,경상
2021032200100063,2021년 3월 22일 07시,월요일,대구광역시 달서구 본리동,경상사고,0,0,1,0,차대차 - 기타,교차로운행방법위반,건조,맑음,교차로 - 교차로안,승용,남,28세,상해없음,승용,여,50세,경상
2021032200100103,2021년 3월 22일 08시,월요일,대구광역시 달서구 월성동,경상사고,0,0,1,0,차대사람 - 횡단중,안전운전불이행,건조,맑음,단일로 - 기타,승용,여,48세,상해없음,보행자,남,7세,경상
2021032200100137,2021년 3월 22일 09시,월요일,대구광역시 수성구 매호동,경상사고,0,0,1,0,차대차 - 추돌,안전운전불이행,건조,맑음,교차로 - 교차로부근,승용,남,77세,기타불명,승용,여,35세,경상
2021032200100138,2021년 3월 22일 09시,월요일,대구광역시 달성군 구지면,경상사고,0,0,1,0,차대차 - 측면충돌,신호위반,건조,맑음,교차로 - 교차로안,승용,남,64세,상해없음,승용,여,38세,경상
2021032200100139,2021년 3월 22일 09시,월요일,대구광역시 북구 산격동,중상사고,0,1,0,0,차대사람 - 횡단중,보행자보호의무위반,건조,맑음,단일로 - 기타,화물,남,59세,상해없음,보행자,여,37세,중상
2021032200100140,2021년 3월 22일 09시,월요일,대구광역시 북구 복현동,경상사고,0,0,1,0,차대차 - 추돌,안전운전불이행,건조,맑음,단일로 - 기타,승용,남,60세,상해없음,승용,여,52세,경상
2021032200100166,2021년 3월 22일 10시,월요일,대구광역시 서구 상리동,경상사고,0,0,1,0,차대차 - 추돌,안전운전불이행,건조,맑음,단일로 - 기타,승용,남,41세,상해없음,화물,남,48세,상해없음
2021032200100201,2021년 3월 22일 11시,월요일,대구광역시 남구 봉덕동,경상사고,0,0,1,0,차대사람 - 보도통행중,기타,건조,맑음,단일로 - 기타,승용,여,70세,상해없음,보행자,여,26세,경상
2021032200100202,2021년 3월 22일 11시,월요일,대구광역시 동구 신암동,중상사고,0,1,0,0,차대차 - 측면충돌,교차로운행방법위반,건조,맑음,교차로 - 교차로안,화물,남,68세,상해없음,이륜,남,47세,중상
2021032200100203,2021년 3월 22일 11시,월요일,대구광역시 달서구 진천동,경상사고,0,0,2,0,차대차 - 측면충돌,교차로운행방법위반,건조,맑음,주차장 - 주차장,승용,여,58세,경상,승용,남,29세,경상
2021032200100223,2021년 3월 22일 12시,월요일,대구광역시 달성군 다사읍,중상사고,0,1,0,0,차대사람 - 기타,안전운전불이행,건조,맑음,단일로 - 기타,이륜,남,85세,상해없음,보행자,여,72세,중상
2021032200100260,2021년 3월 22일 13시,월요일,대구광역시 북구 칠성동2가,경상사고,0,0,1,0,차대차 - 측면충돌,교차로운행방법위반,건조,맑음,교차로 - 교차로부근,승용,남,41세,상해없음,승용,여,50세,경상
2021032200100261,2021년 3월 22일 13시,월요일,대구광역시 북구 관음동,경상사고,0,0,1,0,차대사람 - 횡단중,안전운전불이행,건조,맑음,단일로 - 기타,승용,여,56세,상해없음,보행자,여,66세,경상
2021032200100297,2021년 3월 22일 14시,월요일,대구광역시 남구 이천동,경상사고,0,0,1,0,차대차 - 측면충돌,안전운전불이행,건조,맑음,단일로 - 기타,이륜,남,31세,경상,화물,남,55세,상해없음
2021032200100298,2021년 3월 22일 14시,월요일,대구광역시 달서구 파호동,경상사고,0,0,2,0,차대차 - 측면충돌,교차로운행방법위반,건조,맑음,교차로 - 교차로안,화물,남,56세,경상,승용,여,46세,경상
2021032200100328,2021년 3월 22일 15시,월요일,대구광역시 서구 상리동,사망사고,1,4,7,1,차대차 - 추돌,안전운전불이행,건조,맑음,단일로 - 기타,화물,남,57세,부상신고,승용,남,37세,사망
2021032200100335,2021년 3월 22일 15시,월요일,대구광역시 북구 검단동,경상사고,0,0,2,0,차대사람 - 기타,안전운전불이행,건조,맑음,단일로 - 기타,자전거,남,78세,경상,보행자,여,27세,경상
2021032200100336,2021년 3월 22일 15시,월요일,대구광역시 달서구 신당동,경상사고,0,0,2,0,차대차 - 기타,신호위반,건조,맑음,교차로 - 교차로부근,이륜,남,26세,경상,승용,남,62세,경상
2021032200100337,2021년 3월 22일 15시,월요일,대구광역시 달서구 신당동,경상사고,0,0,1,0,차대사람 - 길가장자리구역통행중,안전운전불이행,건조,맑음,단일로 - 기타,승용,남,65세,상해없음,보행자,여,71세,경상
2021032200100369,2021년 3월 22일 16시,월요일,대구광역시 달서구 월성동,경상사고,0,0,1,0,차대차 - 추돌,안전운전불이행,건조,맑음,교차로 - 교차로안,승용,남,62세,경상,화물,남,45세,상해없음
2021032200100370,2021년 3월 22일 16시,월요일,대구광역시 달성군 다사읍,중상사고,0,1,0,0,차대사람 - 횡단중,보행자보호의무위반,건조,맑음,단일로 - 기타,승용,남,35세,상해없음,보행자,여,66세,중상
2021032200100371,2021년 3월 22일 16시,월요일,대구광역시 북구 침산동,사망사고,1,0,0,0,차대차 - 측면충돌,안전운전불이행,건조,맑음,교차로 - 교차로횡단보도내,승용,여,61세,상해없음,자전거,남,76세,사망
2021032200100372,2021년 3월 22일 16시,월요일,대구광역시 북구 대현동,경상사고,0,0,2,0,차대차 - 측면충돌,교차로운행방법위반,건조,맑음,교차로 - 교차로안,승용,남,58세,상해없음,승용,남,20세,경상
2021032200100416,2021년 3월 22일 17시,월요일,대구광역시 수성구 노변동,경상사고,0,0,2,0,차대차 - 측면충돌,중앙선침범,건조,맑음,단일로 - 기타,승용,남,59세,상해없음,승용,남,42세,경상
2021032200100417,2021년 3월 22일 17시,월요일,대구광역시 수성구 수성동2가,경상사고,0,0,1,0,차대사람 - 보도통행중,안전운전불이행,건조,맑음,단일로 - 기타,기타불명,기타불명,미분류,기타불명,보행자,남,9세,경상
2021032200100447,2021년 3월 22일 18시,월요일,대구광역시 달서구 월암동,중상사고,0,1,0,0,차대차 - 기타,직진우회전진행방해,건조,맑음,교차로 - 교차로안,화물,남,52세,상해없음,승용,남,38세,기타불명
2021032200100448,2021년 3월 22일 18시,월요일,대구광역시 달성군 현풍읍,경상사고,0,0,2,0,차대차 - 기타,안전운전불이행,건조,맑음,단일로 - 기타,화물,남,38세,상해없음,승용,남,46세,경상
2021032200100449,2021년 3월 22일 18시,월요일,대구광역시 서구 내당동,중상사고,0,1,0,0,차대차 - 측면충돌,불법유턴,건조,맑음,교차로 - 교차로부근,이륜,남,39세,상해없음,이륜,남,28세,중상
2021032200100450,2021년 3월 22일 18시,월요일,대구광역시 서구 비산동,경상사고,0,0,1,0,차대사람 - 보도통행중,신호위반,건조,맑음,단일로 - 기타,이륜,여,56세,상해없음,보행자,여,53세,경상
2021032200100486,2021년 3월 22일 19시,월요일,대구광역시 수성구 욱수동,경상사고,0,0,1,0,차대차 - 기타,안전운전불이행,건조,맑음,단일로 - 기타,승용,남,59세,상해없음,승용,남,65세,경상
2021032200100487,2021년 3월 22일 19시,월요일,대구광역시 달서구 송현동,경상사고,0,0,1,0,차대차 - 측면충돌,안전운전불이행,건조,맑음,교차로 - 교차로안,승용,남,44세,상해없음,이륜,남,30세,경상
2021032200100488,2021년 3월 22일 19시,월요일,대구광역시 달성군 화원읍,경상사고,0,0,1,0,차대차 - 기타,안전운전불이행,건조,맑음,교차로 - 교차로안,승용,남,40세,상해없음,승용,여,61세,경상
2021032200100520,2021년 3월 22일 20시,월요일,대구광역시 수성구 연호동,경상사고,0,0,1,0,차대차 - 기타,신호위반,건조,맑음,교차로 - 교차로안,승용,남,19세,상해없음,화물,남,52세,경상
2021032200100521,2021년 3월 22일 20시,월요일,대구광역시 북구 침산동,경상사고,0,0,1,0,차대차 - 추돌,안전운전불이행,건조,맑음,교차로 - 교차로부근,승용,남,34세,상해없음,원동기,남,34세,경상
2021032200100539,2021년 3월 22일 21시,월요일,대구광역시 중구 동성로2가,경상사고,0,0,1,0,차대사람 - 보도통행중,기타,젖음/습기,흐림,단일로 - 기타,이륜,남,28세,상해없음,보행자,여,47세,경상
2021032200100564,2021년 3월 22일 22시,월요일,대구광역시 달서구 호산동,경상사고,0,0,5,0,차대차 - 측면충돌,교차로운행방법위반,건조,맑음,교차로 - 교차로부근,승용,남,81세,상해없음,승용,남,40세,경상
2021032200100565,2021년 3월 22일 22시,월요일,대구광역시 북구 태전동,경상사고,0,0,1,0,차대차 - 추돌,안전운전불이행,건조,맑음,단일로 - 기타,승용,남,57세,상해없음,승용,여,48세,경상
2021032300100027,2021년 3월 23일 05시,화요일,대구광역시 수성구 황금동,중상사고,0,1,0,0,차대차 - 기타,안전운전불이행,건조,맑음,기타 - 기타,승용,남,35세,상해없음,자전거,여,66세,중상
2021032300100092,2021년 3월 23일 08시,화요일,대구광역시 동구 지저동,경상사고,0,0,2,0,차대차 - 측면충돌,안전거리미확보,건조,맑음,단일로 - 기타,승용,남,63세,기타불명,승용,남,26세,경상
2021032300100093,2021년 3월 23일 08시,화요일,대구광역시 수성구 만촌동,경상사고,0,0,1,0,차대차 - 기타,안전운전불이행,건조,맑음,단일로 - 기타,승용,여,45세,상해없음,자전거,남,15세,경상
2021032300100114,2021년 3월 23일 09시,화요일,대구광역시 달서구 본리동,경상사고,0,0,1,0,차대사람 - 기타,안전운전불이행,건조,맑음,단일로 - 기타,승용,남,25세,상해없음,보행자,남,5세,경상
2021032300100143,2021년 3월 23일 10시,화요일,대구광역시 달서구 본리동,경상사고,0,0,1,0,차대사람 - 기타,안전운전불이행,건조,맑음,단일로 - 기타,승용,여,45세,상해없음,보행자,여,69세,경상
2021032300100168,2021년 3월 23일 11시,화요일,대구광역시 수성구 범어동,경상사고,0,0,2,0,차대차 - 추돌,안전운전불이행,건조,맑음,단일로 - 기타,승용,여,35세,기타불명,승용,남,46세,경상
2021032300100169,2021년 3월 23일 11시,화요일,대구광역시 달서구 송현동,경상사고,0,0,1,0,차대차 - 추돌,안전운전불이행,건조,맑음,단일로 - 기타,승용,남,74세,상해없음,승용,남,31세,경상
2021032300100170,2021년 3월 23일 11시,화요일,대구광역시 북구 산격동,사망사고,1,0,0,0,차대사람 - 기타,기타,건조,맑음,단일로 - 기타,승합,남,58세,상해없음,보행자,여,82세,사망
2021032300100171,2021년 3월 23일 11시,화요일,대구광역시 서구 중리동,경상사고,0,0,1,0,차대차 - 측면충돌,기타,건조,맑음,단일로 - 기타,승용,남,28세,경상,승용,남,57세,상해없음
2021032300100197,2021년 3월 23일 12시,화요일,대구광역시 수성구 범어동,중상사고,0,1,1,0,차대차 - 측면충돌,안전거리미확보,건조,맑음,단일로 - 기타,승용,남,38세,상해없음,승용,남,47세,중상
2021032300100198,2021년 3월 23일 12시,화요일,대구광역시 달서구 두류동,경상사고,0,0,1,0,차대차 - 측면충돌,안전거리미확보,건조,맑음,단일로 - 기타,승용,여,41세,상해없음,승용,남,61세,경상
2021032300100231,2021년 3월 23일 13시,화요일,대구광역시 남구 대명동,경상사고,0,0,1,0,차대차 - 측면충돌,차로위반,건조,맑음,단일로 - 기타,승용,여,51세,상해없음,승용,남,66세,경상
2021032300100232,2021년 3월 23일 13시,화요일,대구광역시 달서구 대곡동,경상사고,0,0,1,0,차대차 - 측면충돌,신호위반,건조,맑음,교차로 - 교차로안,이륜,남,83세,상해없음,승용,여,67세,경상
2021032300100270,2021년 3월 23일 14시,화요일,대구광역시 남구 이천동,경상사고,0,0,1,0,차대차 - 측면충돌,안전운전불이행,건조,맑음,교차로 - 교차로안,승용,남,29세,상해없음,승용,여,40세,경상
2021032300100271,2021년 3월 23일 14시,화요일,대구광역시 동구 서호동,경상사고,0,0,3,0,차대차 - 기타,신호위반,건조,맑음,교차로 - 교차로부근,승용,남,66세,경상,승용,남,27세,경상
2021032300100272,2021년 3월 23일 14시,화요일,대구광역시 달서구 도원동,경상사고,0,0,1,0,차대차 - 측면충돌,차로위반,건조,맑음,단일로 - 기타,승용,여,51세,상해없음,승용,남,19세,경상
2021032300100273,2021년 3월 23일 14시,화요일,대구광역시 달성군 유가읍,경상사고,0,0,1,0,차대차 - 기타,안전운전불이행,건조,맑음,교차로 - 교차로안,승용,여,39세,상해없음,승용,남,26세,경상
2021032300100274,2021년 3월 23일 14시,화요일,대구광역시 북구 서변동,중상사고,0,1,0,0,차대차 - 측면충돌,안전운전불이행,건조,맑음,단일로 - 기타,승용,남,82세,상해없음,자전거,여,69세,중상
2021032300100317,2021년 3월 23일 15시,화요일,대구광역시 북구 팔달동,중상사고,0,1,0,0,차대차 - 측면충돌,안전운전불이행,건조,맑음,단일로 - 기타,화물,남,41세,상해없음,이륜,남,65세,중상
2021032300100400,2021년 3월 23일 17시,화요일,대구광역시 남구 대명동,경상사고,0,0,4,0,차대차 - 측면충돌,교차로운행방법위반,건조,맑음,교차로 - 교차로안,승용,여,55세,경상,승용,남,24세,경상
2021032300100401,2021년 3월 23일 17시,화요일,대구광역시 달성군 다사읍,경상사고,0,0,1,0,차대차 - 측면충돌,안전운전불이행,건조,맑음,교차로 - 교차로안,승용,남,69세,상해없음,승용,남,28세,경상
2021032300100402,2021년 3월 23일 17시,화요일,대구광역시 중구 서성로1가,부상신고사고,0,0,0,1,차대차 - 추돌,안전운전불이행,건조,맑음,단일로 - 기타,승용,남,60세,상해없음,승용,남,50세,부상신고
2021032300100403,2021년 3월 23일 17시,화요일,대구광역시 달서구 신당동,경상사고,0,0,1,0,차대차 - 기타,안전운전불이행,건조,맑음,교차로 - 교차로부근,이륜,남,28세,상해없음,승용,여,25세,경상
2021032300100404,2021년 3월 23일 17시,화요일,대구광역시 북구 읍내동,경상사고,0,0,1,0,차대차 - 측면충돌,안전운전불이행,건조,맑음,단일로 - 기타,승용,남,63세,상해없음,승용,여,52세,경상
2021032300100405,2021년 3월 23일 17시,화요일,대구광역시 북구 관음동,경상사고,0,0,1,0,차대차 - 측면충돌,신호위반,건조,맑음,교차로 - 교차로안,이륜,남,21세,기타불명,원동기,남,26세,경상
2021032300100442,2021년 3월 23일 18시,화요일,대구광역시 수성구 노변동,경상사고,0,0,1,0,차대차 - 기타,안전운전불이행,건조,맑음,단일로 - 기타,승용,여,63세,상해없음,승용,여,46세,경상
2021032300100443,2021년 3월 23일 18시,화요일,대구광역시 달성군 옥포읍,경상사고,0,0,2,0,차대차 - 기타,안전거리미확보,건조,맑음,교차로 - 교차로부근,승용,남,67세,상해없음,화물,남,42세,경상
2021032300100477,2021년 3월 23일 19시,화요일,대구광역시 수성구 사월동,경상사고,0,0,1,0,차대차 - 기타,안전운전불이행,건조,맑음,단일로 - 기타,승용,남,61세,상해없음,승용,남,39세,경상
2021032300100478,2021년 3월 23일 19시,화요일,대구광역시 달성군 화원읍,경상사고,0,0,1,0,차대차 - 기타,안전운전불이행,건조,맑음,단일로 - 기타,승용,남,66세,상해없음,이륜,남,18세,경상
2021032300100479,2021년 3월 23일 19시,화요일,대구광역시 중구 동인동4가,부상신고사고,0,0,0,1,차대차 - 기타,안전운전불이행,건조,맑음,단일로 - 기타,자전거,여,71세,부상신고,승용,남,51세,상해없음
2021032300100505,2021년 3월 23일 20시,화요일,대구광역시 수성구 만촌동,경상사고,0,0,1,0,차대차 - 측면충돌,안전운전불이행,건조,맑음,단일로 - 기타,승용,남,52세,상해없음,자전거,남,11세,경상
2021032300100506,2021년 3월 23일 20시,화요일,대구광역시 북구 태전동,경상사고,0,0,1,0,차대차 - 측면충돌,중앙선침범,건조,맑음,단일로 - 교량,승용,남,27세,기타불명,이륜,남,23세,경상