사고번호,사고일시,요일,시군구,사고내용,사망자수,중상자수,경상자수,부상신고자수,사고유형,법규위반,노면상태,기상상태,도로형태,가해운전자 차종,가해운전자 성별,가해운전자 연령,가해운전자 상해정도,피해운전자 차종,피해운전자 성별,피해운전자 연령,피해운전자 상해정도
2021032300100528,2021년 3월 23일 21시,화요일,대구광역시 달서구 상인동,부상신고사고,0,0,0,1,차대사람 - 차도통행중,보행자보호의무위반,건조,맑음,단일로 - 기타,승용,남,25세,상해없음,보행자,남,54세,부상신고
2021032300100529,2021년 3월 23일 21시,화요일,대구광역시 달서구 상인동,경상사고,0,0,1,0,차대사람 - 보도통행중,기타,건조,맑음,기타 - 기타,개인형이동수단(PM),여,15세,상해없음,보행자,남,15세,경상
2021032300100575,2021년 3월 23일 23시,화요일,대구광역시 동구 신암동,경상사고,0,0,1,0,차대사람 - 횡단중,안전운전불이행,건조,맑음,단일로 - 기타,승용,남,65세,상해없음,보행자,남,33세,경상
2021032300100576,2021년 3월 23일 23시,화요일,대구광역시 수성구 두산동,경상사고,0,0,1,0,차대차 - 기타,신호위반,건조,맑음,교차로 - 교차로안,승용,여,56세,상해없음,승용,여,64세,경상
2021032400100011,2021년 3월 24일 01시,수요일,대구광역시 서구 내당동,경상사고,0,0,1,0,차대사람 - 횡단중,안전운전불이행,건조,맑음,교차로 - 교차로횡단보도내,이륜,남,22세,상해없음,보행자,남,57세,경상
2021032400100032,2021년 3월 24일 05시,수요일,대구광역시 달서구 본동,경상사고,0,0,1,0,차대차 - 측면충돌,안전거리미확보,건조,맑음,단일로 - 기타,승용,남,54세,상해없음,승용,남,29세,경상
2021032400100033,2021년 3월 24일 05시,수요일,대구광역시 달서구 감삼동,사망사고,1,0,0,0,차대사람 - 기타,기타,건조,맑음,단일로 - 기타,화물,남,45세,상해없음,보행자,여,79세,사망
2021032400100044,2021년 3월 24일 06시,수요일,대구광역시 수성구 상동,중상사고,0,1,0,0,차대차 - 측면충돌,신호위반,건조,맑음,교차로 - 교차로안,승용,남,81세,상해없음,이륜,남,59세,중상
2021032400100069,2021년 3월 24일 07시,수요일,대구광역시 동구 신암동,경상사고,0,0,3,0,차대차 - 측면충돌,차로위반,건조,맑음,단일로 - 기타,승용,남,80세,상해없음,승용,남,46세,경상
2021032400100070,2021년 3월 24일 07시,수요일,대구광역시 북구 침산동,중상사고,0,1,0,0,차대차 - 기타,안전운전불이행,건조,맑음,단일로 - 기타,자전거,남,28세,상해없음,자전거,여,51세,중상
2021032400100071,2021년 3월 24일 07시,수요일,대구광역시 북구 서변동,경상사고,0,0,1,0,차대차 - 측면충돌,안전운전불이행,건조,맑음,단일로 - 교량,승용,남,56세,기타불명,승용,남,52세,경상
2021032400100107,2021년 3월 24일 08시,수요일,대구광역시 달성군 논공읍,경상사고,0,0,1,0,차대차 - 기타,안전거리미확보,건조,맑음,단일로 - 기타,승용,남,80세,상해없음,승용,남,33세,경상
2021032400100108,2021년 3월 24일 08시,수요일,대구광역시 북구 침산동,경상사고,0,0,1,0,차대차 - 측면충돌,안전운전불이행,건조,맑음,단일로 - 기타,화물,남,59세,상해없음,승용,남,70세,경상
2021032400100109,2021년 3월 24일 08시,수요일,대구광역시 북구 침산동,중상사고,0,1,0,0,차대차 - 측면충돌,신호위반,건조,맑음,단일로 - 기타,건설기계,남,62세,상해없음,승용,여,56세,중상
2021032400100195,2021년 3월 24일 11시,수요일,대구광역시 남구 봉덕동,부상신고사고,0,0,0,1,차대사람 - 기타,안전운전불이행,건조,맑음,단일로 - 기타,이륜,남,67세,상해없음,보행자,남,56세,부상신고
2021032400100219,2021년 3월 24일 12시,수요일,대구광역시 달서구 월성동,경상사고,0,0,1,0,차대차 - 기타,안전운전불이행,건조,맑음,교차로 - 교차로부근,승용,남,28세,상해없음,이륜,남,33세,경상
2021032400100220,2021년 3월 24일 12시,수요일,대구광역시 달서구 이곡동,경상사고,0,0,1,1,차대차 - 기타,안전운전불이행,건조,맑음,교차로 - 교차로부근,승용,여,60세,부상신고,화물,남,59세,경상
2021032400100244,2021년 3월 24일 13시,수요일,대구광역시 달서구 대천동,경상사고,0,0,4,0,차대차 - 기타,신호위반,건조,맑음,교차로 - 교차로안,승용,남,62세,상해없음,승용,남,65세,경상
2021032400100284,2021년 3월 24일 14시,수요일,대구광역시 북구 침산동,중상사고,0,1,0,0,차대사람 - 기타,안전운전불이행,건조,맑음,단일로 - 기타,개인형이동수단(PM),여,32세,상해없음,보행자,여,63세,중상
2021032400100285,2021년 3월 24일 14시,수요일,대구광역시 북구 읍내동,경상사고,0,0,1,0,차대차 - 측면충돌,안전운전불이행,건조,맑음,교차로 - 교차로안,이륜,남,25세,경상,승용,여,49세,상해없음
2021032400100286,2021년 3월 24일 14시,수요일,대구광역시 북구 관음동,경상사고,0,0,1,0,차대사람 - 횡단중,보행자보호의무위반,건조,맑음,교차로 - 교차로횡단보도내,승용,여,42세,상해없음,보행자,여,8세,경상
2021032400100351,2021년 3월 24일 16시,수요일,대구광역시 북구 칠성동1가,중상사고,0,1,0,0,차대차 - 기타,안전거리미확보,건조,맑음,단일로 - 기타,자전거,남,84세,중상,화물,남,48세,상해없음
2021032400100394,2021년 3월 24일 17시,수요일,대구광역시 달성군 구지면,경상사고,0,0,1,0,차대차 - 기타,안전운전불이행,건조,맑음,교차로 - 교차로부근,승용,여,23세,상해없음,승용,여,28세,경상
2021032400100395,2021년 3월 24일 17시,수요일,대구광역시 북구 노원동3가,경상사고,0,0,1,0,차대사람 - 기타,기타,건조,맑음,단일로 - 기타,승합,남,59세,상해없음,보행자,여,47세,경상
2021032400100396,2021년 3월 24일 17시,수요일,대구광역시 북구 동천동,경상사고,0,0,1,0,차대차 - 측면충돌,교차로운행방법위반,건조,맑음,교차로 - 교차로안,승용,남,56세,상해없음,이륜,남,17세,경상
2021032400100434,2021년 3월 24일 18시,수요일,대구광역시 동구 지저동,경상사고,0,0,4,0,차대차 - 측면충돌,기타,건조,맑음,단일로 - 기타,화물,남,61세,상해없음,승용,남,43세,경상
2021032400100479,2021년 3월 24일 19시,수요일,대구광역시 수성구 범어동,경상사고,0,0,1,0,차대차 - 기타,안전거리미확보,건조,맑음,단일로 - 기타,승용,여,56세,상해없음,승용,남,26세,경상
2021032400100480,2021년 3월 24일 19시,수요일,대구광역시 달성군 현풍읍,중상사고,0,1,0,0,차대차 - 기타,안전운전불이행,건조,맑음,단일로 - 기타,화물,남,49세,기타불명,농기계,남,75세,중상
2021032400100481,2021년 3월 24일 19시,수요일,대구광역시 달성군 다사읍,경상사고,0,0,1,0,차대사람 - 기타,안전운전불이행,건조,맑음,단일로 - 기타,승합,남,56세,상해없음,보행자,남,72세,경상
2021032400100520,2021년 3월 24일 21시,수요일,대구광역시 달서구 상인동,경상사고,0,0,2,0,차대차 - 측면충돌,안전운전불이행,건조,맑음,단일로 - 기타,승용,남,37세,경상,승용,여,56세,경상
2021032400100521,2021년 3월 24일 21시,수요일,대구광역시 달성군 옥포읍,경상사고,0,0,1,0,차대차 - 추돌,신호위반,건조,맑음,기타 - 기타,승용,남,26세,상해없음,승용,여,65세,경상
2021032400100549,2021년 3월 24일 22시,수요일,대구광역시 수성구 대흥동,경상사고,0,0,1,0,차대차 - 추돌,안전운전불이행,건조,맑음,단일로 - 기타,승용,남,20세,상해없음,이륜,남,17세,경상
2021032400100559,2021년 3월 24일 23시,수요일,대구광역시 달서구 진천동,경상사고,0,0,1,0,차대차 - 추돌,안전거리미확보,건조,맑음,단일로 - 기타,승용,남,55세,상해없음,이륜,남,45세,경상
2021032400100560,2021년 3월 24일 23시,수요일,대구광역시 북구 고성동3가,중상사고,0,1,2,0,차대차 - 측면충돌,직진우회전진행방해,건조,맑음,교차로 - 교차로안,승용,남,49세,중상,승용,남,23세,경상
2021032500100007,2021년 3월 25일 00시,목요일,대구광역시 달서구 이곡동,중상사고,0,1,0,0,차대사람 - 기타,안전운전불이행,건조,맑음,단일로 - 기타,승용,남,59세,상해없음,보행자,여,77세,중상
2021032500100010,2021년 3월 25일 01시,목요일,대구광역시 수성구 범어동,경상사고,0,0,2,0,차대차 - 기타,안전운전불이행,건조,맑음,단일로 - 기타,승용,여,39세,상해없음,승용,남,59세,경상
2021032500100011,2021년 3월 25일 01시,목요일,대구광역시 달성군 현풍읍,경상사고,0,0,1,0,차대차 - 기타,안전운전불이행,건조,맑음,단일로 - 기타,승용,남,60세,상해없음,승용,남,64세,상해없음
2021032500100012,2021년 3월 25일 01시,목요일,대구광역시 서구 평리동,중상사고,0,1,0,0,차대사람 - 기타,안전운전불이행,건조,맑음,단일로 - 기타,승용,여,60세,상해없음,보행자,여,60세,중상
2021032500100032,2021년 3월 25일 05시,목요일,대구광역시 수성구 가천동,중상사고,0,3,1,0,차대차 - 추돌,안전운전불이행,건조,맑음,단일로 - 기타,화물,남,53세,상해없음,화물,남,53세,중상
2021032500100034,2021년 3월 25일 05시,목요일,대구광역시 북구 산격동,중상사고,0,1,0,0,차대사람 - 횡단중,보행자보호의무위반,건조,맑음,교차로 - 교차로부근,승용,남,61세,상해없음,보행자,여,69세,중상
2021032500100063,2021년 3월 25일 07시,목요일,대구광역시 수성구 만촌동,중상사고,0,1,0,0,차대차 - 추돌,안전운전불이행,건조,맑음,단일로 - 기타,승용,남,64세,상해없음,승용,남,38세,중상
2021032500100094,2021년 3월 25일 08시,목요일,대구광역시 서구 상리동,경상사고,0,0,1,0,차대차 - 측면충돌,안전운전불이행,건조,맑음,단일로 - 기타,화물,남,58세,상해없음,승용,여,45세,경상
2021032500100096,2021년 3월 25일 08시,목요일,대구광역시 중구 동인동2가,중상사고,0,1,0,0,차대차 - 측면충돌,안전운전불이행,건조,맑음,교차로 - 교차로부근,승용,남,31세,상해없음,이륜,남,46세,중상
2021032500100115,2021년 3월 25일 09시,목요일,대구광역시 북구 노원동3가,경상사고,0,0,1,0,차대차 - 추돌,안전거리미확보,건조,맑음,단일로 - 기타,승용,여,38세,상해없음,승용,여,56세,경상
2021032500100116,2021년 3월 25일 09시,목요일,대구광역시 달서구 성당동,경상사고,0,0,1,0,차대사람 - 기타,안전운전불이행,건조,맑음,교차로 - 교차로부근,승용,여,61세,상해없음,보행자,남,64세,경상
2021032500100155,2021년 3월 25일 10시,목요일,대구광역시 동구 율하동,사망사고,1,0,0,0,차대차 - 측면충돌,기타,건조,맑음,교차로 - 교차로부근,승용,여,71세,상해없음,자전거,남,82세,사망
2021032500100188,2021년 3월 25일 11시,목요일,대구광역시 수성구 상동,경상사고,0,0,1,0,차대차 - 측면충돌,안전운전불이행,건조,맑음,기타 - 기타,승용,여,29세,상해없음,승용,여,35세,경상
2021032500100189,2021년 3월 25일 11시,목요일,대구광역시 달서구 진천동,부상신고사고,0,0,0,1,차대차 - 측면충돌,안전운전불이행,건조,맑음,단일로 - 기타,승용,여,61세,상해없음,개인형이동수단(PM),남,18세,부상신고
2021032500100217,2021년 3월 25일 12시,목요일,대구광역시 동구 신천동,중상사고,0,1,0,0,차대차 - 측면충돌,신호위반,건조,맑음,단일로 - 기타,승용,여,26세,상해없음,원동기,남,22세,중상
2021032500100218,2021년 3월 25일 12시,목요일,대구광역시 수성구 황금동,경상사고,0,0,1,0,차대차 - 측면충돌,안전운전불이행,건조,맑음,단일로 - 기타,승용,여,66세,상해없음,승용,여,30세,경상
2021032500100219,2021년 3월 25일 12시,목요일,대구광역시 중구 삼덕동1가,경상사고,0,0,1,0,차량단독 - 기타,안전운전불이행,건조,맑음,단일로 - 기타,승용,남,62세,상해없음,,,,
2021032500100256,2021년 3월 25일 13시,목요일,대구광역시 수성구 수성동1가,부상신고사고,0,0,0,1,차대사람 - 기타,안전운전불이행,건조,맑음,단일로 - 지하차도(도로)내,화물,남,46세,상해없음,보행자,남,2세,부상신고
2021032500100302,2021년 3월 25일 14시,목요일,대구광역시 남구 봉덕동,경상사고,0,0,2,1,차대차 - 측면충돌,안전운전불이행,건조,맑음,단일로 - 기타,승용,여,65세,부상신고,화물,남,35세,경상
2021032500100303,2021년 3월 25일 14시,목요일,대구광역시 동구 동호동,경상사고,0,0,2,0,차대차 - 기타,신호위반,건조,맑음,교차로 - 교차로안,승용,여,55세,상해없음,승합,남,43세,상해없음
2021032500100342,2021년 3월 25일 15시,목요일,대구광역시 달서구 상인동,중상사고,0,1,1,0,차대차 - 측면충돌,기타,건조,맑음,단일로 - 기타,화물,남,25세,경상,이륜,남,35세,중상
2021032500100343,2021년 3월 25일 15시,목요일,대구광역시 달서구 상인동,경상사고,0,0,1,0,차대사람 - 기타,안전운전불이행,건조,맑음,단일로 - 기타,승용,여,64세,상해없음,보행자,여,15세,경상
2021032500100344,2021년 3월 25일 15시,목요일,대구광역시 달서구 장기동,중상사고,0,1,0,0,차대차 - 측면충돌,안전운전불이행,건조,맑음,단일로 - 기타,건설기계,남,50세,상해없음,승용,여,58세,중상
2021032500100417,2021년 3월 25일 17시,목요일,대구광역시 달서구 월성동,경상사고,0,0,3,0,차대차 - 측면충돌,교차로운행방법위반,건조,맑음,교차로 - 교차로안,화물,여,38세,경상,승용,여,28세,경상
2021032500100418,2021년 3월 25일 17시,목요일,대구광역시 북구 노원동3가,중상사고,0,1,0,0,차대차 - 후진중충돌,안전운전불이행,건조,맑음,단일로 - 기타,승용,여,58세,상해없음,이륜,남,61세,중상
2021032500100419,2021년 3월 25일 17시,목요일,대구광역시 달서구 신당동,경상사고,0,0,1,0,차대차 - 추돌,안전운전불이행,건조,맑음,단일로 - 기타,기타불명,기타불명,미분류,기타불명,승용,여,51세,경상
2021032500100420,2021년 3월 25일 17시,목요일,대구광역시 북구 구암동,경상사고,0,0,1,0,차대차 - 측면충돌,안전운전불이행,건조,맑음,교차로 - 교차로부근,승합,남,52세,상해없음,이륜,남,42세,경상
2021032500100457,2021년 3월 25일 18시,목요일,대구광역시 북구 대현동,경상사고,0,0,1,0,차량단독 - 기타,기타,건조,맑음,단일로 - 기타,승합,남,60세,상해없음,,,,
2021032500100458,2021년 3월 25일 18시,목요일,대구광역시 서구 내당동,경상사고,0,0,1,0,차대차 - 측면충돌,신호위반,건조,맑음,단일로 - 기타,이륜,남,24세,경상,승용,남,64세,상해없음
2021032500100459,2021년 3월 25일 18시,목요일,대구광역시 중구 봉산동,경상사고,0,0,1,0,차대사람 - 길가장자리구역통행중,안전운전불이행,건조,맑음,단일로 - 기타,승용,남,34세,상해없음,보행자,여,25세,경상
2021032500100460,2021년 3월 25일 18시,목요일,대구광역시 달서구 장기동,경상사고,0,0,1,1,차대차 - 추돌,안전운전불이행,건조,맑음,단일로 - 기타,승용,남,73세,상해없음,승용,남,60세,경상
2021032500100495,2021년 3월 25일 19시,목요일,대구광역시 동구 율하동,중상사고,0,1,0,0,차대사람 - 횡단중,보행자보호의무위반,건조,맑음,교차로 - 교차로안,승용,여,54세,상해없음,보행자,여,42세,중상
2021032500100496,2021년 3월 25일 19시,목요일,대구광역시 수성구 범물동,경상사고,0,0,2,0,차대차 - 기타,차로위반,건조,맑음,단일로 - 기타,승용,여,46세,상해없음,승용,남,28세,경상
2021032500100497,2021년 3월 25일 19시,목요일,대구광역시 수성구 욱수동,경상사고,0,0,1,0,차대차 - 측면충돌,안전거리미확보,건조,맑음,교차로 - 교차로부근,승용,여,66세,상해없음,승용,여,41세,경상
2021032500100498,2021년 3월 25일 19시,목요일,대구광역시 달서구 송현동,경상사고,0,0,1,0,차대차 - 측면충돌,안전운전불이행,건조,맑음,단일로 - 기타,화물,남,48세,상해없음,승용,여,46세,경상
2021032500100499,2021년 3월 25일 19시,목요일,대구광역시 북구 복현동,부상신고사고,0,0,0,1,차대차 - 측면충돌,신호위반,건조,맑음,기타 - 기타,이륜,기타불명,미분류,기타불명,자전거,여,10세,부상신고
2021032500100500,2021년 3월 25일 19시,목요일,대구광역시 북구 구암동,경상사고,0,0,1,0,차대사람 - 횡단중,보행자보호의무위반,건조,맑음,교차로 - 교차로횡단보도내,승용,여,47세,상해없음,보행자,남,59세,경상
2021032500100529,2021년 3월 25일 20시,목요일,대구광역시 수성구 두산동,중상사고,0,1,1,0,차대사람 - 횡단중,보행자보호의무위반,건조,맑음,교차로 - 교차로횡단보도내,승용,여,52세,상해없음,보행자,여,39세,중상
2021032500100530,2021년 3월 25일 20시,목요일,대구광역시 달서구 월성동,경상사고,0,0,1,0,차대차 - 측면충돌,안전거리미확보,건조,맑음,단일로 - 기타,승용,남,64세,상해없음,원동기,여,23세,경상
2021032500100531,2021년 3월 25일 20시,목요일,대구광역시 북구 대현동,경상사고,0,0,3,0,차대차 - 측면충돌,교차로운행방법위반,건조,맑음,교차로 - 교차로안,승용,남,70세,경상,승용,남,21세,경상
2021032500100532,2021년 3월 25일 20시,목요일,대구광역시 서구 평리동,경상사고,0,0,1,0,차대차 - 측면충돌,안전운전불이행,건조,맑음,교차로 - 교차로안,승용,남,57세,상해없음,이륜,남,36세,경상
2021032500100562,2021년 3월 25일 21시,목요일,대구광역시 서구 평리동,경상사고,0,0,1,0,차대차 - 기타,안전운전불이행,건조,맑음,단일로 - 기타,승용,남,20세,상해없음,자전거,남,56세,경상
2021032500100563,2021년 3월 25일 21시,목요일,대구광역시 서구 평리동,경상사고,0,0,1,0,차대차 - 후진중충돌,교차로운행방법위반,건조,맑음,교차로 - 교차로부근,승용,여,58세,상해없음,승용,남,27세,경상
2021032500100594,2021년 3월 25일 22시,목요일,대구광역시 수성구 상동,중상사고,0,1,0,0,차대차 - 측면충돌,안전운전불이행,건조,맑음,교차로 - 교차로부근,승용,남,55세,상해없음,자전거,여,63세,중상
2021032500100607,2021년 3월 25일 23시,목요일,대구광역시 달서구 월성동,경상사고,0,0,1,0,차대차 - 기타,안전운전불이행,건조,맑음,단일로 - 기타,승용,남,40세,상해없음,승용,남,59세,기타불명
2021032500100608,2021년 3월 25일 23시,목요일,대구광역시 북구 구암동,경상사고,0,0,3,0,차대차 - 정면충돌,안전운전불이행,건조,맑음,교차로 - 교차로안,승용,남,28세,상해없음,승용,남,47세,경상
2021032600100103,2021년 3월 26일 08시,금요일,대구광역시 달성군 구지면,경상사고,0,0,3,0,차대차 - 기타,안전운전불이행,건조,맑음,교차로 - 교차로안,화물,남,45세,상해없음,승용,남,38세,경상
2021032600100104,2021년 3월 26일 08시,금요일,대구광역시 서구 내당동,경상사고,0,0,1,0,차대차 - 추돌,안전운전불이행,건조,맑음,교차로 - 교차로부근,승용,여,41세,상해없음,승용,여,45세,경상
2021032600100105,2021년 3월 26일 08시,금요일,대구광역시 달서구 감삼동,경상사고,0,0,1,0,차대차 - 기타,안전운전불이행,건조,맑음,교차로 - 교차로횡단보도내,자전거,남,22세,경상,승용,남,39세,상해없음
2021032600100106,2021년 3월 26일 08시,금요일,대구광역시 북구 읍내동,경상사고,0,0,2,0,차대차 - 측면충돌,안전거리미확보,건조,맑음,단일로 - 교량,화물,남,62세,경상,승용,여,47세,경상
2021032600100142,2021년 3월 26일 09시,금요일,대구광역시 북구 노원동1가,경상사고,0,0,3,0,차대차 - 측면충돌,안전운전불이행,건조,맑음,교차로 - 교차로안,승용,여,48세,상해없음,승용,남,28세,경상
2021032600100143,2021년 3월 26일 09시,금요일,대구광역시 북구 산격동,중상사고,0,1,0,0,차대차 - 측면충돌,교차로운행방법위반,건조,맑음,교차로 - 교차로부근,승용,남,62세,상해없음,이륜,남,23세,중상
2021032600100144,2021년 3월 26일 09시,금요일,대구광역시 중구 동산동,중상사고,0,1,0,0,차대차 - 측면충돌,안전운전불이행,건조,맑음,단일로 - 기타,승용,여,54세,상해없음,자전거,남,53세,중상
2021032600100179,2021년 3월 26일 10시,금요일,대구광역시 남구 대명동,경상사고,0,0,2,0,차대차 - 추돌,안전운전불이행,건조,맑음,단일로 - 기타,승용,여,46세,상해없음,이륜,남,51세,경상
2021032600100180,2021년 3월 26일 10시,금요일,대구광역시 달성군 유가읍,부상신고사고,0,0,0,1,차량단독 - 기타,안전운전불이행,건조,맑음,단일로 - 기타,승용,남,63세,부상신고,,,,
2021032600100181,2021년 3월 26일 10시,금요일,대구광역시 달서구 두류동,경상사고,0,0,1,0,차대차 - 측면충돌,안전운전불이행,건조,맑음,단일로 - 기타,승용,여,42세,상해없음,승용,여,52세,경상
2021032600100207,2021년 3월 26일 11시,금요일,대구광역시 서구 비산동,부상신고사고,0,0,0,1,차대차 - 측면충돌,중앙선침범,건조,맑음,단일로 - 기타,이륜,남,73세,부상신고,승용,남,58세,상해없음
2021032600100208,2021년 3월 26일 11시,금요일,대구광역시 달서구 죽전동,경상사고,0,0,1,0,차대차 - 측면충돌,안전운전불이행,건조,맑음,교차로 - 교차로안,화물,남,58세,상해없음,자전거,여,53세,경상
2021032600100231,2021년 3월 26일 12시,금요일,대구광역시 동구 신천동,경상사고,0,0,3,0,차대차 - 추돌,불법유턴,건조,맑음,단일로 - 기타,승용,남,25세,상해없음,승용,남,36세,경상
2021032600100232,2021년 3월 26일 12시,금요일,대구광역시 수성구 만촌동,경상사고,0,0,1,0,차량단독 - 기타,안전운전불이행,건조,맑음,단일로 - 기타,승합,남,42세,상해없음,,,,
2021032600100263,2021년 3월 26일 13시,금요일,대구광역시 수성구 만촌동,경상사고,0,0,1,0,차대차 - 기타,안전운전불이행,건조,맑음,단일로 - 기타,승용,남,62세,상해없음,승합,남,52세,상해없음
2021032600100338,2021년 3월 26일 15시,금요일,대구광역시 동구 각산동,경상사고,0,0,1,0,차대차 - 후진중충돌,안전운전불이행,건조,맑음,단일로 - 기타,승용,남,67세,상해없음,승용,여,57세,경상
2021032600100339,2021년 3월 26일 15시,금요일,대구광역시 중구 남산동,경상사고,0,0,1,0,차대사람 - 길가장자리구역통행중,안전운전불이행,건조,맑음,단일로 - 기타,승용,남,61세,상해없음,보행자,여,31세,경상
2021032600100340,2021년 3월 26일 15시,금요일,대구광역시 중구 대봉동,부상신고사고,0,0,0,1,차대사람 - 기타,안전운전불이행,건조,맑음,단일로 - 기타,승용,여,45세,상해없음,보행자,남,20세,부상신고
2021032600100341,2021년 3월 26일 15시,금요일,대구광역시 달서구 장기동,경상사고,0,0,1,0,차대사람 - 보도통행중,기타,건조,맑음,기타 - 기타,자전거,여,20세,상해없음,보행자,남,26세,경상
2021032600100381,2021년 3월 26일 16시,금요일,대구광역시 동구 신암동,중상사고,0,1,0,0,차대차 - 측면충돌,안전운전불이행,건조,맑음,단일로 - 기타,승용,남,37세,상해없음,원동기,남,38세,중상
2021032600100477,2021년 3월 26일 18시,금요일,대구광역시 동구 신천동,부상신고사고,0,0,0,1,차대차 - 기타,안전거리미확보,건조,맑음,교차로 - 교차로부근,승합,남,55세,상해없음,승용,여,33세,부상신고
2021032600100519,2021년 3월 26일 19시,금요일,대구광역시 동구 입석동,부상신고사고,0,0,0,1,차대차 - 측면충돌,안전운전불이행,건조,맑음,단일로 - 기타,원동기,남,39세,부상신고,승합,남,69세,상해없음
2021032600100520,2021년 3월 26일 19시,금요일,대구광역시 수성구 두산동,경상사고,0,0,1,0,차대사람 - 차도통행중,안전운전불이행,건조,맑음,단일로 - 기타,승용,여,28세,상해없음,보행자,남,64세,경상
2021032600100521,2021년 3월 26일 19시,금요일,대구광역시 수성구 범어동,경상사고,0,0,1,0,차대차 - 측면충돌,안전거리미확보,건조,맑음,교차로 - 교차로부근,승용,남,25세,상해없음,승용,여,59세,경상
2021032600100522,2021년 3월 26일 19시,금요일,대구광역시 달서구 감삼동,경상사고,0,0,1,0,차대차 - 측면충돌,차로위반,건조,맑음,단일로 - 기타,승용,남,55세,상해없음,승용,남,45세,경상
2021032600100596,2021년 3월 26일 21시,금요일,대구광역시 수성구 두산동,부상신고사고,0,0,0,1,차대차 - 측면충돌,차로위반,건조,맑음,단일로 - 기타,승용,남,39세,상해없음,승용,남,36세,부상신고
2021032600100597,2021년 3월 26일 21시,금요일,대구광역시 북구 침산동,경상사고,0,0,2,1,차대차 - 측면충돌,안전거리미확보,건조,맑음,단일로 - 고가도로위,승용,남,20세,상해없음,화물,남,50세,부상신고
2021032600100598,2021년 3월 26일 21시,금요일,대구광역시 북구 관음동,경상사고,0,0,2,0,차대차 - 측면충돌,안전운전불이행,건조,맑음,단일로 - 고가도로위,승용,남,33세,상해없음,승용,여,32세,경상
2021032600100645,2021년 3월 26일 23시,금요일,대구광역시 수성구 만촌동,부상신고사고,0,0,0,1,차대차 - 기타,신호위반,건조,맑음,교차로 - 교차로안,자전거,남,16세,부상신고,승용,남,49세,상해없음
2021032600100646,2021년 3월 26일 23시,금요일,대구광역시 달서구 본리동,경상사고,0,0,1,0,차대차 - 후진중충돌,기타,건조,맑음,단일로 - 기타,승용,남,58세,상해없음,승용,여,31세,경상
2021032700100013,2021년 3월 27일 00시,토요일,대구광역시 수성구 지산동,중상사고,0,1,0,0,차대차 - 정면충돌,중앙선침범,건조,맑음,단일로 - 지하차도(도로)내,승용,남,36세,상해없음,승용,남,21세,중상
2021032700100014,2021년 3월 27일 00시,토요일,대구광역시 달서구 상인동,경상사고,0,0,1,0,차대차 - 추돌,안전운전불이행,건조,맑음,교차로 - 교차로부근,승용,남,51세,상해없음,승용,여,19세,경상
2021032700100027,2021년 3월 27일 01시,토요일,대구광역시 달성군 유가읍,경상사고,0,0,1,0,차대차 - 기타,신호위반,건조,맑음,기타 - 기타,이륜,남,34세,상해없음,승용,여,54세,경상
2021032700100028,2021년 3월 27일 01시,토요일,대구광역시 북구 국우동,중상사고,0,1,0,0,차대사람 - 보도통행중,안전운전불이행,건조,맑음,단일로 - 기타,승용,남,18세,상해없음,보행자,남,36세,중상
2021032700100035,2021년 3월 27일 02시,토요일,대구광역시 수성구 신매동,경상사고,0,0,1,0,차대차 - 기타,안전거리미확보,건조,맑음,단일로 - 기타,승용,남,58세,상해없음,승용,남,22세,경상
2021032700100036,2021년 3월 27일 02시,토요일,대구광역시 달서구 두류동,중상사고,0,2,1,0,차대차 - 측면충돌,신호위반,건조,맑음,교차로 - 교차로부근,원동기,남,39세,중상,승용,남,55세,중상
2021032700100104,2021년 3월 27일 09시,토요일,대구광역시 달서구 상인동,중상사고,0,1,0,0,차대차 - 기타,안전운전불이행,건조,맑음,교차로 - 교차로안,승용,여,42세,상해없음,승용,남,38세,중상
2021032700100158,2021년 3월 27일 11시,토요일,대구광역시 달서구 장기동,경상사고,0,0,1,0,차대차 - 기타,안전운전불이행,건조,맑음,단일로 - 기타,승용,남,26세,상해없음,승용,남,32세,경상
2021032700100195,2021년 3월 27일 12시,토요일,대구광역시 동구 신기동,경상사고,0,0,2,0,차대차 - 후진중충돌,안전운전불이행,건조,맑음,교차로 - 교차로부근,승용,여,52세,상해없음,승용,여,36세,경상
2021032700100196,2021년 3월 27일 12시,토요일,대구광역시 수성구 노변동,경상사고,0,0,1,0,차대차 - 측면충돌,안전거리미확보,건조,맑음,단일로 - 기타,승용,남,52세,상해없음,승용,여,23세,경상
2021032700100197,2021년 3월 27일 12시,토요일,대구광역시 달서구 용산동,경상사고,0,0,1,0,차대차 - 기타,직진우회전진행방해,건조,흐림,교차로 - 교차로안,승용,남,50세,상해없음,자전거,남,15세,경상
2021032700100198,2021년 3월 27일 12시,토요일,대구광역시 북구 태전동,경상사고,0,0,1,0,차대차 - 측면충돌,신호위반,건조,맑음,교차로 - 교차로안,원동기,남,21세,상해없음,승용,여,37세,경상
2021032700100199,2021년 3월 27일 12시,토요일,대구광역시 북구 태전동,경상사고,0,0,3,0,차대차 - 측면충돌,안전거리미확보,건조,맑음,단일로 - 기타,화물,남,53세,상해없음,승용,여,40세,경상