사고번호,사고일시,요일,시군구,사고내용,사망자수,중상자수,경상자수,부상신고자수,사고유형,법규위반,노면상태,기상상태,도로형태,가해운전자 차종,가해운전자 성별,가해운전자 연령,가해운전자 상해정도,피해운전자 차종,피해운전자 성별,피해운전자 연령,피해운전자 상해정도
2021040200100425,2021년 4월 2일 17시,금요일,대구광역시 수성구 황금동,경상사고,0,0,1,0,차대사람 - 차도통행중,안전운전불이행,건조,맑음,단일로 - 기타,승용,남,34세,상해없음,보행자,남,40세,경상
2021040200100426,2021년 4월 2일 17시,금요일,대구광역시 달서구 이곡동,경상사고,0,0,1,0,차대차 - 후진중충돌,안전운전불이행,건조,맑음,단일로 - 기타,승용,남,60세,상해없음,승용,남,42세,경상
2021040200100427,2021년 4월 2일 17시,금요일,대구광역시 달서구 이곡동,경상사고,0,0,2,1,차대차 - 측면충돌,신호위반,건조,맑음,교차로 - 교차로안,승용,남,25세,부상신고,승용,남,40세,경상
2021040200100475,2021년 4월 2일 18시,금요일,대구광역시 달서구 대곡동,경상사고,0,0,1,0,차대차 - 측면충돌,안전운전불이행,건조,맑음,단일로 - 기타,화물,남,67세,상해없음,승용,여,38세,상해없음
2021040200100476,2021년 4월 2일 18시,금요일,대구광역시 달성군 다사읍,중상사고,0,1,0,0,차대차 - 기타,신호위반,건조,맑음,교차로 - 교차로안,승용,여,46세,상해없음,이륜,남,54세,중상
2021040200100477,2021년 4월 2일 18시,금요일,대구광역시 달서구 신당동,경상사고,0,0,1,0,차대차 - 측면충돌,직진우회전진행방해,건조,맑음,교차로 - 교차로안,개인형이동수단(PM),남,48세,경상,승용,남,68세,상해없음
2021040200100563,2021년 4월 2일 20시,금요일,대구광역시 달성군 다사읍,경상사고,0,0,1,0,차대차 - 기타,안전운전불이행,건조,맑음,단일로 - 기타,승용,남,32세,상해없음,이륜,남,28세,경상
2021040200100564,2021년 4월 2일 20시,금요일,대구광역시 달성군 다사읍,경상사고,0,0,1,0,차대차 - 기타,신호위반,건조,맑음,교차로 - 교차로안,이륜,남,25세,상해없음,승용,남,27세,경상
2021040200100626,2021년 4월 2일 22시,금요일,대구광역시 북구 서변동,경상사고,0,0,4,0,차대차 - 측면충돌,안전거리미확보,건조,맑음,단일로 - 고가도로위,승용,남,72세,상해없음,승용,남,20세,경상
2021040200100644,2021년 4월 2일 23시,금요일,대구광역시 달서구 신당동,경상사고,0,0,1,0,차대사람 - 기타,안전운전불이행,건조,맑음,교차로 - 교차로부근,승용,남,19세,상해없음,보행자,남,21세,경상
2021040300100016,2021년 4월 3일 00시,토요일,대구광역시 북구 연경동,중상사고,0,1,0,0,차대차 - 측면충돌,안전운전불이행,건조,흐림,교차로 - 교차로부근,화물,남,48세,상해없음,이륜,남,17세,중상
2021040300100033,2021년 4월 3일 02시,토요일,대구광역시 달서구 장기동,중상사고,0,1,0,0,차량단독 - 전도전복 - 전도,안전운전불이행,건조,맑음,교차로 - 교차로부근,이륜,남,24세,중상,,,,
2021040300100040,2021년 4월 3일 03시,토요일,대구광역시 북구 노원동3가,경상사고,0,0,1,0,차대사람 - 기타,안전운전불이행,건조,맑음,단일로 - 기타,기타불명,기타불명,미분류,기타불명,보행자,남,35세,경상
2021040300100056,2021년 4월 3일 06시,토요일,대구광역시 수성구 사월동,중상사고,0,1,3,0,차대차 - 측면충돌,안전운전불이행,건조,맑음,교차로 - 교차로부근,승용,남,35세,상해없음,승용,남,71세,경상
2021040300100120,2021년 4월 3일 10시,토요일,대구광역시 동구 율하동,중상사고,0,1,0,0,차대차 - 추돌,안전운전불이행,건조,맑음,교차로 - 교차로부근,승용,남,46세,상해없음,자전거,여,53세,중상
2021040300100121,2021년 4월 3일 10시,토요일,대구광역시 달성군 현풍읍,경상사고,0,0,1,0,차대차 - 기타,신호위반,건조,맑음,교차로 - 교차로안,승용,여,52세,상해없음,승용,남,28세,경상
2021040300100122,2021년 4월 3일 10시,토요일,대구광역시 북구 산격동,경상사고,0,0,1,0,차량단독 - 공작물충돌,안전운전불이행,건조,맑음,단일로 - 기타,화물,남,50세,경상,,,,
2021040300100123,2021년 4월 3일 10시,토요일,대구광역시 북구 산격동,중상사고,0,1,0,0,차대사람 - 차도통행중,안전운전불이행,건조,맑음,단일로 - 기타,승용,남,67세,상해없음,보행자,남,40세,중상
2021040300100154,2021년 4월 3일 11시,토요일,대구광역시 수성구 만촌동,경상사고,0,0,1,0,차대차 - 후진중충돌,안전운전불이행,건조,맑음,단일로 - 기타,승용,여,38세,상해없음,승용,남,68세,경상
2021040300100194,2021년 4월 3일 12시,토요일,대구광역시 동구 율하동,중상사고,0,1,0,0,차대차 - 기타,안전운전불이행,젖음/습기,비,기타 - 기타,승용,남,51세,상해없음,이륜,남,38세,중상
2021040300100195,2021년 4월 3일 12시,토요일,대구광역시 수성구 지산동,경상사고,0,0,1,0,차대차 - 측면충돌,교차로운행방법위반,젖음/습기,비,교차로 - 교차로안,건설기계,남,45세,상해없음,자전거,남,70세,경상
2021040300100196,2021년 4월 3일 12시,토요일,대구광역시 수성구 만촌동,경상사고,0,0,1,0,차대차 - 측면충돌,안전거리미확보,건조,맑음,교차로 - 교차로부근,승용,남,73세,상해없음,승용,여,51세,경상
2021040300100197,2021년 4월 3일 12시,토요일,대구광역시 달서구 장동,경상사고,0,0,2,0,차대차 - 측면충돌,안전거리미확보,건조,맑음,단일로 - 기타,승용,남,68세,상해없음,화물,남,56세,경상
2021040300100248,2021년 4월 3일 13시,토요일,대구광역시 북구 산격동,경상사고,0,0,1,0,차대차 - 추돌,불법유턴,젖음/습기,비,교차로 - 교차로안,승용,남,54세,상해없음,원동기,남,38세,경상
2021040300100283,2021년 4월 3일 14시,토요일,대구광역시 동구 율하동,경상사고,0,0,2,1,차대차 - 후진중충돌,안전운전불이행,건조,맑음,주차장 - 주차장,승용,남,30세,기타불명,승용,남,20세,경상
2021040300100312,2021년 4월 3일 15시,토요일,대구광역시 달성군 논공읍,경상사고,0,0,4,0,차대차 - 추돌,안전운전불이행,젖음/습기,비,단일로 - 기타,승용,남,55세,상해없음,승용,남,31세,경상
2021040300100315,2021년 4월 3일 15시,토요일,대구광역시 서구 비산동,경상사고,0,0,1,0,차대차 - 측면충돌,신호위반,젖음/습기,비,교차로 - 교차로안,승용,남,75세,상해없음,승용,남,45세,경상
2021040300100352,2021년 4월 3일 16시,토요일,대구광역시 달서구 송현동,경상사고,0,0,1,0,차대차 - 추돌,안전운전불이행,젖음/습기,비,단일로 - 기타,승용,남,61세,상해없음,승용,여,38세,경상
2021040300100385,2021년 4월 3일 17시,토요일,대구광역시 남구 봉덕동,경상사고,0,0,1,0,차대차 - 측면충돌,안전운전불이행,건조,맑음,교차로 - 교차로안,승용,남,65세,상해없음,이륜,남,28세,경상
2021040300100386,2021년 4월 3일 17시,토요일,대구광역시 달성군 하빈면,경상사고,0,0,3,0,차대차 - 기타,안전운전불이행,젖음/습기,비,단일로 - 기타,승용,남,61세,상해없음,승용,남,47세,경상
2021040300100387,2021년 4월 3일 17시,토요일,대구광역시 달성군 논공읍,중상사고,0,1,0,0,차대차 - 기타,안전운전불이행,젖음/습기,비,단일로 - 기타,화물,남,67세,중상,화물,남,51세,기타불명
2021040300100388,2021년 4월 3일 17시,토요일,대구광역시 북구 동천동,경상사고,0,0,1,0,차대차 - 측면충돌,안전거리미확보,젖음/습기,비,단일로 - 기타,승용,여,28세,상해없음,승용,남,26세,경상
2021040300100417,2021년 4월 3일 18시,토요일,대구광역시 달서구 상인동,경상사고,0,0,1,0,차대차 - 기타,안전운전불이행,젖음/습기,비,교차로 - 교차로부근,승용,여,47세,상해없음,이륜,남,43세,경상
2021040300100418,2021년 4월 3일 18시,토요일,대구광역시 달성군 논공읍,경상사고,0,0,1,0,차대차 - 기타,안전운전불이행,적설,비,기타 - 기타,승용,남,55세,상해없음,승용,여,47세,경상
2021040300100419,2021년 4월 3일 18시,토요일,대구광역시 서구 평리동,중상사고,0,1,0,0,차대차 - 기타,안전운전불이행,젖음/습기,비,단일로 - 기타,승용,남,31세,상해없음,화물,여,62세,상해없음
2021040300100462,2021년 4월 3일 19시,토요일,대구광역시 동구 괴전동,경상사고,0,0,1,0,차대차 - 측면충돌,안전거리미확보,젖음/습기,비,단일로 - 기타,승용,여,26세,상해없음,이륜,남,28세,경상
2021040300100463,2021년 4월 3일 19시,토요일,대구광역시 달서구 본리동,경상사고,0,0,1,0,차대차 - 측면충돌,안전운전불이행,젖음/습기,비,단일로 - 기타,승용,남,26세,상해없음,승용,남,68세,경상
2021040300100502,2021년 4월 3일 20시,토요일,대구광역시 달성군 화원읍,경상사고,0,0,1,0,차대차 - 기타,안전운전불이행,젖음/습기,비,단일로 - 기타,승용,여,27세,상해없음,이륜,남,50세,경상
2021040300100503,2021년 4월 3일 20시,토요일,대구광역시 북구 읍내동,중상사고,0,1,0,0,차대차 - 정면충돌,중앙선침범,건조,맑음,단일로 - 기타,화물,남,66세,상해없음,이륜,남,40세,중상
2021040300100546,2021년 4월 3일 21시,토요일,대구광역시 서구 평리동,경상사고,0,0,2,0,차대차 - 측면충돌,안전운전불이행,젖음/습기,비,단일로 - 기타,승용,남,39세,상해없음,승용,남,33세,상해없음
2021040300100627,2021년 4월 3일 23시,토요일,대구광역시 남구 봉덕동,중상사고,0,1,1,0,차대차 - 정면충돌,중앙선침범,젖음/습기,비,교차로 - 교차로부근,승용,남,32세,경상,승용,남,25세,중상
2021040400100012,2021년 4월 4일 00시,일요일,대구광역시 북구 복현동,경상사고,0,0,1,0,차대차 - 측면충돌,안전거리미확보,건조,맑음,단일로 - 기타,기타불명,기타불명,미분류,기타불명,승용,여,28세,경상
2021040400100022,2021년 4월 4일 01시,일요일,대구광역시 달서구 장기동,중상사고,0,1,3,0,차대차 - 측면충돌,안전운전불이행,젖음/습기,비,단일로 - 기타,승용,남,32세,기타불명,승용,남,49세,경상
2021040400100032,2021년 4월 4일 02시,일요일,대구광역시 수성구 두산동,경상사고,0,0,2,0,차대차 - 추돌,안전운전불이행,건조,맑음,교차로 - 교차로부근,승용,남,32세,상해없음,승용,여,30세,경상
2021040400100038,2021년 4월 4일 03시,일요일,대구광역시 수성구 상동,중상사고,0,1,2,0,차대차 - 기타,안전운전불이행,젖음/습기,비,교차로 - 교차로안,승용,남,28세,상해없음,승용,남,62세,경상
2021040400100043,2021년 4월 4일 04시,일요일,대구광역시 중구 삼덕동2가,경상사고,0,0,2,0,차대차 - 추돌,안전운전불이행,젖음/습기,비,단일로 - 기타,승용,남,28세,상해없음,승용,남,48세,경상
2021040400100047,2021년 4월 4일 05시,일요일,대구광역시 수성구 황금동,경상사고,0,0,1,0,차대사람 - 횡단중,안전운전불이행,젖음/습기,비,교차로 - 교차로횡단보도내,승용,남,61세,상해없음,보행자,남,49세,경상
2021040400100054,2021년 4월 4일 07시,일요일,대구광역시 동구 방촌동,중상사고,0,1,0,0,차량단독 - 공작물충돌,기타,젖음/습기,비,단일로 - 기타,승용,남,61세,상해없음,,,,
2021040400100055,2021년 4월 4일 07시,일요일,대구광역시 수성구 두산동,경상사고,0,0,1,0,차대사람 - 기타,안전운전불이행,젖음/습기,비,단일로 - 기타,승용,남,60세,상해없음,보행자,남,25세,경상
2021040400100110,2021년 4월 4일 11시,일요일,대구광역시 수성구 만촌동,중상사고,0,1,0,0,차대차 - 추돌,안전운전불이행,젖음/습기,흐림,단일로 - 기타,승용,여,43세,상해없음,이륜,남,50세,중상
2021040400100111,2021년 4월 4일 11시,일요일,대구광역시 달성군 다사읍,경상사고,0,0,3,0,차대차 - 추돌,안전운전불이행,건조,맑음,교차로 - 교차로부근,승용,여,59세,상해없음,승용,남,35세,경상
2021040400100112,2021년 4월 4일 11시,일요일,대구광역시 서구 이현동,경상사고,0,0,3,1,차대차 - 측면충돌,차로위반,건조,맑음,단일로 - 기타,승용,남,19세,부상신고,승용,남,58세,경상
2021040400100158,2021년 4월 4일 13시,일요일,대구광역시 달서구 송현동,경상사고,0,0,1,0,차대차 - 측면충돌,교차로운행방법위반,건조,맑음,단일로 - 기타,승용,남,63세,상해없음,원동기,남,43세,경상
2021040400100186,2021년 4월 4일 14시,일요일,대구광역시 달서구 송현동,경상사고,0,0,1,0,차대차 - 측면충돌,안전운전불이행,건조,맑음,기타 - 기타,특수,남,39세,상해없음,이륜,남,42세,경상
2021040400100187,2021년 4월 4일 14시,일요일,대구광역시 북구 태전동,중상사고,0,1,0,0,차대차 - 측면충돌,교차로운행방법위반,건조,맑음,교차로 - 교차로안,승용,남,50세,상해없음,자전거,남,58세,중상
2021040400100266,2021년 4월 4일 16시,일요일,대구광역시 달성군 논공읍,경상사고,0,0,2,0,차대차 - 측면충돌,안전운전불이행,건조,맑음,교차로 - 교차로안,승합,남,66세,상해없음,승용,남,57세,경상
2021040400100267,2021년 4월 4일 16시,일요일,대구광역시 북구 태전동,경상사고,0,0,1,0,차대차 - 측면충돌,안전운전불이행,건조,맑음,단일로 - 지하차도(도로)내,승용,남,66세,상해없음,승용,여,50세,경상
2021040400100343,2021년 4월 4일 19시,일요일,대구광역시 동구 봉무동,중상사고,0,1,0,0,차대사람 - 횡단중,안전운전불이행,건조,맑음,교차로 - 교차로부근,승용,남,65세,상해없음,보행자,남,29세,중상
2021040500100013,2021년 4월 5일 01시,월요일,대구광역시 중구 삼덕동1가,경상사고,0,0,1,0,차대사람 - 기타,안전운전불이행,건조,맑음,단일로 - 기타,승용,남,37세,상해없음,보행자,남,22세,경상
2021040500100054,2021년 4월 5일 06시,월요일,대구광역시 서구 이현동,중상사고,0,1,0,0,차대차 - 추돌,안전운전불이행,건조,맑음,단일로 - 기타,화물,남,46세,상해없음,자전거,남,30세,중상
2021040500100079,2021년 4월 5일 07시,월요일,대구광역시 북구 칠성동1가,중상사고,0,1,0,0,차대사람 - 횡단중,안전운전불이행,건조,맑음,교차로 - 교차로횡단보도내,승용,남,72세,상해없음,보행자,여,80세,중상
2021040500100080,2021년 4월 5일 07시,월요일,대구광역시 북구 읍내동,경상사고,0,0,1,0,차대차 - 측면충돌,직진우회전진행방해,건조,맑음,교차로 - 교차로안,승용,남,55세,상해없음,승용,여,28세,경상
2021040500100117,2021년 4월 5일 08시,월요일,대구광역시 남구 대명동,부상신고사고,0,0,0,1,차대사람 - 기타,안전운전불이행,건조,맑음,단일로 - 기타,기타불명,기타불명,미분류,기타불명,보행자,남,17세,부상신고
2021040500100118,2021년 4월 5일 08시,월요일,대구광역시 수성구 만촌동,경상사고,0,0,1,0,차대차 - 측면충돌,차로위반,건조,맑음,교차로 - 교차로부근,승용,여,58세,상해없음,승용,남,26세,경상
2021040500100119,2021년 4월 5일 08시,월요일,대구광역시 달서구 진천동,중상사고,0,1,0,0,차대사람 - 횡단중,보행자보호의무위반,건조,맑음,교차로 - 교차로안,화물,남,66세,상해없음,보행자,여,58세,중상
2021040500100120,2021년 4월 5일 08시,월요일,대구광역시 달성군 다사읍,경상사고,0,0,1,0,차대차 - 기타,안전운전불이행,건조,맑음,교차로 - 교차로안,승용,남,70세,상해없음,자전거,여,14세,경상
2021040500100121,2021년 4월 5일 08시,월요일,대구광역시 북구 고성동3가,중상사고,0,1,0,0,차대차 - 측면충돌,중앙선침범,건조,맑음,기타 - 기타,자전거,남,73세,중상,승용,남,68세,상해없음
2021040500100122,2021년 4월 5일 08시,월요일,대구광역시 북구 매천동,경상사고,0,0,1,0,차대차 - 측면충돌,안전운전불이행,건조,맑음,교차로 - 교차로부근,승용,남,65세,상해없음,승용,여,53세,경상
2021040500100157,2021년 4월 5일 09시,월요일,대구광역시 수성구 범어동,경상사고,0,0,2,0,차대차 - 기타,안전거리미확보,건조,맑음,단일로 - 기타,승용,여,56세,경상,승용,남,43세,경상
2021040500100158,2021년 4월 5일 09시,월요일,대구광역시 수성구 수성동1가,경상사고,0,0,1,0,차대차 - 측면충돌,안전운전불이행,건조,맑음,단일로 - 기타,승용,여,41세,상해없음,승용,여,43세,경상
2021040500100159,2021년 4월 5일 09시,월요일,대구광역시 달성군 화원읍,경상사고,0,0,1,0,차대차 - 기타,중앙선침범,건조,맑음,단일로 - 기타,승용,남,67세,상해없음,자전거,여,37세,경상
2021040500100196,2021년 4월 5일 10시,월요일,대구광역시 서구 비산동,경상사고,0,0,1,0,차대차 - 측면충돌,신호위반,건조,맑음,교차로 - 교차로안,승용,남,64세,상해없음,이륜,남,56세,경상
2021040500100197,2021년 4월 5일 10시,월요일,대구광역시 달서구 두류동,경상사고,0,0,1,0,차대차 - 기타,교차로운행방법위반,건조,맑음,교차로 - 교차로부근,승용,남,55세,상해없음,승용,남,65세,경상
2021040500100226,2021년 4월 5일 11시,월요일,대구광역시 수성구 만촌동,중상사고,0,1,0,0,차대사람 - 기타,안전운전불이행,건조,맑음,단일로 - 기타,이륜,남,67세,상해없음,보행자,여,76세,중상
2021040500100227,2021년 4월 5일 11시,월요일,대구광역시 수성구 황금동,부상신고사고,0,0,0,1,차대사람 - 보도통행중,안전운전불이행,건조,맑음,단일로 - 기타,자전거,기타불명,미분류,기타불명,보행자,여,30세,부상신고
2021040500100228,2021년 4월 5일 11시,월요일,대구광역시 중구 대신동,부상신고사고,0,0,0,1,차대차 - 측면충돌,안전거리미확보,건조,맑음,단일로 - 기타,승용,남,67세,기타불명,이륜,남,21세,부상신고
2021040500100229,2021년 4월 5일 11시,월요일,대구광역시 북구 국우동,중상사고,0,1,1,0,차대차 - 측면충돌,안전거리미확보,건조,맑음,단일로 - 기타,승용,남,27세,경상,승용,여,63세,중상
2021040500100292,2021년 4월 5일 13시,월요일,대구광역시 동구 효목동,경상사고,0,0,1,0,차대차 - 측면충돌,안전운전불이행,건조,맑음,단일로 - 기타,승용,남,21세,상해없음,승용,여,61세,경상
2021040500100293,2021년 4월 5일 13시,월요일,대구광역시 북구 국우동,경상사고,0,0,1,0,차대사람 - 횡단중,안전운전불이행,건조,맑음,교차로 - 교차로안,승용,남,56세,상해없음,보행자,여,11세,경상
2021040500100334,2021년 4월 5일 14시,월요일,대구광역시 동구 용계동,경상사고,0,0,2,0,차대차 - 추돌,안전운전불이행,건조,맑음,교차로 - 교차로안,승용,남,30세,상해없음,승용,남,63세,경상
2021040500100335,2021년 4월 5일 14시,월요일,대구광역시 서구 원대동3가,경상사고,0,0,1,0,차대차 - 측면충돌,신호위반,건조,맑음,교차로 - 교차로횡단보도내,승용,남,86세,상해없음,이륜,남,49세,경상
2021040500100382,2021년 4월 5일 15시,월요일,대구광역시 동구 신서동,중상사고,0,1,0,0,차대차 - 기타,안전운전불이행,건조,맑음,교차로 - 교차로안,승용,남,33세,상해없음,자전거,남,13세,중상
2021040500100383,2021년 4월 5일 15시,월요일,대구광역시 서구 중리동,경상사고,0,0,1,0,차대차 - 측면충돌,안전운전불이행,건조,맑음,교차로 - 교차로부근,승용,여,54세,상해없음,이륜,남,29세,경상
2021040500100424,2021년 4월 5일 16시,월요일,대구광역시 달서구 상인동,경상사고,0,0,1,0,차대차 - 후진중충돌,안전운전불이행,건조,맑음,주차장 - 주차장,승용,남,69세,상해없음,승용,여,37세,상해없음
2021040500100425,2021년 4월 5일 16시,월요일,대구광역시 북구 동천동,경상사고,0,0,1,0,차대사람 - 차도통행중,안전운전불이행,건조,맑음,교차로 - 교차로부근,승용,여,47세,상해없음,보행자,남,29세,경상
2021040500100476,2021년 4월 5일 17시,월요일,대구광역시 수성구 상동,경상사고,0,0,1,0,차대차 - 기타,안전운전불이행,건조,맑음,단일로 - 기타,화물,남,66세,상해없음,승용,여,29세,경상
2021040500100524,2021년 4월 5일 18시,월요일,대구광역시 수성구 지산동,부상신고사고,0,0,0,1,차대사람 - 길가장자리구역통행중,안전운전불이행,건조,맑음,기타 - 기타,승용,남,63세,상해없음,보행자,남,25세,부상신고
2021040500100525,2021년 4월 5일 18시,월요일,대구광역시 서구 내당동,중상사고,0,1,0,0,차대차 - 기타,신호위반,건조,맑음,단일로 - 기타,이륜,남,47세,상해없음,승합,남,56세,상해없음
2021040500100570,2021년 4월 5일 19시,월요일,대구광역시 북구 태전동,경상사고,0,0,1,0,차대차 - 측면충돌,안전운전불이행,건조,맑음,단일로 - 지하차도(도로)내,승용,남,69세,상해없음,승용,남,50세,경상
2021040500100603,2021년 4월 5일 20시,월요일,대구광역시 달서구 상인동,경상사고,0,0,1,0,차대차 - 측면충돌,안전운전불이행,건조,맑음,교차로 - 교차로안,이륜,남,62세,상해없음,자전거,남,16세,경상
2021040500100604,2021년 4월 5일 20시,월요일,대구광역시 서구 평리동,중상사고,0,1,1,0,차대차 - 추돌,안전운전불이행,건조,맑음,단일로 - 기타,이륜,남,16세,중상,승용,남,31세,경상
2021040500100634,2021년 4월 5일 21시,월요일,대구광역시 수성구 중동,경상사고,0,0,1,0,차대차 - 측면충돌,기타,건조,맑음,교차로 - 교차로부근,이륜,남,21세,상해없음,승용,남,41세,경상
2021040500100635,2021년 4월 5일 21시,월요일,대구광역시 북구 태전동,경상사고,0,0,3,0,차대차 - 추돌,안전운전불이행,건조,맑음,단일로 - 기타,승용,남,48세,상해없음,승용,남,23세,경상
2021040500100661,2021년 4월 5일 23시,월요일,대구광역시 수성구 범어동,경상사고,0,0,1,0,차대차 - 추돌,안전운전불이행,건조,맑음,기타 - 기타,승용,남,26세,상해없음,승용,남,27세,경상
2021040500100662,2021년 4월 5일 23시,월요일,대구광역시 달서구 본동,경상사고,0,0,1,0,차대차 - 측면충돌,차로위반,건조,맑음,단일로 - 기타,승용,여,61세,상해없음,승용,남,31세,경상
2021040600100010,2021년 4월 6일 01시,화요일,대구광역시 달서구 본리동,경상사고,0,0,2,0,차대차 - 측면충돌,직진우회전진행방해,건조,맑음,교차로 - 교차로안,승용,여,54세,경상,승용,남,31세,경상
2021040600100035,2021년 4월 6일 06시,화요일,대구광역시 남구 대명동,경상사고,0,0,1,0,차대차 - 추돌,중앙선침범,건조,맑음,단일로 - 기타,승용,남,58세,상해없음,승용,남,43세,경상
2021040600100036,2021년 4월 6일 06시,화요일,대구광역시 동구 신암동,경상사고,0,0,1,0,차대차 - 정면충돌,신호위반,건조,맑음,교차로 - 교차로안,이륜,남,64세,기타불명,승용,남,74세,경상
2021040600100037,2021년 4월 6일 06시,화요일,대구광역시 달서구 본동,경상사고,0,0,2,0,차대차 - 후진중충돌,안전운전불이행,건조,맑음,단일로 - 기타,화물,남,60세,상해없음,승용,남,56세,경상
2021040600100058,2021년 4월 6일 07시,화요일,대구광역시 남구 대명동,중상사고,0,1,0,0,차대차 - 측면충돌,교차로운행방법위반,건조,맑음,교차로 - 교차로안,화물,남,67세,상해없음,승용,남,37세,중상
2021040600100059,2021년 4월 6일 07시,화요일,대구광역시 수성구 매호동,경상사고,0,0,1,0,차대사람 - 기타,안전운전불이행,건조,맑음,단일로 - 기타,승용,여,26세,상해없음,보행자,여,57세,경상
2021040600100060,2021년 4월 6일 07시,화요일,대구광역시 달성군 논공읍,경상사고,0,0,1,0,차대차 - 기타,안전운전불이행,건조,맑음,교차로 - 교차로안,승용,남,38세,상해없음,승용,남,70세,경상
2021040600100061,2021년 4월 6일 07시,화요일,대구광역시 남구 대명동,경상사고,0,0,2,0,차대차 - 측면충돌,안전거리미확보,건조,맑음,단일로 - 기타,승용,남,25세,상해없음,승합,남,50세,경상
2021040600100094,2021년 4월 6일 08시,화요일,대구광역시 서구 중리동,중상사고,0,1,0,0,차대사람 - 기타,안전운전불이행,건조,맑음,주차장 - 주차장,화물,남,63세,상해없음,보행자,남,50세,중상
2021040600100095,2021년 4월 6일 08시,화요일,대구광역시 달서구 본리동,경상사고,0,0,1,0,차대차 - 측면충돌,안전운전불이행,건조,맑음,교차로 - 교차로횡단보도내,승용,여,73세,상해없음,자전거,여,44세,경상
2021040600100096,2021년 4월 6일 08시,화요일,대구광역시 달서구 본리동,경상사고,0,0,4,0,차대차 - 측면충돌,직진우회전진행방해,건조,맑음,교차로 - 교차로안,승용,여,38세,경상,승용,남,68세,경상
2021040600100124,2021년 4월 6일 09시,화요일,대구광역시 달서구 유천동,중상사고,0,1,0,0,차대차 - 측면충돌,신호위반,건조,맑음,교차로 - 교차로안,승용,남,40세,상해없음,승용,남,54세,중상
2021040600100211,2021년 4월 6일 12시,화요일,대구광역시 동구 각산동,중상사고,0,1,0,0,차대차 - 기타,교차로운행방법위반,건조,맑음,교차로 - 교차로안,승용,여,24세,상해없음,이륜,여,57세,중상
2021040600100241,2021년 4월 6일 13시,화요일,대구광역시 남구 봉덕동,경상사고,0,0,1,1,차대차 - 측면충돌,교차로운행방법위반,건조,맑음,교차로 - 교차로안,승용,남,46세,부상신고,승용,여,54세,경상
2021040600100242,2021년 4월 6일 13시,화요일,대구광역시 수성구 파동,부상신고사고,0,0,0,1,차대차 - 기타,기타,건조,맑음,기타 - 기타,자전거,남,85세,상해없음,자전거,남,21세,부상신고
2021040600100272,2021년 4월 6일 14시,화요일,대구광역시 남구 대명동,경상사고,0,0,1,0,차대사람 - 차도통행중,안전운전불이행,건조,맑음,단일로 - 기타,승용,남,68세,상해없음,보행자,남,67세,경상
2021040600100273,2021년 4월 6일 14시,화요일,대구광역시 남구 대명동,경상사고,0,0,1,0,차대차 - 측면충돌,안전운전불이행,건조,맑음,교차로 - 교차로안,자전거,여,43세,경상,이륜,남,58세,상해없음
2021040600100274,2021년 4월 6일 14시,화요일,대구광역시 달성군 다사읍,경상사고,0,0,1,0,차대차 - 기타,교차로운행방법위반,건조,맑음,교차로 - 교차로안,건설기계,남,56세,상해없음,승용,남,66세,경상
2021040600100275,2021년 4월 6일 14시,화요일,대구광역시 달서구 본리동,중상사고,0,1,0,0,차대사람 - 기타,기타,건조,맑음,단일로 - 기타,승합,남,60세,상해없음,보행자,여,74세,중상
2021040600100276,2021년 4월 6일 14시,화요일,대구광역시 북구 서변동,경상사고,0,0,1,0,차대차 - 측면충돌,안전운전불이행,건조,맑음,단일로 - 기타,승용,여,31세,상해없음,승용,여,52세,경상
2021040600100316,2021년 4월 6일 15시,화요일,대구광역시 남구 대명동,중상사고,0,1,0,0,차대차 - 측면충돌,차로위반,건조,맑음,단일로 - 기타,승용,여,19세,상해없음,승용,남,25세,중상
2021040600100351,2021년 4월 6일 16시,화요일,대구광역시 동구 지저동,경상사고,0,0,1,0,차대차 - 추돌,안전거리미확보,건조,맑음,교차로 - 교차로부근,승용,남,67세,상해없음,승용,남,48세,경상
2021040600100352,2021년 4월 6일 16시,화요일,대구광역시 수성구 수성동4가,경상사고,0,0,2,0,차대차 - 측면충돌,안전운전불이행,건조,맑음,기타 - 기타,승용,여,51세,상해없음,승용,여,41세,경상
2021040600100353,2021년 4월 6일 16시,화요일,대구광역시 북구 산격동,경상사고,0,0,1,0,차대차 - 정면충돌,안전운전불이행,건조,맑음,단일로 - 기타,승용,남,46세,상해없음,승용,남,58세,경상
2021040600100354,2021년 4월 6일 16시,화요일,대구광역시 달서구 용산동,경상사고,0,0,2,0,차대차 - 측면충돌,안전거리미확보,건조,맑음,단일로 - 기타,승용,남,35세,상해없음,승용,여,55세,경상
2021040600100397,2021년 4월 6일 17시,화요일,대구광역시 달성군 다사읍,경상사고,0,0,1,0,차대차 - 후진중충돌,안전운전불이행,건조,맑음,단일로 - 기타,승용,남,47세,상해없음,승합,남,36세,경상
2021040600100398,2021년 4월 6일 17시,화요일,대구광역시 달성군 다사읍,부상신고사고,0,0,0,1,차량단독 - 공작물충돌,안전운전불이행,건조,맑음,단일로 - 기타,승용,여,36세,부상신고,,,,
2021040600100399,2021년 4월 6일 17시,화요일,대구광역시 달성군 화원읍,경상사고,0,0,2,0,차대차 - 기타,안전운전불이행,건조,맑음,단일로 - 기타,승용,여,40세,경상,자전거,여,8세,경상