사고번호,사고일시,요일,시군구,사고내용,사망자수,중상자수,경상자수,부상신고자수,사고유형,법규위반,노면상태,기상상태,도로형태,가해운전자 차종,가해운전자 성별,가해운전자 연령,가해운전자 상해정도,피해운전자 차종,피해운전자 성별,피해운전자 연령,피해운전자 상해정도
2021040600100400,2021년 4월 6일 17시,화요일,대구광역시 서구 평리동,경상사고,0,0,1,0,차대차 - 측면충돌,안전거리미확보,건조,맑음,단일로 - 기타,승용,남,69세,상해없음,승용,남,38세,경상
2021040600100401,2021년 4월 6일 17시,화요일,대구광역시 달서구 성당동,경상사고,0,0,1,0,차대차 - 추돌,안전운전불이행,건조,맑음,단일로 - 기타,이륜,남,30세,상해없음,승용,남,29세,경상
2021040600100481,2021년 4월 6일 19시,화요일,대구광역시 동구 신평동,경상사고,0,0,1,1,차대차 - 측면충돌,신호위반,건조,맑음,교차로 - 교차로안,이륜,남,17세,부상신고,이륜,남,49세,경상
2021040600100482,2021년 4월 6일 19시,화요일,대구광역시 달성군 다사읍,중상사고,0,1,0,0,차대사람 - 횡단중,보행자보호의무위반,건조,맑음,교차로 - 교차로횡단보도내,승용,남,41세,상해없음,보행자,여,38세,중상
2021040600100516,2021년 4월 6일 20시,화요일,대구광역시 달서구 감삼동,부상신고사고,0,0,0,4,차대차 - 추돌,안전거리미확보,건조,맑음,단일로 - 기타,승용,남,38세,상해없음,승용,남,49세,부상신고
2021040600100537,2021년 4월 6일 21시,화요일,대구광역시 북구 조야동,중상사고,0,1,1,0,차대차 - 측면충돌,안전운전불이행,건조,맑음,단일로 - 기타,승용,남,54세,상해없음,화물,남,48세,기타불명
2021040600100562,2021년 4월 6일 22시,화요일,대구광역시 수성구 신매동,경상사고,0,0,1,0,차대사람 - 보도통행중,기타,건조,맑음,단일로 - 기타,자전거,남,66세,상해없음,보행자,남,22세,경상
2021040700100018,2021년 4월 7일 03시,수요일,대구광역시 수성구 지산동,경상사고,0,0,1,0,차대차 - 측면충돌,안전운전불이행,건조,맑음,단일로 - 기타,승용,남,31세,상해없음,승용,여,50세,경상
2021040700100053,2021년 4월 7일 07시,수요일,대구광역시 달서구 신당동,경상사고,0,0,3,0,차대차 - 추돌,안전운전불이행,건조,맑음,단일로 - 기타,승용,남,50세,상해없음,화물,남,35세,경상
2021040700100097,2021년 4월 7일 08시,수요일,대구광역시 동구 방촌동,경상사고,0,0,1,0,차대차 - 측면충돌,교차로운행방법위반,건조,맑음,교차로 - 교차로안,승용,여,54세,상해없음,화물,남,70세,경상
2021040700100133,2021년 4월 7일 09시,수요일,대구광역시 동구 서호동,경상사고,0,0,1,0,차대차 - 측면충돌,안전거리미확보,건조,맑음,단일로 - 기타,승용,남,54세,상해없음,승용,남,36세,경상
2021040700100168,2021년 4월 7일 10시,수요일,대구광역시 달서구 성당동,경상사고,0,0,1,0,차대사람 - 기타,안전운전불이행,건조,맑음,단일로 - 기타,화물,남,54세,상해없음,보행자,남,58세,경상
2021040700100198,2021년 4월 7일 11시,수요일,대구광역시 서구 평리동,경상사고,0,0,1,0,차대차 - 후진중충돌,안전운전불이행,건조,맑음,교차로 - 교차로안,승용,남,22세,상해없음,이륜,남,28세,경상
2021040700100199,2021년 4월 7일 11시,수요일,대구광역시 달서구 신당동,부상신고사고,0,0,0,1,차대사람 - 기타,안전운전불이행,건조,맑음,단일로 - 기타,개인형이동수단(PM),여,18세,상해없음,보행자,남,24세,부상신고
2021040700100260,2021년 4월 7일 13시,수요일,대구광역시 북구 산격동,경상사고,0,0,1,0,차대사람 - 기타,안전운전불이행,건조,맑음,기타 - 기타,승용,남,76세,상해없음,보행자,여,24세,경상
2021040700100261,2021년 4월 7일 13시,수요일,대구광역시 달서구 장기동,경상사고,0,0,1,0,차대차 - 측면충돌,안전거리미확보,건조,맑음,단일로 - 기타,건설기계,남,53세,상해없음,승용,여,29세,경상
2021040700100262,2021년 4월 7일 13시,수요일,대구광역시 달서구 두류동,경상사고,0,0,1,0,차대차 - 추돌,안전운전불이행,건조,맑음,교차로 - 교차로안,이륜,남,19세,상해없음,승용,남,40세,상해없음
2021040700100294,2021년 4월 7일 14시,수요일,대구광역시 달서구 상인동,경상사고,0,0,1,0,차대차 - 측면충돌,신호위반,건조,맑음,교차로 - 교차로안,승용,남,20세,상해없음,원동기,남,28세,경상
2021040700100295,2021년 4월 7일 14시,수요일,대구광역시 북구 산격동,경상사고,0,0,1,0,차대차 - 기타,안전거리미확보,건조,맑음,단일로 - 교량,화물,남,35세,상해없음,화물,남,39세,경상
2021040700100296,2021년 4월 7일 14시,수요일,대구광역시 중구 삼덕동2가,중상사고,0,1,0,0,차대차 - 기타,안전거리미확보,건조,맑음,단일로 - 기타,승용,남,65세,상해없음,이륜,남,43세,중상
2021040700100297,2021년 4월 7일 14시,수요일,대구광역시 북구 국우동,경상사고,0,0,1,0,차대차 - 측면충돌,교차로운행방법위반,건조,맑음,교차로 - 교차로안,기타불명,기타불명,미분류,기타불명,자전거,남,14세,경상
2021040700100343,2021년 4월 7일 15시,수요일,대구광역시 수성구 두산동,경상사고,0,0,1,0,차대차 - 기타,안전운전불이행,건조,맑음,교차로 - 교차로횡단보도내,승용,여,26세,상해없음,자전거,남,61세,경상
2021040700100344,2021년 4월 7일 15시,수요일,대구광역시 북구 침산동,경상사고,0,0,1,0,차대차 - 측면충돌,안전거리미확보,건조,맑음,단일로 - 기타,건설기계,남,58세,상해없음,승용,남,65세,경상
2021040700100387,2021년 4월 7일 16시,수요일,대구광역시 달서구 송현동,중상사고,0,1,0,0,차대차 - 측면충돌,안전운전불이행,건조,맑음,단일로 - 기타,이륜,남,21세,상해없음,승용,여,61세,중상
2021040700100388,2021년 4월 7일 16시,수요일,대구광역시 북구 노원동3가,경상사고,0,0,1,0,차대차 - 측면충돌,안전운전불이행,건조,맑음,단일로 - 기타,승용,남,60세,상해없음,자전거,남,78세,경상
2021040700100429,2021년 4월 7일 17시,수요일,대구광역시 동구 부동,경상사고,0,0,1,0,차대차 - 측면충돌,차로위반,건조,맑음,단일로 - 기타,승용,여,65세,상해없음,승용,남,22세,상해없음
2021040700100434,2021년 4월 7일 17시,수요일,대구광역시 동구 효목동,경상사고,0,0,2,0,차대차 - 추돌,안전운전불이행,건조,맑음,교차로 - 교차로안,이륜,남,38세,기타불명,승용,남,39세,경상
2021040700100435,2021년 4월 7일 17시,수요일,대구광역시 수성구 수성동4가,경상사고,0,0,1,0,차대차 - 측면충돌,안전운전불이행,건조,맑음,단일로 - 기타,승용,남,38세,상해없음,자전거,남,75세,경상
2021040700100436,2021년 4월 7일 17시,수요일,대구광역시 달서구 갈산동,경상사고,0,0,1,1,차대차 - 기타,안전운전불이행,건조,맑음,교차로 - 교차로안,승용,남,56세,부상신고,승용,남,34세,경상
2021040700100486,2021년 4월 7일 18시,수요일,대구광역시 달서구 월성동,경상사고,0,0,2,0,차대차 - 측면충돌,신호위반,건조,맑음,교차로 - 교차로부근,이륜,남,41세,경상,승합,여,30세,경상
2021040700100487,2021년 4월 7일 18시,수요일,대구광역시 달서구 진천동,경상사고,0,0,1,0,차대차 - 후진중충돌,안전운전불이행,건조,맑음,단일로 - 기타,승용,여,45세,상해없음,이륜,남,45세,경상
2021040700100488,2021년 4월 7일 18시,수요일,대구광역시 북구 산격동,경상사고,0,0,1,0,차대차 - 추돌,안전운전불이행,건조,맑음,교차로 - 교차로부근,화물,남,56세,상해없음,승용,남,56세,경상
2021040700100489,2021년 4월 7일 18시,수요일,대구광역시 북구 복현동,경상사고,0,0,1,0,차대차 - 기타,교차로운행방법위반,건조,맑음,교차로 - 교차로안,승용,여,38세,상해없음,승합,남,56세,상해없음
2021040700100490,2021년 4월 7일 18시,수요일,대구광역시 서구 중리동,경상사고,0,0,1,0,차대차 - 측면충돌,안전운전불이행,건조,맑음,단일로 - 기타,승용,남,27세,상해없음,승용,남,65세,경상
2021040700100491,2021년 4월 7일 18시,수요일,대구광역시 북구 읍내동,경상사고,0,0,1,0,차대차 - 측면충돌,신호위반,건조,맑음,교차로 - 교차로안,승용,남,43세,상해없음,승용,여,33세,경상
2021040700100492,2021년 4월 7일 18시,수요일,대구광역시 북구 관음동,경상사고,0,0,1,0,차대차 - 추돌,안전거리미확보,건조,맑음,단일로 - 기타,승용,남,62세,상해없음,승용,남,51세,경상
2021040700100540,2021년 4월 7일 19시,수요일,대구광역시 남구 봉덕동,경상사고,0,0,1,0,차대차 - 측면충돌,안전거리미확보,건조,맑음,교차로 - 교차로부근,승용,여,33세,상해없음,승용,남,37세,경상
2021040700100541,2021년 4월 7일 19시,수요일,대구광역시 수성구 두산동,중상사고,0,1,1,0,차대차 - 측면충돌,신호위반,건조,맑음,교차로 - 교차로안,이륜,남,29세,중상,승용,남,38세,경상
2021040700100542,2021년 4월 7일 19시,수요일,대구광역시 달성군 다사읍,경상사고,0,0,1,0,차대차 - 측면충돌,신호위반,건조,맑음,교차로 - 교차로안,승용,여,70세,상해없음,이륜,남,43세,경상
2021040700100564,2021년 4월 7일 20시,수요일,대구광역시 북구 동천동,중상사고,0,1,0,0,차대차 - 측면충돌,신호위반,건조,맑음,교차로 - 교차로안,이륜,남,31세,상해없음,개인형이동수단(PM),남,41세,중상
2021040700100598,2021년 4월 7일 21시,수요일,대구광역시 달서구 송현동,경상사고,0,0,1,0,차대사람 - 횡단중,안전운전불이행,건조,맑음,단일로 - 기타,화물,남,53세,상해없음,보행자,남,61세,경상
2021040700100599,2021년 4월 7일 21시,수요일,대구광역시 북구 산격동,중상사고,0,1,0,0,차대차 - 정면충돌,중앙선침범,건조,맑음,교차로 - 교차로부근,승용,남,31세,상해없음,승용,남,64세,중상
2021040700100628,2021년 4월 7일 22시,수요일,대구광역시 남구 대명동,경상사고,0,0,2,0,차대차 - 기타,안전운전불이행,건조,맑음,교차로 - 교차로부근,승용,남,48세,상해없음,승용,남,28세,경상
2021040700100644,2021년 4월 7일 23시,수요일,대구광역시 수성구 황금동,중상사고,0,1,2,0,차대차 - 기타,안전운전불이행,건조,맑음,교차로 - 교차로부근,승용,남,25세,상해없음,승용,남,61세,경상
2021040800100043,2021년 4월 8일 06시,목요일,대구광역시 달서구 감삼동,경상사고,0,0,1,0,차대차 - 기타,안전운전불이행,건조,맑음,단일로 - 기타,화물,남,65세,상해없음,자전거,남,68세,경상
2021040800100078,2021년 4월 8일 07시,목요일,대구광역시 달서구 송현동,경상사고,0,0,1,0,차대차 - 측면충돌,안전거리미확보,건조,맑음,단일로 - 기타,승용,남,30세,상해없음,승용,여,31세,경상
2021040800100079,2021년 4월 8일 07시,목요일,대구광역시 중구 삼덕동2가,경상사고,0,0,1,0,차대차 - 측면충돌,안전거리미확보,건조,맑음,교차로 - 교차로안,승용,남,49세,기타불명,승용,남,61세,경상
2021040800100109,2021년 4월 8일 08시,목요일,대구광역시 수성구 지산동,경상사고,0,0,1,0,차대차 - 측면충돌,교차로운행방법위반,건조,맑음,교차로 - 교차로안,승용,여,33세,상해없음,승용,남,35세,경상
2021040800100110,2021년 4월 8일 08시,목요일,대구광역시 달서구 진천동,경상사고,0,0,1,0,차대차 - 측면충돌,직진우회전진행방해,건조,맑음,교차로 - 교차로안,승용,여,57세,상해없음,승용,여,35세,경상
2021040800100111,2021년 4월 8일 08시,목요일,대구광역시 서구 평리동,경상사고,0,0,1,0,차대사람 - 보도통행중,기타,건조,맑음,단일로 - 기타,이륜,남,23세,상해없음,보행자,남,5세,경상
2021040800100112,2021년 4월 8일 08시,목요일,대구광역시 중구 동성로3가,경상사고,0,0,2,0,차대차 - 추돌,안전운전불이행,건조,맑음,단일로 - 기타,이륜,남,26세,경상,이륜,남,50세,경상
2021040800100150,2021년 4월 8일 09시,목요일,대구광역시 남구 대명동,경상사고,0,0,1,0,차대차 - 측면충돌,안전운전불이행,건조,맑음,교차로 - 교차로부근,자전거,남,60세,경상,승용,여,46세,상해없음
2021040800100151,2021년 4월 8일 09시,목요일,대구광역시 동구 검사동,경상사고,0,0,1,0,차대사람 - 길가장자리구역통행중,안전운전불이행,건조,맑음,단일로 - 기타,기타불명,기타불명,미분류,기타불명,보행자,여,32세,경상
2021040800100152,2021년 4월 8일 09시,목요일,대구광역시 중구 남산동,경상사고,0,0,1,0,차대사람 - 길가장자리구역통행중,안전운전불이행,건조,맑음,단일로 - 기타,승용,여,53세,상해없음,보행자,남,24세,경상
2021040800100182,2021년 4월 8일 10시,목요일,대구광역시 중구 동인동2가,경상사고,0,0,1,0,차대차 - 추돌,안전운전불이행,건조,맑음,단일로 - 기타,화물,남,22세,상해없음,승용,여,62세,경상
2021040800100220,2021년 4월 8일 11시,목요일,대구광역시 달성군 유가읍,경상사고,0,0,1,0,차대차 - 기타,안전운전불이행,건조,맑음,단일로 - 기타,승용,여,48세,상해없음,승용,여,28세,경상
2021040800100221,2021년 4월 8일 11시,목요일,대구광역시 북구 태전동,중상사고,0,1,0,0,차대차 - 측면충돌,신호위반,건조,맑음,교차로 - 교차로안,승용,남,56세,중상,건설기계,남,39세,상해없음
2021040800100283,2021년 4월 8일 13시,목요일,대구광역시 동구 봉무동,경상사고,0,0,1,0,차대차 - 측면충돌,안전운전불이행,건조,맑음,교차로 - 교차로안,이륜,남,23세,상해없음,자전거,남,75세,경상
2021040800100284,2021년 4월 8일 13시,목요일,대구광역시 서구 비산동,경상사고,0,0,1,0,차대차 - 측면충돌,교차로운행방법위반,건조,맑음,교차로 - 교차로안,승용,남,68세,상해없음,자전거,여,41세,경상
2021040800100321,2021년 4월 8일 14시,목요일,대구광역시 달서구 장기동,중상사고,0,1,0,0,차대차 - 측면충돌,안전운전불이행,건조,맑음,단일로 - 기타,승용,남,68세,상해없음,자전거,남,57세,중상
2021040800100351,2021년 4월 8일 15시,목요일,대구광역시 수성구 지산동,중상사고,0,1,0,0,차대사람 - 횡단중,보행자보호의무위반,건조,맑음,교차로 - 교차로횡단보도내,화물,남,58세,상해없음,보행자,남,58세,중상
2021040800100352,2021년 4월 8일 15시,목요일,대구광역시 수성구 지산동,경상사고,0,0,2,0,차대차 - 측면충돌,안전거리미확보,건조,맑음,단일로 - 기타,승용,여,26세,상해없음,승용,남,43세,경상
2021040800100353,2021년 4월 8일 15시,목요일,대구광역시 달서구 송현동,경상사고,0,0,1,0,차대차 - 측면충돌,교차로운행방법위반,건조,맑음,교차로 - 교차로안,승용,남,61세,상해없음,이륜,남,42세,경상
2021040800100354,2021년 4월 8일 15시,목요일,대구광역시 북구 노원동3가,중상사고,0,1,0,0,차대사람 - 기타,신호위반,건조,맑음,단일로 - 기타,자전거,남,69세,상해없음,보행자,여,54세,중상
2021040800100355,2021년 4월 8일 15시,목요일,대구광역시 서구 평리동,경상사고,0,0,1,0,차대차 - 추돌,안전운전불이행,건조,맑음,교차로 - 교차로안,승용,남,62세,상해없음,이륜,남,59세,경상
2021040800100396,2021년 4월 8일 16시,목요일,대구광역시 동구 율하동,경상사고,0,0,1,0,차대사람 - 기타,보행자보호의무위반,건조,맑음,교차로 - 교차로안,승용,여,28세,상해없음,보행자,여,60세,경상
2021040800100397,2021년 4월 8일 16시,목요일,대구광역시 달서구 용산동,중상사고,0,1,4,0,차대차 - 추돌,안전거리미확보,건조,맑음,단일로 - 기타,승용,남,23세,기타불명,승용,여,34세,경상
2021040800100447,2021년 4월 8일 17시,목요일,대구광역시 달성군 옥포읍,경상사고,0,0,1,0,차대사람 - 횡단중,보행자보호의무위반,건조,맑음,기타 - 기타,화물,남,56세,상해없음,보행자,남,7세,경상
2021040800100488,2021년 4월 8일 18시,목요일,대구광역시 동구 율하동,경상사고,0,0,1,0,차대차 - 기타,교차로운행방법위반,건조,맑음,교차로 - 교차로안,승용,여,29세,상해없음,승용,남,26세,경상
2021040800100489,2021년 4월 8일 18시,목요일,대구광역시 수성구 중동,경상사고,0,0,1,0,차대차 - 기타,안전운전불이행,건조,맑음,단일로 - 기타,승용,여,49세,상해없음,이륜,남,31세,경상
2021040800100490,2021년 4월 8일 18시,목요일,대구광역시 수성구 만촌동,부상신고사고,0,0,0,1,차량단독 - 기타,안전운전불이행,건조,맑음,단일로 - 기타,승합,남,52세,기타불명,,,,
2021040800100491,2021년 4월 8일 18시,목요일,대구광역시 달서구 유천동,경상사고,0,0,2,0,차대차 - 측면충돌,차로위반,건조,맑음,단일로 - 기타,승용,여,33세,경상,승용,남,42세,경상
2021040800100492,2021년 4월 8일 18시,목요일,대구광역시 서구 내당동,부상신고사고,0,0,0,1,차대차 - 측면충돌,안전운전불이행,건조,맑음,교차로 - 교차로부근,자전거,남,7세,부상신고,승용,남,34세,상해없음
2021040800100493,2021년 4월 8일 18시,목요일,대구광역시 중구 계산동2가,경상사고,0,0,1,0,차대사람 - 기타,안전운전불이행,건조,맑음,단일로 - 기타,승용,여,56세,상해없음,보행자,남,36세,경상
2021040800100494,2021년 4월 8일 18시,목요일,대구광역시 달서구 두류동,경상사고,0,0,2,0,차대차 - 기타,안전운전불이행,건조,맑음,교차로 - 교차로안,이륜,남,44세,경상,승용,남,26세,경상
2021040800100495,2021년 4월 8일 18시,목요일,대구광역시 북구 읍내동,경상사고,0,0,2,0,차대차 - 측면충돌,신호위반,건조,맑음,교차로 - 교차로안,승용,남,61세,상해없음,승용,남,26세,경상
2021040800100529,2021년 4월 8일 19시,목요일,대구광역시 달서구 두류동,경상사고,0,0,1,0,차대차 - 측면충돌,직진우회전진행방해,건조,맑음,교차로 - 교차로안,승용,남,43세,상해없음,승용,남,43세,경상
2021040800100571,2021년 4월 8일 20시,목요일,대구광역시 수성구 사월동,경상사고,0,0,1,0,차대차 - 기타,안전운전불이행,건조,맑음,단일로 - 기타,승용,남,52세,상해없음,승합,남,66세,상해없음
2021040800100572,2021년 4월 8일 20시,목요일,대구광역시 달서구 송현동,경상사고,0,0,1,0,차대차 - 추돌,안전운전불이행,건조,맑음,교차로 - 교차로안,승용,남,43세,상해없음,승용,남,44세,경상
2021040800100590,2021년 4월 8일 21시,목요일,대구광역시 북구 산격동,중상사고,0,1,0,0,차대차 - 측면충돌,교차로운행방법위반,건조,맑음,교차로 - 교차로안,승용,남,67세,상해없음,이륜,남,36세,중상
2021040800100591,2021년 4월 8일 21시,목요일,대구광역시 중구 동성로3가,경상사고,0,0,1,0,차대사람 - 보도통행중,기타,건조,맑음,기타 - 기타,개인형이동수단(PM),남,26세,상해없음,보행자,여,28세,경상
2021040800100592,2021년 4월 8일 21시,목요일,대구광역시 달서구 이곡동,경상사고,0,0,1,0,차대차 - 추돌,안전운전불이행,건조,맑음,단일로 - 기타,승용,남,21세,상해없음,승용,여,34세,경상
2021040800100621,2021년 4월 8일 22시,목요일,대구광역시 수성구 매호동,경상사고,0,0,1,0,차대차 - 기타,안전운전불이행,건조,맑음,기타 - 기타,승용,남,61세,상해없음,승용,여,34세,경상
2021040800100622,2021년 4월 8일 22시,목요일,대구광역시 북구 서변동,중상사고,0,1,1,0,차대차 - 추돌,차로위반,건조,맑음,단일로 - 지하차도(도로)내,이륜,남,58세,중상,승용,남,57세,경상
2021040900100010,2021년 4월 9일 00시,금요일,대구광역시 수성구 중동,경상사고,0,0,1,0,차량단독 - 공작물충돌,안전운전불이행,건조,맑음,단일로 - 기타,승용,남,43세,경상,,,,
2021040900100029,2021년 4월 9일 05시,금요일,대구광역시 수성구 상동,경상사고,0,0,1,0,차대차 - 추돌,안전운전불이행,건조,맑음,교차로 - 교차로부근,승용,남,27세,상해없음,승용,남,68세,경상
2021040900100062,2021년 4월 9일 07시,금요일,대구광역시 달성군 다사읍,경상사고,0,0,2,0,차대차 - 기타,안전운전불이행,건조,맑음,교차로 - 교차로부근,승용,여,42세,경상,승용,남,36세,경상
2021040900100104,2021년 4월 9일 08시,금요일,대구광역시 달서구 유천동,경상사고,0,0,1,0,차대차 - 측면충돌,안전운전불이행,건조,맑음,단일로 - 기타,승합,여,68세,상해없음,승용,여,31세,경상
2021040900100105,2021년 4월 9일 08시,금요일,대구광역시 북구 노원동2가,경상사고,0,0,2,0,차대차 - 추돌,안전운전불이행,건조,맑음,단일로 - 기타,건설기계,남,43세,상해없음,승용,남,73세,경상
2021040900100134,2021년 4월 9일 09시,금요일,대구광역시 수성구 범어동,중상사고,0,1,4,0,차대차 - 측면충돌,교차로운행방법위반,건조,맑음,교차로 - 교차로안,승용,남,56세,경상,승용,여,49세,경상
2021040900100135,2021년 4월 9일 09시,금요일,대구광역시 북구 산격동,경상사고,0,0,1,0,차대차 - 추돌,안전운전불이행,건조,맑음,단일로 - 기타,승용,남,29세,상해없음,승용,남,37세,경상
2021040900100136,2021년 4월 9일 09시,금요일,대구광역시 달서구 감삼동,경상사고,0,0,1,0,차대사람 - 기타,안전운전불이행,건조,맑음,단일로 - 기타,승합,여,60세,상해없음,보행자,여,21세,경상
2021040900100164,2021년 4월 9일 10시,금요일,대구광역시 달서구 장기동,경상사고,0,0,1,0,차대차 - 추돌,안전거리미확보,건조,맑음,단일로 - 기타,화물,남,60세,상해없음,화물,남,34세,경상
2021040900100165,2021년 4월 9일 10시,금요일,대구광역시 북구 매천동,중상사고,0,1,0,0,차대차 - 측면충돌,안전운전불이행,건조,맑음,단일로 - 교량,승용,남,49세,상해없음,승용,여,60세,중상
2021040900100205,2021년 4월 9일 11시,금요일,대구광역시 달서구 상인동,경상사고,0,0,1,0,차대차 - 기타,안전거리미확보,건조,맑음,교차로 - 교차로안,승용,여,57세,상해없음,원동기,남,35세,경상
2021040900100207,2021년 4월 9일 11시,금요일,대구광역시 북구 침산동,중상사고,0,1,0,0,차대차 - 기타,안전운전불이행,건조,맑음,교차로 - 교차로안,승용,여,32세,상해없음,이륜,남,45세,중상
2021040900100208,2021년 4월 9일 11시,금요일,대구광역시 서구 중리동,중상사고,0,1,0,0,차대사람 - 횡단중,보행자보호의무위반,건조,맑음,교차로 - 교차로안,승합,남,28세,상해없음,보행자,여,78세,중상
2021040900100243,2021년 4월 9일 12시,금요일,대구광역시 남구 대명동,경상사고,0,0,1,0,차대차 - 측면충돌,기타,건조,맑음,교차로 - 교차로안,승용,남,69세,상해없음,이륜,남,64세,경상
2021040900100244,2021년 4월 9일 12시,금요일,대구광역시 수성구 황금동,경상사고,0,0,1,0,차대사람 - 차도통행중,안전운전불이행,건조,맑음,단일로 - 기타,승용,여,48세,상해없음,보행자,여,64세,경상
2021040900100245,2021년 4월 9일 12시,금요일,대구광역시 수성구 범어동,경상사고,0,0,1,0,차대사람 - 보도통행중,기타,건조,맑음,단일로 - 기타,개인형이동수단(PM),기타불명,미분류,기타불명,보행자,여,19세,경상
2021040900100246,2021년 4월 9일 12시,금요일,대구광역시 서구 내당동,중상사고,0,1,0,0,차대차 - 기타,기타,건조,맑음,교차로 - 교차로안,승용,여,24세,상해없음,자전거,남,64세,중상
2021040900100247,2021년 4월 9일 12시,금요일,대구광역시 중구 달성동,중상사고,0,1,0,0,차대차 - 기타,교차로운행방법위반,건조,맑음,교차로 - 교차로안,승용,여,49세,상해없음,이륜,남,66세,중상
2021040900100248,2021년 4월 9일 12시,금요일,대구광역시 달서구 이곡동,경상사고,0,0,1,0,차대차 - 기타,안전운전불이행,건조,맑음,교차로 - 교차로부근,승용,남,73세,상해없음,승용,여,59세,경상
2021040900100278,2021년 4월 9일 13시,금요일,대구광역시 북구 매천동,경상사고,0,0,1,0,차대차 - 측면충돌,직진우회전진행방해,건조,맑음,교차로 - 교차로안,화물,남,60세,상해없음,화물,남,44세,경상
2021040900100346,2021년 4월 9일 15시,금요일,대구광역시 수성구 황금동,경상사고,0,0,1,0,차대사람 - 차도통행중,안전운전불이행,건조,맑음,교차로 - 교차로안,승용,여,45세,상해없음,보행자,여,40세,경상
2021040900100393,2021년 4월 9일 16시,금요일,대구광역시 서구 중리동,경상사고,0,0,1,0,차대사람 - 기타,신호위반,건조,맑음,교차로 - 교차로횡단보도내,이륜,남,32세,기타불명,보행자,여,23세,경상
2021040900100455,2021년 4월 9일 17시,금요일,대구광역시 북구 산격동,경상사고,0,0,1,0,차대차 - 측면충돌,불법유턴,건조,맑음,교차로 - 교차로안,승용,남,54세,상해없음,이륜,남,17세,경상
2021040900100456,2021년 4월 9일 17시,금요일,대구광역시 서구 평리동,경상사고,0,0,3,0,차대차 - 측면충돌,신호위반,건조,맑음,교차로 - 교차로안,승용,남,37세,경상,승용,남,78세,경상
2021040900100494,2021년 4월 9일 18시,금요일,대구광역시 달서구 대곡동,경상사고,0,0,1,0,차대차 - 측면충돌,신호위반,건조,맑음,교차로 - 교차로안,승용,여,56세,상해없음,이륜,남,28세,경상
2021040900100495,2021년 4월 9일 18시,금요일,대구광역시 달서구 장기동,경상사고,0,0,2,0,차대차 - 기타,직진우회전진행방해,건조,맑음,교차로 - 교차로안,승합,남,70세,경상,승용,남,56세,상해없음
2021040900100496,2021년 4월 9일 18시,금요일,대구광역시 달서구 두류동,부상신고사고,0,0,0,1,차대차 - 기타,안전운전불이행,건조,맑음,교차로 - 교차로안,이륜,남,18세,상해없음,이륜,여,60세,부상신고
2021040900100497,2021년 4월 9일 18시,금요일,대구광역시 달서구 장기동,경상사고,0,0,1,0,차대차 - 측면충돌,중앙선침범,건조,맑음,단일로 - 기타,승용,남,69세,상해없음,승용,남,24세,경상
2021040900100498,2021년 4월 9일 18시,금요일,대구광역시 북구 서변동,중상사고,0,1,0,0,차대사람 - 횡단중,교차로운행방법위반,건조,맑음,단일로 - 기타,승용,여,35세,상해없음,보행자,여,66세,중상
2021040900100533,2021년 4월 9일 19시,금요일,대구광역시 북구 산격동,경상사고,0,0,2,0,차대차 - 기타,기타,건조,맑음,단일로 - 기타,승용,남,31세,상해없음,승용,남,26세,경상
2021040900100534,2021년 4월 9일 19시,금요일,대구광역시 달서구 신당동,경상사고,0,0,2,0,차대차 - 추돌,안전운전불이행,건조,맑음,교차로 - 교차로부근,특수,남,57세,경상,승용,남,47세,경상
2021040900100572,2021년 4월 9일 20시,금요일,대구광역시 달서구 성당동,경상사고,0,0,1,0,차대차 - 측면충돌,안전거리미확보,건조,맑음,단일로 - 기타,승용,여,41세,상해없음,이륜,남,23세,경상
2021040900100599,2021년 4월 9일 21시,금요일,대구광역시 동구 서호동,중상사고,0,1,0,0,차대사람 - 횡단중,안전운전불이행,건조,맑음,단일로 - 기타,승용,여,50세,상해없음,보행자,여,65세,중상
2021040900100600,2021년 4월 9일 21시,금요일,대구광역시 달서구 도원동,경상사고,0,0,3,0,차대차 - 측면충돌,안전운전불이행,건조,맑음,교차로 - 교차로부근,승용,남,65세,상해없음,승용,남,45세,경상
2021041000100008,2021년 4월 10일 00시,토요일,대구광역시 남구 대명동,경상사고,0,0,1,0,차대차 - 측면충돌,신호위반,건조,맑음,교차로 - 교차로안,승용,여,28세,상해없음,승용,여,38세,경상
2021041000100014,2021년 4월 10일 01시,토요일,대구광역시 달서구 용산동,중상사고,0,1,0,0,차대차 - 추돌,안전운전불이행,건조,맑음,교차로 - 교차로부근,승용,남,25세,상해없음,화물,남,36세,중상
2021041000100015,2021년 4월 10일 01시,토요일,대구광역시 달서구 본리동,경상사고,0,0,1,0,차대차 - 측면충돌,신호위반,건조,맑음,교차로 - 교차로횡단보도내,승용,여,51세,상해없음,원동기,남,52세,경상
2021041000100029,2021년 4월 10일 04시,토요일,대구광역시 북구 산격동,경상사고,0,0,2,0,차대차 - 추돌,안전운전불이행,건조,맑음,교차로 - 교차로부근,승용,남,48세,상해없음,승용,남,52세,경상
2021041000100073,2021년 4월 10일 08시,토요일,대구광역시 달서구 파호동,경상사고,0,0,1,0,차대차 - 추돌,안전거리미확보,건조,맑음,단일로 - 교량,화물,남,35세,기타불명,승용,남,59세,경상
2021041000100102,2021년 4월 10일 09시,토요일,대구광역시 달서구 용산동,중상사고,0,1,0,0,차대사람 - 횡단중,불법유턴,건조,맑음,단일로 - 기타,승용,남,20세,상해없음,보행자,여,42세,중상