사고번호,사고일시,요일,시군구,사고내용,사망자수,중상자수,경상자수,부상신고자수,사고유형,법규위반,노면상태,기상상태,도로형태,가해운전자 차종,가해운전자 성별,가해운전자 연령,가해운전자 상해정도,피해운전자 차종,피해운전자 성별,피해운전자 연령,피해운전자 상해정도
2021041300100289,2021년 4월 13일 14시,화요일,대구광역시 동구 효목동,경상사고,0,0,1,0,차대차 - 측면충돌,안전거리미확보,건조,맑음,단일로 - 기타,승용,남,72세,기타불명,승용,남,65세,경상
2021041300100290,2021년 4월 13일 14시,화요일,대구광역시 북구 구암동,중상사고,0,1,0,0,차대차 - 측면충돌,교차로운행방법위반,건조,맑음,교차로 - 교차로안,화물,남,69세,상해없음,이륜,남,33세,중상
2021041300100331,2021년 4월 13일 15시,화요일,대구광역시 수성구 황금동,경상사고,0,0,1,0,차대사람 - 기타,기타,건조,맑음,단일로 - 기타,승합,남,47세,상해없음,보행자,여,13세,경상
2021041300100332,2021년 4월 13일 15시,화요일,대구광역시 달서구 월성동,중상사고,0,1,0,0,차대차 - 기타,중앙선침범,건조,맑음,단일로 - 기타,승용,남,68세,상해없음,승용,남,37세,중상
2021041300100333,2021년 4월 13일 15시,화요일,대구광역시 달서구 성당동,중상사고,0,1,0,0,차대사람 - 기타,교차로운행방법위반,건조,맑음,교차로 - 교차로안,승합,남,63세,상해없음,보행자,여,65세,중상
2021041300100373,2021년 4월 13일 16시,화요일,대구광역시 남구 대명동,경상사고,0,0,1,0,차대차 - 추돌,안전운전불이행,건조,맑음,교차로 - 교차로안,이륜,남,39세,경상,승용,남,59세,상해없음
2021041300100374,2021년 4월 13일 16시,화요일,대구광역시 남구 봉덕동,경상사고,0,0,1,0,차대차 - 추돌,안전운전불이행,건조,맑음,단일로 - 교량,승용,남,64세,상해없음,승합,기타불명,미분류,기타불명
2021041300100375,2021년 4월 13일 16시,화요일,대구광역시 남구 대명동,중상사고,0,1,0,0,차대차 - 측면충돌,안전운전불이행,건조,맑음,교차로 - 교차로부근,승용,여,36세,상해없음,승용,여,56세,중상
2021041300100377,2021년 4월 13일 16시,화요일,대구광역시 달서구 상인동,경상사고,0,0,1,0,차대차 - 기타,안전운전불이행,건조,맑음,단일로 - 기타,승용,여,30세,상해없음,승합,남,59세,상해없음
2021041300100378,2021년 4월 13일 16시,화요일,대구광역시 달서구 상인동,경상사고,0,0,1,0,차대사람 - 횡단중,보행자보호의무위반,건조,맑음,교차로 - 교차로안,화물,남,65세,상해없음,보행자,남,70세,경상
2021041300100379,2021년 4월 13일 16시,화요일,대구광역시 달성군 화원읍,경상사고,0,0,3,0,차대차 - 추돌,안전운전불이행,건조,맑음,단일로 - 터널,화물,남,38세,상해없음,승용,남,46세,경상
2021041300100380,2021년 4월 13일 16시,화요일,대구광역시 달서구 월암동,경상사고,0,0,2,0,차대차 - 측면충돌,직진우회전진행방해,건조,맑음,교차로 - 교차로안,승용,여,38세,경상,승용,남,40세,경상
2021041300100381,2021년 4월 13일 16시,화요일,대구광역시 서구 평리동,경상사고,0,0,1,0,차대차 - 측면충돌,안전운전불이행,건조,맑음,단일로 - 기타,기타불명,기타불명,미분류,기타불명,이륜,남,27세,경상
2021041300100382,2021년 4월 13일 16시,화요일,대구광역시 서구 내당동,경상사고,0,0,3,0,차대차 - 측면충돌,신호위반,건조,맑음,교차로 - 교차로안,승합,남,31세,상해없음,승용,여,39세,경상
2021041300100383,2021년 4월 13일 16시,화요일,대구광역시 북구 읍내동,경상사고,0,0,1,0,차대차 - 측면충돌,안전운전불이행,건조,맑음,단일로 - 기타,화물,남,66세,상해없음,이륜,남,17세,경상
2021041300100427,2021년 4월 13일 17시,화요일,대구광역시 동구 신기동,중상사고,0,1,0,1,차대사람 - 횡단중,보행자보호의무위반,건조,맑음,교차로 - 교차로횡단보도내,이륜,남,32세,부상신고,보행자,남,78세,중상
2021041300100428,2021년 4월 13일 17시,화요일,대구광역시 수성구 두산동,경상사고,0,0,2,0,차대차 - 측면충돌,안전운전불이행,건조,맑음,단일로 - 기타,승용,남,36세,상해없음,승용,남,54세,경상
2021041300100429,2021년 4월 13일 17시,화요일,대구광역시 달성군 유가읍,경상사고,0,0,1,0,차대차 - 측면충돌,안전운전불이행,건조,맑음,단일로 - 기타,승용,여,61세,상해없음,승용,남,58세,경상
2021041300100430,2021년 4월 13일 17시,화요일,대구광역시 달서구 용산동,경상사고,0,0,1,0,차대사람 - 기타,안전운전불이행,건조,맑음,교차로 - 교차로안,승용,남,56세,상해없음,보행자,남,51세,경상
2021041300100475,2021년 4월 13일 18시,화요일,대구광역시 달서구 장기동,중상사고,0,1,3,0,차대차 - 측면충돌,안전운전불이행,건조,맑음,단일로 - 기타,승용,남,26세,경상,승용,남,29세,중상
2021041300100476,2021년 4월 13일 18시,화요일,대구광역시 달서구 성당동,경상사고,0,0,1,0,차대사람 - 횡단중,안전운전불이행,건조,맑음,교차로 - 교차로안,화물,남,60세,상해없음,보행자,여,25세,경상
2021041300100477,2021년 4월 13일 18시,화요일,대구광역시 북구 동천동,경상사고,0,0,2,0,차대차 - 측면충돌,교차로운행방법위반,건조,맑음,교차로 - 교차로안,승용,여,52세,경상,이륜,남,41세,경상
2021041300100517,2021년 4월 13일 19시,화요일,대구광역시 동구 검사동,경상사고,0,0,1,0,차대차 - 측면충돌,안전운전불이행,건조,맑음,기타 - 기타,자전거,남,15세,경상,이륜,남,65세,상해없음
2021041300100518,2021년 4월 13일 19시,화요일,대구광역시 수성구 만촌동,중상사고,0,1,0,0,차대사람 - 기타,안전운전불이행,건조,맑음,교차로 - 교차로부근,승용,남,51세,상해없음,보행자,여,58세,중상
2021041300100519,2021년 4월 13일 19시,화요일,대구광역시 수성구 수성동1가,경상사고,0,0,1,0,차대차 - 측면충돌,안전거리미확보,건조,맑음,단일로 - 기타,승용,남,69세,상해없음,이륜,남,53세,경상
2021041300100520,2021년 4월 13일 19시,화요일,대구광역시 달서구 월암동,경상사고,0,0,1,0,차대차 - 측면충돌,교차로운행방법위반,건조,맑음,교차로 - 교차로안,화물,남,47세,상해없음,승용,남,23세,경상
2021041300100521,2021년 4월 13일 19시,화요일,대구광역시 달서구 두류동,경상사고,0,0,1,0,차대차 - 추돌,안전운전불이행,건조,맑음,단일로 - 기타,승용,남,29세,상해없음,승용,남,51세,경상
2021041300100574,2021년 4월 13일 21시,화요일,대구광역시 동구 신천동,경상사고,0,0,1,0,차대차 - 정면충돌,신호위반,건조,맑음,교차로 - 교차로안,승용,여,45세,상해없음,승용,남,31세,경상
2021041300100607,2021년 4월 13일 22시,화요일,대구광역시 달서구 상인동,경상사고,0,0,1,0,차대차 - 측면충돌,차로위반,건조,맑음,단일로 - 기타,승합,남,64세,상해없음,이륜,남,36세,경상
2021041300100608,2021년 4월 13일 22시,화요일,대구광역시 달서구 장기동,경상사고,0,0,1,0,차대차 - 측면충돌,안전운전불이행,건조,맑음,단일로 - 기타,승용,남,70세,상해없음,승용,여,47세,상해없음
2021041300100621,2021년 4월 13일 23시,화요일,대구광역시 수성구 만촌동,경상사고,0,0,1,0,차대사람 - 횡단중,보행자보호의무위반,건조,맑음,기타 - 기타,기타불명,기타불명,미분류,기타불명,보행자,남,39세,경상
2021041300100622,2021년 4월 13일 23시,화요일,대구광역시 북구 태전동,경상사고,0,0,1,0,차량단독 - 기타,안전운전불이행,건조,맑음,단일로 - 기타,승용,남,54세,상해없음,,,,
2021041400100054,2021년 4월 14일 07시,수요일,대구광역시 서구 상리동,경상사고,0,0,1,0,차대차 - 측면충돌,안전운전불이행,건조,맑음,단일로 - 기타,승용,남,49세,상해없음,화물,남,65세,경상
2021041400100085,2021년 4월 14일 08시,수요일,대구광역시 수성구 지산동,중상사고,0,1,0,0,차대차 - 기타,안전운전불이행,건조,맑음,기타 - 기타,승용,여,26세,상해없음,자전거,여,59세,중상
2021041400100086,2021년 4월 14일 08시,수요일,대구광역시 달서구 용산동,중상사고,0,1,0,0,차대사람 - 횡단중,안전운전불이행,건조,맑음,교차로 - 교차로횡단보도내,승용,남,57세,상해없음,보행자,여,57세,중상
2021041400100115,2021년 4월 14일 09시,수요일,대구광역시 남구 봉덕동,중상사고,0,1,1,0,차량단독 - 기타,안전운전불이행,건조,맑음,단일로 - 기타,승합,남,51세,상해없음,,,,
2021041400100116,2021년 4월 14일 09시,수요일,대구광역시 달서구 상인동,경상사고,0,0,1,0,차대차 - 추돌,안전운전불이행,건조,맑음,단일로 - 기타,화물,남,46세,상해없음,화물,남,42세,경상
2021041400100140,2021년 4월 14일 10시,수요일,대구광역시 중구 대신동,경상사고,0,0,3,0,차대차 - 측면충돌,안전거리미확보,건조,맑음,교차로 - 교차로안,이륜,남,48세,상해없음,승용,남,69세,경상
2021041400100141,2021년 4월 14일 10시,수요일,대구광역시 달서구 감삼동,중상사고,0,1,0,0,차대차 - 측면충돌,차로위반,건조,맑음,단일로 - 기타,승용,남,31세,상해없음,이륜,남,27세,중상
2021041400100161,2021년 4월 14일 11시,수요일,대구광역시 달서구 대곡동,경상사고,0,0,1,0,차대차 - 측면충돌,중앙선침범,건조,맑음,교차로 - 교차로부근,승용,여,57세,상해없음,이륜,남,41세,경상
2021041400100162,2021년 4월 14일 11시,수요일,대구광역시 북구 산격동,경상사고,0,0,2,0,차대차 - 후진중충돌,안전운전불이행,건조,맑음,단일로 - 기타,승용,여,57세,상해없음,승용,남,35세,경상
2021041400100163,2021년 4월 14일 11시,수요일,대구광역시 북구 태전동,경상사고,0,0,1,0,차대차 - 측면충돌,직진우회전진행방해,건조,맑음,교차로 - 교차로안,승용,남,44세,상해없음,승합,남,53세,경상
2021041400100240,2021년 4월 14일 13시,수요일,대구광역시 달서구 유천동,경상사고,0,0,2,0,차대차 - 측면충돌,교차로운행방법위반,건조,맑음,교차로 - 교차로안,승용,남,72세,경상,승용,남,69세,경상
2021041400100272,2021년 4월 14일 14시,수요일,대구광역시 수성구 범어동,경상사고,0,0,1,0,차대차 - 측면충돌,안전운전불이행,건조,맑음,단일로 - 기타,승용,여,60세,상해없음,자전거,남,65세,경상
2021041400100273,2021년 4월 14일 14시,수요일,대구광역시 달서구 유천동,경상사고,0,0,2,0,차대차 - 측면충돌,안전거리미확보,건조,맑음,기타 - 기타,승용,여,51세,상해없음,이륜,남,22세,경상
2021041400100340,2021년 4월 14일 16시,수요일,대구광역시 달서구 유천동,중상사고,0,1,0,0,차대사람 - 횡단중,안전운전불이행,건조,맑음,교차로 - 교차로부근,화물,남,65세,상해없음,보행자,여,44세,중상
2021041400100386,2021년 4월 14일 17시,수요일,대구광역시 북구 침산동,중상사고,0,1,0,0,차대사람 - 차도통행중,안전운전불이행,건조,맑음,교차로 - 교차로안,승용,여,53세,상해없음,보행자,여,73세,중상
2021041400100387,2021년 4월 14일 17시,수요일,대구광역시 북구 노원동3가,경상사고,0,0,1,0,차대차 - 기타,안전운전불이행,건조,맑음,교차로 - 교차로안,승용,여,37세,상해없음,승용,남,29세,경상
2021041400100388,2021년 4월 14일 17시,수요일,대구광역시 서구 내당동,중상사고,0,1,0,0,차대차 - 기타,중앙선침범,건조,맑음,단일로 - 기타,승용,남,55세,상해없음,이륜,남,24세,중상
2021041400100431,2021년 4월 14일 18시,수요일,대구광역시 수성구 신매동,경상사고,0,0,1,1,차대차 - 측면충돌,기타,건조,맑음,교차로 - 교차로안,이륜,남,24세,부상신고,화물,남,36세,경상
2021041400100432,2021년 4월 14일 18시,수요일,대구광역시 달서구 진천동,경상사고,0,0,1,0,차대차 - 측면충돌,안전운전불이행,건조,맑음,단일로 - 기타,이륜,남,28세,상해없음,자전거,남,28세,경상
2021041400100433,2021년 4월 14일 18시,수요일,대구광역시 달서구 월성동,경상사고,0,0,1,0,차대차 - 측면충돌,기타,건조,맑음,교차로 - 교차로안,원동기,남,52세,경상,승용,남,34세,상해없음
2021041400100468,2021년 4월 14일 19시,수요일,대구광역시 동구 신암동,부상신고사고,0,0,0,1,차대사람 - 기타,안전운전불이행,건조,맑음,단일로 - 기타,승용,남,29세,상해없음,보행자,여,18세,부상신고
2021041400100469,2021년 4월 14일 19시,수요일,대구광역시 수성구 가천동,중상사고,0,1,0,0,차대차 - 추돌,안전운전불이행,건조,맑음,단일로 - 기타,승용,남,59세,상해없음,자전거,여,50세,중상
2021041400100470,2021년 4월 14일 19시,수요일,대구광역시 수성구 범어동,경상사고,0,0,1,0,차대사람 - 기타,안전운전불이행,건조,맑음,단일로 - 기타,승용,여,35세,상해없음,보행자,여,54세,경상
2021041400100520,2021년 4월 14일 21시,수요일,대구광역시 동구 효목동,중상사고,0,3,0,0,차대차 - 추돌,안전운전불이행,건조,맑음,교차로 - 교차로부근,승용,남,55세,상해없음,승용,남,59세,중상
2021041400100521,2021년 4월 14일 21시,수요일,대구광역시 북구 침산동,경상사고,0,0,1,0,차대차 - 추돌,안전운전불이행,건조,맑음,교차로 - 교차로부근,화물,남,62세,상해없음,원동기,남,22세,경상
2021041400100522,2021년 4월 14일 21시,수요일,대구광역시 서구 평리동,중상사고,0,1,0,0,차대차 - 기타,안전운전불이행,건조,맑음,단일로 - 기타,승용,여,30세,상해없음,이륜,남,20세,중상
2021041400100553,2021년 4월 14일 22시,수요일,대구광역시 달서구 월암동,중상사고,0,1,0,0,차대차 - 측면충돌,직진우회전진행방해,건조,맑음,교차로 - 교차로안,승용,여,51세,상해없음,승용,여,53세,중상
2021041400100554,2021년 4월 14일 22시,수요일,대구광역시 달서구 호림동,중상사고,0,1,0,0,차대차 - 측면충돌,안전운전불이행,건조,맑음,교차로 - 교차로안,기타불명,기타불명,미분류,기타불명,승용,여,56세,중상
2021041400100567,2021년 4월 14일 23시,수요일,대구광역시 동구 신무동,경상사고,0,0,1,0,차량단독 - 전도전복 - 전도,안전운전불이행,건조,맑음,단일로 - 기타,승용,여,23세,상해없음,,,,
2021041500100013,2021년 4월 15일 01시,목요일,대구광역시 수성구 상동,경상사고,0,0,5,0,차대차 - 추돌,안전운전불이행,건조,맑음,교차로 - 교차로부근,승용,남,57세,상해없음,승용,남,65세,경상
2021041500100032,2021년 4월 15일 06시,목요일,대구광역시 달서구 장동,중상사고,0,1,0,0,차대차 - 기타,안전운전불이행,건조,맑음,교차로 - 교차로안,승용,남,62세,상해없음,이륜,남,52세,중상
2021041500100033,2021년 4월 15일 06시,목요일,대구광역시 북구 서변동,경상사고,0,0,1,0,차대차 - 측면충돌,안전거리미확보,건조,맑음,단일로 - 기타,승용,남,51세,상해없음,승용,남,60세,경상
2021041500100062,2021년 4월 15일 07시,목요일,대구광역시 남구 봉덕동,경상사고,0,0,1,0,차대차 - 추돌,안전운전불이행,건조,맑음,교차로 - 교차로부근,승용,남,48세,상해없음,이륜,남,53세,경상
2021041500100096,2021년 4월 15일 08시,목요일,대구광역시 동구 신천동,경상사고,0,0,1,0,차대차 - 측면충돌,안전거리미확보,건조,맑음,단일로 - 기타,건설기계,남,51세,기타불명,승용,남,61세,경상
2021041500100130,2021년 4월 15일 09시,목요일,대구광역시 달서구 용산동,경상사고,0,0,1,0,차대차 - 측면충돌,교차로운행방법위반,건조,맑음,교차로 - 교차로안,승용,남,69세,상해없음,승용,남,31세,경상
2021041500100151,2021년 4월 15일 10시,목요일,대구광역시 수성구 지산동,사망사고,1,0,0,0,차량단독 - 기타,안전운전불이행,건조,맑음,단일로 - 기타,승용,여,45세,사망,,,,
2021041500100219,2021년 4월 15일 12시,목요일,대구광역시 서구 비산동,경상사고,0,0,1,0,차대차 - 측면충돌,안전운전불이행,건조,맑음,단일로 - 기타,승용,남,67세,상해없음,이륜,남,44세,경상
2021041500100220,2021년 4월 15일 12시,목요일,대구광역시 서구 내당동,중상사고,0,1,1,0,차대차 - 측면충돌,안전운전불이행,건조,맑음,교차로 - 교차로안,이륜,남,84세,중상,화물,남,43세,경상
2021041500100221,2021년 4월 15일 12시,목요일,대구광역시 북구 서변동,경상사고,0,0,1,0,차대차 - 추돌,안전거리미확보,건조,맑음,단일로 - 지하차도(도로)내,이륜,남,44세,경상,승용,여,52세,상해없음
2021041500100255,2021년 4월 15일 13시,목요일,대구광역시 북구 칠성동1가,경상사고,0,0,1,0,차대사람 - 길가장자리구역통행중,기타,건조,맑음,교차로 - 교차로부근,승용,남,50세,상해없음,보행자,여,45세,경상
2021041500100256,2021년 4월 15일 13시,목요일,대구광역시 서구 내당동,부상신고사고,0,0,0,1,차대사람 - 길가장자리구역통행중,안전운전불이행,건조,맑음,단일로 - 기타,화물,남,44세,상해없음,보행자,남,61세,부상신고
2021041500100286,2021년 4월 15일 14시,목요일,대구광역시 수성구 파동,경상사고,0,0,1,0,차대차 - 측면충돌,안전운전불이행,건조,맑음,교차로 - 교차로안,승용,여,53세,상해없음,승용,여,63세,경상
2021041500100287,2021년 4월 15일 14시,목요일,대구광역시 북구 학정동,경상사고,0,0,1,0,차대사람 - 횡단중,보행자보호의무위반,건조,맑음,단일로 - 고가도로위,승용,여,54세,상해없음,보행자,남,36세,경상
2021041500100317,2021년 4월 15일 15시,목요일,대구광역시 북구 산격동,경상사고,0,0,2,1,차대차 - 측면충돌,안전거리미확보,건조,맑음,단일로 - 기타,승용,남,33세,부상신고,화물,남,46세,경상
2021041500100318,2021년 4월 15일 15시,목요일,대구광역시 서구 중리동,경상사고,0,0,1,0,차대차 - 측면충돌,신호위반,건조,맑음,교차로 - 교차로안,화물,남,61세,상해없음,화물,남,52세,경상
2021041500100319,2021년 4월 15일 15시,목요일,대구광역시 북구 읍내동,경상사고,0,0,1,0,차대차 - 측면충돌,차로위반,건조,맑음,단일로 - 지하차도(도로)내,승용,여,51세,경상,화물,남,57세,상해없음
2021041500100320,2021년 4월 15일 15시,목요일,대구광역시 북구 태전동,경상사고,0,0,1,0,차대사람 - 길가장자리구역통행중,보행자보호의무위반,건조,맑음,교차로 - 교차로안,승용,여,53세,상해없음,보행자,여,77세,경상
2021041500100357,2021년 4월 15일 16시,목요일,대구광역시 수성구 만촌동,경상사고,0,0,1,0,차대차 - 측면충돌,안전거리미확보,건조,맑음,단일로 - 기타,승용,남,63세,상해없음,승용,남,52세,경상
2021041500100358,2021년 4월 15일 16시,목요일,대구광역시 달성군 화원읍,경상사고,0,0,3,0,차대차 - 기타,안전운전불이행,건조,맑음,교차로 - 교차로안,승용,남,46세,경상,승용,여,59세,경상
2021041500100405,2021년 4월 15일 17시,목요일,대구광역시 수성구 시지동,경상사고,0,0,1,0,차대사람 - 기타,안전운전불이행,건조,맑음,단일로 - 기타,자전거,남,10세,상해없음,보행자,여,55세,경상
2021041500100406,2021년 4월 15일 17시,목요일,대구광역시 중구 삼덕동3가,중상사고,0,1,0,0,차대차 - 기타,신호위반,건조,맑음,교차로 - 교차로부근,승용,여,37세,상해없음,승용,여,44세,중상
2021041500100458,2021년 4월 15일 18시,목요일,대구광역시 동구 각산동,경상사고,0,0,2,0,차대차 - 측면충돌,안전운전불이행,건조,맑음,단일로 - 기타,승용,남,65세,상해없음,승용,여,48세,경상
2021041500100459,2021년 4월 15일 18시,목요일,대구광역시 북구 침산동,중상사고,0,2,1,0,차대차 - 측면충돌,교차로운행방법위반,건조,맑음,교차로 - 교차로안,승용,여,48세,상해없음,승용,남,71세,경상
2021041500100460,2021년 4월 15일 18시,목요일,대구광역시 달서구 두류동,경상사고,0,0,1,0,차대차 - 측면충돌,안전운전불이행,건조,맑음,단일로 - 기타,승용,여,46세,상해없음,이륜,남,55세,경상
2021041500100461,2021년 4월 15일 18시,목요일,대구광역시 중구 삼덕동1가,경상사고,0,0,1,0,차대차 - 측면충돌,안전운전불이행,건조,맑음,단일로 - 기타,승용,여,60세,상해없음,이륜,남,34세,경상
2021041500100505,2021년 4월 15일 19시,목요일,대구광역시 서구 상리동,경상사고,0,0,1,0,차대차 - 추돌,안전운전불이행,건조,맑음,단일로 - 기타,승용,남,62세,상해없음,승용,남,57세,경상
2021041500100506,2021년 4월 15일 19시,목요일,대구광역시 중구 동인동4가,경상사고,0,0,1,0,차대차 - 측면충돌,안전거리미확보,건조,흐림,교차로 - 교차로부근,승용,여,31세,상해없음,이륜,남,57세,경상
2021041500100546,2021년 4월 15일 20시,목요일,대구광역시 동구 효목동,경상사고,0,0,1,0,차대차 - 측면충돌,안전거리미확보,건조,맑음,교차로 - 교차로부근,화물,남,59세,상해없음,승용,남,68세,경상
2021041500100547,2021년 4월 15일 20시,목요일,대구광역시 달서구 상인동,경상사고,0,0,1,0,차대차 - 측면충돌,안전운전불이행,건조,맑음,기타 - 기타,승용,남,31세,상해없음,개인형이동수단(PM),여,16세,경상
2021041500100548,2021년 4월 15일 20시,목요일,대구광역시 달서구 신당동,중상사고,0,1,0,0,차대차 - 정면충돌,안전운전불이행,건조,흐림,단일로 - 기타,승용,남,28세,상해없음,승용,남,24세,중상
2021041500100570,2021년 4월 15일 21시,목요일,대구광역시 동구 신기동,경상사고,0,0,1,0,차대차 - 측면충돌,직진우회전진행방해,건조,맑음,교차로 - 교차로안,승용,남,48세,상해없음,승용,여,46세,경상
2021041500100571,2021년 4월 15일 21시,목요일,대구광역시 수성구 수성동4가,경상사고,0,0,1,0,차대차 - 기타,안전운전불이행,건조,맑음,단일로 - 기타,승용,남,28세,상해없음,승합,남,59세,상해없음
2021041500100610,2021년 4월 15일 22시,목요일,대구광역시 수성구 두산동,경상사고,0,0,1,0,차대차 - 측면충돌,안전운전불이행,건조,맑음,기타 - 기타,승용,남,43세,상해없음,승용,여,43세,경상
2021041500100624,2021년 4월 15일 23시,목요일,대구광역시 달서구 상인동,경상사고,0,0,1,0,차대차 - 측면충돌,차로위반,건조,맑음,기타 - 기타,화물,남,69세,상해없음,이륜,남,35세,경상
2021041600100006,2021년 4월 16일 00시,금요일,대구광역시 달서구 본동,경상사고,0,0,3,0,차대차 - 측면충돌,안전거리미확보,건조,맑음,교차로 - 교차로횡단보도내,승용,남,78세,상해없음,승용,여,60세,경상
2021041600100024,2021년 4월 16일 03시,금요일,대구광역시 동구 불로동,중상사고,0,1,0,0,차대차 - 측면충돌,안전거리미확보,건조,맑음,교차로 - 교차로안,화물,남,54세,상해없음,승용,남,37세,중상
2021041600100027,2021년 4월 16일 04시,금요일,대구광역시 남구 대명동,경상사고,0,0,1,0,차대차 - 추돌,안전운전불이행,건조,맑음,단일로 - 기타,승용,남,33세,상해없음,화물,남,32세,경상
2021041600100036,2021년 4월 16일 05시,금요일,대구광역시 서구 상리동,경상사고,0,0,1,0,차대차 - 측면충돌,안전운전불이행,건조,맑음,단일로 - 기타,화물,남,64세,상해없음,승용,남,48세,경상
2021041600100063,2021년 4월 16일 07시,금요일,대구광역시 북구 산격동,중상사고,0,3,1,0,차대차 - 추돌,안전운전불이행,건조,맑음,교차로 - 교차로부근,승용,여,57세,상해없음,승용,남,43세,중상
2021041600100064,2021년 4월 16일 07시,금요일,대구광역시 북구 학정동,중상사고,0,2,2,0,차대차 - 측면충돌,교차로운행방법위반,젖음/습기,흐림,교차로 - 교차로안,화물,남,59세,상해없음,승용,여,70세,중상
2021041600100065,2021년 4월 16일 07시,금요일,대구광역시 북구 동호동,중상사고,0,1,0,0,차대차 - 측면충돌,신호위반,건조,맑음,교차로 - 교차로부근,화물,남,31세,상해없음,승용,남,67세,상해없음
2021041600100107,2021년 4월 16일 08시,금요일,대구광역시 서구 이현동,경상사고,0,0,3,0,차대차 - 측면충돌,안전거리미확보,건조,맑음,단일로 - 기타,화물,남,56세,상해없음,승용,남,23세,경상
2021041600100130,2021년 4월 16일 09시,금요일,대구광역시 달서구 상인동,중상사고,0,1,0,0,차대차 - 측면충돌,신호위반,건조,맑음,교차로 - 교차로안,승용,남,63세,상해없음,이륜,남,41세,중상
2021041600100131,2021년 4월 16일 09시,금요일,대구광역시 달서구 본리동,중상사고,0,1,0,0,차대차 - 기타,안전운전불이행,건조,맑음,단일로 - 기타,자전거,남,67세,중상,화물,남,45세,상해없음
2021041600100152,2021년 4월 16일 10시,금요일,대구광역시 동구 지저동,경상사고,0,0,1,0,차대차 - 추돌,안전거리미확보,건조,맑음,단일로 - 기타,승용,남,65세,기타불명,승용,여,26세,경상
2021041600100153,2021년 4월 16일 10시,금요일,대구광역시 달서구 본리동,중상사고,0,2,0,0,차대차 - 측면충돌,안전거리미확보,건조,맑음,단일로 - 기타,승용,남,33세,상해없음,승용,여,36세,중상
2021041600100154,2021년 4월 16일 10시,금요일,대구광역시 달성군 화원읍,경상사고,0,0,1,0,차대차 - 추돌,안전운전불이행,건조,맑음,단일로 - 기타,승용,남,69세,상해없음,승용,남,35세,경상
2021041600100178,2021년 4월 16일 11시,금요일,대구광역시 남구 이천동,경상사고,0,0,1,0,차대차 - 추돌,안전운전불이행,건조,맑음,단일로 - 지하차도(도로)내,화물,남,51세,상해없음,승용,남,55세,경상
2021041600100179,2021년 4월 16일 11시,금요일,대구광역시 수성구 수성동2가,중상사고,0,1,0,0,차대차 - 추돌,안전운전불이행,건조,맑음,교차로 - 교차로부근,기타불명,기타불명,미분류,기타불명,승용,남,68세,중상
2021041600100208,2021년 4월 16일 12시,금요일,대구광역시 달서구 도원동,경상사고,0,0,2,0,차대차 - 측면충돌,안전거리미확보,건조,맑음,단일로 - 기타,승용,남,78세,상해없음,승용,여,53세,경상
2021041600100240,2021년 4월 16일 13시,금요일,대구광역시 달서구 이곡동,경상사고,0,0,3,0,차대차 - 측면충돌,안전거리미확보,건조,맑음,단일로 - 기타,승용,남,48세,상해없음,승용,남,27세,경상
2021041600100263,2021년 4월 16일 14시,금요일,대구광역시 북구 산격동,경상사고,0,0,1,1,차대차 - 추돌,안전운전불이행,건조,맑음,단일로 - 기타,이륜,남,62세,부상신고,승용,남,65세,경상
2021041600100297,2021년 4월 16일 15시,금요일,대구광역시 동구 방촌동,경상사고,0,0,1,0,차대사람 - 차도통행중,안전운전불이행,건조,맑음,단일로 - 기타,승용,여,30세,상해없음,보행자,여,81세,경상
2021041600100298,2021년 4월 16일 15시,금요일,대구광역시 달서구 진천동,경상사고,0,0,1,0,차대사람 - 기타,안전운전불이행,건조,맑음,단일로 - 기타,승합,남,53세,기타불명,보행자,여,73세,경상
2021041600100299,2021년 4월 16일 15시,금요일,대구광역시 북구 서변동,경상사고,0,0,1,0,차대차 - 추돌,안전거리미확보,건조,맑음,단일로 - 기타,건설기계,남,55세,상해없음,승용,여,38세,경상
2021041600100337,2021년 4월 16일 16시,금요일,대구광역시 북구 서변동,중상사고,0,1,0,0,차량단독 - 전도전복 - 전복,안전운전불이행,건조,맑음,단일로 - 기타,승용,남,47세,상해없음,,,,
2021041600100340,2021년 4월 16일 16시,금요일,대구광역시 동구 봉무동,경상사고,0,0,1,0,차대차 - 측면충돌,안전운전불이행,건조,맑음,교차로 - 교차로안,화물,남,51세,상해없음,승용,여,24세,경상
2021041600100341,2021년 4월 16일 16시,금요일,대구광역시 수성구 만촌동,중상사고,0,1,0,0,차대차 - 추돌,안전운전불이행,건조,맑음,단일로 - 기타,승용,남,76세,상해없음,이륜,남,36세,중상
2021041600100342,2021년 4월 16일 16시,금요일,대구광역시 북구 노원동2가,경상사고,0,0,1,0,차대차 - 기타,안전운전불이행,건조,맑음,단일로 - 기타,승용,여,50세,상해없음,승합,남,48세,경상
2021041600100343,2021년 4월 16일 16시,금요일,대구광역시 중구 공평동,중상사고,0,1,0,0,차대사람 - 보도통행중,안전운전불이행,건조,맑음,기타 - 기타,자전거,여,28세,중상,보행자,남,69세,상해없음
2021041600100374,2021년 4월 16일 17시,금요일,대구광역시 달서구 본리동,경상사고,0,0,1,0,차대차 - 추돌,안전운전불이행,건조,맑음,단일로 - 기타,화물,여,61세,상해없음,승용,남,42세,경상