사고번호,사고일시,요일,시군구,사고내용,사망자수,중상자수,경상자수,부상신고자수,사고유형,법규위반,노면상태,기상상태,도로형태,가해운전자 차종,가해운전자 성별,가해운전자 연령,가해운전자 상해정도,피해운전자 차종,피해운전자 성별,피해운전자 연령,피해운전자 상해정도
2021042500100072,2021년 4월 25일 09시,일요일,대구광역시 달서구 죽전동,중상사고,0,1,0,0,차대차 - 기타,신호위반,건조,맑음,교차로 - 교차로안,자전거,남,64세,중상,승용,남,69세,상해없음
2021042500100124,2021년 4월 25일 11시,일요일,대구광역시 달서구 대곡동,경상사고,0,0,2,0,차대차 - 측면충돌,교차로운행방법위반,건조,맑음,교차로 - 교차로안,승용,여,46세,상해없음,승용,남,56세,경상
2021042500100125,2021년 4월 25일 11시,일요일,대구광역시 북구 매천동,경상사고,0,0,1,0,차대사람 - 횡단중,안전운전불이행,건조,맑음,교차로 - 교차로횡단보도내,승용,남,36세,상해없음,보행자,남,56세,경상
2021042500100162,2021년 4월 25일 12시,일요일,대구광역시 수성구 범어동,경상사고,0,0,1,0,차대사람 - 보도통행중,기타,건조,맑음,기타 - 기타,승용,남,55세,상해없음,보행자,남,12세,경상
2021042500100163,2021년 4월 25일 12시,일요일,대구광역시 달서구 송현동,경상사고,0,0,1,0,차대차 - 측면충돌,교차로운행방법위반,건조,맑음,교차로 - 교차로안,화물,남,64세,상해없음,이륜,여,27세,경상
2021042500100239,2021년 4월 25일 14시,일요일,대구광역시 동구 검사동,경상사고,0,0,2,1,차대차 - 기타,안전운전불이행,건조,맑음,단일로 - 기타,승용,남,51세,부상신고,승용,여,50세,경상
2021042500100240,2021년 4월 25일 14시,일요일,대구광역시 달성군 현풍읍,경상사고,0,0,1,0,차대사람 - 기타,안전운전불이행,건조,맑음,주차장 - 주차장,화물,남,51세,상해없음,보행자,여,59세,경상
2021042500100241,2021년 4월 25일 14시,일요일,대구광역시 북구 산격동,중상사고,0,1,1,0,차대차 - 측면충돌,안전운전불이행,건조,맑음,단일로 - 기타,승용,여,32세,중상,승용,남,48세,경상
2021042500100242,2021년 4월 25일 14시,일요일,대구광역시 북구 관음동,경상사고,0,0,1,0,차대차 - 측면충돌,교차로운행방법위반,건조,맑음,교차로 - 교차로안,승용,남,38세,상해없음,승용,남,68세,경상
2021042500100284,2021년 4월 25일 15시,일요일,대구광역시 수성구 시지동,부상신고사고,0,0,0,1,차대차 - 측면충돌,안전운전불이행,건조,맑음,교차로 - 교차로부근,승용,여,68세,부상신고,승용,남,23세,상해없음
2021042500100285,2021년 4월 25일 15시,일요일,대구광역시 수성구 수성동4가,경상사고,0,0,2,0,차대차 - 측면충돌,안전운전불이행,건조,맑음,교차로 - 교차로부근,승용,남,59세,기타불명,승용,남,28세,경상
2021042500100286,2021년 4월 25일 15시,일요일,대구광역시 달성군 다사읍,경상사고,0,0,2,1,차대차 - 정면충돌,안전운전불이행,건조,맑음,교차로 - 교차로안,승용,여,43세,부상신고,승용,여,23세,경상
2021042500100320,2021년 4월 25일 16시,일요일,대구광역시 남구 대명동,부상신고사고,0,0,0,1,차대사람 - 차도통행중,안전운전불이행,건조,맑음,단일로 - 기타,승용,여,49세,상해없음,보행자,남,24세,부상신고
2021042500100321,2021년 4월 25일 16시,일요일,대구광역시 수성구 상동,경상사고,0,0,3,0,차대차 - 측면충돌,차로위반,건조,맑음,교차로 - 교차로안,승용,여,37세,상해없음,승용,남,38세,경상
2021042500100322,2021년 4월 25일 16시,일요일,대구광역시 달성군 다사읍,경상사고,0,0,1,0,차대차 - 기타,안전운전불이행,건조,맑음,단일로 - 기타,개인형이동수단(PM),남,15세,상해없음,개인형이동수단(PM),남,21세,경상
2021042500100360,2021년 4월 25일 17시,일요일,대구광역시 달서구 유천동,중상사고,0,1,0,0,차대차 - 기타,안전운전불이행,건조,맑음,단일로 - 기타,승용,남,68세,상해없음,자전거,남,73세,중상
2021042500100361,2021년 4월 25일 17시,일요일,대구광역시 북구 노원동3가,경상사고,0,0,1,0,차대차 - 기타,안전운전불이행,건조,맑음,단일로 - 기타,승합,남,58세,상해없음,이륜,남,29세,경상
2021042500100362,2021년 4월 25일 17시,일요일,대구광역시 북구 대현동,경상사고,0,0,1,0,차대차 - 추돌,안전운전불이행,건조,맑음,교차로 - 교차로안,이륜,남,36세,기타불명,승용,남,31세,경상
2021042500100363,2021년 4월 25일 17시,일요일,대구광역시 북구 산격동,경상사고,0,0,1,0,차대차 - 후진중충돌,안전운전불이행,건조,맑음,교차로 - 교차로안,승용,남,45세,상해없음,이륜,남,28세,경상
2021042500100364,2021년 4월 25일 17시,일요일,대구광역시 북구 산격동,경상사고,0,0,1,0,차대차 - 기타,안전운전불이행,건조,맑음,교차로 - 교차로부근,승용,남,29세,상해없음,자전거,남,59세,경상
2021042500100418,2021년 4월 25일 19시,일요일,대구광역시 동구 불로동,경상사고,0,0,2,0,차대차 - 측면충돌,안전운전불이행,건조,맑음,단일로 - 기타,승용,남,66세,상해없음,승용,남,28세,경상
2021042500100421,2021년 4월 25일 19시,일요일,대구광역시 동구 신천동,경상사고,0,0,1,0,차대차 - 정면충돌,신호위반,건조,맑음,교차로 - 교차로안,승용,남,60세,상해없음,이륜,남,27세,경상
2021042500100422,2021년 4월 25일 19시,일요일,대구광역시 수성구 만촌동,경상사고,0,0,1,0,차대차 - 측면충돌,안전운전불이행,건조,맑음,교차로 - 교차로부근,승용,여,67세,상해없음,화물,남,43세,경상
2021042500100423,2021년 4월 25일 19시,일요일,대구광역시 달서구 본동,경상사고,0,0,3,0,차대차 - 측면충돌,신호위반,건조,맑음,기타 - 기타,승용,남,47세,경상,승용,남,28세,경상
2021042500100445,2021년 4월 25일 20시,일요일,대구광역시 북구 동천동,중상사고,0,2,0,0,차대차 - 측면충돌,안전거리미확보,건조,맑음,단일로 - 기타,이륜,남,42세,중상,이륜,남,23세,중상
2021042500100465,2021년 4월 25일 21시,일요일,대구광역시 달서구 송현동,중상사고,0,1,0,0,차대차 - 기타,교차로운행방법위반,건조,맑음,교차로 - 교차로안,승용,여,55세,상해없음,이륜,남,33세,중상
2021042600100007,2021년 4월 26일 01시,월요일,대구광역시 중구 삼덕동2가,중상사고,0,1,0,0,차대차 - 측면충돌,안전운전불이행,건조,맑음,단일로 - 기타,개인형이동수단(PM),여,27세,중상,승용,남,25세,기타불명
2021042600100034,2021년 4월 26일 06시,월요일,대구광역시 동구 동호동,사망사고,1,0,0,0,차대차 - 측면충돌,안전운전불이행,건조,맑음,교차로 - 교차로안,승용,남,45세,상해없음,자전거,여,67세,사망
2021042600100059,2021년 4월 26일 07시,월요일,대구광역시 서구 비산동,중상사고,0,1,0,0,차대차 - 측면충돌,안전운전불이행,건조,맑음,단일로 - 기타,화물,남,52세,상해없음,자전거,여,59세,중상
2021042600100060,2021년 4월 26일 07시,월요일,대구광역시 중구 대봉동,경상사고,0,0,1,0,차대차 - 측면충돌,신호위반,건조,맑음,교차로 - 교차로부근,승용,남,62세,상해없음,승용,여,28세,경상
2021042600100104,2021년 4월 26일 08시,월요일,대구광역시 동구 효목동,경상사고,0,0,1,0,차대차 - 측면충돌,안전운전불이행,건조,맑음,단일로 - 기타,승용,남,63세,상해없음,승용,남,62세,경상
2021042600100105,2021년 4월 26일 08시,월요일,대구광역시 수성구 수성동1가,경상사고,0,0,1,0,차대차 - 측면충돌,안전운전불이행,건조,맑음,단일로 - 기타,승용,여,76세,상해없음,승용,남,57세,경상
2021042600100106,2021년 4월 26일 08시,월요일,대구광역시 수성구 만촌동,경상사고,0,0,1,0,차대차 - 측면충돌,안전운전불이행,건조,맑음,단일로 - 기타,승용,남,42세,상해없음,승용,여,53세,경상
2021042600100107,2021년 4월 26일 08시,월요일,대구광역시 달서구 월성동,경상사고,0,0,1,0,차대차 - 측면충돌,안전운전불이행,건조,맑음,단일로 - 기타,승용,여,48세,상해없음,자전거,여,49세,경상
2021042600100108,2021년 4월 26일 08시,월요일,대구광역시 북구 노원동3가,경상사고,0,0,1,0,차대차 - 측면충돌,안전거리미확보,건조,맑음,단일로 - 기타,승용,남,53세,경상,승용,남,28세,상해없음
2021042600100184,2021년 4월 26일 10시,월요일,대구광역시 달서구 월암동,경상사고,0,0,2,0,차대차 - 추돌,안전운전불이행,건조,맑음,단일로 - 기타,화물,남,55세,상해없음,화물,남,32세,경상
2021042600100185,2021년 4월 26일 10시,월요일,대구광역시 달서구 대천동,경상사고,0,0,1,0,차대차 - 측면충돌,안전운전불이행,건조,맑음,교차로 - 교차로부근,승용,남,70세,상해없음,승용,남,39세,경상
2021042600100186,2021년 4월 26일 10시,월요일,대구광역시 서구 비산동,경상사고,0,0,1,0,차대차 - 측면충돌,안전운전불이행,건조,맑음,단일로 - 기타,자전거,여,35세,상해없음,자전거,여,50세,경상
2021042600100187,2021년 4월 26일 10시,월요일,대구광역시 달서구 두류동,경상사고,0,0,2,0,차대차 - 측면충돌,안전거리미확보,건조,맑음,기타 - 기타,승용,남,62세,상해없음,승용,남,32세,경상
2021042600100217,2021년 4월 26일 11시,월요일,대구광역시 달서구 송현동,경상사고,0,0,1,0,차대차 - 추돌,안전운전불이행,건조,맑음,교차로 - 교차로부근,이륜,남,21세,상해없음,승용,남,83세,경상
2021042600100218,2021년 4월 26일 11시,월요일,대구광역시 달서구 죽전동,경상사고,0,0,1,0,차대차 - 측면충돌,신호위반,건조,맑음,교차로 - 교차로안,화물,남,46세,상해없음,이륜,여,57세,경상
2021042600100242,2021년 4월 26일 12시,월요일,대구광역시 서구 상리동,경상사고,0,0,2,0,차대차 - 추돌,신호위반,건조,맑음,단일로 - 기타,승용,남,69세,상해없음,화물,남,32세,상해없음
2021042600100281,2021년 4월 26일 13시,월요일,대구광역시 달서구 대천동,중상사고,0,1,0,0,차대차 - 측면충돌,안전운전불이행,건조,맑음,교차로 - 교차로안,화물,남,58세,상해없음,화물,남,61세,중상
2021042600100282,2021년 4월 26일 13시,월요일,대구광역시 북구 칠성동2가,중상사고,0,1,0,0,차대사람 - 횡단중,안전운전불이행,건조,맑음,교차로 - 교차로횡단보도내,승용,남,36세,상해없음,보행자,남,47세,중상
2021042600100283,2021년 4월 26일 13시,월요일,대구광역시 중구 계산동2가,경상사고,0,0,1,1,차대차 - 측면충돌,안전거리미확보,건조,맑음,단일로 - 기타,승용,여,64세,부상신고,승용,남,35세,경상
2021042600100320,2021년 4월 26일 14시,월요일,대구광역시 수성구 수성동2가,경상사고,0,0,1,0,차대차 - 기타,안전운전불이행,건조,맑음,단일로 - 기타,승용,남,56세,상해없음,자전거,남,11세,경상
2021042600100321,2021년 4월 26일 14시,월요일,대구광역시 달서구 이곡동,중상사고,0,1,0,0,차대차 - 기타,안전거리미확보,건조,맑음,교차로 - 교차로부근,자전거,남,58세,중상,승용,여,62세,상해없음
2021042600100322,2021년 4월 26일 14시,월요일,대구광역시 달서구 감삼동,경상사고,0,0,2,0,차대차 - 기타,안전거리미확보,건조,맑음,단일로 - 기타,승용,여,65세,경상,승용,남,27세,경상
2021042600100323,2021년 4월 26일 14시,월요일,대구광역시 북구 읍내동,경상사고,0,0,2,0,차대차 - 추돌,안전운전불이행,건조,맑음,교차로 - 교차로부근,건설기계,남,62세,상해없음,승용,남,68세,경상
2021042600100357,2021년 4월 26일 15시,월요일,대구광역시 남구 대명동,경상사고,0,0,1,0,차대차 - 측면충돌,안전거리미확보,건조,맑음,교차로 - 교차로안,승용,남,69세,상해없음,승용,남,33세,경상
2021042600100358,2021년 4월 26일 15시,월요일,대구광역시 동구 봉무동,경상사고,0,0,1,0,차대사람 - 횡단중,안전운전불이행,건조,맑음,단일로 - 기타,승용,여,46세,상해없음,보행자,남,53세,경상
2021042600100407,2021년 4월 26일 16시,월요일,대구광역시 동구 입석동,경상사고,0,0,1,0,차대차 - 기타,신호위반,건조,맑음,교차로 - 교차로횡단보도내,승용,남,66세,상해없음,자전거,남,76세,경상
2021042600100408,2021년 4월 26일 16시,월요일,대구광역시 달서구 송현동,경상사고,0,0,1,0,차대사람 - 보도통행중,기타,건조,맑음,기타 - 기타,이륜,남,67세,상해없음,보행자,남,7세,경상
2021042600100409,2021년 4월 26일 16시,월요일,대구광역시 달서구 송현동,경상사고,0,0,1,0,차대차 - 후진중충돌,안전운전불이행,건조,맑음,단일로 - 기타,승용,여,64세,상해없음,승용,남,24세,경상
2021042600100410,2021년 4월 26일 16시,월요일,대구광역시 달서구 송현동,중상사고,0,2,0,1,차대차 - 측면충돌,신호위반,건조,맑음,교차로 - 교차로안,승용,남,62세,부상신고,승용,남,45세,중상
2021042600100411,2021년 4월 26일 16시,월요일,대구광역시 서구 내당동,부상신고사고,0,0,0,1,차대사람 - 기타,안전운전불이행,건조,맑음,단일로 - 기타,승합,남,31세,상해없음,보행자,남,25세,부상신고
2021042600100446,2021년 4월 26일 17시,월요일,대구광역시 달성군 현풍읍,중상사고,0,1,0,0,차대차 - 기타,직진우회전진행방해,건조,맑음,교차로 - 교차로안,개인형이동수단(PM),여,45세,중상,승용,남,74세,상해없음
2021042600100488,2021년 4월 26일 18시,월요일,대구광역시 동구 용계동,경상사고,0,0,1,0,차대차 - 측면충돌,신호위반,건조,맑음,단일로 - 기타,이륜,남,66세,상해없음,자전거,여,79세,경상
2021042600100489,2021년 4월 26일 18시,월요일,대구광역시 서구 중리동,중상사고,0,1,0,0,차대차 - 측면충돌,기타,건조,맑음,단일로 - 기타,승용,여,65세,상해없음,이륜,남,54세,중상
2021042600100490,2021년 4월 26일 18시,월요일,대구광역시 서구 비산동,중상사고,0,1,0,0,차대사람 - 횡단중,보행자보호의무위반,건조,맑음,단일로 - 기타,승용,남,63세,상해없음,보행자,여,73세,중상
2021042600100527,2021년 4월 26일 19시,월요일,대구광역시 동구 효목동,경상사고,0,0,1,0,차대차 - 측면충돌,교차로운행방법위반,건조,맑음,교차로 - 교차로안,승용,여,54세,상해없음,이륜,여,22세,경상
2021042600100528,2021년 4월 26일 19시,월요일,대구광역시 동구 동호동,경상사고,0,0,1,1,차대차 - 측면충돌,기타,건조,맑음,단일로 - 교량,승용,남,62세,부상신고,승용,남,33세,경상
2021042600100529,2021년 4월 26일 19시,월요일,대구광역시 수성구 범어동,경상사고,0,0,2,0,차대차 - 측면충돌,안전운전불이행,건조,맑음,교차로 - 교차로안,승용,남,42세,경상,승용,남,40세,경상
2021042600100560,2021년 4월 26일 20시,월요일,대구광역시 달서구 진천동,경상사고,0,0,1,0,차대사람 - 기타,안전운전불이행,건조,맑음,단일로 - 기타,승용,남,40세,상해없음,보행자,남,39세,경상
2021042600100580,2021년 4월 26일 21시,월요일,대구광역시 북구 산격동,경상사고,0,0,1,0,차대차 - 측면충돌,안전운전불이행,건조,맑음,교차로 - 교차로횡단보도내,승용,여,24세,기타불명,개인형이동수단(PM),남,29세,경상
2021042600100608,2021년 4월 26일 22시,월요일,대구광역시 달서구 이곡동,경상사고,0,0,1,0,차대차 - 기타,안전거리미확보,건조,맑음,단일로 - 기타,승용,남,66세,상해없음,이륜,남,37세,경상
2021042700100010,2021년 4월 27일 00시,화요일,대구광역시 달성군 현풍읍,경상사고,0,0,1,0,차대차 - 측면충돌,안전운전불이행,건조,맑음,교차로 - 교차로안,승용,남,37세,경상,승용,남,63세,상해없음
2021042700100015,2021년 4월 27일 01시,화요일,대구광역시 북구 노원동3가,중상사고,0,1,0,1,차대차 - 정면충돌,신호위반,건조,맑음,교차로 - 교차로안,승용,남,52세,부상신고,승용,여,28세,중상
2021042700100020,2021년 4월 27일 02시,화요일,대구광역시 달서구 상인동,부상신고사고,0,0,0,1,차대차 - 정면충돌,안전운전불이행,건조,맑음,교차로 - 교차로부근,기타불명,기타불명,미분류,기타불명,승용,남,28세,상해없음
2021042700100027,2021년 4월 27일 04시,화요일,대구광역시 수성구 신매동,중상사고,0,1,0,0,차량단독 - 공작물충돌,안전운전불이행,건조,맑음,교차로 - 교차로부근,이륜,남,35세,중상,,,,
2021042700100033,2021년 4월 27일 05시,화요일,대구광역시 달서구 송현동,경상사고,0,0,1,0,차대사람 - 횡단중,신호위반,건조,맑음,교차로 - 교차로횡단보도내,승용,여,59세,상해없음,보행자,남,58세,경상
2021042700100056,2021년 4월 27일 07시,화요일,대구광역시 동구 도동,중상사고,0,1,1,0,차대차 - 기타,기타,건조,맑음,교차로 - 교차로안,승용,남,38세,경상,승용,남,65세,중상
2021042700100094,2021년 4월 27일 08시,화요일,대구광역시 북구 산격동,중상사고,0,1,0,0,차대차 - 기타,교차로운행방법위반,건조,맑음,교차로 - 교차로횡단보도내,승용,남,66세,상해없음,자전거,남,72세,중상
2021042700100095,2021년 4월 27일 08시,화요일,대구광역시 서구 비산동,경상사고,0,0,2,0,차대차 - 기타,기타,건조,맑음,교차로 - 교차로안,승용,남,45세,경상,승용,남,74세,경상
2021042700100096,2021년 4월 27일 08시,화요일,대구광역시 달서구 용산동,경상사고,0,0,1,0,차대차 - 기타,안전운전불이행,건조,맑음,단일로 - 기타,승용,남,34세,상해없음,승용,여,58세,경상
2021042700100097,2021년 4월 27일 08시,화요일,대구광역시 북구 학정동,경상사고,0,0,1,0,차대차 - 추돌,안전운전불이행,건조,맑음,교차로 - 교차로안,특수,남,59세,상해없음,승용,남,37세,경상
2021042700100123,2021년 4월 27일 09시,화요일,대구광역시 북구 복현동,경상사고,0,0,1,0,차대차 - 측면충돌,교차로운행방법위반,건조,맑음,교차로 - 교차로안,화물,남,63세,기타불명,화물,남,57세,경상
2021042700100151,2021년 4월 27일 10시,화요일,대구광역시 북구 팔달동,중상사고,0,1,0,0,차대차 - 측면충돌,안전운전불이행,건조,맑음,단일로 - 교량,화물,여,63세,상해없음,자전거,남,24세,중상
2021042700100177,2021년 4월 27일 11시,화요일,대구광역시 달서구 상인동,경상사고,0,0,1,0,차대차 - 측면충돌,안전운전불이행,건조,맑음,교차로 - 교차로부근,화물,남,43세,상해없음,이륜,남,48세,경상
2021042700100215,2021년 4월 27일 12시,화요일,대구광역시 수성구 수성동1가,경상사고,0,0,1,0,차대차 - 측면충돌,안전거리미확보,건조,맑음,단일로 - 교량,승용,남,70세,상해없음,이륜,남,28세,경상
2021042700100216,2021년 4월 27일 12시,화요일,대구광역시 수성구 황금동,경상사고,0,0,1,0,차대차 - 측면충돌,안전운전불이행,건조,맑음,단일로 - 기타,원동기,남,38세,경상,승용,남,71세,상해없음
2021042700100217,2021년 4월 27일 12시,화요일,대구광역시 서구 비산동,경상사고,0,0,1,0,차대사람 - 횡단중,안전운전불이행,건조,맑음,단일로 - 기타,승용,남,52세,상해없음,보행자,남,15세,경상
2021042700100218,2021년 4월 27일 12시,화요일,대구광역시 달서구 용산동,경상사고,0,0,2,0,차대차 - 추돌,안전운전불이행,건조,맑음,교차로 - 교차로부근,승용,남,51세,상해없음,승용,남,32세,경상
2021042700100219,2021년 4월 27일 12시,화요일,대구광역시 북구 국우동,중상사고,0,1,0,0,차대차 - 측면충돌,안전운전불이행,건조,맑음,교차로 - 교차로횡단보도내,승용,남,48세,상해없음,이륜,남,24세,중상
2021042700100252,2021년 4월 27일 13시,화요일,대구광역시 북구 고성동3가,경상사고,0,0,2,0,차대차 - 측면충돌,교차로운행방법위반,건조,맑음,교차로 - 교차로안,승용,남,62세,상해없음,승용,남,39세,경상
2021042700100280,2021년 4월 27일 14시,화요일,대구광역시 수성구 시지동,경상사고,0,0,2,0,차대차 - 추돌,안전운전불이행,건조,맑음,단일로 - 기타,이륜,남,19세,경상,승용,남,20세,경상
2021042700100310,2021년 4월 27일 15시,화요일,대구광역시 수성구 범어동,경상사고,0,0,1,0,차대차 - 기타,안전운전불이행,건조,맑음,단일로 - 기타,승용,여,47세,상해없음,승합,남,61세,상해없음
2021042700100344,2021년 4월 27일 16시,화요일,대구광역시 수성구 신매동,경상사고,0,0,1,0,차대차 - 추돌,안전운전불이행,건조,맑음,교차로 - 교차로부근,승용,여,64세,상해없음,이륜,남,37세,경상
2021042700100345,2021년 4월 27일 16시,화요일,대구광역시 수성구 상동,부상신고사고,0,0,0,1,차대차 - 측면충돌,안전운전불이행,건조,맑음,단일로 - 기타,이륜,남,30세,부상신고,승용,남,32세,상해없음
2021042700100346,2021년 4월 27일 16시,화요일,대구광역시 수성구 범어동,경상사고,0,0,1,0,차대차 - 추돌,안전운전불이행,건조,맑음,교차로 - 교차로안,승용,남,67세,기타불명,승용,남,39세,경상
2021042700100347,2021년 4월 27일 16시,화요일,대구광역시 달성군 다사읍,경상사고,0,0,1,0,차대차 - 기타,안전운전불이행,건조,맑음,단일로 - 기타,승용,여,52세,상해없음,승용,여,64세,경상
2021042700100387,2021년 4월 27일 17시,화요일,대구광역시 달성군 논공읍,경상사고,0,0,1,0,차대차 - 측면충돌,안전운전불이행,건조,맑음,단일로 - 기타,승용,남,63세,상해없음,승용,여,24세,경상
2021042700100393,2021년 4월 27일 17시,화요일,대구광역시 수성구 이천동,중상사고,0,1,1,0,차대차 - 추돌,안전운전불이행,건조,맑음,단일로 - 기타,승용,여,37세,상해없음,승용,남,66세,중상
2021042700100394,2021년 4월 27일 17시,화요일,대구광역시 달성군 논공읍,경상사고,0,0,3,0,차대차 - 기타,안전운전불이행,건조,맑음,기타 - 기타,이륜,남,24세,경상,승용,남,39세,경상
2021042700100395,2021년 4월 27일 17시,화요일,대구광역시 달서구 성당동,경상사고,0,0,1,0,차대차 - 추돌,안전거리미확보,건조,맑음,단일로 - 기타,승용,남,62세,기타불명,승합,남,50세,경상
2021042700100440,2021년 4월 27일 18시,화요일,대구광역시 동구 방촌동,중상사고,0,1,0,0,차대사람 - 차도통행중,안전운전불이행,건조,맑음,단일로 - 기타,승용,여,57세,상해없음,보행자,여,77세,중상
2021042700100442,2021년 4월 27일 18시,화요일,대구광역시 북구 칠성동1가,경상사고,0,0,1,0,차대차 - 측면충돌,안전운전불이행,건조,맑음,단일로 - 기타,승용,여,59세,상해없음,승용,남,41세,경상
2021042700100443,2021년 4월 27일 18시,화요일,대구광역시 북구 금호동,중상사고,0,1,3,0,차대차 - 측면충돌,안전운전불이행,건조,맑음,단일로 - 기타,승용,남,32세,경상,승용,여,49세,경상
2021042700100475,2021년 4월 27일 19시,화요일,대구광역시 동구 율하동,경상사고,0,0,1,0,차대차 - 측면충돌,안전운전불이행,건조,맑음,교차로 - 교차로부근,자전거,남,8세,경상,화물,남,49세,상해없음
2021042700100476,2021년 4월 27일 19시,화요일,대구광역시 동구 율하동,경상사고,0,0,1,0,차대차 - 측면충돌,안전운전불이행,건조,맑음,단일로 - 기타,승용,여,38세,상해없음,승용,여,49세,경상
2021042700100512,2021년 4월 27일 20시,화요일,대구광역시 수성구 범어동,경상사고,0,0,2,0,차대차 - 측면충돌,차로위반,건조,맑음,단일로 - 기타,승용,여,50세,상해없음,이륜,남,17세,경상
2021042700100546,2021년 4월 27일 21시,화요일,대구광역시 수성구 수성동2가,중상사고,0,1,0,0,차대사람 - 차도통행중,안전운전불이행,건조,맑음,교차로 - 교차로부근,승용,여,52세,상해없음,보행자,남,79세,중상
2021042700100547,2021년 4월 27일 21시,화요일,대구광역시 달서구 월성동,경상사고,0,0,1,0,차대차 - 측면충돌,안전거리미확보,건조,맑음,단일로 - 기타,이륜,남,18세,경상,승용,남,66세,상해없음
2021042700100566,2021년 4월 27일 22시,화요일,대구광역시 달서구 용산동,중상사고,0,2,0,0,차대차 - 기타,기타,건조,맑음,단일로 - 기타,자전거,남,30세,중상,개인형이동수단(PM),남,31세,중상
2021042700100592,2021년 4월 27일 23시,화요일,대구광역시 수성구 황금동,경상사고,0,0,1,0,차대사람 - 횡단중,보행자보호의무위반,건조,맑음,기타 - 기타,기타불명,기타불명,미분류,기타불명,보행자,여,22세,경상
2021042800100009,2021년 4월 28일 00시,수요일,대구광역시 서구 내당동,경상사고,0,0,1,0,차대차 - 측면충돌,안전운전불이행,건조,맑음,단일로 - 기타,기타불명,기타불명,미분류,기타불명,승용,남,50세,경상
2021042800100029,2021년 4월 28일 04시,수요일,대구광역시 중구 태평로1가,부상신고사고,0,0,0,1,차량단독 - 전도전복 - 전도,안전운전불이행,건조,맑음,단일로 - 기타,자전거,여,69세,부상신고,,,,
2021042800100037,2021년 4월 28일 05시,수요일,대구광역시 달성군 유가읍,부상신고사고,0,0,0,1,차대차 - 기타,안전운전불이행,건조,맑음,교차로 - 교차로안,승용,남,25세,상해없음,승용,남,47세,부상신고
2021042800100052,2021년 4월 28일 06시,수요일,대구광역시 달서구 용산동,경상사고,0,0,2,0,차대사람 - 기타,안전운전불이행,건조,맑음,기타 - 기타,자전거,남,61세,경상,보행자,남,28세,경상
2021042800100111,2021년 4월 28일 08시,수요일,대구광역시 달성군 화원읍,경상사고,0,0,1,0,차대차 - 기타,안전운전불이행,건조,맑음,단일로 - 기타,승용,남,33세,상해없음,승용,여,26세,경상
2021042800100112,2021년 4월 28일 08시,수요일,대구광역시 북구 노원동3가,중상사고,0,1,0,0,차대사람 - 차도통행중,안전운전불이행,건조,맑음,교차로 - 교차로안,승용,여,57세,상해없음,보행자,남,25세,중상
2021042800100142,2021년 4월 28일 09시,수요일,대구광역시 수성구 신매동,중상사고,0,1,0,0,차대차 - 측면충돌,안전운전불이행,건조,맑음,단일로 - 기타,승용,남,75세,상해없음,승용,남,33세,중상
2021042800100143,2021년 4월 28일 09시,수요일,대구광역시 수성구 상동,경상사고,0,0,1,0,차대차 - 기타,기타,건조,맑음,교차로 - 교차로안,이륜,남,41세,경상,승용,남,44세,상해없음
2021042800100144,2021년 4월 28일 09시,수요일,대구광역시 달서구 대천동,경상사고,0,0,1,0,차대차 - 측면충돌,안전운전불이행,건조,맑음,교차로 - 교차로안,화물,남,22세,상해없음,승용,여,42세,경상
2021042800100145,2021년 4월 28일 09시,수요일,대구광역시 달서구 대곡동,경상사고,0,0,2,0,차대차 - 측면충돌,안전거리미확보,건조,맑음,단일로 - 기타,승용,여,55세,경상,화물,남,39세,경상
2021042800100169,2021년 4월 28일 10시,수요일,대구광역시 남구 봉덕동,경상사고,0,0,2,0,차대차 - 측면충돌,교차로운행방법위반,건조,맑음,교차로 - 교차로안,승용,남,46세,경상,승용,여,39세,경상
2021042800100189,2021년 4월 28일 11시,수요일,대구광역시 수성구 두산동,경상사고,0,0,1,0,차대차 - 추돌,안전운전불이행,건조,맑음,단일로 - 기타,승용,남,74세,기타불명,승용,남,64세,기타불명
2021042800100190,2021년 4월 28일 11시,수요일,대구광역시 중구 동성로3가,경상사고,0,0,1,0,차대차 - 후진중충돌,안전운전불이행,건조,맑음,단일로 - 기타,승용,여,52세,상해없음,승용,남,29세,경상
2021042800100215,2021년 4월 28일 12시,수요일,대구광역시 서구 내당동,경상사고,0,0,1,0,차대차 - 측면충돌,안전운전불이행,건조,맑음,교차로 - 교차로부근,승용,남,85세,상해없음,승용,남,35세,경상
2021042800100284,2021년 4월 28일 14시,수요일,대구광역시 북구 태전동,부상신고사고,0,0,0,1,차대차 - 추돌,안전운전불이행,건조,맑음,단일로 - 지하차도(도로)내,화물,남,58세,상해없음,화물,남,41세,부상신고
2021042800100312,2021년 4월 28일 15시,수요일,대구광역시 남구 대명동,중상사고,0,2,0,0,차대차 - 측면충돌,안전거리미확보,건조,맑음,단일로 - 기타,승용,남,64세,상해없음,이륜,남,25세,중상
2021042800100313,2021년 4월 28일 15시,수요일,대구광역시 수성구 황금동,경상사고,0,0,1,0,차대차 - 추돌,안전운전불이행,건조,맑음,단일로 - 기타,승용,남,23세,상해없음,승용,남,38세,경상
2021042800100314,2021년 4월 28일 15시,수요일,대구광역시 달서구 진천동,경상사고,0,0,1,0,차대차 - 기타,교차로운행방법위반,건조,맑음,교차로 - 교차로안,원동기,남,28세,상해없음,자전거,남,68세,경상