사고번호,사고일시,요일,시군구,사고내용,사망자수,중상자수,경상자수,부상신고자수,사고유형,법규위반,노면상태,기상상태,도로형태,가해운전자 차종,가해운전자 성별,가해운전자 연령,가해운전자 상해정도,피해운전자 차종,피해운전자 성별,피해운전자 연령,피해운전자 상해정도
2021050100100273,2021년 5월 1일 14시,토요일,대구광역시 수성구 욱수동,경상사고,0,0,1,0,차대차 - 기타,안전운전불이행,건조,맑음,기타 - 기타,화물,남,21세,상해없음,승용,남,36세,경상
2021050100100274,2021년 5월 1일 14시,토요일,대구광역시 중구 태평로1가,중상사고,0,1,1,0,차대차 - 추돌,안전운전불이행,건조,맑음,단일로 - 지하차도(도로)내,승용,남,26세,상해없음,승용,남,61세,경상
2021050100100303,2021년 5월 1일 15시,토요일,대구광역시 북구 대현동,경상사고,0,0,1,2,차대차 - 측면충돌,교차로운행방법위반,건조,맑음,교차로 - 교차로부근,승용,여,42세,상해없음,승용,남,22세,부상신고
2021050100100338,2021년 5월 1일 16시,토요일,대구광역시 수성구 파동,경상사고,0,0,1,0,차대차 - 측면충돌,안전운전불이행,건조,맑음,단일로 - 기타,승용,여,60세,상해없음,승용,남,78세,경상
2021050100100380,2021년 5월 1일 17시,토요일,대구광역시 동구 방촌동,경상사고,0,0,2,0,차대차 - 측면충돌,신호위반,건조,맑음,교차로 - 교차로부근,화물,남,36세,상해없음,승용,남,72세,경상
2021050100100381,2021년 5월 1일 17시,토요일,대구광역시 동구 율하동,경상사고,0,0,2,0,차대차 - 기타,신호위반,건조,맑음,단일로 - 기타,이륜,남,37세,상해없음,자전거,남,12세,경상
2021050100100412,2021년 5월 1일 18시,토요일,대구광역시 서구 평리동,경상사고,0,0,1,0,차대차 - 후진중충돌,안전운전불이행,건조,맑음,교차로 - 교차로안,승용,남,60세,상해없음,이륜,남,26세,경상
2021050100100450,2021년 5월 1일 19시,토요일,대구광역시 수성구 중동,중상사고,0,1,0,0,차량단독 - 기타,기타,건조,맑음,단일로 - 기타,승합,남,49세,상해없음,,,,
2021050100100451,2021년 5월 1일 19시,토요일,대구광역시 달서구 갈산동,중상사고,0,1,0,0,차량단독 - 전도전복 - 전도,안전운전불이행,건조,맑음,교차로 - 교차로안,이륜,남,51세,중상,,,,
2021050100100506,2021년 5월 1일 21시,토요일,대구광역시 남구 봉덕동,경상사고,0,0,1,0,차대차 - 측면충돌,신호위반,건조,맑음,교차로 - 교차로부근,승용,여,36세,상해없음,승용,여,25세,경상
2021050100100507,2021년 5월 1일 21시,토요일,대구광역시 동구 율하동,경상사고,0,0,2,0,차대차 - 추돌,안전운전불이행,건조,맑음,단일로 - 기타,승용,남,54세,상해없음,승용,남,30세,경상
2021050100100553,2021년 5월 1일 23시,토요일,대구광역시 수성구 중동,중상사고,0,1,0,0,차량단독 - 공작물충돌,안전운전불이행,건조,맑음,단일로 - 기타,승용,남,61세,기타불명,,,,
2021050100100554,2021년 5월 1일 23시,토요일,대구광역시 중구 삼덕동1가,경상사고,0,0,1,0,차대사람 - 보도통행중,안전운전불이행,건조,흐림,교차로 - 교차로안,승용,여,43세,상해없음,보행자,여,20세,경상
2021050200100033,2021년 5월 2일 03시,일요일,대구광역시 달서구 신당동,경상사고,0,0,1,1,차대차 - 추돌,안전운전불이행,건조,맑음,교차로 - 교차로부근,승용,남,18세,상해없음,승용,남,26세,기타불명
2021050200100040,2021년 5월 2일 04시,일요일,대구광역시 동구 신암동,중상사고,0,1,0,0,차대사람 - 횡단중,안전운전불이행,젖음/습기,비,단일로 - 기타,승용,남,73세,상해없음,보행자,남,61세,중상
2021050200100048,2021년 5월 2일 06시,일요일,대구광역시 달서구 송현동,경상사고,0,0,2,0,차대차 - 측면충돌,기타,젖음/습기,비,교차로 - 교차로안,승용,남,61세,경상,화물,남,35세,경상
2021050200100049,2021년 5월 2일 06시,일요일,대구광역시 북구 노원동3가,중상사고,0,1,0,0,차대차 - 측면충돌,안전운전불이행,젖음/습기,맑음,단일로 - 기타,이륜,남,76세,중상,승용,여,59세,상해없음
2021050200100067,2021년 5월 2일 08시,일요일,대구광역시 서구 비산동,중상사고,0,1,0,0,차대차 - 측면충돌,안전운전불이행,건조,맑음,단일로 - 기타,승용,남,59세,상해없음,이륜,남,71세,중상
2021050200100083,2021년 5월 2일 09시,일요일,대구광역시 달서구 상인동,중상사고,0,1,0,0,차대차 - 측면충돌,안전운전불이행,건조,맑음,단일로 - 기타,승용,남,66세,상해없음,이륜,남,68세,중상
2021050200100108,2021년 5월 2일 10시,일요일,대구광역시 달서구 본동,경상사고,0,0,1,0,차대차 - 추돌,안전운전불이행,건조,맑음,단일로 - 기타,승용,남,22세,상해없음,승용,남,56세,경상
2021050200100109,2021년 5월 2일 10시,일요일,대구광역시 달성군 유가읍,경상사고,0,0,1,0,차대차 - 측면충돌,직진우회전진행방해,건조,맑음,단일로 - 기타,승용,여,42세,상해없음,승용,남,71세,경상
2021050200100138,2021년 5월 2일 11시,일요일,대구광역시 동구 효목동,경상사고,0,0,2,0,차대차 - 측면충돌,신호위반,건조,맑음,단일로 - 기타,승용,여,63세,상해없음,승용,남,24세,경상
2021050200100139,2021년 5월 2일 11시,일요일,대구광역시 동구 신암동,부상신고사고,0,0,0,1,차대차 - 측면충돌,안전운전불이행,건조,맑음,교차로 - 교차로부근,이륜,남,60세,부상신고,승용,남,60세,상해없음
2021050200100140,2021년 5월 2일 11시,일요일,대구광역시 달성군 가창면,중상사고,0,1,0,0,차대차 - 기타,안전운전불이행,건조,맑음,기타 - 기타,승용,남,65세,상해없음,자전거,남,34세,중상
2021050200100141,2021년 5월 2일 11시,일요일,대구광역시 북구 서변동,중상사고,0,1,0,0,차대사람 - 횡단중,보행자보호의무위반,건조,맑음,교차로 - 교차로횡단보도내,자전거,남,76세,기타불명,보행자,여,67세,중상
2021050200100169,2021년 5월 2일 12시,일요일,대구광역시 달서구 진천동,경상사고,0,0,2,0,차대차 - 측면충돌,교차로운행방법위반,건조,맑음,교차로 - 교차로안,승용,여,58세,경상,승용,여,46세,경상
2021050200100170,2021년 5월 2일 12시,일요일,대구광역시 달성군 현풍읍,부상신고사고,0,0,0,1,차대차 - 측면충돌,직진우회전진행방해,건조,맑음,교차로 - 교차로안,승합,남,31세,상해없음,이륜,남,38세,부상신고
2021050200100171,2021년 5월 2일 12시,일요일,대구광역시 북구 산격동,경상사고,0,0,1,0,차대차 - 측면충돌,안전운전불이행,건조,맑음,단일로 - 기타,승용,남,66세,경상,승용,여,27세,기타불명
2021050200100172,2021년 5월 2일 12시,일요일,대구광역시 달서구 성당동,중상사고,0,2,2,0,차대차 - 측면충돌,신호위반,건조,맑음,단일로 - 기타,이륜,남,20세,중상,승용,남,30세,중상
2021050200100173,2021년 5월 2일 12시,일요일,대구광역시 북구 태전동,부상신고사고,0,0,0,1,차대차 - 측면충돌,안전거리미확보,건조,맑음,교차로 - 교차로안,승용,남,41세,상해없음,이륜,남,53세,부상신고
2021050200100205,2021년 5월 2일 13시,일요일,대구광역시 서구 내당동,부상신고사고,0,0,0,1,차대차 - 추돌,안전운전불이행,건조,맑음,교차로 - 교차로부근,이륜,남,17세,부상신고,승용,남,47세,상해없음
2021050200100206,2021년 5월 2일 13시,일요일,대구광역시 중구 남산동,경상사고,0,0,1,0,차대차 - 기타,안전운전불이행,건조,맑음,단일로 - 기타,승용,남,67세,상해없음,이륜,남,26세,경상
2021050200100207,2021년 5월 2일 13시,일요일,대구광역시 달서구 파호동,경상사고,0,0,1,0,차대차 - 측면충돌,교차로운행방법위반,건조,맑음,교차로 - 교차로안,승용,여,67세,상해없음,승합,남,63세,경상
2021050200100208,2021년 5월 2일 13시,일요일,대구광역시 달서구 본리동,경상사고,0,0,1,0,차대차 - 정면충돌,중앙선침범,건조,맑음,단일로 - 기타,승용,남,43세,상해없음,승용,남,49세,경상
2021050200100234,2021년 5월 2일 14시,일요일,대구광역시 달서구 도원동,경상사고,0,0,1,0,차대차 - 측면충돌,안전운전불이행,건조,맑음,단일로 - 기타,승용,남,66세,상해없음,승용,남,25세,경상
2021050200100235,2021년 5월 2일 14시,일요일,대구광역시 달성군 가창면,경상사고,0,0,2,0,차대차 - 기타,기타,건조,맑음,단일로 - 기타,승용,남,29세,상해없음,승용,남,31세,경상
2021050200100236,2021년 5월 2일 14시,일요일,대구광역시 달서구 이곡동,경상사고,0,0,1,0,차대차 - 기타,안전거리미확보,건조,맑음,단일로 - 기타,승용,남,58세,상해없음,승합,남,48세,경상
2021050200100272,2021년 5월 2일 15시,일요일,대구광역시 동구 진인동,중상사고,0,1,0,0,차대차 - 추돌,안전거리미확보,건조,맑음,단일로 - 기타,승용,남,56세,상해없음,이륜,남,40세,중상
2021050200100273,2021년 5월 2일 15시,일요일,대구광역시 달서구 상인동,중상사고,0,1,0,0,차대차 - 측면충돌,교차로운행방법위반,건조,맑음,교차로 - 교차로안,승용,여,45세,상해없음,이륜,남,28세,중상
2021050200100274,2021년 5월 2일 15시,일요일,대구광역시 달서구 용산동,경상사고,0,0,4,0,차대차 - 기타,안전거리미확보,건조,맑음,단일로 - 기타,승용,남,54세,상해없음,승용,남,39세,경상
2021050200100306,2021년 5월 2일 16시,일요일,대구광역시 수성구 범어동,부상신고사고,0,0,0,2,차대차 - 측면충돌,안전운전불이행,건조,맑음,단일로 - 기타,승용,여,52세,상해없음,승용,남,25세,부상신고
2021050200100369,2021년 5월 2일 18시,일요일,대구광역시 달성군 구지면,경상사고,0,0,1,0,차대사람 - 횡단중,보행자보호의무위반,건조,맑음,교차로 - 교차로안,승용,남,36세,상해없음,보행자,여,6세,경상
2021050200100390,2021년 5월 2일 19시,일요일,대구광역시 수성구 욱수동,경상사고,0,0,1,0,차대차 - 측면충돌,안전운전불이행,건조,맑음,단일로 - 기타,승용,남,51세,상해없음,승용,여,42세,경상
2021050200100391,2021년 5월 2일 19시,일요일,대구광역시 달서구 상인동,중상사고,0,1,1,0,차대차 - 측면충돌,안전거리미확보,건조,맑음,단일로 - 기타,이륜,남,29세,중상,이륜,남,18세,경상
2021050200100392,2021년 5월 2일 19시,일요일,대구광역시 서구 중리동,경상사고,0,0,1,0,차대차 - 측면충돌,신호위반,건조,맑음,단일로 - 기타,화물,남,54세,상해없음,승용,남,29세,경상
2021050200100413,2021년 5월 2일 20시,일요일,대구광역시 동구 봉무동,경상사고,0,0,2,0,차대사람 - 횡단중,보행자보호의무위반,건조,맑음,교차로 - 교차로안,승용,남,54세,상해없음,보행자,여,23세,경상
2021050200100415,2021년 5월 2일 20시,일요일,대구광역시 달서구 이곡동,경상사고,0,0,2,0,차대사람 - 횡단중,신호위반,건조,맑음,단일로 - 기타,개인형이동수단(PM),남,18세,상해없음,보행자,남,17세,경상
2021050200100432,2021년 5월 2일 21시,일요일,대구광역시 수성구 신매동,중상사고,0,1,0,0,차대차 - 추돌,안전운전불이행,건조,맑음,단일로 - 기타,승용,남,34세,상해없음,승용,남,37세,중상
2021050200100453,2021년 5월 2일 22시,일요일,대구광역시 수성구 범어동,경상사고,0,0,1,0,차대차 - 추돌,안전운전불이행,건조,맑음,단일로 - 기타,승용,남,50세,상해없음,승용,남,63세,경상
2021050200100454,2021년 5월 2일 22시,일요일,대구광역시 달성군 옥포읍,중상사고,0,1,0,0,차대차 - 측면충돌,안전운전불이행,기타,맑음,기타 - 기타,화물,남,52세,상해없음,원동기,남,20세,중상
2021050200100455,2021년 5월 2일 22시,일요일,대구광역시 달서구 이곡동,경상사고,0,0,2,0,차대차 - 추돌,안전운전불이행,건조,맑음,교차로 - 교차로부근,승용,남,61세,상해없음,승용,여,35세,상해없음
2021050300100004,2021년 5월 3일 00시,월요일,대구광역시 달서구 송현동,경상사고,0,0,1,0,차대차 - 측면충돌,신호위반,건조,맑음,교차로 - 교차로안,원동기,남,69세,상해없음,원동기,남,24세,경상
2021050300100011,2021년 5월 3일 01시,월요일,대구광역시 남구 봉덕동,경상사고,0,0,3,0,차대차 - 측면충돌,안전운전불이행,건조,맑음,단일로 - 기타,승용,여,40세,경상,승합,남,33세,경상
2021050300100012,2021년 5월 3일 01시,월요일,대구광역시 북구 산격동,경상사고,0,0,1,1,차대차 - 기타,신호위반,건조,맑음,교차로 - 교차로안,이륜,남,23세,부상신고,이륜,남,25세,경상
2021050300100025,2021년 5월 3일 05시,월요일,대구광역시 북구 침산동,경상사고,0,0,2,3,차대차 - 측면충돌,안전거리미확보,건조,맑음,단일로 - 기타,승용,남,28세,부상신고,승용,남,62세,경상
2021050300100026,2021년 5월 3일 05시,월요일,대구광역시 중구 삼덕동1가,중상사고,0,1,0,0,차대사람 - 길가장자리구역통행중,안전운전불이행,건조,맑음,단일로 - 기타,승용,남,48세,상해없음,보행자,남,24세,중상
2021050300100070,2021년 5월 3일 07시,월요일,대구광역시 달서구 송현동,중상사고,0,1,0,0,차대사람 - 기타,보행자보호의무위반,건조,맑음,교차로 - 교차로안,승용,남,24세,상해없음,보행자,여,80세,중상
2021050300100071,2021년 5월 3일 07시,월요일,대구광역시 중구 동인동3가,경상사고,0,0,1,1,차대차 - 측면충돌,차로위반,건조,맑음,단일로 - 기타,승용,남,60세,상해없음,건설기계,남,27세,경상
2021050300100100,2021년 5월 3일 08시,월요일,대구광역시 동구 동호동,경상사고,0,0,2,0,차대차 - 추돌,안전거리미확보,건조,맑음,단일로 - 기타,승용,여,26세,상해없음,승용,남,34세,경상
2021050300100102,2021년 5월 3일 08시,월요일,대구광역시 수성구 신매동,경상사고,0,0,1,0,차대사람 - 차도통행중,안전운전불이행,건조,맑음,단일로 - 기타,화물,남,73세,상해없음,보행자,여,12세,경상
2021050300100103,2021년 5월 3일 08시,월요일,대구광역시 수성구 수성동4가,경상사고,0,0,1,0,차대차 - 추돌,안전운전불이행,건조,맑음,단일로 - 기타,승용,여,45세,상해없음,승용,여,35세,경상
2021050300100104,2021년 5월 3일 08시,월요일,대구광역시 달성군 다사읍,중상사고,0,1,0,0,차대사람 - 횡단중,안전운전불이행,건조,맑음,교차로 - 교차로안,승용,여,22세,상해없음,보행자,남,56세,중상
2021050300100105,2021년 5월 3일 08시,월요일,대구광역시 북구 대현동,경상사고,0,0,1,0,차대차 - 측면충돌,교차로운행방법위반,건조,맑음,교차로 - 교차로안,승용,여,62세,상해없음,승용,여,27세,경상
2021050300100106,2021년 5월 3일 08시,월요일,대구광역시 서구 비산동,중상사고,0,1,0,0,차대차 - 기타,안전운전불이행,건조,맑음,교차로 - 교차로안,승용,남,26세,상해없음,자전거,여,68세,중상
2021050300100145,2021년 5월 3일 09시,월요일,대구광역시 남구 대명동,경상사고,0,0,1,0,차대차 - 측면충돌,교차로운행방법위반,건조,맑음,교차로 - 교차로안,승용,남,29세,상해없음,승용,여,54세,경상
2021050300100146,2021년 5월 3일 09시,월요일,대구광역시 달성군 다사읍,경상사고,0,0,1,0,차대차 - 기타,안전운전불이행,건조,맑음,단일로 - 기타,승용,여,38세,상해없음,승용,여,55세,경상
2021050300100179,2021년 5월 3일 10시,월요일,대구광역시 동구 효목동,중상사고,0,1,0,0,차대사람 - 기타,안전운전불이행,건조,맑음,단일로 - 기타,승용,여,69세,상해없음,보행자,남,45세,중상
2021050300100180,2021년 5월 3일 10시,월요일,대구광역시 달서구 대천동,경상사고,0,0,1,0,차대차 - 후진중충돌,안전운전불이행,건조,맑음,단일로 - 기타,화물,남,49세,상해없음,승용,남,28세,경상
2021050300100181,2021년 5월 3일 10시,월요일,대구광역시 달서구 상인동,경상사고,0,0,4,0,차대차 - 측면충돌,안전거리미확보,건조,맑음,단일로 - 기타,승용,여,46세,경상,승용,남,62세,경상
2021050300100182,2021년 5월 3일 10시,월요일,대구광역시 북구 노원동3가,경상사고,0,0,1,0,차대차 - 측면충돌,안전운전불이행,건조,맑음,교차로 - 교차로안,승용,여,32세,상해없음,승용,남,59세,경상
2021050300100183,2021년 5월 3일 10시,월요일,대구광역시 달서구 신당동,중상사고,0,1,0,0,차대사람 - 기타,안전운전불이행,건조,맑음,기타 - 기타,승용,남,46세,상해없음,보행자,여,52세,중상
2021050300100224,2021년 5월 3일 11시,월요일,대구광역시 수성구 범어동,경상사고,0,0,1,0,차대차 - 측면충돌,안전거리미확보,건조,맑음,교차로 - 교차로부근,승용,여,34세,상해없음,원동기,남,19세,경상
2021050300100225,2021년 5월 3일 11시,월요일,대구광역시 달서구 상인동,경상사고,0,0,1,0,차대차 - 기타,신호위반,건조,맑음,단일로 - 기타,승용,여,57세,상해없음,자전거,남,82세,경상
2021050300100226,2021년 5월 3일 11시,월요일,대구광역시 북구 산격동,경상사고,0,0,1,0,차대사람 - 차도통행중,안전운전불이행,건조,맑음,단일로 - 기타,승용,남,74세,상해없음,보행자,남,27세,경상
2021050300100263,2021년 5월 3일 12시,월요일,대구광역시 달서구 이곡동,경상사고,0,0,1,0,차대사람 - 기타,안전운전불이행,건조,맑음,기타 - 기타,승용,남,71세,상해없음,보행자,여,10세,경상
2021050300100308,2021년 5월 3일 13시,월요일,대구광역시 동구 효목동,경상사고,0,0,1,0,차대사람 - 기타,안전운전불이행,건조,맑음,주차장 - 주차장,승용,남,71세,상해없음,보행자,남,40세,경상
2021050300100309,2021년 5월 3일 13시,월요일,대구광역시 수성구 범어동,중상사고,0,1,0,0,차대차 - 측면충돌,교차로운행방법위반,건조,맑음,교차로 - 교차로안,승합,남,66세,상해없음,승용,남,42세,중상
2021050300100310,2021년 5월 3일 13시,월요일,대구광역시 달서구 본동,경상사고,0,0,1,0,차대차 - 측면충돌,신호위반,건조,맑음,교차로 - 교차로안,승합,남,57세,상해없음,승용,여,55세,경상
2021050300100311,2021년 5월 3일 13시,월요일,대구광역시 달성군 다사읍,부상신고사고,0,0,0,1,차대차 - 추돌,차로위반,건조,맑음,단일로 - 기타,이륜,남,37세,부상신고,승용,여,39세,상해없음
2021050300100343,2021년 5월 3일 14시,월요일,대구광역시 수성구 지산동,중상사고,0,1,0,0,차대사람 - 횡단중,보행자보호의무위반,건조,맑음,교차로 - 교차로안,승용,여,45세,상해없음,보행자,남,62세,중상
2021050300100344,2021년 5월 3일 14시,월요일,대구광역시 수성구 신매동,경상사고,0,0,1,0,차대사람 - 기타,안전운전불이행,건조,맑음,기타 - 기타,승용,여,68세,상해없음,보행자,남,68세,경상
2021050300100382,2021년 5월 3일 15시,월요일,대구광역시 달서구 이곡동,경상사고,0,0,1,0,차대차 - 측면충돌,안전운전불이행,건조,맑음,단일로 - 기타,화물,남,48세,기타불명,승용,남,36세,경상
2021050300100425,2021년 5월 3일 16시,월요일,대구광역시 달서구 신당동,경상사고,0,0,1,0,차대차 - 기타,안전운전불이행,건조,맑음,단일로 - 기타,승용,남,43세,상해없음,개인형이동수단(PM),여,19세,경상
2021050300100472,2021년 5월 3일 17시,월요일,대구광역시 동구 효목동,중상사고,0,1,0,0,차대사람 - 기타,안전운전불이행,건조,맑음,기타 - 기타,이륜,기타불명,미분류,기타불명,보행자,여,53세,중상
2021050300100473,2021년 5월 3일 17시,월요일,대구광역시 수성구 범어동,경상사고,0,0,2,1,차대차 - 기타,안전거리미확보,건조,맑음,단일로 - 기타,승용,여,26세,부상신고,승합,남,56세,경상
2021050300100474,2021년 5월 3일 17시,월요일,대구광역시 수성구 지산동,경상사고,0,0,2,0,차대차 - 측면충돌,교차로운행방법위반,건조,맑음,교차로 - 교차로부근,승용,남,62세,상해없음,승용,남,78세,경상
2021050300100475,2021년 5월 3일 17시,월요일,대구광역시 수성구 지산동,경상사고,0,0,3,0,차대차 - 측면충돌,안전운전불이행,건조,맑음,단일로 - 기타,승용,남,68세,상해없음,승용,남,38세,경상
2021050300100477,2021년 5월 3일 17시,월요일,대구광역시 북구 서변동,경상사고,0,0,1,0,차대차 - 추돌,안전운전불이행,건조,맑음,단일로 - 지하차도(도로)내,승용,남,68세,상해없음,승용,남,53세,경상
2021050300100522,2021년 5월 3일 18시,월요일,대구광역시 달서구 진천동,경상사고,0,0,1,0,차대차 - 측면충돌,안전운전불이행,건조,맑음,교차로 - 교차로부근,승용,남,60세,기타불명,자전거,여,63세,경상
2021050300100553,2021년 5월 3일 19시,월요일,대구광역시 남구 대명동,경상사고,0,0,1,0,차대차 - 측면충돌,안전운전불이행,건조,맑음,교차로 - 교차로안,화물,남,44세,상해없음,이륜,남,22세,경상
2021050300100554,2021년 5월 3일 19시,월요일,대구광역시 중구 삼덕동3가,경상사고,0,0,1,0,차대사람 - 기타,안전운전불이행,건조,맑음,단일로 - 기타,자전거,여,24세,상해없음,보행자,여,72세,경상
2021050300100581,2021년 5월 3일 20시,월요일,대구광역시 서구 비산동,경상사고,0,0,2,0,차대차 - 측면충돌,안전운전불이행,건조,맑음,단일로 - 기타,화물,남,54세,상해없음,승용,남,44세,경상
2021050300100582,2021년 5월 3일 20시,월요일,대구광역시 북구 구암동,중상사고,0,1,0,0,차대차 - 측면충돌,불법유턴,건조,맑음,단일로 - 지하차도(도로)내,승용,여,39세,상해없음,이륜,남,28세,중상
2021050300100608,2021년 5월 3일 21시,월요일,대구광역시 수성구 황금동,경상사고,0,0,2,0,차대차 - 추돌,안전운전불이행,건조,맑음,교차로 - 교차로부근,승용,남,25세,기타불명,승용,남,26세,기타불명
2021050300100609,2021년 5월 3일 21시,월요일,대구광역시 달서구 대천동,경상사고,0,0,1,0,차대차 - 측면충돌,교차로운행방법위반,건조,맑음,교차로 - 교차로안,승용,남,57세,상해없음,승용,남,37세,경상
2021050300100610,2021년 5월 3일 21시,월요일,대구광역시 서구 내당동,중상사고,0,1,0,0,차대사람 - 횡단중,안전운전불이행,건조,맑음,단일로 - 기타,승용,남,67세,상해없음,보행자,남,58세,중상
2021050300100639,2021년 5월 3일 22시,월요일,대구광역시 수성구 매호동,경상사고,0,0,1,0,차대사람 - 횡단중,안전운전불이행,건조,맑음,단일로 - 기타,승용,남,53세,상해없음,보행자,남,62세,경상
2021050300100640,2021년 5월 3일 22시,월요일,대구광역시 서구 내당동,경상사고,0,0,1,0,차대사람 - 보도통행중,기타,건조,맑음,단일로 - 기타,이륜,남,35세,상해없음,보행자,여,40세,경상
2021050300100656,2021년 5월 3일 23시,월요일,대구광역시 동구 서호동,경상사고,0,0,1,0,차대차 - 측면충돌,안전운전불이행,건조,맑음,단일로 - 기타,기타불명,기타불명,미분류,기타불명,자전거,남,60세,경상
2021050300100657,2021년 5월 3일 23시,월요일,대구광역시 수성구 수성동1가,경상사고,0,0,1,0,차대차 - 측면충돌,중앙선침범,건조,맑음,단일로 - 기타,승용,남,67세,상해없음,승용,여,26세,경상
2021050400100013,2021년 5월 4일 01시,화요일,대구광역시 동구 각산동,경상사고,0,0,1,0,차대차 - 추돌,안전운전불이행,건조,맑음,단일로 - 기타,화물,남,52세,상해없음,화물,남,56세,경상
2021050400100040,2021년 5월 4일 06시,화요일,대구광역시 동구 금강동,경상사고,0,0,1,0,차대사람 - 기타,안전운전불이행,건조,맑음,단일로 - 기타,기타불명,기타불명,미분류,기타불명,보행자,여,80세,경상
2021050400100056,2021년 5월 4일 07시,화요일,대구광역시 서구 평리동,경상사고,0,0,2,0,차대차 - 추돌,안전운전불이행,건조,맑음,단일로 - 기타,화물,남,28세,상해없음,화물,남,41세,경상
2021050400100057,2021년 5월 4일 07시,화요일,대구광역시 중구 삼덕동2가,중상사고,0,1,0,0,차대차 - 측면충돌,안전운전불이행,건조,맑음,단일로 - 기타,승용,여,62세,상해없음,이륜,남,68세,중상
2021050400100089,2021년 5월 4일 08시,화요일,대구광역시 수성구 황금동,경상사고,0,0,1,0,차대차 - 기타,안전운전불이행,건조,맑음,단일로 - 기타,승용,남,62세,상해없음,승합,남,59세,상해없음
2021050400100090,2021년 5월 4일 08시,화요일,대구광역시 달서구 감삼동,경상사고,0,0,2,0,차대차 - 측면충돌,신호위반,건조,맑음,단일로 - 기타,승용,남,39세,상해없음,승용,여,51세,경상
2021050400100091,2021년 5월 4일 08시,화요일,대구광역시 북구 태전동,경상사고,0,0,1,0,차대차 - 측면충돌,중앙선침범,건조,맑음,교차로 - 교차로안,자전거,여,35세,경상,승용,여,69세,기타불명
2021050400100143,2021년 5월 4일 10시,화요일,대구광역시 수성구 만촌동,경상사고,0,0,1,0,차대차 - 측면충돌,안전운전불이행,건조,맑음,단일로 - 기타,이륜,남,40세,경상,승용,여,39세,상해없음
2021050400100171,2021년 5월 4일 11시,화요일,대구광역시 달서구 월성동,경상사고,0,0,1,1,차대차 - 측면충돌,중앙선침범,젖음/습기,흐림,교차로 - 교차로부근,이륜,남,55세,부상신고,이륜,남,22세,경상
2021050400100194,2021년 5월 4일 12시,화요일,대구광역시 동구 신천동,사망사고,1,0,0,0,차대사람 - 횡단중,안전운전불이행,건조,맑음,단일로 - 기타,승용,여,29세,상해없음,보행자,여,82세,사망
2021050400100195,2021년 5월 4일 12시,화요일,대구광역시 수성구 지산동,경상사고,0,0,2,0,차대차 - 측면충돌,안전운전불이행,건조,맑음,교차로 - 교차로부근,승용,남,63세,상해없음,승용,여,48세,경상
2021050400100196,2021년 5월 4일 12시,화요일,대구광역시 서구 비산동,경상사고,0,0,1,0,차대차 - 측면충돌,안전운전불이행,건조,맑음,단일로 - 기타,화물,남,62세,상해없음,승용,남,25세,경상
2021050400100197,2021년 5월 4일 12시,화요일,대구광역시 서구 중리동,경상사고,0,0,1,0,차대차 - 측면충돌,안전거리미확보,건조,맑음,단일로 - 기타,승용,남,48세,상해없음,승용,여,54세,경상
2021050400100229,2021년 5월 4일 13시,화요일,대구광역시 달서구 송현동,경상사고,0,0,1,0,차대차 - 기타,안전운전불이행,건조,맑음,단일로 - 기타,승용,남,67세,상해없음,승용,남,35세,경상
2021050400100230,2021년 5월 4일 13시,화요일,대구광역시 북구 산격동,경상사고,0,0,1,0,차대사람 - 횡단중,안전운전불이행,건조,맑음,교차로 - 교차로횡단보도내,승용,여,78세,상해없음,보행자,여,58세,경상
2021050400100231,2021년 5월 4일 13시,화요일,대구광역시 서구 내당동,중상사고,0,1,2,0,차대차 - 측면충돌,신호위반,젖음/습기,비,교차로 - 교차로안,승용,남,74세,상해없음,승용,여,51세,중상
2021050400100232,2021년 5월 4일 13시,화요일,대구광역시 중구 계산동2가,사망사고,1,0,0,0,차대차 - 측면충돌,신호위반,건조,흐림,교차로 - 교차로안,자전거,남,83세,사망,승용,남,69세,상해없음
2021050400100233,2021년 5월 4일 13시,화요일,대구광역시 달서구 장기동,경상사고,0,0,1,0,차대차 - 후진중충돌,안전운전불이행,건조,흐림,단일로 - 기타,승용,여,38세,상해없음,화물,남,34세,경상
2021050400100264,2021년 5월 4일 14시,화요일,대구광역시 수성구 시지동,경상사고,0,0,1,0,차대차 - 측면충돌,안전거리미확보,건조,맑음,교차로 - 교차로안,건설기계,남,67세,상해없음,승용,남,37세,경상
2021050400100265,2021년 5월 4일 14시,화요일,대구광역시 달서구 월암동,경상사고,0,0,1,0,차대차 - 후진중충돌,안전운전불이행,젖음/습기,비,단일로 - 기타,화물,남,38세,상해없음,이륜,남,57세,경상
2021050400100266,2021년 5월 4일 14시,화요일,대구광역시 서구 내당동,중상사고,0,3,4,0,차대차 - 측면충돌,중앙선침범,건조,맑음,교차로 - 교차로부근,승용,여,32세,상해없음,승용,남,31세,중상
2021050400100267,2021년 5월 4일 14시,화요일,대구광역시 중구 수창동,경상사고,0,0,1,0,차대차 - 측면충돌,안전거리미확보,건조,맑음,단일로 - 기타,화물,남,70세,상해없음,건설기계,남,67세,경상
2021050400100268,2021년 5월 4일 14시,화요일,대구광역시 달서구 성당동,중상사고,0,1,0,0,차량단독 - 공작물충돌,안전운전불이행,건조,맑음,단일로 - 기타,자전거,여,16세,중상,,,,
2021050400100312,2021년 5월 4일 15시,화요일,대구광역시 수성구 상동,경상사고,0,0,1,0,차대차 - 측면충돌,안전운전불이행,건조,맑음,교차로 - 교차로부근,화물,남,50세,상해없음,화물,남,49세,경상