사고번호,사고일시,요일,시군구,사고내용,사망자수,중상자수,경상자수,부상신고자수,사고유형,법규위반,노면상태,기상상태,도로형태,가해운전자 차종,가해운전자 성별,가해운전자 연령,가해운전자 상해정도,피해운전자 차종,피해운전자 성별,피해운전자 연령,피해운전자 상해정도
2021050700100410,2021년 5월 7일 17시,금요일,대구광역시 남구 봉덕동,부상신고사고,0,0,0,1,차대차 - 측면충돌,안전운전불이행,건조,맑음,교차로 - 교차로안,이륜,남,34세,부상신고,승용,여,63세,상해없음
2021050700100411,2021년 5월 7일 17시,금요일,대구광역시 동구 방촌동,경상사고,0,0,1,0,차대차 - 측면충돌,안전운전불이행,건조,맑음,교차로 - 교차로안,이륜,남,61세,경상,화물,남,67세,상해없음
2021050700100412,2021년 5월 7일 17시,금요일,대구광역시 동구 신암동,경상사고,0,0,2,0,차대차 - 측면충돌,안전거리미확보,건조,맑음,단일로 - 기타,승용,남,53세,기타불명,이륜,남,17세,경상
2021050700100413,2021년 5월 7일 17시,금요일,대구광역시 수성구 황금동,경상사고,0,0,2,0,차대차 - 측면충돌,차로위반,건조,맑음,단일로 - 기타,건설기계,남,60세,상해없음,승용,남,75세,경상
2021050700100414,2021년 5월 7일 17시,금요일,대구광역시 북구 침산동,경상사고,0,0,2,0,차대차 - 기타,안전운전불이행,건조,맑음,기타 - 기타,승용,여,33세,상해없음,승용,남,42세,경상
2021050700100415,2021년 5월 7일 17시,금요일,대구광역시 중구 봉산동,경상사고,0,0,1,1,차대차 - 측면충돌,안전거리미확보,건조,맑음,단일로 - 기타,승용,여,40세,부상신고,승용,여,55세,경상
2021050700100416,2021년 5월 7일 17시,금요일,대구광역시 북구 팔달동,경상사고,0,0,1,0,차대차 - 추돌,안전운전불이행,건조,맑음,교차로 - 교차로부근,승용,여,68세,상해없음,승용,여,45세,경상
2021050700100462,2021년 5월 7일 18시,금요일,대구광역시 북구 산격동,경상사고,0,0,1,0,차대차 - 측면충돌,안전거리미확보,건조,맑음,단일로 - 기타,승용,남,64세,상해없음,승용,남,28세,경상
2021050700100542,2021년 5월 7일 20시,금요일,대구광역시 달서구 상인동,경상사고,0,0,1,0,차대차 - 기타,안전운전불이행,건조,맑음,단일로 - 기타,승용,남,66세,상해없음,개인형이동수단(PM),여,16세,경상
2021050700100575,2021년 5월 7일 21시,금요일,대구광역시 동구 검사동,경상사고,0,0,1,0,차대차 - 측면충돌,안전운전불이행,건조,맑음,교차로 - 교차로횡단보도내,승용,여,61세,상해없음,자전거,남,41세,경상
2021050700100577,2021년 5월 7일 21시,금요일,대구광역시 달서구 상인동,경상사고,0,0,1,0,차대차 - 후진중충돌,안전운전불이행,건조,맑음,단일로 - 기타,승용,남,54세,상해없음,승용,남,32세,경상
2021050700100628,2021년 5월 7일 23시,금요일,대구광역시 수성구 노변동,경상사고,0,0,1,0,차대차 - 기타,안전운전불이행,건조,맑음,단일로 - 기타,승용,남,56세,상해없음,승용,남,62세,경상
2021050700100629,2021년 5월 7일 23시,금요일,대구광역시 달서구 갈산동,경상사고,0,0,1,0,차대차 - 측면충돌,안전운전불이행,건조,맑음,교차로 - 교차로부근,승용,남,33세,상해없음,승용,남,38세,경상
2021050800100024,2021년 5월 8일 01시,토요일,대구광역시 달서구 송현동,경상사고,0,0,1,0,차대차 - 측면충돌,안전운전불이행,건조,맑음,기타 - 기타,개인형이동수단(PM),여,18세,경상,승용,남,54세,상해없음
2021050800100037,2021년 5월 8일 03시,토요일,대구광역시 북구 대현동,경상사고,0,0,3,0,차대차 - 정면충돌,신호위반,건조,맑음,교차로 - 교차로안,승용,남,62세,상해없음,승용,남,64세,경상
2021050800100058,2021년 5월 8일 06시,토요일,대구광역시 북구 노원동3가,중상사고,0,1,0,0,차대사람 - 차도통행중,안전운전불이행,건조,맑음,단일로 - 기타,화물,남,34세,상해없음,보행자,여,73세,중상
2021050800100069,2021년 5월 8일 07시,토요일,대구광역시 수성구 만촌동,중상사고,0,1,0,0,차대차 - 측면충돌,안전거리미확보,건조,맑음,단일로 - 기타,승용,여,20세,상해없음,승합,남,53세,중상
2021050800100070,2021년 5월 8일 07시,토요일,대구광역시 북구 산격동,경상사고,0,0,1,0,차대차 - 측면충돌,안전운전불이행,건조,맑음,기타 - 기타,자전거,남,66세,경상,화물,남,58세,상해없음
2021050800100071,2021년 5월 8일 07시,토요일,대구광역시 달서구 감삼동,경상사고,0,0,1,0,차대차 - 후진중충돌,안전운전불이행,건조,맑음,교차로 - 교차로부근,승용,남,61세,상해없음,화물,남,49세,상해없음
2021050800100115,2021년 5월 8일 09시,토요일,대구광역시 동구 신서동,경상사고,0,0,1,0,차대차 - 추돌,안전운전불이행,건조,맑음,단일로 - 기타,승용,남,47세,상해없음,승용,여,31세,경상
2021050800100141,2021년 5월 8일 10시,토요일,대구광역시 수성구 수성동1가,경상사고,0,0,1,0,차대차 - 측면충돌,안전운전불이행,건조,맑음,교차로 - 교차로부근,승용,여,52세,상해없음,이륜,남,42세,경상
2021050800100176,2021년 5월 8일 11시,토요일,대구광역시 북구 조야동,중상사고,0,1,2,0,차대차 - 추돌,안전운전불이행,건조,맑음,단일로 - 기타,승용,남,47세,중상,승용,남,41세,경상
2021050800100179,2021년 5월 8일 11시,토요일,대구광역시 수성구 범어동,중상사고,0,1,1,0,차대차 - 정면충돌,안전운전불이행,건조,맑음,단일로 - 기타,승용,여,42세,경상,승용,여,45세,중상
2021050800100180,2021년 5월 8일 11시,토요일,대구광역시 서구 평리동,경상사고,0,0,2,0,차대차 - 측면충돌,안전운전불이행,건조,맑음,단일로 - 기타,승용,남,54세,상해없음,승용,남,30세,경상
2021050800100181,2021년 5월 8일 11시,토요일,대구광역시 북구 읍내동,경상사고,0,0,2,0,차대차 - 측면충돌,안전운전불이행,건조,맑음,교차로 - 교차로안,건설기계,남,66세,상해없음,승용,남,46세,경상
2021050800100229,2021년 5월 8일 12시,토요일,대구광역시 동구 신암동,경상사고,0,0,2,0,차대차 - 측면충돌,안전운전불이행,건조,맑음,교차로 - 교차로안,승용,여,66세,상해없음,승용,남,58세,경상
2021050800100230,2021년 5월 8일 12시,토요일,대구광역시 수성구 범물동,경상사고,0,0,1,0,차대차 - 기타,신호위반,건조,맑음,단일로 - 기타,승용,남,44세,상해없음,이륜,남,21세,경상
2021050800100231,2021년 5월 8일 12시,토요일,대구광역시 달서구 유천동,경상사고,0,0,1,0,차대차 - 추돌,안전거리미확보,건조,맑음,단일로 - 기타,승합,남,36세,상해없음,이륜,남,55세,경상
2021050800100232,2021년 5월 8일 12시,토요일,대구광역시 서구 비산동,경상사고,0,0,1,0,차대차 - 측면충돌,직진우회전진행방해,건조,맑음,교차로 - 교차로안,승용,남,71세,상해없음,승용,여,56세,경상
2021050800100233,2021년 5월 8일 12시,토요일,대구광역시 달서구 신당동,경상사고,0,0,4,0,차대차 - 측면충돌,안전거리미확보,건조,맑음,교차로 - 교차로부근,승용,남,76세,경상,승용,남,25세,경상
2021050800100282,2021년 5월 8일 13시,토요일,대구광역시 남구 대명동,경상사고,0,0,1,0,차대차 - 추돌,안전거리미확보,건조,맑음,단일로 - 기타,승용,남,33세,상해없음,승용,남,67세,상해없음
2021050800100283,2021년 5월 8일 13시,토요일,대구광역시 달서구 대천동,경상사고,0,0,1,0,차대차 - 측면충돌,차로위반,건조,맑음,단일로 - 기타,승용,여,64세,상해없음,승용,여,41세,경상
2021050800100284,2021년 5월 8일 13시,토요일,대구광역시 달성군 화원읍,경상사고,0,0,2,1,차대차 - 기타,안전운전불이행,건조,맑음,기타 - 기타,화물,남,62세,상해없음,승용,남,28세,경상
2021050800100285,2021년 5월 8일 13시,토요일,대구광역시 서구 내당동,경상사고,0,0,2,0,차대차 - 측면충돌,안전거리미확보,건조,맑음,단일로 - 기타,승용,남,74세,상해없음,승용,남,39세,경상
2021050800100286,2021년 5월 8일 13시,토요일,대구광역시 북구 구암동,경상사고,0,0,1,0,차대차 - 추돌,안전운전불이행,건조,맑음,교차로 - 교차로부근,이륜,남,23세,상해없음,승용,남,53세,경상
2021050800100372,2021년 5월 8일 15시,토요일,대구광역시 중구 삼덕동1가,경상사고,0,0,2,1,차대차 - 측면충돌,안전거리미확보,건조,맑음,단일로 - 기타,승용,여,37세,부상신고,이륜,남,19세,경상
2021050800100373,2021년 5월 8일 15시,토요일,대구광역시 달서구 신당동,경상사고,0,0,1,0,차대차 - 측면충돌,안전운전불이행,건조,맑음,단일로 - 기타,화물,남,56세,상해없음,이륜,남,26세,경상
2021050800100412,2021년 5월 8일 16시,토요일,대구광역시 수성구 두산동,경상사고,0,0,1,0,차대차 - 추돌,안전운전불이행,건조,맑음,교차로 - 교차로부근,승용,남,26세,기타불명,승용,남,43세,경상
2021050800100413,2021년 5월 8일 16시,토요일,대구광역시 서구 원대동3가,경상사고,0,0,1,0,차대차 - 기타,안전운전불이행,건조,맑음,기타 - 기타,화물,남,41세,상해없음,승용,여,33세,경상
2021050800100414,2021년 5월 8일 16시,토요일,대구광역시 서구 내당동,중상사고,0,1,2,0,차대차 - 측면충돌,신호위반,건조,맑음,단일로 - 기타,승용,남,25세,경상,이륜,남,35세,중상
2021050800100415,2021년 5월 8일 16시,토요일,대구광역시 달서구 본리동,경상사고,0,0,1,0,차대사람 - 기타,안전운전불이행,건조,맑음,단일로 - 기타,승용,남,66세,상해없음,보행자,여,31세,경상
2021050800100460,2021년 5월 8일 17시,토요일,대구광역시 수성구 범어동,경상사고,0,0,1,0,차대차 - 기타,안전운전불이행,건조,맑음,교차로 - 교차로안,승용,여,47세,상해없음,사륜오토바이(ATV),남,46세,경상
2021050800100461,2021년 5월 8일 17시,토요일,대구광역시 달서구 유천동,경상사고,0,0,1,0,차대차 - 측면충돌,안전운전불이행,건조,맑음,교차로 - 교차로안,승용,남,68세,상해없음,승용,여,29세,경상
2021050800100503,2021년 5월 8일 18시,토요일,대구광역시 동구 신암동,경상사고,0,0,1,0,차대차 - 측면충돌,신호위반,건조,맑음,교차로 - 교차로부근,승용,남,58세,상해없음,승용,남,39세,경상
2021050800100504,2021년 5월 8일 18시,토요일,대구광역시 북구 학정동,경상사고,0,0,2,0,차대차 - 측면충돌,안전운전불이행,건조,맑음,교차로 - 교차로안,승용,여,25세,경상,자전거,남,8세,경상
2021050800100505,2021년 5월 8일 18시,토요일,대구광역시 북구 관음동,경상사고,0,0,1,0,차대차 - 후진중충돌,안전운전불이행,젖음/습기,흐림,단일로 - 고가도로위,승용,남,52세,상해없음,화물,남,39세,경상
2021050800100532,2021년 5월 8일 19시,토요일,대구광역시 수성구 상동,중상사고,0,1,1,0,차대차 - 측면충돌,안전운전불이행,건조,맑음,교차로 - 교차로부근,승용,여,56세,상해없음,승용,여,40세,중상
2021050800100554,2021년 5월 8일 20시,토요일,대구광역시 달서구 도원동,중상사고,0,1,0,0,차대사람 - 횡단중,신호위반,건조,맑음,단일로 - 기타,승용,남,24세,상해없음,보행자,여,36세,중상
2021050800100555,2021년 5월 8일 20시,토요일,대구광역시 달서구 상인동,경상사고,0,0,1,0,차대차 - 추돌,안전거리미확보,건조,맑음,단일로 - 기타,승용,여,24세,상해없음,승용,남,39세,경상
2021050800100608,2021년 5월 8일 22시,토요일,대구광역시 달서구 신당동,경상사고,0,0,1,0,차대차 - 후진중충돌,안전운전불이행,건조,맑음,교차로 - 교차로부근,승용,남,62세,상해없음,승용,남,43세,경상
2021050800100616,2021년 5월 8일 23시,토요일,대구광역시 수성구 범어동,경상사고,0,0,1,0,차대차 - 측면충돌,안전운전불이행,건조,맑음,단일로 - 기타,승용,여,55세,상해없음,이륜,남,26세,경상
2021050800100617,2021년 5월 8일 23시,토요일,대구광역시 달성군 다사읍,경상사고,0,0,1,0,차대차 - 기타,안전운전불이행,기타,맑음,단일로 - 기타,승용,남,29세,경상,승용,남,63세,상해없음
2021050900100007,2021년 5월 9일 00시,일요일,대구광역시 중구 삼덕동1가,부상신고사고,0,0,0,1,차대사람 - 기타,안전운전불이행,건조,맑음,교차로 - 교차로부근,승용,남,29세,상해없음,보행자,남,23세,부상신고
2021050900100008,2021년 5월 9일 00시,일요일,대구광역시 달서구 장동,중상사고,0,1,0,0,차량단독 - 기타,안전운전불이행,건조,맑음,단일로 - 기타,이륜,남,23세,중상,,,,
2021050900100013,2021년 5월 9일 01시,일요일,대구광역시 달서구 본리동,부상신고사고,0,0,0,1,차대차 - 기타,안전운전불이행,건조,맑음,기타 - 기타,승용,여,42세,상해없음,승용,여,52세,부상신고
2021050900100038,2021년 5월 9일 06시,일요일,대구광역시 서구 평리동,중상사고,0,1,0,0,차대차 - 추돌,신호위반,건조,맑음,교차로 - 교차로안,승용,남,72세,상해없음,이륜,남,71세,중상
2021050900100039,2021년 5월 9일 06시,일요일,대구광역시 북구 태전동,경상사고,0,0,2,0,차대차 - 측면충돌,차로위반,건조,맑음,단일로 - 고가도로위,이륜,남,14세,경상,승용,남,41세,상해없음
2021050900100040,2021년 5월 9일 06시,일요일,대구광역시 북구 읍내동,경상사고,0,0,2,0,차대차 - 측면충돌,교차로운행방법위반,건조,맑음,교차로 - 교차로안,승용,여,64세,기타불명,승용,여,57세,경상
2021050900100061,2021년 5월 9일 08시,일요일,대구광역시 동구 지묘동,경상사고,0,0,1,0,차대사람 - 횡단중,보행자보호의무위반,건조,맑음,단일로 - 기타,승용,남,75세,상해없음,보행자,남,69세,경상
2021050900100063,2021년 5월 9일 08시,일요일,대구광역시 북구 서변동,중상사고,0,1,0,0,차대차 - 측면충돌,안전운전불이행,건조,맑음,교차로 - 교차로부근,자전거,남,78세,중상,승용,여,60세,상해없음
2021050900100082,2021년 5월 9일 09시,일요일,대구광역시 북구 태전동,경상사고,0,0,6,0,차대차 - 측면충돌,안전거리미확보,건조,맑음,단일로 - 고가도로위,승용,남,56세,경상,승용,남,44세,경상
2021050900100108,2021년 5월 9일 10시,일요일,대구광역시 남구 대명동,경상사고,0,0,1,0,차대사람 - 기타,안전운전불이행,건조,맑음,단일로 - 기타,승용,남,65세,상해없음,보행자,여,57세,경상
2021050900100109,2021년 5월 9일 10시,일요일,대구광역시 서구 내당동,경상사고,0,0,2,0,차대차 - 측면충돌,신호위반,건조,맑음,단일로 - 기타,화물,남,50세,상해없음,승용,남,33세,경상
2021050900100138,2021년 5월 9일 11시,일요일,대구광역시 수성구 두산동,부상신고사고,0,0,0,1,차대차 - 측면충돌,불법유턴,건조,맑음,단일로 - 기타,자전거,남,63세,부상신고,승용,남,65세,상해없음
2021050900100208,2021년 5월 9일 13시,일요일,대구광역시 수성구 대흥동,경상사고,0,0,2,0,차대차 - 기타,안전운전불이행,건조,맑음,단일로 - 기타,화물,남,70세,기타불명,승용,남,35세,경상
2021050900100209,2021년 5월 9일 13시,일요일,대구광역시 북구 산격동,중상사고,0,1,0,0,차대사람 - 기타,안전운전불이행,건조,맑음,단일로 - 기타,승용,남,34세,상해없음,보행자,여,53세,중상
2021050900100210,2021년 5월 9일 13시,일요일,대구광역시 달서구 파호동,중상사고,0,1,0,0,차대차 - 측면충돌,안전운전불이행,건조,맑음,교차로 - 교차로안,승용,여,39세,상해없음,자전거,남,83세,중상
2021050900100246,2021년 5월 9일 14시,일요일,대구광역시 서구 비산동,경상사고,0,0,1,0,차대사람 - 기타,안전운전불이행,건조,맑음,단일로 - 기타,자전거,남,46세,상해없음,보행자,남,88세,경상
2021050900100247,2021년 5월 9일 14시,일요일,대구광역시 달서구 감삼동,경상사고,0,0,1,0,차대차 - 측면충돌,안전거리미확보,건조,맑음,단일로 - 기타,승용,남,24세,상해없음,이륜,남,25세,경상
2021050900100313,2021년 5월 9일 16시,일요일,대구광역시 동구 도동,경상사고,0,0,2,0,차대차 - 측면충돌,안전운전불이행,건조,맑음,단일로 - 기타,화물,남,60세,상해없음,승용,남,53세,경상
2021050900100318,2021년 5월 9일 16시,일요일,대구광역시 동구 괴전동,경상사고,0,0,1,0,차대사람 - 기타,기타,건조,맑음,단일로 - 기타,승용,여,64세,상해없음,보행자,남,68세,경상
2021050900100320,2021년 5월 9일 16시,일요일,대구광역시 달성군 구지면,경상사고,0,0,2,0,차대차 - 기타,신호위반,건조,맑음,교차로 - 교차로안,승용,여,63세,상해없음,승용,남,48세,경상
2021050900100321,2021년 5월 9일 16시,일요일,대구광역시 달서구 두류동,중상사고,0,1,0,0,차대차 - 측면충돌,기타,건조,맑음,단일로 - 기타,승용,남,19세,상해없음,자전거,남,64세,중상
2021050900100322,2021년 5월 9일 16시,일요일,대구광역시 달서구 이곡동,경상사고,0,0,2,0,차대차 - 추돌,안전운전불이행,건조,맑음,교차로 - 교차로부근,승용,남,24세,상해없음,승용,여,22세,경상
2021050900100396,2021년 5월 9일 18시,일요일,대구광역시 달서구 감삼동,경상사고,0,0,2,0,차대차 - 후진중충돌,안전운전불이행,건조,맑음,단일로 - 기타,화물,남,69세,상해없음,승용,남,28세,경상
2021050900100429,2021년 5월 9일 19시,일요일,대구광역시 달서구 송현동,경상사고,0,0,4,0,차대차 - 측면충돌,안전거리미확보,건조,맑음,단일로 - 기타,승용,여,73세,경상,승용,남,29세,경상
2021050900100493,2021년 5월 9일 22시,일요일,대구광역시 동구 용계동,중상사고,0,1,1,0,차대차 - 측면충돌,안전거리미확보,건조,맑음,단일로 - 기타,이륜,남,51세,중상,승용,남,37세,경상
2021050900100507,2021년 5월 9일 23시,일요일,대구광역시 남구 대명동,경상사고,0,0,1,0,차대사람 - 기타,안전운전불이행,건조,맑음,교차로 - 교차로부근,승용,남,60세,상해없음,보행자,남,20세,경상
2021051000100012,2021년 5월 10일 04시,월요일,대구광역시 달서구 성당동,경상사고,0,0,1,0,차대차 - 측면충돌,안전운전불이행,건조,맑음,단일로 - 기타,이륜,남,35세,경상,승용,남,41세,상해없음
2021051000100048,2021년 5월 10일 07시,월요일,대구광역시 달서구 월성동,경상사고,0,0,3,0,차대차 - 측면충돌,안전운전불이행,건조,맑음,단일로 - 기타,승용,남,45세,경상,승용,여,42세,경상
2021051000100049,2021년 5월 10일 07시,월요일,대구광역시 북구 동천동,경상사고,0,0,1,0,차대차 - 측면충돌,안전운전불이행,건조,맑음,단일로 - 기타,승용,남,55세,경상,화물,남,59세,상해없음
2021051000100138,2021년 5월 10일 10시,월요일,대구광역시 동구 방촌동,중상사고,0,1,0,0,차대차 - 측면충돌,안전운전불이행,젖음/습기,비,교차로 - 교차로부근,승용,남,43세,상해없음,이륜,남,57세,중상
2021051000100139,2021년 5월 10일 10시,월요일,대구광역시 동구 용계동,중상사고,0,1,0,0,차대사람 - 기타,기타,건조,맑음,기타 - 기타,승합,남,52세,상해없음,보행자,여,78세,중상
2021051000100169,2021년 5월 10일 11시,월요일,대구광역시 달서구 상인동,경상사고,0,0,2,0,차대차 - 측면충돌,교차로운행방법위반,건조,맑음,교차로 - 교차로안,승용,여,29세,경상,승용,남,30세,경상
2021051000100170,2021년 5월 10일 11시,월요일,대구광역시 달서구 도원동,중상사고,0,1,1,0,차대차 - 측면충돌,안전운전불이행,젖음/습기,비,교차로 - 교차로부근,화물,남,50세,상해없음,승용,남,44세,경상
2021051000100171,2021년 5월 10일 11시,월요일,대구광역시 달서구 진천동,경상사고,0,0,1,0,차대차 - 측면충돌,교차로운행방법위반,젖음/습기,흐림,교차로 - 교차로안,화물,남,40세,기타불명,이륜,남,24세,경상
2021051000100172,2021년 5월 10일 11시,월요일,대구광역시 서구 평리동,중상사고,0,1,0,0,차대차 - 기타,안전운전불이행,건조,흐림,교차로 - 교차로부근,화물,남,69세,상해없음,이륜,남,76세,중상
2021051000100173,2021년 5월 10일 11시,월요일,대구광역시 서구 중리동,경상사고,0,0,1,0,차대차 - 측면충돌,안전운전불이행,건조,맑음,단일로 - 기타,자전거,여,66세,경상,승용,남,41세,상해없음
2021051000100198,2021년 5월 10일 12시,월요일,대구광역시 수성구 황금동,경상사고,0,0,1,0,차량단독 - 기타,기타,젖음/습기,비,단일로 - 기타,승합,남,39세,상해없음,,,,
2021051000100199,2021년 5월 10일 12시,월요일,대구광역시 북구 칠성동2가,경상사고,0,0,1,0,차대차 - 측면충돌,안전운전불이행,건조,맑음,교차로 - 교차로안,화물,남,52세,상해없음,이륜,남,25세,경상
2021051000100200,2021년 5월 10일 12시,월요일,대구광역시 달서구 용산동,경상사고,0,0,1,0,차대사람 - 기타,안전운전불이행,건조,맑음,주차장 - 주차장,승용,여,51세,상해없음,보행자,남,28세,경상
2021051000100231,2021년 5월 10일 13시,월요일,대구광역시 달서구 상인동,경상사고,0,0,1,0,차대차 - 측면충돌,안전운전불이행,건조,맑음,교차로 - 교차로안,화물,남,65세,상해없음,원동기,남,20세,경상
2021051000100232,2021년 5월 10일 13시,월요일,대구광역시 북구 태전동,경상사고,0,0,1,0,차대차 - 추돌,안전거리미확보,건조,맑음,단일로 - 기타,건설기계,남,51세,상해없음,승용,여,70세,경상
2021051000100270,2021년 5월 10일 14시,월요일,대구광역시 동구 신천동,경상사고,0,0,2,0,차대차 - 측면충돌,안전운전불이행,건조,맑음,단일로 - 기타,승용,여,53세,상해없음,승용,여,41세,경상
2021051000100271,2021년 5월 10일 14시,월요일,대구광역시 동구 신암동,경상사고,0,0,1,0,차대차 - 측면충돌,안전거리미확보,젖음/습기,비,기타 - 기타,건설기계,남,55세,상해없음,승용,여,22세,경상
2021051000100272,2021년 5월 10일 14시,월요일,대구광역시 수성구 황금동,경상사고,0,0,2,0,차대차 - 측면충돌,신호위반,건조,맑음,교차로 - 교차로안,승용,여,57세,경상,승용,여,45세,경상
2021051000100273,2021년 5월 10일 14시,월요일,대구광역시 달성군 현풍읍,경상사고,0,0,1,0,차대차 - 측면충돌,안전운전불이행,건조,맑음,단일로 - 기타,승용,남,73세,상해없음,이륜,여,50세,경상
2021051000100312,2021년 5월 10일 15시,월요일,대구광역시 남구 대명동,경상사고,0,0,2,0,차대차 - 정면충돌,중앙선침범,젖음/습기,비,단일로 - 기타,승용,남,29세,상해없음,승용,남,46세,경상
2021051000100313,2021년 5월 10일 15시,월요일,대구광역시 남구 대명동,경상사고,0,0,1,0,차대차 - 측면충돌,안전운전불이행,젖음/습기,비,단일로 - 지하차도(도로)내,승용,여,63세,상해없음,승용,남,27세,경상
2021051000100314,2021년 5월 10일 15시,월요일,대구광역시 동구 지저동,경상사고,0,0,1,1,차대차 - 측면충돌,안전운전불이행,젖음/습기,비,단일로 - 기타,화물,남,73세,부상신고,승용,남,37세,경상
2021051000100315,2021년 5월 10일 15시,월요일,대구광역시 수성구 지산동,경상사고,0,0,1,0,차대차 - 측면충돌,신호위반,젖음/습기,비,교차로 - 교차로안,승용,여,57세,상해없음,승용,남,34세,경상
2021051000100316,2021년 5월 10일 15시,월요일,대구광역시 수성구 만촌동,경상사고,0,0,1,0,차대차 - 측면충돌,안전운전불이행,젖음/습기,비,단일로 - 기타,승합,남,67세,상해없음,승용,남,36세,경상
2021051000100317,2021년 5월 10일 15시,월요일,대구광역시 서구 내당동,사망사고,1,0,0,0,차대사람 - 보도통행중,기타,젖음/습기,비,교차로 - 교차로부근,승용,여,63세,상해없음,보행자,여,81세,사망
2021051000100318,2021년 5월 10일 15시,월요일,대구광역시 중구 동인동2가,경상사고,0,0,1,0,차대차 - 추돌,안전운전불이행,건조,맑음,단일로 - 기타,화물,남,53세,상해없음,승용,남,69세,경상
2021051000100350,2021년 5월 10일 16시,월요일,대구광역시 수성구 만촌동,경상사고,0,0,1,0,차대차 - 측면충돌,안전운전불이행,젖음/습기,비,기타 - 기타,화물,남,48세,상해없음,승용,여,56세,경상
2021051000100351,2021년 5월 10일 16시,월요일,대구광역시 서구 평리동,경상사고,0,0,1,0,차량단독 - 공작물충돌,안전운전불이행,건조,맑음,단일로 - 기타,이륜,남,51세,경상,,,,
2021051000100352,2021년 5월 10일 16시,월요일,대구광역시 북구 구암동,경상사고,0,0,1,0,차대차 - 측면충돌,안전운전불이행,젖음/습기,비,단일로 - 지하차도(도로)내,승용,여,55세,상해없음,이륜,남,25세,경상
2021051000100386,2021년 5월 10일 17시,월요일,대구광역시 동구 동호동,경상사고,0,0,1,0,차대차 - 기타,안전운전불이행,건조,맑음,단일로 - 기타,승용,남,65세,상해없음,자전거,여,9세,경상
2021051000100416,2021년 5월 10일 18시,월요일,대구광역시 동구 신천동,부상신고사고,0,0,0,4,차대차 - 측면충돌,안전거리미확보,건조,맑음,교차로 - 교차로부근,승용,여,25세,부상신고,승용,남,22세,부상신고
2021051000100417,2021년 5월 10일 18시,월요일,대구광역시 수성구 만촌동,경상사고,0,0,1,0,차대차 - 후진중충돌,안전운전불이행,건조,맑음,단일로 - 기타,승용,남,23세,상해없음,승용,여,48세,경상
2021051000100418,2021년 5월 10일 18시,월요일,대구광역시 중구 공평동,경상사고,0,0,1,0,차대차 - 추돌,기타,건조,맑음,단일로 - 기타,승용,여,38세,상해없음,승용,남,29세,경상
2021051000100450,2021년 5월 10일 19시,월요일,대구광역시 수성구 수성동4가,중상사고,0,1,0,0,차대사람 - 기타,안전운전불이행,건조,맑음,단일로 - 기타,승용,남,63세,상해없음,보행자,여,70세,중상
2021051000100451,2021년 5월 10일 19시,월요일,대구광역시 수성구 지산동,중상사고,0,1,0,0,차대차 - 기타,안전거리미확보,건조,맑음,단일로 - 기타,기타불명,기타불명,미분류,기타불명,이륜,남,30세,중상
2021051000100452,2021년 5월 10일 19시,월요일,대구광역시 수성구 가천동,경상사고,0,0,1,0,차대차 - 측면충돌,신호위반,건조,맑음,단일로 - 기타,화물,남,59세,상해없음,승용,남,69세,경상
2021051000100453,2021년 5월 10일 19시,월요일,대구광역시 달서구 본리동,중상사고,0,1,0,0,차대차 - 측면충돌,안전운전불이행,건조,맑음,단일로 - 기타,승용,남,49세,상해없음,이륜,남,52세,중상
2021051000100454,2021년 5월 10일 19시,월요일,대구광역시 남구 대명동,경상사고,0,0,3,0,차대차 - 측면충돌,안전운전불이행,건조,맑음,교차로 - 교차로부근,승용,남,57세,상해없음,승용,남,19세,경상
2021051000100493,2021년 5월 10일 20시,월요일,대구광역시 수성구 황금동,경상사고,0,0,1,0,차대사람 - 기타,안전운전불이행,건조,맑음,기타 - 기타,이륜,남,58세,상해없음,보행자,여,11세,경상
2021051000100494,2021년 5월 10일 20시,월요일,대구광역시 북구 대현동,사망사고,1,0,0,0,차대차 - 기타,신호위반,건조,맑음,교차로 - 교차로안,승용,남,43세,상해없음,이륜,남,48세,사망
2021051000100495,2021년 5월 10일 20시,월요일,대구광역시 서구 비산동,중상사고,0,1,0,0,차대사람 - 보도통행중,기타,건조,맑음,교차로 - 교차로부근,승용,남,60세,상해없음,보행자,남,61세,중상
2021051000100525,2021년 5월 10일 21시,월요일,대구광역시 북구 읍내동,중상사고,0,1,0,0,차대사람 - 횡단중,신호위반,건조,맑음,교차로 - 교차로횡단보도내,승용,여,55세,상해없음,보행자,여,60세,중상
2021051000100547,2021년 5월 10일 22시,월요일,대구광역시 북구 노원동3가,부상신고사고,0,0,0,1,차대차 - 추돌,안전운전불이행,건조,맑음,단일로 - 기타,기타불명,기타불명,미분류,기타불명,승용,남,61세,부상신고
2021051100100042,2021년 5월 11일 05시,화요일,대구광역시 동구 효목동,경상사고,0,0,1,0,차대차 - 기타,안전운전불이행,건조,맑음,단일로 - 기타,화물,남,62세,상해없음,화물,남,33세,경상
2021051100100059,2021년 5월 11일 06시,화요일,대구광역시 수성구 수성동1가,중상사고,0,3,0,0,차대차 - 측면충돌,신호위반,건조,맑음,교차로 - 교차로안,승용,남,29세,기타불명,승용,남,63세,중상