사고번호,사고일시,요일,시군구,사고내용,사망자수,중상자수,경상자수,부상신고자수,사고유형,법규위반,노면상태,기상상태,도로형태,가해운전자 차종,가해운전자 성별,가해운전자 연령,가해운전자 상해정도,피해운전자 차종,피해운전자 성별,피해운전자 연령,피해운전자 상해정도
2021051100100084,2021년 5월 11일 07시,화요일,대구광역시 동구 신암동,경상사고,0,0,2,0,차대차 - 정면충돌,중앙선침범,젖음/습기,비,단일로 - 기타,이륜,남,26세,상해없음,승합,남,52세,경상
2021051100100085,2021년 5월 11일 07시,화요일,대구광역시 서구 비산동,중상사고,0,1,0,0,차대차 - 측면충돌,기타,젖음/습기,흐림,단일로 - 기타,화물,남,31세,상해없음,이륜,남,75세,중상
2021051100100129,2021년 5월 11일 08시,화요일,대구광역시 수성구 만촌동,중상사고,0,1,0,0,차대차 - 기타,안전운전불이행,젖음/습기,비,기타 - 기타,승용,여,49세,상해없음,승용,남,40세,상해없음
2021051100100198,2021년 5월 11일 10시,화요일,대구광역시 수성구 황금동,경상사고,0,0,1,0,차대차 - 측면충돌,신호위반,건조,맑음,교차로 - 교차로안,화물,남,63세,상해없음,승용,여,50세,경상
2021051100100231,2021년 5월 11일 11시,화요일,대구광역시 동구 신암동,중상사고,0,1,0,0,차대사람 - 횡단중,신호위반,건조,맑음,단일로 - 기타,승합,남,51세,상해없음,보행자,남,57세,중상
2021051100100232,2021년 5월 11일 11시,화요일,대구광역시 달서구 월성동,경상사고,0,0,2,1,차대차 - 측면충돌,차로위반,건조,맑음,교차로 - 교차로안,승용,여,64세,부상신고,승용,남,22세,경상
2021051100100233,2021년 5월 11일 11시,화요일,대구광역시 중구 동성로2가,경상사고,0,0,2,0,차대차 - 측면충돌,신호위반,건조,맑음,단일로 - 기타,승용,여,20세,경상,승용,남,59세,경상
2021051100100265,2021년 5월 11일 12시,화요일,대구광역시 달성군 유가읍,경상사고,0,0,2,0,차대차 - 추돌,안전운전불이행,건조,맑음,교차로 - 교차로부근,승용,남,37세,상해없음,승용,남,60세,경상
2021051100100311,2021년 5월 11일 13시,화요일,대구광역시 수성구 범어동,중상사고,0,1,0,0,차대차 - 측면충돌,안전거리미확보,건조,맑음,단일로 - 기타,승용,남,78세,상해없음,이륜,남,39세,중상
2021051100100350,2021년 5월 11일 14시,화요일,대구광역시 수성구 수성동2가,경상사고,0,0,2,0,차대차 - 추돌,안전운전불이행,건조,맑음,교차로 - 교차로부근,화물,남,58세,상해없음,승용,여,58세,경상
2021051100100351,2021년 5월 11일 14시,화요일,대구광역시 달서구 월성동,경상사고,0,0,1,0,차대차 - 후진중충돌,안전운전불이행,건조,맑음,단일로 - 기타,승용,여,64세,상해없음,승용,여,37세,경상
2021051100100352,2021년 5월 11일 14시,화요일,대구광역시 달성군 현풍읍,중상사고,0,1,0,0,차대차 - 기타,안전운전불이행,건조,맑음,교차로 - 교차로부근,화물,남,60세,상해없음,자전거,여,68세,중상
2021051100100390,2021년 5월 11일 15시,화요일,대구광역시 수성구 두산동,경상사고,0,0,1,0,차대차 - 기타,안전운전불이행,건조,맑음,단일로 - 기타,승용,여,77세,상해없음,자전거,남,10세,경상
2021051100100391,2021년 5월 11일 15시,화요일,대구광역시 달서구 상인동,경상사고,0,0,3,0,차대차 - 측면충돌,교차로운행방법위반,건조,맑음,교차로 - 교차로안,승용,여,56세,상해없음,승용,여,35세,경상
2021051100100392,2021년 5월 11일 15시,화요일,대구광역시 서구 이현동,경상사고,0,0,1,0,차대차 - 기타,안전거리미확보,건조,맑음,단일로 - 기타,건설기계,남,42세,상해없음,승용,여,58세,경상
2021051100100431,2021년 5월 11일 16시,화요일,대구광역시 동구 숙천동,경상사고,0,0,1,0,차대차 - 측면충돌,안전운전불이행,건조,맑음,단일로 - 기타,승용,여,33세,상해없음,승용,남,44세,경상
2021051100100432,2021년 5월 11일 16시,화요일,대구광역시 달성군 다사읍,경상사고,0,0,1,0,차대차 - 기타,안전거리미확보,건조,맑음,단일로 - 교량,승용,남,60세,상해없음,이륜,남,17세,경상
2021051100100471,2021년 5월 11일 17시,화요일,대구광역시 남구 봉덕동,경상사고,0,0,1,0,차대차 - 측면충돌,안전운전불이행,건조,맑음,교차로 - 교차로안,승용,여,59세,상해없음,승용,여,25세,경상
2021051100100472,2021년 5월 11일 17시,화요일,대구광역시 달서구 본동,경상사고,0,0,1,0,차대차 - 측면충돌,신호위반,건조,맑음,교차로 - 교차로안,승용,남,48세,상해없음,승용,여,43세,경상
2021051100100515,2021년 5월 11일 18시,화요일,대구광역시 동구 불로동,경상사고,0,0,1,0,차대사람 - 횡단중,안전운전불이행,건조,맑음,교차로 - 교차로부근,화물,남,52세,상해없음,보행자,남,44세,경상
2021051100100516,2021년 5월 11일 18시,화요일,대구광역시 동구 용계동,경상사고,0,0,3,0,차대차 - 추돌,안전거리미확보,건조,맑음,단일로 - 지하차도(도로)내,승용,남,66세,경상,특수,남,57세,상해없음
2021051100100517,2021년 5월 11일 18시,화요일,대구광역시 북구 구암동,경상사고,0,0,1,0,차대차 - 추돌,안전운전불이행,건조,맑음,단일로 - 지하차도(도로)내,승용,여,51세,상해없음,승용,남,32세,경상
2021051100100553,2021년 5월 11일 19시,화요일,대구광역시 동구 각산동,경상사고,0,0,1,0,차대차 - 기타,중앙선침범,건조,맑음,교차로 - 교차로부근,승용,여,62세,상해없음,이륜,남,19세,경상
2021051100100612,2021년 5월 11일 21시,화요일,대구광역시 달서구 호산동,경상사고,0,0,2,0,차대차 - 추돌,안전운전불이행,건조,맑음,단일로 - 기타,이륜,남,31세,경상,승용,남,58세,경상
2021051100100657,2021년 5월 11일 23시,화요일,대구광역시 동구 봉무동,부상신고사고,0,0,0,1,차대차 - 측면충돌,안전운전불이행,건조,맑음,단일로 - 기타,이륜,남,34세,부상신고,승합,남,46세,상해없음
2021051100100658,2021년 5월 11일 23시,화요일,대구광역시 수성구 두산동,중상사고,0,1,1,0,차대차 - 추돌,안전운전불이행,건조,맑음,단일로 - 기타,승용,남,27세,상해없음,승용,남,61세,중상
2021051100100659,2021년 5월 11일 23시,화요일,대구광역시 달서구 장동,경상사고,0,0,3,0,차대차 - 측면충돌,안전운전불이행,건조,맑음,교차로 - 교차로부근,승용,여,47세,상해없음,승용,남,48세,경상
2021051200100008,2021년 5월 12일 00시,수요일,대구광역시 수성구 지산동,중상사고,0,2,1,0,차대차 - 측면충돌,교차로운행방법위반,건조,맑음,교차로 - 교차로안,승용,남,59세,중상,승용,여,51세,중상
2021051200100021,2021년 5월 12일 03시,수요일,대구광역시 동구 신천동,중상사고,0,1,0,0,차대사람 - 횡단중,안전운전불이행,건조,맑음,단일로 - 기타,승용,남,51세,상해없음,보행자,여,26세,중상
2021051200100023,2021년 5월 12일 04시,수요일,대구광역시 북구 침산동,부상신고사고,0,0,0,1,차량단독 - 기타,안전운전불이행,건조,맑음,기타 - 기타,화물,여,62세,부상신고,,,,
2021051200100039,2021년 5월 12일 06시,수요일,대구광역시 수성구 노변동,경상사고,0,0,1,0,차대차 - 측면충돌,신호위반,건조,맑음,단일로 - 기타,승용,여,28세,상해없음,화물,남,43세,경상
2021051200100040,2021년 5월 12일 06시,수요일,대구광역시 달서구 장동,중상사고,0,1,0,0,차대차 - 측면충돌,신호위반,건조,맑음,교차로 - 교차로안,승합,남,50세,상해없음,이륜,남,36세,중상
2021051200100055,2021년 5월 12일 07시,수요일,대구광역시 달서구 상인동,경상사고,0,0,1,0,차대차 - 측면충돌,신호위반,건조,맑음,단일로 - 터널,승용,남,53세,상해없음,승용,남,70세,경상
2021051200100091,2021년 5월 12일 08시,수요일,대구광역시 수성구 중동,경상사고,0,0,1,0,차대차 - 측면충돌,안전거리미확보,건조,맑음,단일로 - 기타,승용,남,63세,상해없음,승용,남,70세,상해없음
2021051200100092,2021년 5월 12일 08시,수요일,대구광역시 달서구 상인동,경상사고,0,0,1,0,차대사람 - 길가장자리구역통행중,안전운전불이행,건조,맑음,교차로 - 교차로안,승용,여,43세,상해없음,보행자,여,41세,경상
2021051200100093,2021년 5월 12일 08시,수요일,대구광역시 달서구 송현동,중상사고,0,1,0,0,차대차 - 측면충돌,교차로운행방법위반,건조,맑음,교차로 - 교차로안,승용,여,38세,상해없음,이륜,남,56세,중상
2021051200100094,2021년 5월 12일 08시,수요일,대구광역시 달서구 감삼동,경상사고,0,0,1,0,차대사람 - 횡단중,보행자보호의무위반,건조,맑음,교차로 - 교차로횡단보도내,승용,남,51세,상해없음,보행자,여,40세,경상
2021051200100124,2021년 5월 12일 09시,수요일,대구광역시 동구 신암동,중상사고,0,1,0,0,차대사람 - 보도통행중,보행자보호의무위반,건조,맑음,교차로 - 교차로횡단보도내,승용,남,79세,상해없음,보행자,여,43세,중상
2021051200100125,2021년 5월 12일 09시,수요일,대구광역시 수성구 만촌동,경상사고,0,0,2,0,차대차 - 측면충돌,안전운전불이행,건조,맑음,교차로 - 교차로부근,승용,여,26세,상해없음,승용,남,62세,경상
2021051200100126,2021년 5월 12일 09시,수요일,대구광역시 서구 평리동,중상사고,0,1,0,0,차대차 - 측면충돌,중앙선침범,건조,맑음,교차로 - 교차로부근,자전거,여,66세,중상,승용,여,61세,상해없음
2021051200100127,2021년 5월 12일 09시,수요일,대구광역시 달서구 죽전동,경상사고,0,0,3,0,차대차 - 추돌,안전거리미확보,건조,맑음,단일로 - 기타,승용,남,51세,경상,승용,남,62세,경상
2021051200100160,2021년 5월 12일 10시,수요일,대구광역시 동구 방촌동,경상사고,0,0,1,0,차대차 - 측면충돌,안전운전불이행,건조,맑음,단일로 - 기타,자전거,여,66세,경상,승용,남,50세,상해없음
2021051200100161,2021년 5월 12일 10시,수요일,대구광역시 달서구 본동,경상사고,0,0,1,0,차대사람 - 횡단중,보행자보호의무위반,건조,맑음,단일로 - 기타,화물,남,63세,상해없음,보행자,남,57세,경상
2021051200100162,2021년 5월 12일 10시,수요일,대구광역시 북구 태전동,중상사고,0,1,0,0,차대차 - 추돌,안전운전불이행,건조,맑음,단일로 - 기타,승용,여,47세,상해없음,원동기,남,48세,중상
2021051200100192,2021년 5월 12일 11시,수요일,대구광역시 동구 신암동,경상사고,0,0,1,0,차대차 - 측면충돌,안전거리미확보,건조,맑음,단일로 - 기타,승용,남,31세,상해없음,승용,남,48세,경상
2021051200100193,2021년 5월 12일 11시,수요일,대구광역시 수성구 대흥동,경상사고,0,0,1,1,차대차 - 추돌,안전거리미확보,건조,맑음,단일로 - 지하차도(도로)내,승용,남,25세,부상신고,승용,여,65세,경상
2021051200100224,2021년 5월 12일 12시,수요일,대구광역시 남구 대명동,경상사고,0,0,2,0,차대차 - 측면충돌,안전운전불이행,건조,맑음,단일로 - 기타,승용,남,32세,상해없음,승용,남,40세,경상
2021051200100225,2021년 5월 12일 12시,수요일,대구광역시 달서구 용산동,경상사고,0,0,1,0,차대차 - 추돌,안전운전불이행,건조,맑음,단일로 - 기타,승용,남,47세,상해없음,승용,여,50세,경상
2021051200100258,2021년 5월 12일 13시,수요일,대구광역시 동구 신천동,경상사고,0,0,1,0,차대차 - 측면충돌,안전거리미확보,건조,맑음,단일로 - 기타,승용,남,45세,상해없음,승용,남,66세,경상
2021051200100259,2021년 5월 12일 13시,수요일,대구광역시 동구 효목동,경상사고,0,0,3,0,차대차 - 정면충돌,기타,건조,맑음,교차로 - 교차로안,승용,남,64세,경상,승용,남,35세,경상
2021051200100260,2021년 5월 12일 13시,수요일,대구광역시 수성구 만촌동,경상사고,0,0,3,0,차대차 - 측면충돌,교차로운행방법위반,건조,맑음,단일로 - 기타,승용,남,86세,경상,승용,남,59세,상해없음
2021051200100261,2021년 5월 12일 13시,수요일,대구광역시 서구 내당동,부상신고사고,0,0,0,1,차대차 - 측면충돌,안전운전불이행,건조,맑음,교차로 - 교차로횡단보도내,자전거,여,58세,부상신고,이륜,남,47세,상해없음
2021051200100262,2021년 5월 12일 13시,수요일,대구광역시 서구 평리동,경상사고,0,0,2,0,차대차 - 측면충돌,안전운전불이행,건조,맑음,교차로 - 교차로안,승용,남,81세,상해없음,승용,남,76세,경상
2021051200100291,2021년 5월 12일 14시,수요일,대구광역시 달성군 옥포읍,경상사고,0,0,4,0,차대차 - 추돌,안전운전불이행,건조,맑음,단일로 - 기타,화물,남,26세,경상,승용,남,32세,상해없음
2021051200100298,2021년 5월 12일 14시,수요일,대구광역시 남구 대명동,경상사고,0,0,2,0,차대차 - 측면충돌,안전운전불이행,건조,맑음,교차로 - 교차로안,승용,남,69세,상해없음,승합,여,68세,경상
2021051200100299,2021년 5월 12일 14시,수요일,대구광역시 북구 검단동,경상사고,0,0,1,0,차대차 - 측면충돌,중앙선침범,건조,맑음,단일로 - 기타,승용,여,59세,기타불명,승용,남,50세,경상
2021051200100333,2021년 5월 12일 15시,수요일,대구광역시 달서구 용산동,경상사고,0,0,2,0,차대차 - 측면충돌,차로위반,건조,맑음,단일로 - 기타,승용,남,52세,상해없음,승용,여,30세,경상
2021051200100334,2021년 5월 12일 15시,수요일,대구광역시 북구 태전동,경상사고,0,0,1,0,차대차 - 측면충돌,안전운전불이행,건조,맑음,교차로 - 교차로부근,이륜,남,28세,상해없음,이륜,남,28세,경상
2021051200100385,2021년 5월 12일 16시,수요일,대구광역시 북구 구암동,경상사고,0,0,2,0,차대차 - 추돌,안전운전불이행,건조,맑음,교차로 - 교차로부근,승합,남,62세,상해없음,승합,남,45세,경상
2021051200100433,2021년 5월 12일 17시,수요일,대구광역시 수성구 범어동,중상사고,0,1,0,0,차대차 - 기타,안전운전불이행,건조,맑음,기타 - 기타,자전거,남,78세,중상,승용,남,46세,상해없음
2021051200100434,2021년 5월 12일 17시,수요일,대구광역시 달서구 도원동,경상사고,0,0,1,0,차대차 - 추돌,안전운전불이행,건조,맑음,단일로 - 기타,이륜,남,53세,상해없음,승용,남,65세,경상
2021051200100435,2021년 5월 12일 17시,수요일,대구광역시 달서구 본리동,중상사고,0,1,0,0,차대차 - 기타,신호위반,건조,맑음,교차로 - 교차로횡단보도내,이륜,남,22세,상해없음,자전거,여,66세,중상
2021051200100491,2021년 5월 12일 18시,수요일,대구광역시 동구 용계동,중상사고,0,2,0,0,차대차 - 측면충돌,안전거리미확보,건조,맑음,단일로 - 기타,승용,여,54세,상해없음,이륜,남,25세,중상
2021051200100492,2021년 5월 12일 18시,수요일,대구광역시 동구 신서동,경상사고,0,0,1,0,차대차 - 기타,안전운전불이행,건조,맑음,단일로 - 기타,기타불명,기타불명,미분류,기타불명,자전거,남,10세,경상
2021051200100493,2021년 5월 12일 18시,수요일,대구광역시 수성구 지산동,경상사고,0,0,1,0,차대사람 - 횡단중,보행자보호의무위반,건조,맑음,교차로 - 교차로횡단보도내,기타불명,기타불명,미분류,기타불명,보행자,여,17세,경상
2021051200100494,2021년 5월 12일 18시,수요일,대구광역시 달서구 상인동,경상사고,0,0,2,0,차대차 - 후진중충돌,안전운전불이행,건조,맑음,단일로 - 기타,승용,여,63세,상해없음,화물,남,62세,경상
2021051200100527,2021년 5월 12일 19시,수요일,대구광역시 달성군 현풍읍,경상사고,0,0,1,0,차대차 - 기타,안전거리미확보,건조,맑음,단일로 - 기타,화물,여,50세,상해없음,원동기,남,41세,경상
2021051200100555,2021년 5월 12일 20시,수요일,대구광역시 동구 방촌동,경상사고,0,0,2,0,차대차 - 측면충돌,직진우회전진행방해,건조,맑음,교차로 - 교차로안,승용,여,43세,상해없음,이륜,남,22세,경상
2021051200100573,2021년 5월 12일 21시,수요일,대구광역시 남구 대명동,경상사고,0,0,2,0,차대차 - 측면충돌,안전운전불이행,건조,맑음,교차로 - 교차로안,화물,남,59세,상해없음,승용,남,34세,경상
2021051200100574,2021년 5월 12일 21시,수요일,대구광역시 남구 대명동,경상사고,0,0,1,0,차대차 - 측면충돌,안전운전불이행,건조,맑음,교차로 - 교차로부근,승용,여,22세,기타불명,승용,여,47세,경상
2021051200100575,2021년 5월 12일 21시,수요일,대구광역시 달서구 상인동,경상사고,0,0,3,0,차대차 - 측면충돌,안전운전불이행,건조,맑음,교차로 - 교차로안,이륜,남,47세,상해없음,승용,남,41세,경상
2021051200100598,2021년 5월 12일 22시,수요일,대구광역시 수성구 범어동,중상사고,0,1,1,0,차대차 - 측면충돌,신호위반,건조,맑음,교차로 - 교차로안,이륜,남,26세,중상,승용,남,38세,경상
2021051200100618,2021년 5월 12일 23시,수요일,대구광역시 달서구 송현동,중상사고,0,1,0,0,차대사람 - 보도통행중,기타,건조,맑음,기타 - 기타,승용,남,38세,상해없음,보행자,남,53세,중상
2021051300100005,2021년 5월 13일 00시,목요일,대구광역시 남구 봉덕동,경상사고,0,0,1,0,차대사람 - 기타,안전운전불이행,건조,맑음,단일로 - 기타,승용,남,46세,상해없음,보행자,남,37세,경상
2021051300100014,2021년 5월 13일 02시,목요일,대구광역시 남구 이천동,경상사고,0,0,1,0,차대차 - 측면충돌,안전운전불이행,건조,맑음,교차로 - 교차로부근,승용,남,30세,상해없음,승용,남,58세,경상
2021051300100015,2021년 5월 13일 02시,목요일,대구광역시 수성구 황금동,경상사고,0,0,1,0,차대사람 - 보도통행중,안전운전불이행,건조,맑음,교차로 - 교차로안,승용,남,58세,상해없음,보행자,남,32세,경상
2021051300100063,2021년 5월 13일 07시,목요일,대구광역시 달성군 논공읍,경상사고,0,0,1,0,차대차 - 기타,안전운전불이행,건조,맑음,교차로 - 교차로안,이륜,남,47세,경상,승용,남,34세,상해없음
2021051300100064,2021년 5월 13일 07시,목요일,대구광역시 북구 읍내동,중상사고,0,1,1,0,차대차 - 측면충돌,안전운전불이행,건조,맑음,단일로 - 교량,이륜,남,54세,중상,승용,남,51세,경상
2021051300100109,2021년 5월 13일 08시,목요일,대구광역시 남구 대명동,경상사고,0,0,1,0,차대사람 - 기타,안전운전불이행,건조,맑음,기타 - 기타,승용,여,35세,상해없음,보행자,남,68세,경상
2021051300100110,2021년 5월 13일 08시,목요일,대구광역시 남구 봉덕동,경상사고,0,0,2,0,차대사람 - 기타,안전운전불이행,건조,맑음,교차로 - 교차로안,승용,여,44세,상해없음,보행자,여,38세,경상
2021051300100111,2021년 5월 13일 08시,목요일,대구광역시 남구 대명동,경상사고,0,0,1,0,차대차 - 측면충돌,안전운전불이행,건조,맑음,단일로 - 기타,승용,여,73세,상해없음,승용,남,51세,경상
2021051300100112,2021년 5월 13일 08시,목요일,대구광역시 달서구 진천동,경상사고,0,0,1,0,차대차 - 측면충돌,신호위반,건조,맑음,교차로 - 교차로안,승용,남,48세,상해없음,승용,남,33세,경상
2021051300100146,2021년 5월 13일 09시,목요일,대구광역시 서구 비산동,경상사고,0,0,1,3,차대차 - 기타,직진우회전진행방해,건조,맑음,교차로 - 교차로안,승용,여,38세,부상신고,승용,남,68세,경상
2021051300100147,2021년 5월 13일 09시,목요일,대구광역시 북구 읍내동,중상사고,0,1,0,0,차대차 - 측면충돌,불법유턴,건조,맑음,교차로 - 교차로횡단보도내,자전거,남,84세,중상,승용,남,26세,상해없음
2021051300100178,2021년 5월 13일 10시,목요일,대구광역시 동구 신기동,중상사고,0,1,0,0,차대차 - 측면충돌,안전거리미확보,건조,맑음,단일로 - 기타,승용,남,50세,상해없음,이륜,남,54세,중상
2021051300100179,2021년 5월 13일 10시,목요일,대구광역시 수성구 범어동,부상신고사고,0,0,0,2,차대차 - 후진중충돌,안전운전불이행,건조,맑음,주차장 - 주차장,승용,남,67세,상해없음,승용,남,43세,부상신고
2021051300100204,2021년 5월 13일 11시,목요일,대구광역시 남구 봉덕동,경상사고,0,0,1,0,차대차 - 추돌,안전운전불이행,건조,맑음,교차로 - 교차로부근,승용,남,25세,상해없음,승용,여,52세,경상
2021051300100205,2021년 5월 13일 11시,목요일,대구광역시 달서구 이곡동,중상사고,0,1,1,0,차대차 - 기타,안전운전불이행,건조,맑음,교차로 - 교차로부근,이륜,남,31세,경상,이륜,남,22세,중상
2021051300100237,2021년 5월 13일 12시,목요일,대구광역시 동구 신서동,경상사고,0,0,1,0,차대차 - 추돌,안전거리미확보,건조,맑음,단일로 - 기타,승용,여,32세,상해없음,승용,남,31세,경상
2021051300100238,2021년 5월 13일 12시,목요일,대구광역시 달성군 화원읍,중상사고,0,1,0,0,차대사람 - 보도통행중,안전운전불이행,건조,맑음,기타 - 기타,화물,남,48세,상해없음,보행자,여,50세,중상
2021051300100277,2021년 5월 13일 13시,목요일,대구광역시 남구 봉덕동,경상사고,0,0,2,0,차대사람 - 기타,안전운전불이행,건조,맑음,단일로 - 기타,승용,여,35세,상해없음,보행자,남,8세,경상
2021051300100278,2021년 5월 13일 13시,목요일,대구광역시 서구 비산동,경상사고,0,0,1,0,차대사람 - 보도통행중,안전운전불이행,건조,맑음,교차로 - 교차로안,화물,남,60세,상해없음,보행자,남,7세,경상
2021051300100279,2021년 5월 13일 13시,목요일,대구광역시 서구 중리동,경상사고,0,0,2,0,차대차 - 측면충돌,직진우회전진행방해,건조,맑음,교차로 - 교차로안,이륜,남,27세,경상,승용,남,54세,경상
2021051300100322,2021년 5월 13일 14시,목요일,대구광역시 남구 봉덕동,경상사고,0,0,1,0,차대차 - 추돌,안전운전불이행,건조,맑음,기타 - 기타,승용,남,59세,상해없음,화물,남,27세,경상
2021051300100323,2021년 5월 13일 14시,목요일,대구광역시 북구 침산동,경상사고,0,0,1,0,차대사람 - 횡단중,보행자보호의무위반,건조,맑음,단일로 - 기타,화물,남,31세,상해없음,보행자,남,9세,경상
2021051300100324,2021년 5월 13일 14시,목요일,대구광역시 달서구 용산동,경상사고,0,0,2,0,차대차 - 측면충돌,신호위반,건조,맑음,교차로 - 교차로안,승용,남,52세,경상,승용,여,59세,경상
2021051300100394,2021년 5월 13일 16시,목요일,대구광역시 동구 신암동,경상사고,0,0,1,0,차대차 - 측면충돌,안전운전불이행,건조,맑음,단일로 - 기타,이륜,남,31세,상해없음,승용,남,33세,경상
2021051300100395,2021년 5월 13일 16시,목요일,대구광역시 수성구 지산동,중상사고,0,1,1,0,차대차 - 기타,안전운전불이행,건조,맑음,교차로 - 교차로안,승용,남,69세,상해없음,승용,남,35세,경상
2021051300100396,2021년 5월 13일 16시,목요일,대구광역시 북구 노원동1가,중상사고,0,1,0,1,차대사람 - 횡단중,안전운전불이행,건조,맑음,교차로 - 교차로안,이륜,남,59세,중상,보행자,여,53세,부상신고
2021051300100397,2021년 5월 13일 16시,목요일,대구광역시 달서구 용산동,경상사고,0,0,1,0,차대사람 - 차도통행중,기타,건조,맑음,단일로 - 기타,승용,남,45세,상해없음,보행자,남,25세,경상
2021051300100444,2021년 5월 13일 17시,목요일,대구광역시 수성구 두산동,경상사고,0,0,2,0,차대차 - 측면충돌,안전거리미확보,건조,맑음,교차로 - 교차로부근,승용,여,57세,상해없음,이륜,남,18세,경상
2021051300100445,2021년 5월 13일 17시,목요일,대구광역시 달서구 두류동,중상사고,0,1,0,0,차대차 - 기타,안전운전불이행,건조,맑음,단일로 - 기타,승용,남,66세,상해없음,자전거,여,52세,중상
2021051300100493,2021년 5월 13일 18시,목요일,대구광역시 남구 봉덕동,경상사고,0,0,1,0,차대차 - 후진중충돌,안전운전불이행,건조,맑음,단일로 - 기타,화물,남,54세,상해없음,원동기,남,61세,경상
2021051300100494,2021년 5월 13일 18시,목요일,대구광역시 수성구 만촌동,중상사고,0,1,0,0,차대사람 - 횡단중,안전운전불이행,건조,맑음,단일로 - 기타,승용,남,24세,상해없음,보행자,여,71세,중상
2021051300100528,2021년 5월 13일 19시,목요일,대구광역시 북구 산격동,경상사고,0,0,1,0,차대차 - 기타,안전운전불이행,건조,맑음,단일로 - 기타,기타불명,기타불명,미분류,기타불명,개인형이동수단(PM),여,21세,경상
2021051300100529,2021년 5월 13일 19시,목요일,대구광역시 북구 태전동,경상사고,0,0,1,0,차대사람 - 기타,안전운전불이행,건조,맑음,단일로 - 기타,승용,남,47세,상해없음,보행자,남,20세,경상
2021051300100564,2021년 5월 13일 20시,목요일,대구광역시 수성구 두산동,경상사고,0,0,1,0,차대차 - 측면충돌,교차로운행방법위반,건조,맑음,교차로 - 교차로안,승용,남,68세,상해없음,승용,남,34세,경상
2021051300100565,2021년 5월 13일 20시,목요일,대구광역시 달서구 감삼동,중상사고,0,1,0,0,차대사람 - 차도통행중,안전운전불이행,건조,맑음,교차로 - 교차로부근,승용,남,27세,상해없음,보행자,여,76세,중상
2021051300100566,2021년 5월 13일 20시,목요일,대구광역시 달서구 감삼동,경상사고,0,0,2,0,차대차 - 측면충돌,안전거리미확보,건조,흐림,단일로 - 기타,승용,여,53세,상해없음,승용,남,20세,경상
2021051300100617,2021년 5월 13일 22시,목요일,대구광역시 달서구 용산동,경상사고,0,0,1,0,차대차 - 측면충돌,교차로운행방법위반,건조,맑음,교차로 - 교차로안,승용,남,61세,상해없음,개인형이동수단(PM),남,49세,경상
2021051400100009,2021년 5월 14일 00시,금요일,대구광역시 동구 효목동,부상신고사고,0,0,0,1,차대차 - 측면충돌,안전운전불이행,건조,맑음,단일로 - 기타,이륜,남,27세,부상신고,화물,남,47세,상해없음
2021051400100010,2021년 5월 14일 00시,금요일,대구광역시 달서구 송현동,경상사고,0,0,4,0,차대차 - 측면충돌,교차로운행방법위반,건조,맑음,교차로 - 교차로안,승용,남,66세,경상,승용,남,42세,경상
2021051400100011,2021년 5월 14일 00시,금요일,대구광역시 서구 내당동,중상사고,0,1,0,0,차대사람 - 횡단중,안전운전불이행,건조,맑음,단일로 - 기타,승용,남,60세,상해없음,보행자,남,43세,중상
2021051400100018,2021년 5월 14일 01시,금요일,대구광역시 동구 동호동,경상사고,0,0,1,0,차대차 - 측면충돌,신호위반,건조,맑음,교차로 - 교차로안,이륜,남,25세,상해없음,이륜,남,30세,경상
2021051400100021,2021년 5월 14일 02시,금요일,대구광역시 달서구 용산동,경상사고,0,0,2,0,차대차 - 기타,안전운전불이행,건조,맑음,단일로 - 기타,화물,남,34세,상해없음,승용,남,53세,경상
2021051400100029,2021년 5월 14일 04시,금요일,대구광역시 남구 대명동,경상사고,0,0,1,1,차대차 - 측면충돌,안전운전불이행,건조,맑음,단일로 - 기타,기타불명,기타불명,미분류,기타불명,승용,남,52세,경상
2021051400100040,2021년 5월 14일 05시,금요일,대구광역시 남구 이천동,경상사고,0,0,1,0,차대차 - 측면충돌,안전운전불이행,건조,맑음,교차로 - 교차로안,화물,남,44세,상해없음,승용,남,72세,경상
2021051400100050,2021년 5월 14일 06시,금요일,대구광역시 동구 신서동,경상사고,0,0,2,0,차대차 - 측면충돌,안전운전불이행,건조,맑음,단일로 - 기타,승용,남,60세,상해없음,승용,남,27세,경상
2021051400100051,2021년 5월 14일 06시,금요일,대구광역시 달서구 대곡동,경상사고,0,0,1,0,차대차 - 추돌,안전운전불이행,건조,흐림,기타 - 기타,승용,남,43세,상해없음,승용,남,61세,경상
2021051400100074,2021년 5월 14일 07시,금요일,대구광역시 수성구 범어동,경상사고,0,0,1,0,차대차 - 추돌,안전운전불이행,건조,맑음,교차로 - 교차로부근,승용,여,27세,상해없음,승용,남,49세,경상
2021051400100075,2021년 5월 14일 07시,금요일,대구광역시 달서구 대천동,경상사고,0,0,1,0,차대차 - 추돌,교차로운행방법위반,건조,맑음,교차로 - 교차로안,승용,남,61세,상해없음,승용,여,41세,경상
2021051400100109,2021년 5월 14일 08시,금요일,대구광역시 동구 신평동,경상사고,0,0,1,0,차대차 - 추돌,안전운전불이행,건조,맑음,단일로 - 기타,승용,남,32세,상해없음,승용,남,54세,경상
2021051400100110,2021년 5월 14일 08시,금요일,대구광역시 동구 사복동,경상사고,0,0,2,0,차대차 - 기타,안전운전불이행,건조,맑음,교차로 - 교차로안,승용,여,37세,경상,승용,여,29세,경상