사고번호,사고일시,요일,시군구,사고내용,사망자수,중상자수,경상자수,부상신고자수,사고유형,법규위반,노면상태,기상상태,도로형태,가해운전자 차종,가해운전자 성별,가해운전자 연령,가해운전자 상해정도,피해운전자 차종,피해운전자 성별,피해운전자 연령,피해운전자 상해정도
2021051800100010,2021년 5월 18일 00시,화요일,대구광역시 중구 삼덕동2가,중상사고,0,1,0,0,차대차 - 측면충돌,안전거리미확보,젖음/습기,비,단일로 - 기타,승용,여,22세,상해없음,이륜,남,41세,중상
2021051800100016,2021년 5월 18일 01시,화요일,대구광역시 수성구 수성동4가,중상사고,0,3,2,0,차대차 - 기타,신호위반,젖음/습기,비,교차로 - 교차로안,승용,남,69세,상해없음,승용,남,62세,경상
2021051800100027,2021년 5월 18일 04시,화요일,대구광역시 수성구 성동,경상사고,0,0,1,0,차대차 - 기타,안전거리미확보,젖음/습기,비,단일로 - 기타,승용,남,66세,상해없음,승용,남,49세,경상
2021051800100028,2021년 5월 18일 04시,화요일,대구광역시 중구 동성로2가,경상사고,0,0,1,0,차대차 - 추돌,안전운전불이행,건조,흐림,단일로 - 기타,승용,여,37세,상해없음,승용,남,57세,경상
2021051800100063,2021년 5월 18일 07시,화요일,대구광역시 서구 비산동,중상사고,0,1,0,0,차대사람 - 횡단중,안전운전불이행,젖음/습기,맑음,교차로 - 교차로부근,승용,남,56세,상해없음,보행자,남,81세,중상
2021051800100089,2021년 5월 18일 08시,화요일,대구광역시 수성구 수성동1가,경상사고,0,0,1,0,차대차 - 측면충돌,안전운전불이행,건조,맑음,단일로 - 기타,승용,남,50세,상해없음,자전거,여,53세,경상
2021051800100090,2021년 5월 18일 08시,화요일,대구광역시 달서구 대천동,중상사고,0,1,0,0,차대차 - 측면충돌,교차로운행방법위반,건조,맑음,교차로 - 교차로안,화물,남,45세,상해없음,승용,남,72세,중상
2021051800100145,2021년 5월 18일 10시,화요일,대구광역시 달서구 이곡동,경상사고,0,0,2,0,차대차 - 측면충돌,교차로운행방법위반,건조,맑음,교차로 - 교차로안,승용,남,70세,경상,승용,남,22세,경상
2021051800100167,2021년 5월 18일 11시,화요일,대구광역시 동구 효목동,중상사고,0,1,0,0,차대사람 - 횡단중,보행자보호의무위반,건조,맑음,교차로 - 교차로횡단보도내,승용,여,67세,상해없음,보행자,여,20세,중상
2021051800100168,2021년 5월 18일 11시,화요일,대구광역시 북구 산격동,경상사고,0,0,1,0,차대차 - 추돌,안전운전불이행,건조,맑음,단일로 - 기타,화물,남,21세,상해없음,화물,남,42세,경상
2021051800100199,2021년 5월 18일 12시,화요일,대구광역시 남구 봉덕동,경상사고,0,0,1,0,차대사람 - 기타,안전운전불이행,건조,맑음,단일로 - 기타,승용,남,61세,상해없음,보행자,여,51세,경상
2021051800100200,2021년 5월 18일 12시,화요일,대구광역시 서구 내당동,경상사고,0,0,1,0,차대차 - 기타,안전운전불이행,건조,맑음,단일로 - 기타,승용,여,58세,상해없음,이륜,남,44세,경상
2021051800100201,2021년 5월 18일 12시,화요일,대구광역시 서구 평리동,경상사고,0,0,1,0,차대차 - 측면충돌,안전거리미확보,건조,맑음,단일로 - 기타,승용,남,67세,상해없음,승용,여,57세,경상
2021051800100231,2021년 5월 18일 13시,화요일,대구광역시 서구 평리동,부상신고사고,0,0,0,1,차대차 - 측면충돌,안전운전불이행,건조,맑음,교차로 - 교차로안,개인형이동수단(PM),여,35세,부상신고,승용,남,76세,상해없음
2021051800100272,2021년 5월 18일 14시,화요일,대구광역시 남구 대명동,경상사고,0,0,1,0,차대차 - 추돌,안전운전불이행,건조,맑음,단일로 - 기타,승합,남,60세,상해없음,이륜,남,68세,경상
2021051800100273,2021년 5월 18일 14시,화요일,대구광역시 달서구 송현동,중상사고,0,1,0,0,차대사람 - 기타,보행자보호의무위반,건조,맑음,단일로 - 기타,승용,남,68세,상해없음,보행자,여,49세,중상
2021051800100274,2021년 5월 18일 14시,화요일,대구광역시 달서구 상인동,경상사고,0,0,1,0,차대차 - 추돌,안전거리미확보,건조,맑음,단일로 - 기타,승용,여,58세,상해없음,승용,남,73세,상해없음
2021051800100316,2021년 5월 18일 15시,화요일,대구광역시 수성구 지산동,경상사고,0,0,2,0,차대차 - 기타,안전운전불이행,건조,맑음,단일로 - 기타,승합,남,71세,상해없음,승용,여,33세,경상
2021051800100317,2021년 5월 18일 15시,화요일,대구광역시 달서구 대천동,부상신고사고,0,0,0,1,차대차 - 기타,차로위반,건조,맑음,단일로 - 기타,자전거,남,58세,부상신고,화물,남,57세,상해없음
2021051800100318,2021년 5월 18일 15시,화요일,대구광역시 달성군 논공읍,경상사고,0,0,1,0,차대차 - 후진중충돌,안전운전불이행,건조,맑음,단일로 - 기타,승용,남,61세,상해없음,승용,남,34세,경상
2021051800100361,2021년 5월 18일 16시,화요일,대구광역시 동구 신암동,경상사고,0,0,1,0,차대차 - 측면충돌,안전거리미확보,건조,맑음,교차로 - 교차로안,승합,남,77세,상해없음,승용,남,52세,경상
2021051800100407,2021년 5월 18일 17시,화요일,대구광역시 남구 대명동,경상사고,0,0,3,0,차대차 - 추돌,안전운전불이행,건조,맑음,단일로 - 기타,화물,남,25세,경상,승용,남,53세,경상
2021051800100408,2021년 5월 18일 17시,화요일,대구광역시 달서구 월성동,경상사고,0,0,2,0,차대차 - 추돌,안전거리미확보,건조,맑음,단일로 - 기타,승용,남,79세,상해없음,승용,남,47세,경상
2021051800100409,2021년 5월 18일 17시,화요일,대구광역시 북구 노원동1가,중상사고,0,1,0,0,차대차 - 기타,안전거리미확보,건조,맑음,단일로 - 기타,승용,남,62세,상해없음,승용,남,29세,중상
2021051800100410,2021년 5월 18일 17시,화요일,대구광역시 달서구 성당동,경상사고,0,0,1,1,차대차 - 정면충돌,안전운전불이행,건조,맑음,교차로 - 교차로안,이륜,남,47세,부상신고,승용,여,62세,경상
2021051800100451,2021년 5월 18일 18시,화요일,대구광역시 달서구 유천동,중상사고,0,1,1,0,차대차 - 측면충돌,교차로운행방법위반,건조,맑음,교차로 - 교차로안,승용,여,26세,경상,이륜,남,28세,중상
2021051800100452,2021년 5월 18일 18시,화요일,대구광역시 달서구 용산동,경상사고,0,0,1,0,차대차 - 측면충돌,차로위반,건조,맑음,단일로 - 기타,승합,남,60세,상해없음,승용,남,31세,경상
2021051800100492,2021년 5월 18일 19시,화요일,대구광역시 수성구 수성동4가,중상사고,0,1,1,0,차대차 - 정면충돌,신호위반,건조,맑음,교차로 - 교차로안,승용,남,48세,상해없음,승용,남,69세,중상
2021051800100493,2021년 5월 18일 19시,화요일,대구광역시 달서구 대천동,경상사고,0,0,5,0,차대차 - 측면충돌,안전운전불이행,건조,맑음,단일로 - 기타,화물,남,36세,상해없음,화물,남,46세,경상
2021051800100494,2021년 5월 18일 19시,화요일,대구광역시 달서구 상인동,경상사고,0,0,1,0,차대차 - 측면충돌,기타,건조,맑음,단일로 - 기타,승용,여,24세,상해없음,화물,남,55세,경상
2021051800100495,2021년 5월 18일 19시,화요일,대구광역시 달서구 감삼동,경상사고,0,0,1,0,차량단독 - 기타,기타,건조,맑음,단일로 - 기타,승합,남,55세,상해없음,,,,
2021051800100530,2021년 5월 18일 20시,화요일,대구광역시 남구 봉덕동,경상사고,0,0,1,0,차대사람 - 기타,보행자보호의무위반,건조,맑음,교차로 - 교차로횡단보도내,승용,남,66세,상해없음,보행자,여,70세,경상
2021051800100531,2021년 5월 18일 20시,화요일,대구광역시 동구 방촌동,경상사고,0,0,3,0,차대차 - 추돌,안전운전불이행,건조,맑음,교차로 - 교차로부근,이륜,남,25세,상해없음,승용,남,39세,경상
2021051800100532,2021년 5월 18일 20시,화요일,대구광역시 달서구 월성동,경상사고,0,0,1,0,차대차 - 추돌,안전운전불이행,건조,맑음,단일로 - 기타,승용,여,50세,상해없음,이륜,남,25세,경상
2021051800100533,2021년 5월 18일 20시,화요일,대구광역시 중구 대봉동,경상사고,0,0,1,0,차대차 - 기타,안전운전불이행,건조,맑음,교차로 - 교차로부근,승용,남,59세,상해없음,승용,여,31세,경상
2021051800100612,2021년 5월 18일 23시,화요일,대구광역시 남구 봉덕동,중상사고,0,2,0,0,차대차 - 측면충돌,안전운전불이행,건조,맑음,기타 - 기타,승용,여,55세,상해없음,승용,남,58세,중상
2021051900100009,2021년 5월 19일 00시,수요일,대구광역시 수성구 상동,경상사고,0,0,1,0,차량단독 - 기타,안전운전불이행,건조,맑음,교차로 - 교차로안,승용,남,59세,상해없음,,,,
2021051900100010,2021년 5월 19일 00시,수요일,대구광역시 중구 삼덕동1가,경상사고,0,0,2,0,차대사람 - 기타,안전운전불이행,건조,맑음,단일로 - 기타,승용,남,18세,상해없음,보행자,남,22세,경상
2021051900100049,2021년 5월 19일 05시,수요일,대구광역시 달서구 장동,부상신고사고,0,0,0,1,차량단독 - 전도전복 - 전도,기타,건조,맑음,단일로 - 기타,개인형이동수단(PM),남,18세,부상신고,,,,
2021051900100091,2021년 5월 19일 08시,수요일,대구광역시 달서구 두류동,중상사고,0,1,0,0,차대사람 - 기타,기타,건조,맑음,단일로 - 기타,승용,남,59세,상해없음,보행자,여,75세,중상
2021051900100106,2021년 5월 19일 09시,수요일,대구광역시 달서구 본동,경상사고,0,0,1,0,차대차 - 측면충돌,신호위반,건조,맑음,교차로 - 교차로안,승용,남,66세,상해없음,승용,남,66세,경상
2021051900100107,2021년 5월 19일 09시,수요일,대구광역시 달서구 성당동,경상사고,0,0,1,0,차대차 - 기타,안전운전불이행,건조,맑음,교차로 - 교차로부근,이륜,남,32세,경상,승용,남,76세,상해없음
2021051900100144,2021년 5월 19일 10시,수요일,대구광역시 수성구 만촌동,중상사고,0,1,0,0,차량단독 - 공작물충돌,안전운전불이행,건조,맑음,교차로 - 교차로안,승용,여,60세,상해없음,,,,
2021051900100145,2021년 5월 19일 10시,수요일,대구광역시 수성구 만촌동,경상사고,0,0,1,0,차대차 - 기타,안전운전불이행,건조,맑음,단일로 - 기타,자전거,남,74세,경상,승용,여,28세,상해없음
2021051900100146,2021년 5월 19일 10시,수요일,대구광역시 수성구 수성동1가,중상사고,0,1,0,0,차대차 - 측면충돌,안전운전불이행,건조,맑음,단일로 - 기타,승용,남,41세,상해없음,자전거,여,58세,중상
2021051900100147,2021년 5월 19일 10시,수요일,대구광역시 수성구 성동,중상사고,0,1,0,0,차대차 - 기타,신호위반,건조,맑음,교차로 - 교차로안,건설기계,남,52세,기타불명,승용,여,73세,중상
2021051900100148,2021년 5월 19일 10시,수요일,대구광역시 달서구 두류동,경상사고,0,0,1,0,차대차 - 기타,신호위반,건조,맑음,교차로 - 교차로횡단보도내,승용,여,50세,상해없음,이륜,남,58세,경상
2021051900100177,2021년 5월 19일 11시,수요일,대구광역시 동구 덕곡동,경상사고,0,0,2,0,차대차 - 측면충돌,안전거리미확보,건조,맑음,단일로 - 기타,승용,남,69세,상해없음,승용,남,30세,경상
2021051900100217,2021년 5월 19일 12시,수요일,대구광역시 동구 백안동,경상사고,0,0,1,0,차대차 - 추돌,안전운전불이행,건조,맑음,교차로 - 교차로안,화물,남,63세,상해없음,승용,여,65세,경상
2021051900100218,2021년 5월 19일 12시,수요일,대구광역시 서구 평리동,경상사고,0,0,1,0,차대차 - 추돌,안전운전불이행,건조,맑음,단일로 - 기타,승용,남,32세,상해없음,승용,남,43세,경상
2021051900100292,2021년 5월 19일 14시,수요일,대구광역시 수성구 신매동,경상사고,0,0,1,0,차대차 - 측면충돌,교차로운행방법위반,건조,맑음,교차로 - 교차로안,이륜,남,29세,상해없음,자전거,남,7세,경상
2021051900100293,2021년 5월 19일 14시,수요일,대구광역시 중구 삼덕동3가,경상사고,0,0,3,0,차대차 - 측면충돌,안전거리미확보,건조,맑음,단일로 - 기타,승용,여,29세,상해없음,승용,여,26세,경상
2021051900100321,2021년 5월 19일 15시,수요일,대구광역시 동구 검사동,경상사고,0,0,1,0,차대차 - 기타,교차로운행방법위반,건조,맑음,교차로 - 교차로안,승용,남,38세,상해없음,이륜,남,41세,경상
2021051900100322,2021년 5월 19일 15시,수요일,대구광역시 동구 효목동,경상사고,0,0,1,0,차대차 - 측면충돌,차로위반,건조,맑음,기타 - 기타,승용,여,60세,상해없음,승용,여,29세,경상
2021051900100351,2021년 5월 19일 16시,수요일,대구광역시 수성구 범어동,경상사고,0,0,2,0,차대차 - 측면충돌,직진우회전진행방해,건조,맑음,교차로 - 교차로안,화물,남,24세,경상,승용,남,47세,경상
2021051900100352,2021년 5월 19일 16시,수요일,대구광역시 수성구 황금동,경상사고,0,0,1,0,차대차 - 추돌,안전운전불이행,건조,맑음,단일로 - 기타,승용,남,57세,기타불명,승용,남,30세,경상
2021051900100353,2021년 5월 19일 16시,수요일,대구광역시 중구 상서동,경상사고,0,0,2,0,차대차 - 측면충돌,안전거리미확보,건조,맑음,단일로 - 기타,승용,남,33세,상해없음,이륜,남,17세,경상
2021051900100400,2021년 5월 19일 17시,수요일,대구광역시 서구 비산동,경상사고,0,0,1,0,차대차 - 기타,안전운전불이행,건조,맑음,단일로 - 기타,승용,남,53세,상해없음,자전거,남,91세,경상
2021051900100464,2021년 5월 19일 19시,수요일,대구광역시 남구 봉덕동,경상사고,0,0,1,0,차대차 - 추돌,안전운전불이행,건조,맑음,교차로 - 교차로부근,승용,여,30세,상해없음,승용,남,45세,경상
2021051900100465,2021년 5월 19일 19시,수요일,대구광역시 수성구 두산동,경상사고,0,0,3,0,차대차 - 추돌,안전거리미확보,건조,맑음,단일로 - 기타,승용,남,21세,경상,승용,남,33세,경상
2021051900100466,2021년 5월 19일 19시,수요일,대구광역시 달성군 다사읍,경상사고,0,0,2,0,차대차 - 정면충돌,안전운전불이행,기타,맑음,기타 - 기타,승용,남,63세,기타불명,승용,남,39세,경상
2021051900100467,2021년 5월 19일 19시,수요일,대구광역시 서구 비산동,경상사고,0,0,1,0,차대차 - 정면충돌,안전운전불이행,건조,맑음,교차로 - 교차로부근,승용,남,71세,상해없음,승용,남,47세,경상
2021051900100489,2021년 5월 19일 20시,수요일,대구광역시 수성구 만촌동,중상사고,0,1,0,0,차대사람 - 횡단중,보행자보호의무위반,건조,맑음,단일로 - 기타,승용,여,54세,기타불명,보행자,여,51세,중상
2021051900100490,2021년 5월 19일 20시,수요일,대구광역시 북구 대현동,경상사고,0,0,1,2,차대차 - 기타,중앙선침범,건조,맑음,단일로 - 기타,기타불명,남,80세,부상신고,승용,여,37세,경상
2021051900100522,2021년 5월 19일 22시,수요일,대구광역시 수성구 중동,중상사고,0,2,1,0,차대차 - 정면충돌,중앙선침범,젖음/습기,맑음,교차로 - 교차로부근,승용,여,28세,기타불명,승용,남,28세,경상
2021052000100004,2021년 5월 20일 00시,목요일,대구광역시 남구 대명동,경상사고,0,0,1,0,차대사람 - 횡단중,신호위반,건조,맑음,교차로 - 교차로횡단보도내,기타불명,기타불명,미분류,기타불명,보행자,남,32세,경상
2021052000100011,2021년 5월 20일 01시,목요일,대구광역시 남구 봉덕동,경상사고,0,0,1,0,차대차 - 기타,중앙선침범,건조,맑음,교차로 - 교차로안,이륜,남,37세,상해없음,이륜,남,22세,경상
2021052000100012,2021년 5월 20일 01시,목요일,대구광역시 수성구 상동,경상사고,0,0,3,0,차대차 - 추돌,안전운전불이행,건조,맑음,단일로 - 기타,이륜,남,16세,경상,승용,남,28세,경상
2021052000100013,2021년 5월 20일 01시,목요일,대구광역시 달서구 용산동,부상신고사고,0,0,0,1,차량단독 - 전도전복 - 전도,안전운전불이행,건조,맑음,단일로 - 기타,이륜,남,65세,부상신고,,,,
2021052000100026,2021년 5월 20일 05시,목요일,대구광역시 서구 비산동,경상사고,0,0,1,0,차대사람 - 횡단중,보행자보호의무위반,건조,맑음,교차로 - 교차로안,승용,남,66세,상해없음,보행자,여,48세,경상
2021052000100054,2021년 5월 20일 07시,목요일,대구광역시 수성구 만촌동,경상사고,0,0,2,0,차대차 - 추돌,안전운전불이행,건조,맑음,단일로 - 기타,승용,남,52세,상해없음,승용,남,60세,경상
2021052000100081,2021년 5월 20일 08시,목요일,대구광역시 남구 대명동,경상사고,0,0,1,0,차대차 - 측면충돌,안전운전불이행,건조,맑음,단일로 - 지하차도(도로)내,승용,남,31세,상해없음,자전거,남,78세,경상
2021052000100082,2021년 5월 20일 08시,목요일,대구광역시 수성구 범어동,경상사고,0,0,1,0,차대사람 - 길가장자리구역통행중,보행자보호의무위반,건조,맑음,단일로 - 기타,승용,여,42세,상해없음,보행자,여,8세,경상
2021052000100083,2021년 5월 20일 08시,목요일,대구광역시 북구 동천동,경상사고,0,0,1,0,차량단독 - 기타,안전운전불이행,건조,맑음,단일로 - 기타,승용,남,74세,상해없음,,,,
2021052000100104,2021년 5월 20일 09시,목요일,대구광역시 서구 상리동,경상사고,0,0,1,0,차대차 - 측면충돌,안전운전불이행,젖음/습기,비,단일로 - 기타,화물,남,55세,상해없음,화물,남,69세,경상
2021052000100105,2021년 5월 20일 09시,목요일,대구광역시 서구 내당동,경상사고,0,0,2,0,차대차 - 측면충돌,교차로운행방법위반,젖음/습기,비,교차로 - 교차로안,승용,남,81세,상해없음,화물,남,48세,경상
2021052000100136,2021년 5월 20일 10시,목요일,대구광역시 남구 이천동,중상사고,0,1,0,0,차대차 - 측면충돌,안전운전불이행,젖음/습기,비,단일로 - 기타,승용,남,81세,상해없음,승용,남,66세,중상
2021052000100137,2021년 5월 20일 10시,목요일,대구광역시 북구 구암동,경상사고,0,0,1,0,차대차 - 추돌,안전운전불이행,젖음/습기,맑음,단일로 - 기타,승용,여,74세,상해없음,승용,남,54세,경상
2021052000100188,2021년 5월 20일 12시,목요일,대구광역시 달성군 화원읍,중상사고,0,1,0,0,차대차 - 기타,안전운전불이행,젖음/습기,비,교차로 - 교차로안,화물,남,42세,상해없음,이륜,남,61세,중상
2021052000100189,2021년 5월 20일 12시,목요일,대구광역시 북구 산격동,중상사고,0,1,0,0,차대차 - 기타,안전운전불이행,젖음/습기,흐림,교차로 - 교차로안,승용,남,64세,상해없음,이륜,남,53세,중상
2021052000100190,2021년 5월 20일 12시,목요일,대구광역시 달서구 신당동,경상사고,0,0,1,0,차대차 - 추돌,안전운전불이행,젖음/습기,비,교차로 - 교차로부근,승용,여,58세,상해없음,화물,남,40세,경상
2021052000100191,2021년 5월 20일 12시,목요일,대구광역시 달서구 용산동,경상사고,0,0,1,0,차대차 - 측면충돌,안전운전불이행,젖음/습기,비,교차로 - 교차로안,승용,여,38세,상해없음,승용,여,26세,경상
2021052000100192,2021년 5월 20일 12시,목요일,대구광역시 달서구 본리동,경상사고,0,0,1,0,차대차 - 후진중충돌,안전운전불이행,젖음/습기,비,단일로 - 기타,승용,남,53세,기타불명,이륜,남,35세,경상
2021052000100226,2021년 5월 20일 13시,목요일,대구광역시 달서구 월성동,중상사고,0,1,0,0,차대사람 - 보도통행중,안전운전불이행,젖음/습기,비,단일로 - 기타,승용,여,34세,상해없음,보행자,남,64세,중상
2021052000100258,2021년 5월 20일 14시,목요일,대구광역시 중구 대신동,중상사고,0,1,0,0,차대사람 - 기타,보행자보호의무위반,건조,기타,교차로 - 교차로횡단보도내,승용,여,54세,상해없음,보행자,남,62세,중상
2021052000100259,2021년 5월 20일 14시,목요일,대구광역시 북구 읍내동,경상사고,0,0,1,4,차대차 - 측면충돌,신호위반,건조,맑음,기타 - 기타,승용,남,40세,상해없음,승용,남,25세,경상
2021052000100286,2021년 5월 20일 15시,목요일,대구광역시 수성구 수성동4가,경상사고,0,0,1,0,차대차 - 기타,안전거리미확보,젖음/습기,비,단일로 - 기타,승용,여,72세,상해없음,승용,여,56세,경상
2021052000100309,2021년 5월 20일 16시,목요일,대구광역시 달서구 송현동,부상신고사고,0,0,0,1,차대사람 - 횡단중,안전운전불이행,젖음/습기,비,교차로 - 교차로안,승용,남,66세,상해없음,보행자,남,8세,부상신고
2021052000100359,2021년 5월 20일 17시,목요일,대구광역시 남구 대명동,경상사고,0,0,1,0,차대차 - 추돌,안전운전불이행,젖음/습기,비,단일로 - 기타,승용,여,47세,상해없음,승용,여,36세,경상
2021052000100360,2021년 5월 20일 17시,목요일,대구광역시 달서구 호산동,경상사고,0,0,1,0,차대차 - 측면충돌,안전거리미확보,젖음/습기,비,단일로 - 기타,승용,남,77세,상해없음,승용,남,75세,경상
2021052000100389,2021년 5월 20일 18시,목요일,대구광역시 동구 각산동,부상신고사고,0,0,0,1,차대차 - 측면충돌,안전운전불이행,젖음/습기,비,교차로 - 교차로안,승용,남,34세,상해없음,승용,남,60세,부상신고
2021052000100390,2021년 5월 20일 18시,목요일,대구광역시 수성구 수성동4가,경상사고,0,0,1,0,차대차 - 측면충돌,안전운전불이행,젖음/습기,비,기타 - 기타,승용,남,68세,상해없음,승용,여,45세,경상
2021052000100391,2021년 5월 20일 18시,목요일,대구광역시 북구 국우동,경상사고,0,0,1,0,차대차 - 측면충돌,교차로운행방법위반,젖음/습기,비,교차로 - 교차로안,승용,여,54세,상해없음,이륜,남,29세,경상
2021052000100432,2021년 5월 20일 19시,목요일,대구광역시 달서구 성당동,경상사고,0,0,1,0,차대차 - 기타,안전운전불이행,젖음/습기,비,단일로 - 기타,승용,남,59세,상해없음,승용,남,41세,경상
2021052000100433,2021년 5월 20일 19시,목요일,대구광역시 북구 동천동,경상사고,0,0,1,0,차대차 - 측면충돌,안전거리미확보,젖음/습기,비,단일로 - 교량,승용,남,27세,상해없음,이륜,남,17세,경상
2021052000100470,2021년 5월 20일 20시,목요일,대구광역시 수성구 만촌동,경상사고,0,0,5,0,차대차 - 측면충돌,안전운전불이행,젖음/습기,비,교차로 - 교차로안,승용,여,38세,상해없음,승용,남,36세,경상
2021052000100471,2021년 5월 20일 20시,목요일,대구광역시 수성구 범어동,경상사고,0,0,1,0,차대차 - 추돌,안전운전불이행,젖음/습기,비,교차로 - 교차로부근,승용,남,59세,상해없음,승용,여,53세,경상
2021052000100472,2021년 5월 20일 20시,목요일,대구광역시 달서구 대곡동,경상사고,0,0,1,0,차대차 - 기타,직진우회전진행방해,젖음/습기,비,교차로 - 교차로안,이륜,남,20세,경상,승용,여,61세,상해없음
2021052000100473,2021년 5월 20일 20시,목요일,대구광역시 북구 산격동,중상사고,0,1,0,0,차대차 - 측면충돌,교차로운행방법위반,젖음/습기,비,교차로 - 교차로안,승용,남,23세,상해없음,이륜,남,23세,중상
2021052000100509,2021년 5월 20일 21시,목요일,대구광역시 수성구 두산동,경상사고,0,0,1,0,차대차 - 기타,교차로운행방법위반,젖음/습기,맑음,교차로 - 교차로안,승용,여,21세,상해없음,승용,여,64세,경상
2021052000100510,2021년 5월 20일 21시,목요일,대구광역시 북구 구암동,경상사고,0,0,1,0,차대차 - 측면충돌,교차로운행방법위반,건조,맑음,단일로 - 기타,승용,남,66세,상해없음,승용,남,37세,경상
2021052000100550,2021년 5월 20일 22시,목요일,대구광역시 북구 침산동,중상사고,0,1,0,0,차대사람 - 차도통행중,신호위반,젖음/습기,비,교차로 - 교차로안,승용,남,22세,상해없음,보행자,남,53세,중상
2021052000100568,2021년 5월 20일 23시,목요일,대구광역시 수성구 범어동,경상사고,0,0,1,0,차대차 - 측면충돌,신호위반,젖음/습기,비,교차로 - 교차로안,승용,남,60세,상해없음,승용,남,62세,경상
2021052100100009,2021년 5월 21일 00시,금요일,대구광역시 달서구 대천동,중상사고,0,1,1,0,차대차 - 측면충돌,교차로운행방법위반,젖음/습기,비,교차로 - 교차로안,승용,여,45세,경상,승용,남,42세,중상
2021052100100010,2021년 5월 21일 00시,금요일,대구광역시 중구 서문로2가,경상사고,0,0,1,0,차대차 - 추돌,안전운전불이행,젖음/습기,비,단일로 - 기타,승용,남,52세,상해없음,승용,여,59세,경상
2021052100100056,2021년 5월 21일 07시,금요일,대구광역시 달성군 현풍읍,중상사고,0,1,3,3,차대차 - 추돌,안전운전불이행,건조,맑음,단일로 - 기타,승합,여,63세,상해없음,승용,남,32세,경상
2021052100100057,2021년 5월 21일 07시,금요일,대구광역시 북구 침산동,부상신고사고,0,0,0,1,차대차 - 기타,안전운전불이행,건조,맑음,교차로 - 교차로안,자전거,남,17세,부상신고,승용,여,48세,상해없음
2021052100100089,2021년 5월 21일 08시,금요일,대구광역시 달성군 다사읍,중상사고,0,1,0,0,차대차 - 기타,안전운전불이행,건조,맑음,기타 - 기타,승용,남,27세,상해없음,승용,여,42세,중상
2021052100100121,2021년 5월 21일 09시,금요일,대구광역시 달서구 도원동,경상사고,0,0,1,0,차량단독 - 기타,기타,건조,맑음,단일로 - 기타,승용,남,46세,상해없음,,,,
2021052100100122,2021년 5월 21일 09시,금요일,대구광역시 달서구 송현동,경상사고,0,0,1,0,차대차 - 측면충돌,신호위반,건조,맑음,교차로 - 교차로안,이륜,남,40세,상해없음,승용,여,41세,경상
2021052100100123,2021년 5월 21일 09시,금요일,대구광역시 북구 태전동,중상사고,0,1,0,0,차대차 - 측면충돌,안전거리미확보,건조,맑음,단일로 - 고가도로위,화물,남,56세,상해없음,승용,남,58세,중상
2021052100100124,2021년 5월 21일 09시,금요일,대구광역시 북구 태전동,부상신고사고,0,0,0,1,차대사람 - 횡단중,안전운전불이행,건조,맑음,단일로 - 지하차도(도로)내,승용,여,40세,기타불명,보행자,여,59세,부상신고
2021052100100147,2021년 5월 21일 10시,금요일,대구광역시 남구 대명동,경상사고,0,0,1,1,차대차 - 측면충돌,안전운전불이행,건조,맑음,단일로 - 기타,승용,남,69세,기타불명,승용,여,43세,경상
2021052100100148,2021년 5월 21일 10시,금요일,대구광역시 북구 노원동3가,경상사고,0,0,1,0,차대차 - 기타,안전운전불이행,건조,맑음,교차로 - 교차로부근,자전거,여,64세,경상,화물,남,27세,기타불명
2021052100100175,2021년 5월 21일 11시,금요일,대구광역시 수성구 만촌동,경상사고,0,0,1,0,차대차 - 기타,안전운전불이행,건조,맑음,교차로 - 교차로안,승용,여,59세,상해없음,승용,남,68세,경상
2021052100100176,2021년 5월 21일 11시,금요일,대구광역시 달서구 이곡동,중상사고,0,1,0,0,차대사람 - 보도통행중,기타,건조,맑음,기타 - 기타,승용,남,76세,기타불명,보행자,여,55세,중상
2021052100100203,2021년 5월 21일 12시,금요일,대구광역시 달서구 상인동,경상사고,0,0,2,0,차대차 - 측면충돌,차로위반,건조,맑음,교차로 - 교차로안,승용,남,66세,상해없음,승용,남,40세,경상
2021052100100234,2021년 5월 21일 13시,금요일,대구광역시 동구 신기동,경상사고,0,0,1,0,차대사람 - 기타,안전운전불이행,건조,맑음,교차로 - 교차로부근,승용,남,59세,상해없음,보행자,여,59세,경상
2021052100100235,2021년 5월 21일 13시,금요일,대구광역시 달서구 두류동,경상사고,0,0,1,0,차대차 - 기타,안전운전불이행,건조,맑음,단일로 - 기타,화물,남,54세,상해없음,승용,남,64세,경상
2021052100100327,2021년 5월 21일 15시,금요일,대구광역시 동구 신평동,중상사고,0,1,0,0,차대차 - 측면충돌,교차로운행방법위반,건조,맑음,교차로 - 교차로안,승용,남,63세,상해없음,자전거,남,66세,중상
2021052100100357,2021년 5월 21일 16시,금요일,대구광역시 남구 대명동,부상신고사고,0,0,0,1,차량단독 - 공작물충돌,안전운전불이행,건조,맑음,단일로 - 기타,승용,남,23세,부상신고,,,,
2021052100100405,2021년 5월 21일 17시,금요일,대구광역시 동구 신천동,중상사고,0,1,0,0,차대차 - 추돌,안전거리미확보,건조,맑음,교차로 - 교차로부근,승용,남,55세,상해없음,자전거,여,57세,중상