사고번호,사고일시,요일,시군구,사고내용,사망자수,중상자수,경상자수,부상신고자수,사고유형,법규위반,노면상태,기상상태,도로형태,가해운전자 차종,가해운전자 성별,가해운전자 연령,가해운전자 상해정도,피해운전자 차종,피해운전자 성별,피해운전자 연령,피해운전자 상해정도
2021052100100496,2021년 5월 21일 19시,금요일,대구광역시 달성군 유가읍,중상사고,0,1,1,0,차대차 - 기타,교차로운행방법위반,건조,맑음,단일로 - 기타,승용,남,45세,상해없음,이륜,남,16세,경상
2021052100100497,2021년 5월 21일 19시,금요일,대구광역시 북구 산격동,부상신고사고,0,0,0,1,차대차 - 측면충돌,안전운전불이행,건조,맑음,단일로 - 기타,기타불명,기타불명,미분류,기타불명,승용,여,57세,부상신고
2021052100100498,2021년 5월 21일 19시,금요일,대구광역시 서구 비산동,경상사고,0,0,1,0,차대차 - 측면충돌,안전운전불이행,건조,맑음,교차로 - 교차로횡단보도내,승용,남,54세,상해없음,자전거,남,12세,경상
2021052100100499,2021년 5월 21일 19시,금요일,대구광역시 달서구 감삼동,경상사고,0,0,2,0,차대차 - 측면충돌,교차로운행방법위반,건조,흐림,교차로 - 교차로안,승용,여,41세,상해없음,승용,남,20세,경상
2021052100100521,2021년 5월 21일 20시,금요일,대구광역시 동구 신기동,경상사고,0,0,1,0,차대차 - 후진중충돌,안전운전불이행,건조,맑음,단일로 - 기타,승용,여,38세,상해없음,이륜,남,20세,경상
2021052100100522,2021년 5월 21일 20시,금요일,대구광역시 수성구 범어동,경상사고,0,0,1,0,차대차 - 추돌,안전운전불이행,건조,맑음,단일로 - 기타,승용,여,34세,상해없음,승용,여,48세,경상
2021052100100523,2021년 5월 21일 20시,금요일,대구광역시 수성구 만촌동,중상사고,0,2,0,0,차대차 - 기타,교차로운행방법위반,건조,맑음,교차로 - 교차로안,이륜,남,34세,중상,이륜,남,28세,중상
2021052100100524,2021년 5월 21일 20시,금요일,대구광역시 달서구 이곡동,경상사고,0,0,4,0,차대차 - 측면충돌,안전거리미확보,건조,맑음,교차로 - 교차로부근,승용,남,40세,경상,승용,남,45세,경상
2021052100100548,2021년 5월 21일 21시,금요일,대구광역시 달서구 진천동,경상사고,0,0,1,0,차대차 - 측면충돌,안전거리미확보,건조,맑음,단일로 - 기타,승용,여,49세,상해없음,승용,남,48세,경상
2021052100100595,2021년 5월 21일 23시,금요일,대구광역시 달서구 월성동,경상사고,0,0,1,0,차대차 - 측면충돌,신호위반,건조,맑음,교차로 - 교차로횡단보도내,이륜,남,53세,상해없음,자전거,남,11세,경상
2021052200100007,2021년 5월 22일 00시,토요일,대구광역시 북구 침산동,부상신고사고,0,0,0,1,차량단독 - 기타,안전운전불이행,건조,맑음,교차로 - 교차로부근,승용,남,74세,상해없음,,,,
2021052200100035,2021년 5월 22일 03시,토요일,대구광역시 서구 중리동,경상사고,0,0,1,0,차대차 - 후진중충돌,안전운전불이행,건조,맑음,교차로 - 교차로안,승용,남,60세,상해없음,승용,여,55세,경상
2021052200100036,2021년 5월 22일 03시,토요일,대구광역시 북구 태전동,부상신고사고,0,0,0,1,차대차 - 측면충돌,안전운전불이행,건조,맑음,교차로 - 교차로안,승용,남,34세,상해없음,자전거,남,19세,부상신고
2021052200100056,2021년 5월 22일 06시,토요일,대구광역시 북구 구암동,경상사고,0,0,1,0,차대차 - 측면충돌,교차로운행방법위반,건조,맑음,교차로 - 교차로안,승용,여,60세,상해없음,승용,남,26세,경상
2021052200100083,2021년 5월 22일 08시,토요일,대구광역시 수성구 범어동,경상사고,0,0,1,0,차대차 - 추돌,안전거리미확보,건조,맑음,단일로 - 기타,승용,남,70세,상해없음,자전거,남,14세,경상
2021052200100084,2021년 5월 22일 08시,토요일,대구광역시 달서구 신당동,경상사고,0,0,2,0,차대차 - 기타,안전운전불이행,건조,맑음,단일로 - 기타,승용,남,31세,상해없음,승합,남,55세,경상
2021052200100106,2021년 5월 22일 09시,토요일,대구광역시 북구 노원동1가,중상사고,0,1,1,0,차량단독 - 기타,안전운전불이행,건조,맑음,단일로 - 기타,이륜,여,23세,경상,,,,
2021052200100133,2021년 5월 22일 10시,토요일,대구광역시 동구 도동,중상사고,0,1,0,0,차대차 - 측면충돌,안전거리미확보,건조,맑음,단일로 - 기타,특수,남,49세,상해없음,승용,여,34세,중상
2021052200100136,2021년 5월 22일 10시,토요일,대구광역시 수성구 황금동,경상사고,0,0,1,0,차대차 - 정면충돌,안전운전불이행,건조,맑음,단일로 - 기타,승용,여,44세,상해없음,자전거,여,19세,경상
2021052200100172,2021년 5월 22일 11시,토요일,대구광역시 남구 봉덕동,경상사고,0,0,1,0,차대차 - 측면충돌,안전운전불이행,건조,맑음,단일로 - 기타,승용,남,41세,상해없음,승용,남,40세,상해없음
2021052200100173,2021년 5월 22일 11시,토요일,대구광역시 수성구 두산동,경상사고,0,0,2,0,차대차 - 기타,교차로운행방법위반,건조,맑음,교차로 - 교차로안,승용,여,35세,상해없음,승용,남,30세,경상
2021052200100210,2021년 5월 22일 12시,토요일,대구광역시 달서구 상인동,경상사고,0,0,1,0,차대차 - 측면충돌,안전운전불이행,건조,맑음,교차로 - 교차로부근,승용,남,61세,상해없음,승용,여,49세,경상
2021052200100211,2021년 5월 22일 12시,토요일,대구광역시 중구 남산동,중상사고,0,1,0,0,차대사람 - 보도통행중,기타,건조,맑음,단일로 - 기타,승합,남,49세,상해없음,보행자,여,60세,중상
2021052200100309,2021년 5월 22일 14시,토요일,대구광역시 수성구 사월동,경상사고,0,0,1,0,차대차 - 기타,안전운전불이행,건조,맑음,기타 - 기타,승용,남,23세,상해없음,승용,여,51세,경상
2021052200100310,2021년 5월 22일 14시,토요일,대구광역시 서구 중리동,경상사고,0,0,1,0,차대차 - 측면충돌,안전운전불이행,건조,맑음,교차로 - 교차로안,자전거,여,68세,경상,승용,남,68세,상해없음
2021052200100354,2021년 5월 22일 15시,토요일,대구광역시 동구 효목동,중상사고,0,2,0,0,차대차 - 기타,신호위반,건조,맑음,교차로 - 교차로안,승용,남,61세,상해없음,이륜,남,41세,중상
2021052200100355,2021년 5월 22일 15시,토요일,대구광역시 북구 칠성동1가,경상사고,0,0,1,0,차대차 - 추돌,안전운전불이행,건조,맑음,단일로 - 기타,승용,남,69세,상해없음,승용,남,61세,경상
2021052200100385,2021년 5월 22일 16시,토요일,대구광역시 북구 금호동,중상사고,0,1,0,0,차대차 - 추돌,안전운전불이행,건조,맑음,단일로 - 기타,특수,남,27세,상해없음,승용,여,51세,중상
2021052200100392,2021년 5월 22일 16시,토요일,대구광역시 동구 신천동,경상사고,0,0,1,0,차대차 - 기타,안전거리미확보,건조,맑음,단일로 - 기타,승용,남,45세,상해없음,이륜,남,23세,경상
2021052200100393,2021년 5월 22일 16시,토요일,대구광역시 서구 평리동,중상사고,0,1,0,0,차대차 - 기타,중앙선침범,건조,맑음,교차로 - 교차로부근,이륜,남,35세,상해없음,자전거,남,44세,중상
2021052200100394,2021년 5월 22일 16시,토요일,대구광역시 서구 중리동,경상사고,0,0,2,0,차대차 - 측면충돌,교차로운행방법위반,건조,맑음,교차로 - 교차로안,승용,남,72세,상해없음,승용,여,60세,경상
2021052200100395,2021년 5월 22일 16시,토요일,대구광역시 달서구 본리동,경상사고,0,0,4,0,차대차 - 측면충돌,교차로운행방법위반,건조,맑음,교차로 - 교차로안,화물,남,42세,경상,승용,남,32세,경상
2021052200100441,2021년 5월 22일 17시,토요일,대구광역시 북구 대현동,경상사고,0,0,1,0,차대차 - 추돌,안전운전불이행,건조,맑음,단일로 - 기타,이륜,남,28세,상해없음,승용,남,65세,경상
2021052200100482,2021년 5월 22일 18시,토요일,대구광역시 동구 신암동,경상사고,0,0,1,0,차대차 - 추돌,안전운전불이행,건조,맑음,단일로 - 기타,승용,남,70세,상해없음,승합,남,51세,상해없음
2021052200100483,2021년 5월 22일 18시,토요일,대구광역시 달서구 진천동,경상사고,0,0,1,0,차대차 - 기타,안전운전불이행,건조,맑음,단일로 - 기타,승용,남,64세,상해없음,개인형이동수단(PM),남,36세,경상
2021052200100484,2021년 5월 22일 18시,토요일,대구광역시 서구 비산동,중상사고,0,1,0,0,차대사람 - 횡단중,보행자보호의무위반,건조,맑음,단일로 - 기타,원동기,여,60세,상해없음,보행자,여,72세,중상
2021052200100516,2021년 5월 22일 19시,토요일,대구광역시 수성구 만촌동,경상사고,0,0,1,0,차대차 - 측면충돌,신호위반,건조,맑음,교차로 - 교차로부근,화물,남,64세,상해없음,이륜,남,23세,경상
2021052200100517,2021년 5월 22일 19시,토요일,대구광역시 북구 동변동,경상사고,0,0,2,0,차대차 - 측면충돌,교차로운행방법위반,건조,맑음,교차로 - 교차로안,승용,남,38세,경상,승용,여,47세,경상
2021052200100542,2021년 5월 22일 20시,토요일,대구광역시 달서구 본동,부상신고사고,0,0,0,1,차대차 - 측면충돌,안전운전불이행,건조,맑음,교차로 - 교차로부근,승용,남,48세,상해없음,자전거,남,68세,부상신고
2021052200100543,2021년 5월 22일 20시,토요일,대구광역시 달서구 대천동,경상사고,0,0,1,0,차대차 - 측면충돌,신호위반,건조,맑음,교차로 - 교차로안,승용,남,27세,기타불명,승용,남,39세,상해없음
2021052200100571,2021년 5월 22일 21시,토요일,대구광역시 북구 침산동,중상사고,0,1,1,0,차대차 - 측면충돌,교차로운행방법위반,건조,맑음,교차로 - 교차로부근,승용,남,64세,상해없음,화물,남,57세,경상
2021052200100611,2021년 5월 22일 23시,토요일,대구광역시 북구 산격동,경상사고,0,0,2,0,차대차 - 추돌,안전운전불이행,건조,맑음,교차로 - 교차로안,승용,남,55세,상해없음,승용,남,29세,경상
2021052200100612,2021년 5월 22일 23시,토요일,대구광역시 달서구 신당동,경상사고,0,0,2,0,차대차 - 추돌,안전운전불이행,건조,맑음,단일로 - 기타,승용,여,31세,기타불명,승용,남,35세,경상
2021052300100009,2021년 5월 23일 00시,일요일,대구광역시 남구 봉덕동,경상사고,0,0,1,0,차대차 - 측면충돌,신호위반,건조,맑음,교차로 - 교차로부근,승용,남,32세,상해없음,승용,남,39세,경상
2021052300100024,2021년 5월 23일 04시,일요일,대구광역시 서구 원대동3가,경상사고,0,0,1,0,차대차 - 추돌,안전운전불이행,건조,맑음,교차로 - 교차로부근,승용,남,30세,상해없음,승용,여,27세,경상
2021052300100052,2021년 5월 23일 08시,일요일,대구광역시 동구 지묘동,경상사고,0,0,2,2,차대차 - 측면충돌,교차로운행방법위반,건조,맑음,교차로 - 교차로안,승용,여,68세,상해없음,승용,여,47세,경상
2021052300100083,2021년 5월 23일 10시,일요일,대구광역시 서구 평리동,경상사고,0,0,2,0,차대차 - 정면충돌,신호위반,건조,맑음,교차로 - 교차로안,승용,여,59세,상해없음,승용,여,47세,경상
2021052300100107,2021년 5월 23일 11시,일요일,대구광역시 북구 침산동,중상사고,0,1,0,0,차대사람 - 차도통행중,안전운전불이행,건조,맑음,단일로 - 기타,승용,남,52세,상해없음,보행자,남,45세,중상
2021052300100108,2021년 5월 23일 11시,일요일,대구광역시 북구 서변동,경상사고,0,0,1,0,차대차 - 측면충돌,안전운전불이행,건조,맑음,교차로 - 교차로부근,승용,남,69세,기타불명,승용,남,50세,경상
2021052300100130,2021년 5월 23일 12시,일요일,대구광역시 달서구 두류동,부상신고사고,0,0,0,1,차대차 - 기타,안전운전불이행,건조,맑음,단일로 - 기타,승용,남,76세,상해없음,승용,여,43세,부상신고
2021052300100171,2021년 5월 23일 13시,일요일,대구광역시 남구 봉덕동,중상사고,0,1,0,0,차대차 - 측면충돌,차로위반,건조,맑음,단일로 - 기타,이륜,남,58세,중상,승용,남,35세,상해없음
2021052300100172,2021년 5월 23일 13시,일요일,대구광역시 북구 구암동,경상사고,0,0,1,0,차대차 - 측면충돌,안전운전불이행,건조,맑음,교차로 - 교차로안,승합,남,29세,상해없음,이륜,남,68세,경상
2021052300100230,2021년 5월 23일 15시,일요일,대구광역시 수성구 지산동,부상신고사고,0,0,0,1,차대차 - 측면충돌,안전운전불이행,건조,맑음,단일로 - 기타,이륜,남,80세,부상신고,승용,남,33세,기타불명
2021052300100231,2021년 5월 23일 15시,일요일,대구광역시 달서구 진천동,경상사고,0,0,1,0,차대차 - 측면충돌,안전운전불이행,건조,맑음,교차로 - 교차로안,승용,여,33세,상해없음,이륜,남,54세,경상
2021052300100232,2021년 5월 23일 15시,일요일,대구광역시 달서구 상인동,경상사고,0,0,1,0,차대차 - 측면충돌,차로위반,건조,맑음,단일로 - 기타,승용,여,52세,상해없음,승용,여,64세,경상
2021052300100233,2021년 5월 23일 15시,일요일,대구광역시 북구 연경동,경상사고,0,0,1,0,차대차 - 측면충돌,안전거리미확보,건조,맑음,단일로 - 지하차도(도로)내,승용,남,60세,상해없음,승용,남,48세,상해없음
2021052300100312,2021년 5월 23일 18시,일요일,대구광역시 동구 덕곡동,경상사고,0,0,1,0,차대차 - 측면충돌,안전운전불이행,건조,맑음,단일로 - 기타,승용,남,70세,상해없음,원동기,남,34세,경상
2021052300100313,2021년 5월 23일 18시,일요일,대구광역시 남구 대명동,경상사고,0,0,2,0,차대차 - 기타,안전운전불이행,건조,맑음,교차로 - 교차로부근,승용,여,66세,상해없음,승용,남,27세,경상
2021052300100342,2021년 5월 23일 19시,일요일,대구광역시 북구 읍내동,경상사고,0,0,2,0,차대사람 - 횡단중,안전운전불이행,건조,맑음,단일로 - 고가도로위,자전거,남,55세,경상,보행자,여,58세,경상
2021052300100367,2021년 5월 23일 20시,일요일,대구광역시 달성군 옥포읍,경상사고,0,0,1,0,차대차 - 기타,안전운전불이행,건조,맑음,교차로 - 교차로안,승용,여,58세,상해없음,이륜,남,41세,경상
2021052300100368,2021년 5월 23일 20시,일요일,대구광역시 달서구 감삼동,부상신고사고,0,0,0,1,차대사람 - 차도통행중,안전운전불이행,건조,맑음,단일로 - 기타,이륜,남,32세,부상신고,보행자,여,54세,상해없음
2021052300100392,2021년 5월 23일 21시,일요일,대구광역시 수성구 파동,경상사고,0,0,1,0,차대차 - 추돌,안전운전불이행,건조,맑음,단일로 - 기타,기타불명,기타불명,미분류,기타불명,자전거,남,34세,경상
2021052400100020,2021년 5월 24일 05시,월요일,대구광역시 달서구 용산동,경상사고,0,0,1,0,차대사람 - 횡단중,안전운전불이행,건조,맑음,교차로 - 교차로안,화물,남,39세,상해없음,보행자,남,70세,경상
2021052400100033,2021년 5월 24일 06시,월요일,대구광역시 달서구 본동,경상사고,0,0,1,0,차대차 - 측면충돌,신호위반,건조,맑음,교차로 - 교차로안,승용,남,76세,상해없음,화물,남,64세,경상
2021052400100034,2021년 5월 24일 06시,월요일,대구광역시 북구 칠성동1가,중상사고,0,1,1,0,차대사람 - 횡단중,안전운전불이행,건조,흐림,교차로 - 교차로부근,이륜,남,75세,경상,보행자,여,68세,중상
2021052400100051,2021년 5월 24일 07시,월요일,대구광역시 동구 신서동,경상사고,0,0,2,0,차대차 - 추돌,안전운전불이행,젖음/습기,비,단일로 - 기타,승용,남,38세,상해없음,승용,남,33세,경상
2021052400100089,2021년 5월 24일 08시,월요일,대구광역시 달서구 월암동,경상사고,0,0,1,0,차대차 - 측면충돌,안전운전불이행,건조,맑음,단일로 - 기타,승용,남,61세,상해없음,자전거,여,50세,경상
2021052400100090,2021년 5월 24일 08시,월요일,대구광역시 달서구 용산동,경상사고,0,0,3,0,차대차 - 측면충돌,안전거리미확보,서리/결빙,맑음,단일로 - 기타,건설기계,남,61세,상해없음,승용,여,66세,경상
2021052400100122,2021년 5월 24일 09시,월요일,대구광역시 수성구 만촌동,경상사고,0,0,1,0,차대차 - 측면충돌,차로위반,건조,맑음,교차로 - 교차로부근,승용,남,64세,상해없음,승용,여,53세,경상
2021052400100123,2021년 5월 24일 09시,월요일,대구광역시 달서구 송현동,경상사고,0,0,2,0,차대차 - 측면충돌,안전운전불이행,건조,맑음,교차로 - 교차로안,승용,남,64세,상해없음,승용,여,55세,경상
2021052400100148,2021년 5월 24일 10시,월요일,대구광역시 남구 대명동,경상사고,0,0,1,0,차대사람 - 보도통행중,기타,건조,맑음,단일로 - 기타,승용,남,58세,상해없음,보행자,여,78세,경상
2021052400100210,2021년 5월 24일 12시,월요일,대구광역시 북구 노원동3가,부상신고사고,0,0,0,1,차대차 - 측면충돌,중앙선침범,건조,맑음,단일로 - 기타,이륜,남,59세,부상신고,승용,여,57세,상해없음
2021052400100241,2021년 5월 24일 13시,월요일,대구광역시 동구 신천동,경상사고,0,0,1,0,차대차 - 측면충돌,안전운전불이행,건조,맑음,단일로 - 기타,승용,여,42세,상해없음,자전거,남,80세,경상
2021052400100242,2021년 5월 24일 13시,월요일,대구광역시 달서구 진천동,경상사고,0,0,1,0,차대사람 - 횡단중,보행자보호의무위반,건조,맑음,교차로 - 교차로횡단보도내,승용,남,61세,상해없음,보행자,여,27세,경상
2021052400100326,2021년 5월 24일 15시,월요일,대구광역시 수성구 수성동4가,경상사고,0,0,1,0,차대사람 - 기타,보행자보호의무위반,건조,맑음,단일로 - 기타,승용,여,66세,상해없음,보행자,남,14세,경상
2021052400100327,2021년 5월 24일 15시,월요일,대구광역시 달서구 신당동,경상사고,0,0,1,0,차대차 - 추돌,안전운전불이행,건조,맑음,단일로 - 기타,승용,여,46세,상해없음,승용,남,63세,경상
2021052400100366,2021년 5월 24일 16시,월요일,대구광역시 수성구 노변동,경상사고,0,0,1,1,차대차 - 기타,안전운전불이행,건조,맑음,단일로 - 기타,기타불명,기타불명,미분류,기타불명,승용,여,49세,부상신고
2021052400100367,2021년 5월 24일 16시,월요일,대구광역시 달서구 상인동,중상사고,0,1,1,0,차대차 - 측면충돌,신호위반,건조,맑음,교차로 - 교차로안,이륜,남,33세,경상,이륜,남,48세,중상
2021052400100368,2021년 5월 24일 16시,월요일,대구광역시 중구 대신동,경상사고,0,0,1,0,차대차 - 측면충돌,안전운전불이행,건조,맑음,단일로 - 기타,승용,남,63세,상해없음,승용,남,27세,경상
2021052400100369,2021년 5월 24일 16시,월요일,대구광역시 달서구 본리동,경상사고,0,0,1,0,차대차 - 측면충돌,신호위반,건조,맑음,교차로 - 교차로횡단보도내,승용,남,50세,상해없음,자전거,남,58세,경상
2021052400100415,2021년 5월 24일 17시,월요일,대구광역시 중구 대봉동,경상사고,0,0,2,0,차대사람 - 횡단중,보행자보호의무위반,건조,맑음,단일로 - 기타,화물,남,53세,상해없음,보행자,여,44세,경상
2021052400100456,2021년 5월 24일 18시,월요일,대구광역시 수성구 범어동,경상사고,0,0,1,0,차대차 - 측면충돌,안전운전불이행,건조,맑음,단일로 - 기타,이륜,남,37세,상해없음,승용,남,37세,경상
2021052400100481,2021년 5월 24일 19시,월요일,대구광역시 수성구 연호동,중상사고,0,1,1,0,차대차 - 측면충돌,신호위반,건조,맑음,교차로 - 교차로안,화물,남,66세,상해없음,승용,남,52세,경상
2021052400100482,2021년 5월 24일 19시,월요일,대구광역시 달서구 월성동,경상사고,0,0,1,0,차대사람 - 횡단중,보행자보호의무위반,건조,맑음,단일로 - 기타,승용,남,47세,상해없음,보행자,남,11세,경상
2021052400100508,2021년 5월 24일 20시,월요일,대구광역시 달서구 두류동,경상사고,0,0,1,0,차대사람 - 기타,안전운전불이행,건조,맑음,단일로 - 기타,승용,남,43세,상해없음,보행자,남,24세,경상
2021052400100533,2021년 5월 24일 21시,월요일,대구광역시 수성구 지산동,경상사고,0,0,1,0,차대차 - 후진중충돌,안전운전불이행,건조,맑음,주차장 - 주차장,승용,남,54세,상해없음,승용,남,31세,경상
2021052400100534,2021년 5월 24일 21시,월요일,대구광역시 달서구 본리동,경상사고,0,0,1,0,차대사람 - 보도통행중,안전운전불이행,건조,맑음,기타 - 기타,승용,남,52세,상해없음,보행자,여,68세,경상
2021052400100557,2021년 5월 24일 22시,월요일,대구광역시 달서구 상인동,중상사고,0,1,0,0,차대차 - 기타,안전운전불이행,건조,맑음,단일로 - 기타,이륜,남,21세,중상,승용,남,27세,상해없음
2021052500100011,2021년 5월 25일 00시,화요일,대구광역시 달서구 대곡동,중상사고,0,1,0,0,차대차 - 기타,교차로운행방법위반,건조,맑음,교차로 - 교차로횡단보도내,승용,여,47세,상해없음,자전거,여,32세,중상
2021052500100039,2021년 5월 25일 05시,화요일,대구광역시 달서구 두류동,경상사고,0,0,1,0,차대차 - 측면충돌,안전운전불이행,건조,맑음,단일로 - 기타,승용,남,41세,상해없음,자전거,남,74세,경상
2021052500100068,2021년 5월 25일 07시,화요일,대구광역시 서구 비산동,경상사고,0,0,2,0,차대차 - 측면충돌,안전거리미확보,건조,맑음,단일로 - 기타,이륜,남,63세,경상,승용,남,71세,경상
2021052500100069,2021년 5월 25일 07시,화요일,대구광역시 북구 태전동,중상사고,0,1,1,0,차대차 - 추돌,안전운전불이행,건조,맑음,단일로 - 기타,승용,남,25세,상해없음,승용,남,73세,경상
2021052500100109,2021년 5월 25일 08시,화요일,대구광역시 달서구 상인동,경상사고,0,0,2,1,차대차 - 측면충돌,안전운전불이행,건조,맑음,교차로 - 교차로부근,승용,여,35세,기타불명,승용,여,61세,경상
2021052500100142,2021년 5월 25일 09시,화요일,대구광역시 중구 동산동,경상사고,0,0,2,0,차대차 - 기타,안전거리미확보,건조,맑음,단일로 - 기타,승용,남,71세,상해없음,승용,남,65세,경상
2021052500100143,2021년 5월 25일 09시,화요일,대구광역시 달서구 두류동,경상사고,0,0,1,0,차대차 - 기타,안전운전불이행,건조,맑음,교차로 - 교차로부근,승합,여,65세,상해없음,승용,남,76세,상해없음
2021052500100172,2021년 5월 25일 10시,화요일,대구광역시 북구 서변동,경상사고,0,0,2,0,차대차 - 측면충돌,안전거리미확보,건조,맑음,단일로 - 지하차도(도로)내,승용,남,62세,상해없음,승용,남,64세,경상
2021052500100242,2021년 5월 25일 12시,화요일,대구광역시 수성구 수성동1가,경상사고,0,0,2,1,차대차 - 기타,안전운전불이행,건조,맑음,단일로 - 기타,승용,남,62세,부상신고,승용,여,26세,경상
2021052500100306,2021년 5월 25일 14시,화요일,대구광역시 달서구 상인동,경상사고,0,0,1,0,차대사람 - 횡단중,보행자보호의무위반,건조,맑음,교차로 - 교차로부근,승용,남,60세,상해없음,보행자,여,52세,경상
2021052500100307,2021년 5월 25일 14시,화요일,대구광역시 달서구 성당동,중상사고,0,1,0,0,차대차 - 기타,안전거리미확보,건조,맑음,단일로 - 기타,승용,남,36세,상해없음,이륜,남,45세,중상
2021052500100341,2021년 5월 25일 15시,화요일,대구광역시 남구 대명동,경상사고,0,0,2,0,차대차 - 기타,안전거리미확보,건조,맑음,단일로 - 기타,승용,남,71세,상해없음,승용,남,44세,경상
2021052500100342,2021년 5월 25일 15시,화요일,대구광역시 수성구 범어동,경상사고,0,0,1,0,차대차 - 측면충돌,기타,건조,맑음,단일로 - 기타,승용,남,58세,상해없음,승용,남,47세,경상
2021052500100343,2021년 5월 25일 15시,화요일,대구광역시 달서구 상인동,중상사고,0,1,0,0,차대차 - 측면충돌,안전거리미확보,건조,맑음,단일로 - 기타,원동기,남,79세,중상,승용,남,62세,상해없음
2021052500100392,2021년 5월 25일 16시,화요일,대구광역시 남구 대명동,경상사고,0,0,1,0,차대사람 - 횡단중,신호위반,건조,맑음,교차로 - 교차로횡단보도내,이륜,남,36세,상해없음,보행자,남,31세,경상
2021052500100393,2021년 5월 25일 16시,화요일,대구광역시 동구 각산동,경상사고,0,0,4,0,차대차 - 측면충돌,중앙선침범,건조,맑음,단일로 - 기타,승용,여,50세,상해없음,승용,남,31세,경상
2021052500100394,2021년 5월 25일 16시,화요일,대구광역시 동구 각산동,경상사고,0,0,1,0,차대차 - 측면충돌,안전운전불이행,건조,맑음,교차로 - 교차로안,승용,여,51세,기타불명,승용,여,42세,경상
2021052500100395,2021년 5월 25일 16시,화요일,대구광역시 수성구 황금동,경상사고,0,0,1,0,차대사람 - 횡단중,보행자보호의무위반,건조,맑음,교차로 - 교차로횡단보도내,승용,여,50세,상해없음,보행자,남,13세,경상
2021052500100396,2021년 5월 25일 16시,화요일,대구광역시 북구 노원동1가,경상사고,0,0,1,0,차대차 - 측면충돌,안전거리미확보,건조,맑음,단일로 - 기타,이륜,남,73세,경상,화물,남,40세,상해없음
2021052500100397,2021년 5월 25일 16시,화요일,대구광역시 북구 침산동,부상신고사고,0,0,0,1,차대차 - 기타,안전운전불이행,건조,맑음,교차로 - 교차로안,자전거,여,26세,부상신고,승용,남,42세,상해없음
2021052500100439,2021년 5월 25일 17시,화요일,대구광역시 수성구 범어동,부상신고사고,0,0,0,3,차대차 - 측면충돌,안전운전불이행,건조,맑음,교차로 - 교차로안,승용,여,33세,부상신고,승용,남,37세,부상신고
2021052500100484,2021년 5월 25일 18시,화요일,대구광역시 남구 대명동,중상사고,0,1,0,0,차대사람 - 보도통행중,기타,건조,맑음,기타 - 기타,원동기,여,59세,상해없음,보행자,여,66세,중상
2021052500100485,2021년 5월 25일 18시,화요일,대구광역시 서구 평리동,중상사고,0,1,1,0,차대사람 - 보도통행중,기타,건조,맑음,단일로 - 기타,자전거,남,62세,중상,보행자,남,41세,경상
2021052500100486,2021년 5월 25일 18시,화요일,대구광역시 북구 태전동,중상사고,0,1,0,0,차대차 - 측면충돌,불법유턴,건조,맑음,단일로 - 기타,승용,남,66세,상해없음,승용,남,49세,중상
2021052500100515,2021년 5월 25일 19시,화요일,대구광역시 북구 복현동,부상신고사고,0,0,0,1,차대차 - 기타,안전운전불이행,건조,맑음,교차로 - 교차로안,자전거,남,61세,부상신고,승용,여,37세,상해없음
2021052500100516,2021년 5월 25일 19시,화요일,대구광역시 중구 문화동,경상사고,0,0,1,0,차대차 - 측면충돌,안전거리미확보,건조,흐림,단일로 - 기타,승용,남,18세,상해없음,승용,남,38세,경상
2021052500100517,2021년 5월 25일 19시,화요일,대구광역시 북구 국우동,중상사고,0,1,0,0,차대차 - 측면충돌,안전운전불이행,건조,맑음,단일로 - 지하차도(도로)내,승용,남,58세,상해없음,자전거,여,26세,중상
2021052500100540,2021년 5월 25일 20시,화요일,대구광역시 동구 입석동,경상사고,0,0,2,0,차대차 - 측면충돌,신호위반,건조,맑음,교차로 - 교차로안,승용,여,41세,경상,승용,여,47세,경상
2021052500100563,2021년 5월 25일 21시,화요일,대구광역시 달서구 송현동,경상사고,0,0,1,0,차대차 - 측면충돌,안전거리미확보,건조,맑음,단일로 - 기타,화물,남,67세,상해없음,승용,여,22세,경상
2021052500100564,2021년 5월 25일 21시,화요일,대구광역시 달서구 본리동,경상사고,0,0,1,0,차대차 - 추돌,안전운전불이행,건조,맑음,단일로 - 기타,승용,남,35세,상해없음,승용,남,28세,경상
2021052600100007,2021년 5월 26일 00시,수요일,대구광역시 달서구 상인동,경상사고,0,0,2,0,차대차 - 측면충돌,직진우회전진행방해,건조,맑음,교차로 - 교차로안,승용,남,33세,경상,승용,여,28세,경상
2021052600100013,2021년 5월 26일 01시,수요일,대구광역시 달서구 진천동,경상사고,0,0,1,0,차대차 - 후진중충돌,안전운전불이행,건조,맑음,기타 - 기타,승용,남,43세,상해없음,승용,남,26세,경상
2021052600100014,2021년 5월 26일 01시,수요일,대구광역시 달서구 용산동,경상사고,0,0,1,0,차량단독 - 공작물충돌,안전운전불이행,건조,맑음,단일로 - 기타,승용,남,26세,경상,,,,
2021052600100048,2021년 5월 26일 06시,수요일,대구광역시 달서구 월성동,경상사고,0,0,1,0,차대차 - 추돌,안전운전불이행,건조,맑음,단일로 - 기타,승용,남,63세,상해없음,승용,남,39세,경상