사고번호,사고일시,요일,시군구,사고내용,사망자수,중상자수,경상자수,부상신고자수,사고유형,법규위반,노면상태,기상상태,도로형태,가해운전자 차종,가해운전자 성별,가해운전자 연령,가해운전자 상해정도,피해운전자 차종,피해운전자 성별,피해운전자 연령,피해운전자 상해정도
2021052900100505,2021년 5월 29일 20시,토요일,대구광역시 동구 지저동,경상사고,0,0,1,0,차대사람 - 횡단중,안전운전불이행,건조,맑음,단일로 - 기타,승합,남,69세,상해없음,보행자,여,79세,경상
2021052900100506,2021년 5월 29일 20시,토요일,대구광역시 동구 효목동,경상사고,0,0,2,0,차대사람 - 횡단중,안전운전불이행,건조,맑음,단일로 - 기타,승용,남,49세,상해없음,보행자,여,58세,경상
2021052900100507,2021년 5월 29일 20시,토요일,대구광역시 달서구 월성동,경상사고,0,0,1,0,차대사람 - 보도통행중,기타,건조,맑음,단일로 - 기타,개인형이동수단(PM),남,14세,상해없음,보행자,남,45세,경상
2021052900100508,2021년 5월 29일 20시,토요일,대구광역시 달성군 화원읍,경상사고,0,0,1,0,차대차 - 기타,안전운전불이행,건조,맑음,단일로 - 기타,승용,남,61세,상해없음,이륜,남,17세,경상
2021052900100530,2021년 5월 29일 21시,토요일,대구광역시 수성구 상동,경상사고,0,0,2,0,차대차 - 기타,안전운전불이행,건조,맑음,단일로 - 기타,승용,남,36세,상해없음,승용,여,41세,경상
2021052900100558,2021년 5월 29일 22시,토요일,대구광역시 북구 침산동,경상사고,0,0,2,0,차대차 - 측면충돌,안전거리미확보,건조,맑음,단일로 - 기타,이륜,남,26세,경상,승용,남,50세,상해없음
2021052900100581,2021년 5월 29일 23시,토요일,대구광역시 수성구 연호동,경상사고,0,0,3,0,차대차 - 측면충돌,안전운전불이행,건조,맑음,교차로 - 교차로안,승용,여,58세,상해없음,승합,남,32세,경상
2021052900100582,2021년 5월 29일 23시,토요일,대구광역시 북구 서변동,경상사고,0,0,2,0,차대차 - 추돌,안전운전불이행,건조,맑음,교차로 - 교차로부근,화물,남,57세,상해없음,승용,여,35세,경상
2021053000100008,2021년 5월 30일 00시,일요일,대구광역시 수성구 범어동,중상사고,0,1,0,0,차대사람 - 횡단중,신호위반,건조,맑음,기타 - 기타,이륜,남,15세,상해없음,보행자,남,54세,중상
2021053000100009,2021년 5월 30일 00시,일요일,대구광역시 중구 삼덕동1가,경상사고,0,0,1,1,차대차 - 측면충돌,안전운전불이행,건조,맑음,단일로 - 기타,승용,남,24세,부상신고,승용,여,50세,경상
2021053000100017,2021년 5월 30일 02시,일요일,대구광역시 동구 내동,경상사고,0,0,1,0,차량단독 - 공작물충돌,안전운전불이행,건조,맑음,단일로 - 기타,승용,남,57세,상해없음,,,,
2021053000100037,2021년 5월 30일 06시,일요일,대구광역시 달서구 본리동,경상사고,0,0,1,0,차대차 - 측면충돌,안전운전불이행,건조,맑음,단일로 - 기타,승용,남,63세,상해없음,승용,남,57세,경상
2021053000100093,2021년 5월 30일 10시,일요일,대구광역시 동구 신암동,중상사고,0,1,0,0,차대차 - 정면충돌,안전운전불이행,건조,맑음,교차로 - 교차로안,자전거,남,82세,중상,승용,여,37세,상해없음
2021053000100094,2021년 5월 30일 10시,일요일,대구광역시 달서구 상인동,경상사고,0,0,1,0,차대차 - 추돌,안전운전불이행,건조,맑음,교차로 - 교차로부근,승용,남,41세,상해없음,승용,남,55세,경상
2021053000100117,2021년 5월 30일 11시,일요일,대구광역시 달서구 대곡동,중상사고,0,1,2,0,차대차 - 측면충돌,신호위반,건조,맑음,교차로 - 교차로부근,승용,남,62세,상해없음,승용,남,56세,경상
2021053000100118,2021년 5월 30일 11시,일요일,대구광역시 달서구 월성동,경상사고,0,0,2,0,차대차 - 기타,교차로운행방법위반,건조,맑음,교차로 - 교차로안,개인형이동수단(PM),남,15세,경상,이륜,남,21세,경상
2021053000100144,2021년 5월 30일 12시,일요일,대구광역시 달서구 상인동,경상사고,0,0,2,0,차대사람 - 횡단중,보행자보호의무위반,건조,맑음,교차로 - 교차로횡단보도내,승용,여,44세,상해없음,보행자,여,67세,경상
2021053000100145,2021년 5월 30일 12시,일요일,대구광역시 중구 동성로3가,경상사고,0,0,1,1,차대차 - 기타,안전운전불이행,건조,맑음,단일로 - 기타,이륜,남,55세,부상신고,이륜,남,47세,경상
2021053000100179,2021년 5월 30일 13시,일요일,대구광역시 수성구 연호동,경상사고,0,0,1,0,차대사람 - 기타,안전운전불이행,건조,맑음,기타 - 기타,승용,남,51세,상해없음,보행자,남,20세,경상
2021053000100221,2021년 5월 30일 14시,일요일,대구광역시 수성구 만촌동,중상사고,0,1,0,0,차대차 - 추돌,안전운전불이행,건조,맑음,교차로 - 교차로부근,승용,남,63세,상해없음,승용,남,45세,상해없음
2021053000100222,2021년 5월 30일 14시,일요일,대구광역시 수성구 상동,경상사고,0,0,3,0,차대차 - 측면충돌,안전운전불이행,건조,맑음,단일로 - 기타,승용,여,45세,경상,승용,여,28세,경상
2021053000100257,2021년 5월 30일 15시,일요일,대구광역시 동구 신천동,경상사고,0,0,1,0,차대차 - 측면충돌,안전거리미확보,건조,맑음,단일로 - 기타,승용,남,77세,상해없음,승용,남,67세,경상
2021053000100258,2021년 5월 30일 15시,일요일,대구광역시 동구 신암동,경상사고,0,0,1,0,차대차 - 측면충돌,안전운전불이행,건조,맑음,교차로 - 교차로부근,승용,여,69세,상해없음,자전거,남,65세,경상
2021053000100259,2021년 5월 30일 15시,일요일,대구광역시 동구 효목동,부상신고사고,0,0,0,1,차대차 - 기타,안전운전불이행,건조,맑음,단일로 - 기타,승용,남,53세,상해없음,자전거,남,77세,부상신고
2021053000100260,2021년 5월 30일 15시,일요일,대구광역시 중구 화전동,부상신고사고,0,0,0,1,차대차 - 기타,안전운전불이행,건조,맑음,단일로 - 기타,승용,남,50세,상해없음,이륜,남,49세,부상신고
2021053000100293,2021년 5월 30일 16시,일요일,대구광역시 수성구 욱수동,경상사고,0,0,1,0,차대차 - 추돌,안전운전불이행,건조,맑음,단일로 - 기타,승용,남,41세,상해없음,이륜,남,55세,경상
2021053000100294,2021년 5월 30일 16시,일요일,대구광역시 북구 산격동,경상사고,0,0,1,0,차대차 - 후진중충돌,교차로운행방법위반,건조,맑음,교차로 - 교차로부근,승용,남,48세,상해없음,승용,남,32세,경상
2021053000100362,2021년 5월 30일 18시,일요일,대구광역시 달서구 월암동,경상사고,0,0,2,0,차대차 - 추돌,안전운전불이행,건조,맑음,단일로 - 기타,승용,남,72세,상해없음,승용,여,44세,경상
2021053000100365,2021년 5월 30일 18시,일요일,대구광역시 동구 신기동,경상사고,0,0,1,0,차대차 - 측면충돌,안전운전불이행,건조,맑음,교차로 - 교차로안,승용,남,41세,상해없음,이륜,남,28세,상해없음
2021053000100366,2021년 5월 30일 18시,일요일,대구광역시 동구 각산동,경상사고,0,0,1,0,차대차 - 기타,안전운전불이행,건조,맑음,단일로 - 기타,승용,여,41세,상해없음,화물,남,34세,경상
2021053000100396,2021년 5월 30일 19시,일요일,대구광역시 동구 지저동,경상사고,0,0,1,0,차대차 - 측면충돌,안전운전불이행,건조,맑음,교차로 - 교차로안,승용,남,45세,상해없음,승용,여,61세,경상
2021053000100397,2021년 5월 30일 19시,일요일,대구광역시 달서구 장기동,중상사고,0,1,0,0,차대차 - 측면충돌,안전운전불이행,건조,맑음,교차로 - 교차로부근,승용,남,67세,상해없음,자전거,남,62세,중상
2021053000100398,2021년 5월 30일 19시,일요일,대구광역시 달서구 두류동,경상사고,0,0,1,0,차대차 - 측면충돌,안전운전불이행,건조,맑음,단일로 - 기타,승용,남,40세,상해없음,이륜,남,29세,경상
2021053100100007,2021년 5월 31일 01시,월요일,대구광역시 달서구 송현동,중상사고,0,1,1,0,차대차 - 측면충돌,신호위반,건조,맑음,교차로 - 교차로안,이륜,남,20세,중상,승용,남,38세,경상
2021053100100011,2021년 5월 31일 02시,월요일,대구광역시 서구 이현동,경상사고,0,0,1,0,차대차 - 기타,안전운전불이행,건조,맑음,교차로 - 교차로안,화물,남,33세,상해없음,승용,남,59세,경상
2021053100100032,2021년 5월 31일 06시,월요일,대구광역시 달서구 대천동,경상사고,0,0,2,0,차대차 - 측면충돌,교차로운행방법위반,건조,맑음,교차로 - 교차로안,승용,남,64세,상해없음,승용,남,41세,경상
2021053100100033,2021년 5월 31일 06시,월요일,대구광역시 달서구 송현동,경상사고,0,0,4,0,차대차 - 추돌,안전거리미확보,젖음/습기,비,단일로 - 기타,승용,남,31세,상해없음,승용,남,64세,경상
2021053100100050,2021년 5월 31일 07시,월요일,대구광역시 달서구 대곡동,경상사고,0,0,1,1,차대차 - 기타,안전거리미확보,건조,맑음,단일로 - 기타,승용,여,42세,부상신고,승용,남,60세,경상
2021053100100051,2021년 5월 31일 07시,월요일,대구광역시 달서구 송현동,경상사고,0,0,1,1,차대차 - 측면충돌,안전운전불이행,건조,맑음,단일로 - 기타,승용,남,48세,상해없음,승용,남,28세,경상
2021053100100080,2021년 5월 31일 08시,월요일,대구광역시 달서구 성당동,경상사고,0,0,2,0,차대차 - 측면충돌,기타,건조,맑음,단일로 - 기타,승용,남,67세,상해없음,승용,남,46세,경상
2021053100100114,2021년 5월 31일 09시,월요일,대구광역시 달서구 용산동,경상사고,0,0,1,0,차대사람 - 기타,안전운전불이행,건조,맑음,단일로 - 기타,화물,남,60세,상해없음,보행자,여,48세,경상
2021053100100143,2021년 5월 31일 10시,월요일,대구광역시 서구 중리동,중상사고,0,1,0,0,차대차 - 측면충돌,안전운전불이행,건조,맑음,단일로 - 기타,건설기계,남,60세,상해없음,승용,남,35세,중상
2021053100100144,2021년 5월 31일 10시,월요일,대구광역시 달서구 성당동,중상사고,0,1,0,0,차대사람 - 횡단중,보행자보호의무위반,건조,맑음,교차로 - 교차로횡단보도내,승용,남,51세,상해없음,보행자,여,73세,중상
2021053100100174,2021년 5월 31일 11시,월요일,대구광역시 동구 지저동,경상사고,0,0,2,0,차대차 - 측면충돌,안전운전불이행,건조,맑음,단일로 - 기타,화물,남,60세,상해없음,승용,남,42세,경상
2021053100100225,2021년 5월 31일 13시,월요일,대구광역시 달서구 장동,중상사고,0,1,0,0,차대사람 - 횡단중,보행자보호의무위반,건조,맑음,교차로 - 교차로횡단보도내,화물,남,58세,상해없음,보행자,남,60세,중상
2021053100100262,2021년 5월 31일 14시,월요일,대구광역시 달서구 두류동,중상사고,0,1,0,0,차대차 - 기타,안전운전불이행,건조,맑음,단일로 - 기타,화물,남,59세,상해없음,이륜,남,27세,중상
2021053100100340,2021년 5월 31일 16시,월요일,대구광역시 남구 대명동,경상사고,0,0,1,0,차대사람 - 기타,안전운전불이행,건조,맑음,단일로 - 기타,승용,남,69세,상해없음,보행자,남,66세,경상
2021053100100341,2021년 5월 31일 16시,월요일,대구광역시 달서구 대곡동,경상사고,0,0,1,0,차대차 - 측면충돌,차로위반,건조,맑음,단일로 - 기타,이륜,남,53세,상해없음,승용,여,56세,경상
2021053100100342,2021년 5월 31일 16시,월요일,대구광역시 달서구 월성동,경상사고,0,0,1,0,차대차 - 측면충돌,안전운전불이행,건조,맑음,교차로 - 교차로안,승용,남,81세,상해없음,승용,여,40세,경상
2021053100100343,2021년 5월 31일 16시,월요일,대구광역시 달성군 옥포읍,경상사고,0,0,1,0,차대차 - 기타,안전운전불이행,건조,맑음,교차로 - 교차로안,이륜,남,61세,경상,승용,남,49세,상해없음
2021053100100344,2021년 5월 31일 16시,월요일,대구광역시 북구 칠성동2가,경상사고,0,0,1,0,차대차 - 기타,교차로운행방법위반,건조,맑음,교차로 - 교차로안,이륜,남,77세,경상,승용,남,74세,상해없음
2021053100100345,2021년 5월 31일 16시,월요일,대구광역시 달서구 용산동,부상신고사고,0,0,0,1,차대차 - 기타,안전운전불이행,건조,맑음,단일로 - 기타,자전거,남,12세,부상신고,승용,남,44세,상해없음
2021053100100387,2021년 5월 31일 17시,월요일,대구광역시 중구 태평로3가,중상사고,0,1,0,0,차대차 - 측면충돌,안전운전불이행,건조,맑음,교차로 - 교차로부근,승용,여,56세,상해없음,이륜,남,46세,중상
2021053100100388,2021년 5월 31일 17시,월요일,대구광역시 중구 공평동,경상사고,0,0,3,0,차대차 - 측면충돌,안전운전불이행,건조,맑음,단일로 - 기타,승용,여,26세,경상,승용,남,42세,경상
2021053100100426,2021년 5월 31일 18시,월요일,대구광역시 달성군 유가읍,부상신고사고,0,0,0,1,차대차 - 측면충돌,안전운전불이행,건조,맑음,교차로 - 교차로안,승용,남,72세,상해없음,자전거,남,12세,부상신고
2021053100100427,2021년 5월 31일 18시,월요일,대구광역시 달서구 죽전동,경상사고,0,0,1,0,차대차 - 기타,안전운전불이행,건조,맑음,단일로 - 기타,승용,남,48세,상해없음,개인형이동수단(PM),남,8세,경상
2021053100100461,2021년 5월 31일 19시,월요일,대구광역시 달성군 가창면,경상사고,0,0,1,0,차대차 - 추돌,안전거리미확보,건조,맑음,교차로 - 교차로부근,화물,남,57세,상해없음,승용,여,62세,경상
2021053100100488,2021년 5월 31일 20시,월요일,대구광역시 달서구 두류동,경상사고,0,0,1,0,차대차 - 측면충돌,신호위반,건조,맑음,교차로 - 교차로부근,승용,여,60세,상해없음,자전거,남,13세,경상
2021053100100489,2021년 5월 31일 20시,월요일,대구광역시 남구 대명동,경상사고,0,0,1,0,차대차 - 추돌,안전운전불이행,건조,맑음,교차로 - 교차로안,승용,남,50세,상해없음,승용,남,48세,경상
2021053100100511,2021년 5월 31일 21시,월요일,대구광역시 남구 봉덕동,경상사고,0,0,3,0,차대차 - 측면충돌,교차로운행방법위반,건조,맑음,교차로 - 교차로안,화물,남,60세,상해없음,승용,남,29세,경상
2021053100100512,2021년 5월 31일 21시,월요일,대구광역시 서구 비산동,부상신고사고,0,0,0,1,차대사람 - 기타,안전운전불이행,건조,맑음,기타 - 기타,승용,남,70세,상해없음,보행자,남,42세,부상신고
2021053100100513,2021년 5월 31일 21시,월요일,대구광역시 북구 동천동,경상사고,0,0,1,0,차대사람 - 기타,안전운전불이행,건조,맑음,단일로 - 기타,기타불명,기타불명,미분류,기타불명,보행자,여,52세,경상
2021053100100546,2021년 5월 31일 23시,월요일,대구광역시 수성구 범물동,경상사고,0,0,2,0,차대차 - 추돌,신호위반,건조,맑음,교차로 - 교차로안,승용,남,22세,상해없음,승용,남,32세,경상
2021060100100009,2021년 6월 1일 00시,화요일,대구광역시 달성군 논공읍,경상사고,0,0,2,1,차대차 - 측면충돌,안전운전불이행,건조,맑음,교차로 - 교차로안,화물,남,50세,부상신고,승용,남,68세,경상
2021060100100017,2021년 6월 1일 01시,화요일,대구광역시 달서구 월성동,경상사고,0,0,1,0,차대차 - 측면충돌,신호위반,건조,맑음,교차로 - 교차로안,승용,남,54세,상해없음,승용,여,40세,경상
2021060100100018,2021년 6월 1일 01시,화요일,대구광역시 서구 중리동,경상사고,0,0,3,0,차대차 - 추돌,안전운전불이행,건조,맑음,교차로 - 교차로부근,승용,남,38세,상해없음,승용,여,29세,경상
2021060100100113,2021년 6월 1일 08시,화요일,대구광역시 수성구 수성동2가,경상사고,0,0,1,1,차대차 - 측면충돌,안전거리미확보,건조,맑음,교차로 - 교차로부근,승용,남,42세,부상신고,승용,여,50세,경상
2021060100100144,2021년 6월 1일 09시,화요일,대구광역시 수성구 상동,중상사고,0,1,0,0,차대차 - 기타,안전운전불이행,건조,맑음,교차로 - 교차로안,승용,남,44세,상해없음,이륜,남,64세,중상
2021060100100145,2021년 6월 1일 09시,화요일,대구광역시 달서구 진천동,경상사고,0,0,1,0,차대차 - 측면충돌,안전운전불이행,건조,맑음,단일로 - 기타,화물,남,35세,상해없음,자전거,남,70세,경상
2021060100100146,2021년 6월 1일 09시,화요일,대구광역시 달서구 상인동,중상사고,0,1,0,0,차대사람 - 횡단중,보행자보호의무위반,건조,맑음,교차로 - 교차로횡단보도내,승용,남,63세,상해없음,보행자,여,70세,중상
2021060100100147,2021년 6월 1일 09시,화요일,대구광역시 북구 관음동,경상사고,0,0,2,0,차대차 - 후진중충돌,안전운전불이행,건조,맑음,교차로 - 교차로부근,승용,여,53세,상해없음,승용,남,39세,경상
2021060100100172,2021년 6월 1일 10시,화요일,대구광역시 수성구 고모동,경상사고,0,0,1,0,차대차 - 측면충돌,안전운전불이행,건조,맑음,교차로 - 교차로안,승용,남,78세,상해없음,이륜,남,40세,경상
2021060100100173,2021년 6월 1일 10시,화요일,대구광역시 달서구 용산동,경상사고,0,0,1,0,차대차 - 측면충돌,안전거리미확보,건조,맑음,교차로 - 교차로안,이륜,남,38세,경상,승용,남,41세,상해없음
2021060100100196,2021년 6월 1일 11시,화요일,대구광역시 수성구 수성동1가,중상사고,0,1,0,0,차대차 - 기타,안전운전불이행,건조,맑음,교차로 - 교차로횡단보도내,승용,남,31세,상해없음,자전거,여,65세,중상
2021060100100197,2021년 6월 1일 11시,화요일,대구광역시 수성구 파동,경상사고,0,0,1,0,차대차 - 추돌,안전운전불이행,건조,맑음,기타 - 기타,승합,남,25세,상해없음,화물,남,26세,경상
2021060100100198,2021년 6월 1일 11시,화요일,대구광역시 달서구 성당동,경상사고,0,0,1,0,차대차 - 측면충돌,안전운전불이행,건조,맑음,단일로 - 기타,승용,남,65세,상해없음,승용,남,60세,경상
2021060100100199,2021년 6월 1일 11시,화요일,대구광역시 달서구 두류동,경상사고,0,0,2,0,차대차 - 측면충돌,안전운전불이행,건조,맑음,교차로 - 교차로안,이륜,남,53세,경상,승용,여,40세,경상
2021060100100235,2021년 6월 1일 12시,화요일,대구광역시 달서구 상인동,경상사고,0,0,1,1,차대차 - 측면충돌,안전운전불이행,건조,맑음,단일로 - 기타,특수,남,35세,부상신고,승용,여,55세,경상
2021060100100236,2021년 6월 1일 12시,화요일,대구광역시 달서구 월성동,경상사고,0,0,1,0,차대사람 - 횡단중,안전운전불이행,건조,맑음,교차로 - 교차로부근,승용,여,63세,상해없음,보행자,남,8세,경상
2021060100100272,2021년 6월 1일 13시,화요일,대구광역시 수성구 두산동,경상사고,0,0,1,0,차대차 - 기타,안전운전불이행,건조,맑음,단일로 - 기타,승합,남,46세,상해없음,승용,남,33세,경상
2021060100100273,2021년 6월 1일 13시,화요일,대구광역시 달서구 진천동,경상사고,0,0,1,0,차대사람 - 길가장자리구역통행중,안전운전불이행,건조,맑음,단일로 - 기타,승용,여,58세,상해없음,보행자,여,69세,경상
2021060100100274,2021년 6월 1일 13시,화요일,대구광역시 달서구 본동,경상사고,0,0,1,0,차대차 - 측면충돌,안전운전불이행,건조,맑음,단일로 - 기타,승용,남,76세,상해없음,승용,여,63세,경상
2021060100100275,2021년 6월 1일 13시,화요일,대구광역시 달성군 다사읍,중상사고,0,1,0,0,차대차 - 기타,안전운전불이행,건조,맑음,단일로 - 기타,이륜,남,47세,중상,승용,남,35세,상해없음
2021060100100276,2021년 6월 1일 13시,화요일,대구광역시 달서구 본리동,경상사고,0,0,1,0,차대차 - 측면충돌,교차로운행방법위반,건조,맑음,교차로 - 교차로안,승용,여,60세,상해없음,이륜,남,24세,경상
2021060100100277,2021년 6월 1일 13시,화요일,대구광역시 북구 서변동,중상사고,0,1,0,0,차대차 - 측면충돌,안전거리미확보,건조,맑음,단일로 - 기타,건설기계,남,53세,상해없음,승용,남,68세,중상
2021060100100310,2021년 6월 1일 14시,화요일,대구광역시 남구 봉덕동,경상사고,0,0,2,0,차대차 - 측면충돌,안전운전불이행,건조,맑음,단일로 - 기타,승용,남,66세,상해없음,이륜,남,25세,경상
2021060100100311,2021년 6월 1일 14시,화요일,대구광역시 수성구 지산동,중상사고,0,1,1,0,차대차 - 기타,교차로운행방법위반,건조,맑음,교차로 - 교차로안,승용,여,50세,중상,승용,남,30세,경상
2021060100100312,2021년 6월 1일 14시,화요일,대구광역시 달서구 월성동,경상사고,0,0,2,0,차대차 - 측면충돌,안전거리미확보,건조,맑음,기타 - 기타,승용,여,31세,경상,승용,여,43세,경상
2021060100100351,2021년 6월 1일 15시,화요일,대구광역시 동구 봉무동,경상사고,0,0,4,0,차대차 - 측면충돌,신호위반,건조,맑음,단일로 - 기타,승용,남,51세,상해없음,승용,남,48세,경상
2021060100100352,2021년 6월 1일 15시,화요일,대구광역시 달서구 월성동,경상사고,0,0,1,0,차대사람 - 횡단중,보행자보호의무위반,건조,맑음,교차로 - 교차로횡단보도내,승용,여,41세,기타불명,보행자,남,38세,경상
2021060100100353,2021년 6월 1일 15시,화요일,대구광역시 달성군 구지면,중상사고,0,1,0,0,차대차 - 측면충돌,안전운전불이행,건조,맑음,단일로 - 기타,건설기계,남,53세,상해없음,원동기,남,45세,중상
2021060100100398,2021년 6월 1일 16시,화요일,대구광역시 동구 신기동,경상사고,0,0,1,0,차대사람 - 차도통행중,안전운전불이행,건조,맑음,단일로 - 기타,승용,남,69세,상해없음,보행자,여,68세,경상
2021060100100399,2021년 6월 1일 16시,화요일,대구광역시 서구 내당동,경상사고,0,0,2,0,차대차 - 측면충돌,안전운전불이행,건조,맑음,교차로 - 교차로부근,승용,남,27세,경상,승용,남,64세,경상
2021060100100447,2021년 6월 1일 17시,화요일,대구광역시 동구 신천동,경상사고,0,0,1,0,차대차 - 추돌,안전운전불이행,건조,맑음,단일로 - 기타,승용,남,41세,기타불명,승용,여,27세,경상
2021060100100448,2021년 6월 1일 17시,화요일,대구광역시 달서구 상인동,경상사고,0,0,1,0,차대차 - 측면충돌,직진우회전진행방해,건조,맑음,교차로 - 교차로안,이륜,남,61세,상해없음,이륜,남,36세,경상
2021060100100449,2021년 6월 1일 17시,화요일,대구광역시 북구 대현동,중상사고,0,1,0,0,차대차 - 측면충돌,안전운전불이행,건조,맑음,교차로 - 교차로횡단보도내,승용,남,58세,상해없음,자전거,남,66세,중상
2021060100100450,2021년 6월 1일 17시,화요일,대구광역시 달서구 두류동,경상사고,0,0,2,0,차대차 - 추돌,안전거리미확보,건조,맑음,단일로 - 기타,이륜,남,31세,경상,승용,남,66세,상해없음
2021060100100488,2021년 6월 1일 18시,화요일,대구광역시 수성구 황금동,부상신고사고,0,0,0,1,차대차 - 측면충돌,안전운전불이행,건조,맑음,단일로 - 기타,기타불명,기타불명,미분류,기타불명,자전거,남,12세,부상신고
2021060100100489,2021년 6월 1일 18시,화요일,대구광역시 달서구 두류동,중상사고,0,1,0,0,차대사람 - 횡단중,안전운전불이행,건조,맑음,교차로 - 교차로부근,승용,여,51세,상해없음,보행자,남,61세,중상
2021060100100525,2021년 6월 1일 19시,화요일,대구광역시 달성군 화원읍,경상사고,0,0,1,0,차대차 - 측면충돌,안전운전불이행,건조,맑음,단일로 - 기타,승용,남,63세,상해없음,승용,여,27세,경상
2021060100100526,2021년 6월 1일 19시,화요일,대구광역시 북구 침산동,경상사고,0,0,1,0,차대사람 - 횡단중,신호위반,건조,맑음,교차로 - 교차로안,이륜,남,59세,상해없음,보행자,남,9세,경상
2021060100100527,2021년 6월 1일 19시,화요일,대구광역시 북구 태전동,경상사고,0,0,1,0,차량단독 - 기타,안전운전불이행,건조,맑음,단일로 - 기타,개인형이동수단(PM),남,48세,경상,,,,
2021060100100559,2021년 6월 1일 20시,화요일,대구광역시 북구 구암동,경상사고,0,0,1,0,차대차 - 측면충돌,안전운전불이행,건조,맑음,단일로 - 고가도로위,승합,남,52세,상해없음,자전거,여,62세,경상
2021060100100581,2021년 6월 1일 21시,화요일,대구광역시 달성군 가창면,중상사고,0,2,0,0,차대차 - 기타,안전운전불이행,건조,맑음,교차로 - 교차로부근,자전거,여,37세,중상,자전거,남,39세,중상
2021060100100582,2021년 6월 1일 21시,화요일,대구광역시 중구 덕산동,경상사고,0,0,1,0,차대차 - 기타,안전거리미확보,건조,맑음,단일로 - 기타,승용,남,26세,상해없음,이륜,남,36세,경상
2021060100100583,2021년 6월 1일 21시,화요일,대구광역시 중구 봉산동,중상사고,0,1,2,2,차대차 - 기타,안전거리미확보,건조,맑음,단일로 - 기타,승용,여,39세,부상신고,승용,남,24세,중상
2021060100100584,2021년 6월 1일 21시,화요일,대구광역시 달서구 감삼동,중상사고,0,1,0,0,차대사람 - 횡단중,안전운전불이행,건조,맑음,교차로 - 교차로부근,승용,여,42세,상해없음,보행자,남,29세,중상
2021060100100608,2021년 6월 1일 22시,화요일,대구광역시 달서구 월성동,경상사고,0,0,1,0,차대차 - 정면충돌,신호위반,건조,맑음,교차로 - 교차로안,이륜,남,48세,상해없음,이륜,남,66세,경상
2021060100100609,2021년 6월 1일 22시,화요일,대구광역시 달성군 현풍읍,경상사고,0,0,1,0,차대차 - 추돌,안전운전불이행,기타,맑음,단일로 - 기타,승용,남,54세,상해없음,승용,남,29세,경상
2021060100100610,2021년 6월 1일 22시,화요일,대구광역시 서구 비산동,사망사고,1,0,0,0,차대사람 - 차도통행중,안전운전불이행,건조,맑음,단일로 - 기타,승용,남,53세,상해없음,보행자,남,57세,사망
2021060100100622,2021년 6월 1일 23시,화요일,대구광역시 달성군 다사읍,중상사고,0,1,0,0,차대차 - 기타,안전운전불이행,건조,맑음,기타 - 기타,화물,남,45세,상해없음,자전거,남,51세,중상
2021060200100041,2021년 6월 2일 06시,수요일,대구광역시 남구 이천동,사망사고,1,0,0,0,차대사람 - 횡단중,신호위반,건조,맑음,교차로 - 교차로횡단보도내,이륜,남,57세,상해없음,보행자,여,60세,사망
2021060200100058,2021년 6월 2일 07시,수요일,대구광역시 수성구 두산동,경상사고,0,0,1,0,차대차 - 기타,안전운전불이행,건조,맑음,단일로 - 기타,승용,남,31세,상해없음,자전거,남,27세,경상
2021060200100100,2021년 6월 2일 08시,수요일,대구광역시 동구 동호동,경상사고,0,0,1,0,차대차 - 측면충돌,교차로운행방법위반,건조,맑음,교차로 - 교차로안,승용,여,39세,상해없음,자전거,남,63세,경상
2021060200100101,2021년 6월 2일 08시,수요일,대구광역시 중구 삼덕동2가,경상사고,0,0,1,2,차대차 - 기타,안전운전불이행,건조,맑음,단일로 - 기타,승용,남,22세,부상신고,승합,남,65세,경상
2021060200100166,2021년 6월 2일 10시,수요일,대구광역시 달서구 송현동,경상사고,0,0,1,0,차대차 - 측면충돌,안전운전불이행,건조,맑음,단일로 - 기타,승용,남,30세,상해없음,자전거,남,60세,경상
2021060200100202,2021년 6월 2일 11시,수요일,대구광역시 북구 노원동3가,경상사고,0,0,1,0,차대차 - 측면충돌,기타,건조,맑음,단일로 - 기타,승용,여,52세,상해없음,이륜,남,26세,경상
2021060200100203,2021년 6월 2일 11시,수요일,대구광역시 서구 비산동,경상사고,0,0,1,0,차대차 - 후진중충돌,안전운전불이행,건조,맑음,단일로 - 기타,화물,남,68세,상해없음,승용,여,34세,경상
2021060200100204,2021년 6월 2일 11시,수요일,대구광역시 중구 포정동,부상신고사고,0,0,0,1,차대사람 - 횡단중,안전운전불이행,건조,맑음,교차로 - 교차로안,기타불명,기타불명,미분류,기타불명,보행자,여,60세,부상신고
2021060200100205,2021년 6월 2일 11시,수요일,대구광역시 북구 읍내동,중상사고,0,1,0,0,차대사람 - 보도통행중,보행자보호의무위반,건조,맑음,교차로 - 교차로횡단보도내,건설기계,남,61세,상해없음,보행자,여,81세,중상
2021060200100233,2021년 6월 2일 12시,수요일,대구광역시 달서구 갈산동,경상사고,0,0,1,0,차대차 - 측면충돌,안전운전불이행,건조,맑음,교차로 - 교차로부근,승용,남,31세,상해없음,승용,여,31세,경상
2021060200100234,2021년 6월 2일 12시,수요일,대구광역시 북구 서변동,중상사고,0,1,0,0,차대차 - 측면충돌,신호위반,건조,맑음,교차로 - 교차로안,승용,남,55세,기타불명,이륜,남,44세,중상
2021060200100262,2021년 6월 2일 13시,수요일,대구광역시 남구 대명동,경상사고,0,0,1,0,차대차 - 측면충돌,안전운전불이행,건조,맑음,단일로 - 기타,승용,남,57세,상해없음,자전거,남,59세,경상