사고번호,사고일시,요일,시군구,사고내용,사망자수,중상자수,경상자수,부상신고자수,사고유형,법규위반,노면상태,기상상태,도로형태,가해운전자 차종,가해운전자 성별,가해운전자 연령,가해운전자 상해정도,피해운전자 차종,피해운전자 성별,피해운전자 연령,피해운전자 상해정도
2021060800100463,2021년 6월 8일 18시,화요일,대구광역시 중구 덕산동,경상사고,0,0,1,1,차대차 - 측면충돌,차로위반,건조,맑음,단일로 - 기타,승용,여,39세,상해없음,이륜,남,22세,경상
2021060800100499,2021년 6월 8일 19시,화요일,대구광역시 북구 고성동3가,경상사고,0,0,1,0,차대사람 - 보도통행중,기타,건조,맑음,기타 - 기타,승용,남,43세,상해없음,보행자,남,68세,경상
2021060800100500,2021년 6월 8일 19시,화요일,대구광역시 북구 동천동,경상사고,0,0,1,0,차대차 - 측면충돌,차로위반,건조,맑음,교차로 - 교차로안,승용,여,29세,상해없음,이륜,남,20세,경상
2021060800100526,2021년 6월 8일 20시,화요일,대구광역시 달서구 월암동,경상사고,0,0,1,0,차대차 - 측면충돌,안전운전불이행,건조,맑음,단일로 - 기타,승용,남,28세,상해없음,승용,여,52세,경상
2021060800100527,2021년 6월 8일 20시,화요일,대구광역시 남구 대명동,경상사고,0,0,1,0,차대차 - 측면충돌,불법유턴,건조,맑음,단일로 - 기타,승용,남,19세,상해없음,이륜,남,38세,경상
2021060800100528,2021년 6월 8일 20시,화요일,대구광역시 달서구 감삼동,경상사고,0,0,1,0,차대사람 - 기타,안전운전불이행,건조,맑음,단일로 - 기타,승용,남,76세,상해없음,보행자,남,53세,경상
2021060800100550,2021년 6월 8일 21시,화요일,대구광역시 동구 신암동,경상사고,0,0,1,0,차대차 - 정면충돌,안전운전불이행,건조,맑음,단일로 - 기타,승용,남,34세,상해없음,자전거,여,54세,경상
2021060800100574,2021년 6월 8일 22시,화요일,대구광역시 북구 복현동,경상사고,0,0,1,0,차대차 - 측면충돌,신호위반,건조,맑음,교차로 - 교차로부근,이륜,남,40세,경상,승용,여,52세,상해없음
2021060800100596,2021년 6월 8일 23시,화요일,대구광역시 수성구 두산동,경상사고,0,0,1,0,차대사람 - 횡단중,보행자보호의무위반,건조,맑음,단일로 - 기타,승용,남,65세,기타불명,보행자,남,48세,경상
2021060900100016,2021년 6월 9일 02시,수요일,대구광역시 중구 삼덕동2가,중상사고,0,1,0,0,차대차 - 측면충돌,안전운전불이행,건조,맑음,단일로 - 기타,자전거,남,78세,중상,이륜,남,28세,상해없음
2021060900100034,2021년 6월 9일 06시,수요일,대구광역시 달서구 호산동,경상사고,0,0,1,0,차대차 - 추돌,안전거리미확보,건조,맑음,단일로 - 기타,승용,여,43세,상해없음,승용,남,67세,경상
2021060900100058,2021년 6월 9일 07시,수요일,대구광역시 남구 대명동,경상사고,0,0,1,0,차대차 - 측면충돌,안전운전불이행,건조,맑음,단일로 - 지하차도(도로)내,승용,남,30세,상해없음,자전거,남,13세,경상
2021060900100059,2021년 6월 9일 07시,수요일,대구광역시 달서구 대천동,경상사고,0,0,1,0,차대차 - 기타,불법유턴,건조,맑음,단일로 - 기타,화물,남,59세,상해없음,승용,남,28세,경상
2021060900100060,2021년 6월 9일 07시,수요일,대구광역시 중구 남일동,경상사고,0,0,1,1,차대차 - 측면충돌,안전운전불이행,건조,맑음,교차로 - 교차로부근,자전거,남,66세,부상신고,이륜,여,32세,경상
2021060900100098,2021년 6월 9일 08시,수요일,대구광역시 동구 율하동,부상신고사고,0,0,0,1,차대차 - 측면충돌,안전운전불이행,건조,맑음,단일로 - 기타,자전거,남,73세,부상신고,승용,여,27세,상해없음
2021060900100099,2021년 6월 9일 08시,수요일,대구광역시 수성구 가천동,경상사고,0,0,1,1,차대차 - 추돌,안전운전불이행,건조,맑음,단일로 - 기타,승용,남,36세,부상신고,승용,여,48세,경상
2021060900100100,2021년 6월 9일 08시,수요일,대구광역시 달서구 성당동,경상사고,0,0,2,0,차대차 - 측면충돌,교차로운행방법위반,건조,맑음,교차로 - 교차로안,승용,남,29세,경상,이륜,남,15세,경상
2021060900100132,2021년 6월 9일 09시,수요일,대구광역시 달서구 본리동,경상사고,0,0,1,0,차대차 - 측면충돌,안전운전불이행,건조,맑음,교차로 - 교차로안,자전거,남,67세,경상,승용,여,38세,상해없음
2021060900100152,2021년 6월 9일 10시,수요일,대구광역시 수성구 삼덕동,경상사고,0,0,2,0,차대차 - 기타,안전운전불이행,건조,맑음,단일로 - 기타,승용,여,55세,경상,승용,남,65세,경상
2021060900100186,2021년 6월 9일 11시,수요일,대구광역시 북구 대현동,경상사고,0,0,1,0,차대차 - 측면충돌,안전운전불이행,건조,맑음,단일로 - 기타,화물,남,53세,상해없음,승용,여,54세,경상
2021060900100187,2021년 6월 9일 11시,수요일,대구광역시 북구 서변동,경상사고,0,0,1,0,차대차 - 추돌,안전거리미확보,건조,맑음,단일로 - 기타,승용,남,82세,상해없음,승용,여,29세,경상
2021060900100223,2021년 6월 9일 12시,수요일,대구광역시 달서구 송현동,경상사고,0,0,2,0,차대차 - 측면충돌,교차로운행방법위반,건조,맑음,교차로 - 교차로안,승용,여,61세,경상,승용,남,27세,경상
2021060900100224,2021년 6월 9일 12시,수요일,대구광역시 달서구 송현동,경상사고,0,0,2,0,차대차 - 측면충돌,안전운전불이행,건조,맑음,단일로 - 기타,승용,남,44세,기타불명,승합,남,52세,경상
2021060900100256,2021년 6월 9일 13시,수요일,대구광역시 동구 지저동,경상사고,0,0,1,0,차대사람 - 기타,안전운전불이행,건조,맑음,단일로 - 기타,화물,남,37세,상해없음,보행자,남,67세,경상
2021060900100257,2021년 6월 9일 13시,수요일,대구광역시 수성구 만촌동,중상사고,0,1,1,0,차대차 - 기타,안전운전불이행,건조,맑음,교차로 - 교차로안,이륜,남,24세,중상,승용,여,48세,경상
2021060900100258,2021년 6월 9일 13시,수요일,대구광역시 달서구 용산동,경상사고,0,0,1,0,차대차 - 측면충돌,안전운전불이행,건조,맑음,교차로 - 교차로부근,승용,남,68세,상해없음,승용,여,49세,경상
2021060900100294,2021년 6월 9일 14시,수요일,대구광역시 남구 대명동,중상사고,0,1,0,0,차대차 - 측면충돌,교차로운행방법위반,건조,맑음,교차로 - 교차로안,승용,여,64세,상해없음,이륜,남,74세,중상
2021060900100295,2021년 6월 9일 14시,수요일,대구광역시 북구 대현동,경상사고,0,0,1,0,차대차 - 추돌,안전운전불이행,건조,맑음,교차로 - 교차로부근,승용,남,60세,상해없음,이륜,여,24세,경상
2021060900100296,2021년 6월 9일 14시,수요일,대구광역시 북구 침산동,경상사고,0,0,1,0,차대사람 - 기타,신호위반,건조,맑음,교차로 - 교차로횡단보도내,승용,여,69세,상해없음,보행자,여,7세,경상
2021060900100297,2021년 6월 9일 14시,수요일,대구광역시 달서구 신당동,경상사고,0,0,1,0,차대차 - 측면충돌,불법유턴,건조,맑음,단일로 - 기타,개인형이동수단(PM),여,18세,경상,승용,남,60세,상해없음
2021060900100298,2021년 6월 9일 14시,수요일,대구광역시 달서구 용산동,중상사고,0,1,1,0,차대차 - 측면충돌,중앙선침범,건조,맑음,교차로 - 교차로안,이륜,남,27세,중상,승용,여,55세,경상
2021060900100333,2021년 6월 9일 15시,수요일,대구광역시 수성구 수성동4가,경상사고,0,0,1,0,차대차 - 기타,안전운전불이행,건조,맑음,단일로 - 기타,승용,여,50세,상해없음,승용,남,48세,경상
2021060900100370,2021년 6월 9일 16시,수요일,대구광역시 동구 신서동,중상사고,0,1,0,0,차대사람 - 횡단중,안전운전불이행,건조,맑음,단일로 - 기타,기타불명,기타불명,미분류,기타불명,보행자,여,13세,중상
2021060900100371,2021년 6월 9일 16시,수요일,대구광역시 수성구 황금동,경상사고,0,0,1,0,차대차 - 측면충돌,안전거리미확보,건조,맑음,단일로 - 기타,승용,남,64세,상해없음,이륜,남,28세,경상
2021060900100372,2021년 6월 9일 16시,수요일,대구광역시 달서구 본리동,경상사고,0,0,1,0,차대차 - 측면충돌,안전거리미확보,건조,맑음,단일로 - 기타,화물,남,72세,상해없음,승용,남,28세,경상
2021060900100431,2021년 6월 9일 17시,수요일,대구광역시 달서구 진천동,중상사고,0,1,0,0,차대사람 - 기타,안전운전불이행,건조,맑음,단일로 - 기타,개인형이동수단(PM),여,17세,상해없음,보행자,여,62세,중상
2021060900100497,2021년 6월 9일 18시,수요일,대구광역시 동구 불로동,중상사고,0,1,1,0,차대차 - 측면충돌,안전거리미확보,건조,맑음,단일로 - 기타,승용,여,53세,상해없음,승용,여,34세,중상
2021060900100498,2021년 6월 9일 18시,수요일,대구광역시 수성구 만촌동,경상사고,0,0,1,0,차대차 - 기타,안전운전불이행,건조,맑음,교차로 - 교차로안,승용,여,46세,상해없음,이륜,남,25세,경상
2021060900100499,2021년 6월 9일 18시,수요일,대구광역시 달서구 월암동,경상사고,0,0,3,0,차대차 - 기타,교차로운행방법위반,건조,맑음,교차로 - 교차로안,승용,남,37세,상해없음,승용,남,46세,경상
2021060900100500,2021년 6월 9일 18시,수요일,대구광역시 북구 산격동,부상신고사고,0,0,0,1,차대차 - 기타,안전운전불이행,건조,맑음,교차로 - 교차로안,이륜,남,22세,부상신고,승용,남,67세,상해없음
2021060900100501,2021년 6월 9일 18시,수요일,대구광역시 북구 매천동,경상사고,0,0,1,0,차대차 - 측면충돌,교차로운행방법위반,건조,맑음,교차로 - 교차로안,승용,남,50세,기타불명,승용,남,65세,경상
2021060900100532,2021년 6월 9일 19시,수요일,대구광역시 수성구 범어동,경상사고,0,0,1,0,차대차 - 기타,안전운전불이행,건조,맑음,단일로 - 기타,승용,여,46세,상해없음,승용,남,36세,경상
2021060900100533,2021년 6월 9일 19시,수요일,대구광역시 북구 태전동,중상사고,0,1,0,0,차대차 - 측면충돌,안전운전불이행,건조,맑음,교차로 - 교차로부근,승용,남,51세,상해없음,이륜,남,35세,중상
2021060900100563,2021년 6월 9일 20시,수요일,대구광역시 달서구 도원동,경상사고,0,0,1,0,차대차 - 측면충돌,안전거리미확보,건조,맑음,교차로 - 교차로안,승용,남,56세,상해없음,승용,남,50세,경상
2021060900100564,2021년 6월 9일 20시,수요일,대구광역시 달서구 상인동,경상사고,0,0,2,0,차대차 - 측면충돌,안전운전불이행,건조,맑음,단일로 - 기타,이륜,남,57세,기타불명,승용,남,28세,경상
2021060900100591,2021년 6월 9일 21시,수요일,대구광역시 달서구 장기동,중상사고,0,1,1,0,차대차 - 측면충돌,신호위반,건조,맑음,교차로 - 교차로안,이륜,남,18세,중상,승용,여,28세,경상
2021060900100632,2021년 6월 9일 23시,수요일,대구광역시 달서구 도원동,경상사고,0,0,1,0,차량단독 - 공작물충돌,안전운전불이행,건조,맑음,단일로 - 기타,개인형이동수단(PM),여,20세,상해없음,,,,
2021060900100633,2021년 6월 9일 23시,수요일,대구광역시 북구 구암동,경상사고,0,0,1,0,차대차 - 기타,안전운전불이행,건조,맑음,단일로 - 기타,기타불명,기타불명,미분류,기타불명,승용,남,53세,경상
2021061000100070,2021년 6월 10일 07시,목요일,대구광역시 달서구 본리동,경상사고,0,0,1,1,차대차 - 측면충돌,중앙선침범,건조,맑음,단일로 - 기타,승용,남,36세,부상신고,화물,남,51세,경상
2021061000100071,2021년 6월 10일 07시,목요일,대구광역시 북구 노원동3가,중상사고,0,1,0,0,차대사람 - 기타,안전운전불이행,건조,맑음,단일로 - 기타,기타불명,남,63세,상해없음,보행자,여,62세,중상
2021061000100072,2021년 6월 10일 07시,목요일,대구광역시 서구 내당동,경상사고,0,0,1,0,차대차 - 측면충돌,안전거리미확보,건조,맑음,단일로 - 기타,승용,남,71세,상해없음,승용,남,52세,상해없음
2021061000100073,2021년 6월 10일 07시,목요일,대구광역시 달서구 신당동,경상사고,0,0,2,0,차대차 - 측면충돌,안전운전불이행,건조,맑음,단일로 - 기타,개인형이동수단(PM),남,15세,경상,승용,남,28세,경상
2021061000100074,2021년 6월 10일 07시,목요일,대구광역시 북구 태전동,경상사고,0,0,3,0,차대차 - 측면충돌,안전운전불이행,건조,맑음,단일로 - 기타,승용,여,54세,경상,승용,남,21세,경상
2021061000100105,2021년 6월 10일 08시,목요일,대구광역시 남구 대명동,경상사고,0,0,2,0,차대사람 - 횡단중,신호위반,건조,맑음,교차로 - 교차로횡단보도내,승용,남,25세,경상,보행자,여,8세,경상
2021061000100106,2021년 6월 10일 08시,목요일,대구광역시 달서구 진천동,경상사고,0,0,1,0,차대차 - 측면충돌,교차로운행방법위반,건조,맑음,교차로 - 교차로안,자전거,남,13세,경상,승용,여,54세,상해없음
2021061000100107,2021년 6월 10일 08시,목요일,대구광역시 서구 평리동,부상신고사고,0,0,0,1,차대차 - 측면충돌,안전운전불이행,건조,맑음,단일로 - 기타,승용,남,47세,부상신고,승용,여,32세,상해없음
2021061000100108,2021년 6월 10일 08시,목요일,대구광역시 달서구 두류동,경상사고,0,0,1,0,차대차 - 추돌,안전운전불이행,건조,맑음,교차로 - 교차로부근,화물,남,62세,상해없음,승합,남,34세,상해없음
2021061000100109,2021년 6월 10일 08시,목요일,대구광역시 북구 서변동,경상사고,0,0,1,0,차대차 - 측면충돌,차로위반,건조,맑음,단일로 - 지하차도(도로)내,건설기계,남,53세,상해없음,승용,여,49세,경상
2021061000100144,2021년 6월 10일 09시,목요일,대구광역시 수성구 범어동,부상신고사고,0,0,0,1,차대차 - 기타,안전운전불이행,건조,맑음,교차로 - 교차로횡단보도내,기타불명,기타불명,미분류,기타불명,자전거,여,50세,부상신고
2021061000100145,2021년 6월 10일 09시,목요일,대구광역시 달서구 감삼동,경상사고,0,0,1,0,차대차 - 측면충돌,안전거리미확보,건조,맑음,단일로 - 기타,화물,남,44세,상해없음,승용,여,23세,경상
2021061000100180,2021년 6월 10일 10시,목요일,대구광역시 남구 봉덕동,중상사고,0,2,3,0,차대차 - 측면충돌,안전거리미확보,건조,맑음,단일로 - 기타,건설기계,남,41세,상해없음,승용,남,81세,중상
2021061000100181,2021년 6월 10일 10시,목요일,대구광역시 북구 침산동,경상사고,0,0,1,0,차대차 - 기타,안전운전불이행,건조,맑음,단일로 - 기타,승용,남,20세,상해없음,화물,남,49세,경상
2021061000100250,2021년 6월 10일 12시,목요일,대구광역시 남구 대명동,경상사고,0,0,3,0,차대차 - 측면충돌,안전운전불이행,건조,맑음,교차로 - 교차로안,화물,남,57세,상해없음,승용,남,81세,경상
2021061000100251,2021년 6월 10일 12시,목요일,대구광역시 수성구 수성동2가,중상사고,0,1,0,0,차대사람 - 횡단중,보행자보호의무위반,건조,맑음,기타 - 기타,승용,여,34세,상해없음,보행자,남,81세,중상
2021061000100252,2021년 6월 10일 12시,목요일,대구광역시 달서구 송현동,경상사고,0,0,1,0,차대차 - 기타,기타,건조,맑음,단일로 - 기타,승용,남,56세,상해없음,이륜,남,41세,경상
2021061000100253,2021년 6월 10일 12시,목요일,대구광역시 서구 중리동,경상사고,0,0,1,0,차대차 - 추돌,안전운전불이행,건조,맑음,교차로 - 교차로부근,승용,여,39세,상해없음,승용,남,30세,경상
2021061000100254,2021년 6월 10일 12시,목요일,대구광역시 북구 동천동,경상사고,0,0,1,0,차대사람 - 횡단중,안전운전불이행,건조,맑음,단일로 - 지하차도(도로)내,승용,남,27세,상해없음,보행자,여,66세,경상
2021061000100282,2021년 6월 10일 13시,목요일,대구광역시 서구 평리동,경상사고,0,0,1,0,차대차 - 측면충돌,안전거리미확보,건조,맑음,교차로 - 교차로부근,개인형이동수단(PM),여,65세,경상,승용,남,46세,상해없음
2021061000100324,2021년 6월 10일 14시,목요일,대구광역시 남구 봉덕동,경상사고,0,0,1,0,차대차 - 측면충돌,기타,건조,맑음,단일로 - 기타,승용,여,35세,상해없음,이륜,남,25세,경상
2021061000100325,2021년 6월 10일 14시,목요일,대구광역시 동구 용계동,중상사고,0,3,0,1,차대차 - 정면충돌,신호위반,건조,맑음,교차로 - 교차로안,승용,남,68세,상해없음,승용,남,55세,중상
2021061000100326,2021년 6월 10일 14시,목요일,대구광역시 달서구 죽전동,경상사고,0,0,1,0,차대차 - 측면충돌,안전거리미확보,건조,맑음,단일로 - 기타,화물,남,60세,상해없음,화물,남,63세,경상
2021061000100355,2021년 6월 10일 15시,목요일,대구광역시 수성구 신매동,중상사고,0,1,0,0,차대차 - 측면충돌,기타,건조,맑음,단일로 - 기타,승용,남,68세,상해없음,이륜,남,51세,중상
2021061000100356,2021년 6월 10일 15시,목요일,대구광역시 수성구 만촌동,경상사고,0,0,1,0,차대차 - 추돌,안전운전불이행,건조,맑음,단일로 - 기타,승용,여,60세,상해없음,화물,남,59세,경상
2021061000100393,2021년 6월 10일 16시,목요일,대구광역시 북구 금호동,경상사고,0,0,1,0,차대차 - 측면충돌,차로위반,건조,흐림,단일로 - 기타,승용,여,44세,상해없음,화물,남,29세,경상
2021061000100434,2021년 6월 10일 17시,목요일,대구광역시 북구 금호동,경상사고,0,0,3,0,차대차 - 측면충돌,차로위반,건조,맑음,단일로 - 기타,승용,여,50세,상해없음,승용,여,27세,경상
2021061000100438,2021년 6월 10일 17시,목요일,대구광역시 남구 대명동,경상사고,0,0,2,1,차대차 - 측면충돌,안전운전불이행,건조,맑음,기타 - 기타,이륜,남,54세,부상신고,승용,여,48세,경상
2021061000100488,2021년 6월 10일 18시,목요일,대구광역시 동구 신암동,경상사고,0,0,1,0,차대차 - 추돌,안전거리미확보,건조,맑음,교차로 - 교차로안,승용,남,66세,기타불명,승용,여,64세,경상
2021061000100489,2021년 6월 10일 18시,목요일,대구광역시 달서구 월성동,경상사고,0,0,1,0,차대차 - 측면충돌,기타,건조,맑음,교차로 - 교차로부근,승용,남,50세,상해없음,자전거,여,68세,경상
2021061000100490,2021년 6월 10일 18시,목요일,대구광역시 달서구 용산동,중상사고,0,1,0,0,차대사람 - 횡단중,안전운전불이행,건조,맑음,기타 - 기타,개인형이동수단(PM),남,17세,상해없음,보행자,여,24세,중상
2021061000100521,2021년 6월 10일 19시,목요일,대구광역시 북구 침산동,중상사고,0,1,0,0,차대차 - 측면충돌,안전운전불이행,건조,맑음,단일로 - 기타,승용,남,28세,상해없음,이륜,남,32세,중상
2021061000100559,2021년 6월 10일 20시,목요일,대구광역시 동구 각산동,경상사고,0,0,1,0,차대차 - 측면충돌,교차로운행방법위반,건조,맑음,교차로 - 교차로안,승용,남,50세,상해없음,원동기,남,22세,경상
2021061000100560,2021년 6월 10일 20시,목요일,대구광역시 서구 내당동,경상사고,0,0,1,0,차대차 - 추돌,안전운전불이행,건조,맑음,단일로 - 기타,화물,남,60세,상해없음,이륜,남,39세,경상
2021061000100561,2021년 6월 10일 20시,목요일,대구광역시 중구 동인동4가,중상사고,0,1,0,0,차대사람 - 기타,기타,건조,맑음,단일로 - 기타,승용,여,55세,상해없음,보행자,남,53세,중상
2021061000100562,2021년 6월 10일 20시,목요일,대구광역시 달서구 신당동,경상사고,0,0,5,0,차대차 - 추돌,안전운전불이행,건조,흐림,단일로 - 기타,승용,남,56세,상해없음,승용,여,27세,경상
2021061000100623,2021년 6월 10일 22시,목요일,대구광역시 수성구 만촌동,경상사고,0,0,2,0,차대차 - 기타,안전거리미확보,건조,맑음,단일로 - 기타,승용,여,59세,경상,승합,남,56세,상해없음
2021061000100624,2021년 6월 10일 22시,목요일,대구광역시 달서구 장기동,중상사고,0,1,0,0,차대사람 - 횡단중,신호위반,젖음/습기,비,교차로 - 교차로횡단보도내,이륜,남,58세,상해없음,보행자,남,52세,중상
2021061000100651,2021년 6월 10일 23시,목요일,대구광역시 북구 침산동,중상사고,0,1,3,0,차대차 - 측면충돌,신호위반,건조,맑음,교차로 - 교차로안,승용,여,48세,상해없음,승용,남,49세,중상
2021061100100007,2021년 6월 11일 00시,금요일,대구광역시 서구 원대동1가,부상신고사고,0,0,0,1,차대차 - 측면충돌,안전운전불이행,건조,맑음,교차로 - 교차로부근,승용,남,55세,상해없음,승용,여,34세,부상신고
2021061100100028,2021년 6월 11일 02시,금요일,대구광역시 남구 대명동,중상사고,0,1,0,0,차대사람 - 횡단중,안전운전불이행,젖음/습기,비,단일로 - 기타,승용,남,33세,상해없음,보행자,남,54세,중상
2021061100100042,2021년 6월 11일 04시,금요일,대구광역시 수성구 상동,경상사고,0,0,1,0,차대차 - 측면충돌,신호위반,젖음/습기,비,교차로 - 교차로안,화물,남,25세,상해없음,화물,남,25세,경상
2021061100100054,2021년 6월 11일 06시,금요일,대구광역시 동구 신암동,중상사고,0,1,0,0,차대차 - 측면충돌,안전거리미확보,젖음/습기,비,단일로 - 기타,건설기계,남,29세,상해없음,승용,여,55세,중상
2021061100100070,2021년 6월 11일 07시,금요일,대구광역시 남구 대명동,경상사고,0,0,1,0,차대차 - 측면충돌,교차로운행방법위반,건조,맑음,교차로 - 교차로안,승용,여,58세,상해없음,화물,남,44세,경상
2021061100100110,2021년 6월 11일 08시,금요일,대구광역시 북구 노원동1가,중상사고,0,1,0,0,차대차 - 측면충돌,신호위반,젖음/습기,비,교차로 - 교차로안,승용,남,52세,상해없음,이륜,여,60세,중상
2021061100100143,2021년 6월 11일 09시,금요일,대구광역시 달서구 본리동,부상신고사고,0,0,0,1,차대차 - 측면충돌,안전운전불이행,젖음/습기,비,단일로 - 기타,화물,남,24세,상해없음,승합,남,54세,부상신고
2021061100100167,2021년 6월 11일 10시,금요일,대구광역시 달서구 감삼동,경상사고,0,0,1,0,차대차 - 추돌,안전운전불이행,건조,맑음,단일로 - 기타,건설기계,남,52세,상해없음,승용,남,48세,경상
2021061100100168,2021년 6월 11일 10시,금요일,대구광역시 북구 구암동,경상사고,0,0,1,0,차대차 - 측면충돌,안전운전불이행,건조,맑음,단일로 - 기타,승용,여,45세,기타불명,승용,남,40세,경상
2021061100100200,2021년 6월 11일 11시,금요일,대구광역시 달서구 송현동,중상사고,0,1,0,0,차대차 - 추돌,안전운전불이행,건조,맑음,단일로 - 기타,화물,남,33세,상해없음,승용,남,52세,중상
2021061100100201,2021년 6월 11일 11시,금요일,대구광역시 서구 평리동,경상사고,0,0,1,0,차대차 - 측면충돌,안전운전불이행,젖음/습기,비,교차로 - 교차로부근,승용,여,60세,상해없음,이륜,남,35세,경상
2021061100100241,2021년 6월 11일 12시,금요일,대구광역시 수성구 황금동,경상사고,0,0,2,0,차대차 - 추돌,안전운전불이행,건조,맑음,교차로 - 교차로부근,승용,여,77세,기타불명,화물,남,47세,경상
2021061100100269,2021년 6월 11일 13시,금요일,대구광역시 수성구 수성동4가,경상사고,0,0,1,0,차대차 - 기타,안전운전불이행,젖음/습기,비,단일로 - 기타,승용,남,24세,상해없음,이륜,남,29세,경상
2021061100100312,2021년 6월 11일 14시,금요일,대구광역시 북구 동천동,부상신고사고,0,0,0,1,차대차 - 측면충돌,안전운전불이행,건조,맑음,단일로 - 지하차도(도로)내,승용,남,72세,기타불명,자전거,남,10세,부상신고
2021061100100350,2021년 6월 11일 15시,금요일,대구광역시 남구 대명동,중상사고,0,1,3,0,차대차 - 추돌,안전운전불이행,건조,맑음,단일로 - 터널,승용,남,42세,상해없음,승용,남,65세,중상
2021061100100351,2021년 6월 11일 15시,금요일,대구광역시 서구 비산동,중상사고,0,1,0,0,차대차 - 기타,기타,건조,맑음,단일로 - 기타,이륜,남,55세,상해없음,승합,남,48세,상해없음
2021061100100352,2021년 6월 11일 15시,금요일,대구광역시 북구 관음동,경상사고,0,0,1,0,차대차 - 측면충돌,차로위반,건조,맑음,단일로 - 지하차도(도로)내,승용,여,46세,상해없음,승용,남,51세,경상
2021061100100384,2021년 6월 11일 16시,금요일,대구광역시 수성구 신매동,경상사고,0,0,1,0,차대차 - 추돌,안전운전불이행,건조,맑음,단일로 - 기타,화물,남,47세,상해없음,승용,여,64세,경상
2021061100100426,2021년 6월 11일 17시,금요일,대구광역시 수성구 이천동,경상사고,0,0,1,0,차대차 - 측면충돌,안전운전불이행,건조,맑음,단일로 - 기타,승용,여,48세,상해없음,승용,여,23세,경상
2021061100100427,2021년 6월 11일 17시,금요일,대구광역시 달서구 대천동,경상사고,0,0,1,0,차량단독 - 기타,기타,건조,맑음,단일로 - 기타,승용,남,71세,상해없음,,,,
2021061100100428,2021년 6월 11일 17시,금요일,대구광역시 북구 조야동,중상사고,0,1,0,0,차대차 - 측면충돌,안전운전불이행,건조,맑음,교차로 - 교차로안,자전거,남,76세,중상,승용,남,42세,상해없음
2021061100100479,2021년 6월 11일 18시,금요일,대구광역시 동구 지묘동,경상사고,0,0,2,0,차대차 - 측면충돌,안전운전불이행,건조,맑음,단일로 - 기타,승용,남,64세,상해없음,승용,남,35세,경상
2021061100100480,2021년 6월 11일 18시,금요일,대구광역시 달성군 다사읍,경상사고,0,0,2,0,차대차 - 측면충돌,안전운전불이행,건조,맑음,교차로 - 교차로부근,승용,여,60세,상해없음,승용,남,50세,경상
2021061100100481,2021년 6월 11일 18시,금요일,대구광역시 북구 산격동,경상사고,0,0,1,0,차대사람 - 기타,안전운전불이행,건조,맑음,단일로 - 기타,승용,여,58세,상해없음,보행자,여,60세,경상
2021061100100520,2021년 6월 11일 19시,금요일,대구광역시 수성구 두산동,경상사고,0,0,1,0,차대차 - 기타,안전운전불이행,건조,맑음,단일로 - 기타,승용,여,25세,상해없음,승용,남,35세,경상
2021061100100521,2021년 6월 11일 19시,금요일,대구광역시 서구 비산동,경상사고,0,0,1,0,차대차 - 후진중충돌,불법유턴,건조,맑음,단일로 - 기타,화물,남,44세,상해없음,이륜,남,46세,경상
2021061100100554,2021년 6월 11일 20시,금요일,대구광역시 동구 동호동,중상사고,0,1,0,0,차대사람 - 기타,안전운전불이행,건조,맑음,단일로 - 기타,이륜,남,18세,상해없음,보행자,여,45세,중상
2021061100100555,2021년 6월 11일 20시,금요일,대구광역시 북구 동천동,경상사고,0,0,1,0,차대차 - 측면충돌,교차로운행방법위반,건조,맑음,교차로 - 교차로안,승용,여,60세,상해없음,이륜,남,41세,경상
2021061100100556,2021년 6월 11일 20시,금요일,대구광역시 북구 태전동,경상사고,0,0,1,0,차대차 - 측면충돌,불법유턴,건조,맑음,교차로 - 교차로부근,승용,남,64세,상해없음,이륜,남,38세,경상
2021061100100583,2021년 6월 11일 21시,금요일,대구광역시 수성구 수성동1가,부상신고사고,0,0,0,1,차대차 - 추돌,안전운전불이행,건조,맑음,단일로 - 기타,이륜,남,56세,부상신고,승용,남,43세,상해없음
2021061100100612,2021년 6월 11일 22시,금요일,대구광역시 수성구 만촌동,경상사고,0,0,1,0,차대차 - 추돌,안전운전불이행,건조,맑음,단일로 - 기타,승용,남,26세,상해없음,승용,남,64세,기타불명
2021061200100025,2021년 6월 12일 03시,토요일,대구광역시 달성군 다사읍,경상사고,0,0,1,0,차대차 - 기타,기타,건조,맑음,단일로 - 기타,화물,남,50세,상해없음,승용,남,53세,경상
2021061200100114,2021년 6월 12일 09시,토요일,대구광역시 수성구 신매동,경상사고,0,0,1,0,차대차 - 측면충돌,안전운전불이행,건조,맑음,교차로 - 교차로횡단보도내,승용,남,60세,상해없음,자전거,남,17세,경상
2021061200100115,2021년 6월 12일 09시,토요일,대구광역시 수성구 황금동,경상사고,0,0,2,0,차대차 - 측면충돌,안전거리미확보,건조,맑음,교차로 - 교차로안,승용,여,63세,상해없음,승용,여,51세,경상
2021061200100116,2021년 6월 12일 09시,토요일,대구광역시 달서구 대곡동,경상사고,0,0,1,0,차대사람 - 기타,불법유턴,건조,맑음,단일로 - 기타,승용,여,57세,상해없음,보행자,여,33세,경상
2021061200100117,2021년 6월 12일 09시,토요일,대구광역시 북구 읍내동,중상사고,0,1,0,0,차대차 - 측면충돌,안전거리미확보,건조,맑음,단일로 - 지하차도(도로)내,승용,남,64세,상해없음,승합,남,50세,상해없음