사고번호,사고일시,요일,시군구,사고내용,사망자수,중상자수,경상자수,부상신고자수,사고유형,법규위반,노면상태,기상상태,도로형태,가해운전자 차종,가해운전자 성별,가해운전자 연령,가해운전자 상해정도,피해운전자 차종,피해운전자 성별,피해운전자 연령,피해운전자 상해정도
2021061200100158,2021년 6월 12일 10시,토요일,대구광역시 수성구 범어동,경상사고,0,0,1,0,차대차 - 측면충돌,안전운전불이행,건조,맑음,단일로 - 기타,승용,남,76세,상해없음,승용,남,38세,상해없음
2021061200100190,2021년 6월 12일 11시,토요일,대구광역시 북구 노곡동,경상사고,0,0,1,1,차대차 - 추돌,안전거리미확보,건조,맑음,단일로 - 기타,승용,여,54세,부상신고,승용,남,58세,경상
2021061200100197,2021년 6월 12일 11시,토요일,대구광역시 달서구 송현동,경상사고,0,0,1,0,차대차 - 측면충돌,안전운전불이행,건조,맑음,단일로 - 기타,승용,여,44세,상해없음,이륜,남,30세,경상
2021061200100242,2021년 6월 12일 12시,토요일,대구광역시 동구 동호동,경상사고,0,0,1,0,차대차 - 측면충돌,안전운전불이행,건조,맑음,교차로 - 교차로안,승용,여,43세,상해없음,이륜,남,53세,경상
2021061200100243,2021년 6월 12일 12시,토요일,대구광역시 서구 평리동,중상사고,0,1,1,0,차대차 - 기타,신호위반,건조,맑음,교차로 - 교차로안,이륜,남,39세,상해없음,승용,남,53세,중상
2021061200100283,2021년 6월 12일 13시,토요일,대구광역시 동구 신서동,경상사고,0,0,1,1,차대차 - 측면충돌,안전운전불이행,건조,맑음,교차로 - 교차로안,승용,여,62세,부상신고,승용,여,43세,경상
2021061200100284,2021년 6월 12일 13시,토요일,대구광역시 동구 불로동,경상사고,0,0,1,0,차대차 - 측면충돌,안전운전불이행,건조,맑음,단일로 - 기타,승용,남,62세,상해없음,자전거,남,50세,경상
2021061200100285,2021년 6월 12일 13시,토요일,대구광역시 수성구 신매동,중상사고,0,1,0,0,차대차 - 측면충돌,안전거리미확보,건조,맑음,단일로 - 기타,화물,남,59세,상해없음,이륜,남,32세,중상
2021061200100286,2021년 6월 12일 13시,토요일,대구광역시 수성구 황금동,경상사고,0,0,2,0,차대차 - 추돌,안전운전불이행,건조,맑음,단일로 - 기타,승용,남,68세,상해없음,승용,남,40세,경상
2021061200100333,2021년 6월 12일 14시,토요일,대구광역시 수성구 노변동,경상사고,0,0,2,0,차대차 - 측면충돌,기타,건조,맑음,단일로 - 기타,건설기계,남,51세,경상,승용,남,38세,경상
2021061200100368,2021년 6월 12일 15시,토요일,대구광역시 남구 대명동,경상사고,0,0,1,0,차대차 - 측면충돌,안전운전불이행,건조,맑음,단일로 - 기타,승용,남,46세,상해없음,이륜,남,22세,경상
2021061200100369,2021년 6월 12일 15시,토요일,대구광역시 수성구 지산동,부상신고사고,0,0,0,1,차대사람 - 횡단중,보행자보호의무위반,건조,맑음,교차로 - 교차로부근,승합,남,57세,상해없음,보행자,남,10세,부상신고
2021061200100370,2021년 6월 12일 15시,토요일,대구광역시 수성구 중동,경상사고,0,0,6,0,차대차 - 측면충돌,안전운전불이행,건조,맑음,단일로 - 기타,승용,여,54세,상해없음,승용,남,56세,경상
2021061200100371,2021년 6월 12일 15시,토요일,대구광역시 달서구 송현동,경상사고,0,0,2,0,차대차 - 측면충돌,안전운전불이행,건조,맑음,기타 - 기타,승용,여,61세,상해없음,승용,남,28세,경상
2021061200100405,2021년 6월 12일 16시,토요일,대구광역시 수성구 상동,경상사고,0,0,4,0,차대차 - 측면충돌,안전운전불이행,건조,맑음,단일로 - 기타,승용,여,27세,경상,승용,여,29세,경상
2021061200100406,2021년 6월 12일 16시,토요일,대구광역시 달서구 월성동,경상사고,0,0,2,0,차대차 - 측면충돌,안전거리미확보,건조,맑음,교차로 - 교차로부근,승용,남,71세,상해없음,승용,남,30세,경상
2021061200100407,2021년 6월 12일 16시,토요일,대구광역시 서구 원대동3가,경상사고,0,0,1,0,차대차 - 기타,안전운전불이행,건조,맑음,교차로 - 교차로안,승용,남,49세,상해없음,자전거,여,63세,경상
2021061200100451,2021년 6월 12일 17시,토요일,대구광역시 동구 신서동,경상사고,0,0,4,0,차대차 - 측면충돌,안전운전불이행,건조,맑음,교차로 - 교차로안,승용,여,64세,상해없음,승용,남,34세,경상
2021061200100452,2021년 6월 12일 17시,토요일,대구광역시 수성구 욱수동,중상사고,0,1,0,0,차대사람 - 차도통행중,안전운전불이행,건조,맑음,단일로 - 기타,자전거,남,58세,상해없음,보행자,여,38세,중상
2021061200100453,2021년 6월 12일 17시,토요일,대구광역시 달서구 월성동,경상사고,0,0,1,0,차대차 - 측면충돌,기타,건조,맑음,교차로 - 교차로안,이륜,남,45세,상해없음,승용,남,39세,경상
2021061200100454,2021년 6월 12일 17시,토요일,대구광역시 달서구 신당동,경상사고,0,0,1,0,차대차 - 기타,안전거리미확보,건조,맑음,단일로 - 기타,승용,남,56세,상해없음,승용,남,26세,상해없음
2021061200100491,2021년 6월 12일 18시,토요일,대구광역시 남구 대명동,경상사고,0,0,3,0,차대차 - 측면충돌,안전운전불이행,건조,맑음,교차로 - 교차로안,이륜,남,25세,기타불명,승용,남,58세,경상
2021061200100492,2021년 6월 12일 18시,토요일,대구광역시 수성구 지산동,경상사고,0,0,1,1,차대차 - 측면충돌,안전운전불이행,건조,맑음,교차로 - 교차로안,이륜,남,60세,부상신고,화물,남,56세,경상
2021061200100521,2021년 6월 12일 19시,토요일,대구광역시 중구 공평동,부상신고사고,0,0,0,1,차대사람 - 기타,안전운전불이행,건조,맑음,단일로 - 기타,승용,남,69세,상해없음,보행자,남,24세,부상신고
2021061200100574,2021년 6월 12일 21시,토요일,대구광역시 남구 대명동,중상사고,0,1,1,0,차대차 - 측면충돌,안전운전불이행,건조,맑음,교차로 - 교차로부근,승용,남,68세,상해없음,승용,여,32세,중상
2021061200100602,2021년 6월 12일 22시,토요일,대구광역시 북구 산격동,중상사고,0,1,1,0,차대차 - 측면충돌,안전거리미확보,건조,맑음,단일로 - 기타,승용,남,63세,상해없음,승용,남,57세,상해없음
2021061200100622,2021년 6월 12일 23시,토요일,대구광역시 수성구 상동,중상사고,0,1,0,0,차대사람 - 횡단중,신호위반,건조,맑음,교차로 - 교차로횡단보도내,이륜,남,23세,상해없음,보행자,여,61세,중상
2021061300100091,2021년 6월 13일 10시,일요일,대구광역시 동구 신평동,경상사고,0,0,1,0,차대차 - 측면충돌,불법유턴,건조,맑음,단일로 - 기타,승용,남,64세,상해없음,승용,남,59세,경상
2021061300100118,2021년 6월 13일 11시,일요일,대구광역시 북구 산격동,경상사고,0,0,3,1,차대차 - 기타,안전운전불이행,건조,맑음,단일로 - 기타,승용,여,38세,경상,승용,남,51세,경상
2021061300100119,2021년 6월 13일 11시,일요일,대구광역시 북구 사수동,중상사고,0,1,2,0,차대차 - 측면충돌,안전운전불이행,건조,맑음,단일로 - 기타,승용,여,65세,상해없음,승용,남,54세,경상
2021061300100148,2021년 6월 13일 12시,일요일,대구광역시 수성구 연호동,경상사고,0,0,1,1,차대차 - 기타,신호위반,건조,맑음,교차로 - 교차로안,승용,남,83세,상해없음,승용,여,43세,경상
2021061300100183,2021년 6월 13일 13시,일요일,대구광역시 동구 불로동,경상사고,0,0,1,0,차대차 - 측면충돌,안전운전불이행,건조,맑음,단일로 - 기타,승용,여,31세,상해없음,승합,남,67세,경상
2021061300100184,2021년 6월 13일 13시,일요일,대구광역시 서구 평리동,경상사고,0,0,4,0,차대차 - 추돌,안전운전불이행,건조,맑음,교차로 - 교차로부근,화물,남,60세,상해없음,승용,여,65세,경상
2021061300100263,2021년 6월 13일 15시,일요일,대구광역시 수성구 파동,중상사고,0,1,0,0,차대차 - 기타,안전운전불이행,건조,맑음,기타 - 기타,승용,남,32세,상해없음,자전거,남,69세,중상
2021061300100264,2021년 6월 13일 15시,일요일,대구광역시 달서구 진천동,경상사고,0,0,1,0,차대차 - 측면충돌,교차로운행방법위반,건조,맑음,교차로 - 교차로안,이륜,남,53세,상해없음,승용,남,28세,경상
2021061300100304,2021년 6월 13일 16시,일요일,대구광역시 서구 비산동,경상사고,0,0,1,0,차대차 - 기타,안전운전불이행,건조,맑음,기타 - 기타,승용,여,53세,상해없음,기타불명,남,74세,경상
2021061300100366,2021년 6월 13일 18시,일요일,대구광역시 중구 남산동,경상사고,0,0,1,0,차대차 - 측면충돌,교차로운행방법위반,건조,맑음,교차로 - 교차로안,승용,남,30세,상해없음,승용,여,40세,경상
2021061300100367,2021년 6월 13일 18시,일요일,대구광역시 북구 서변동,경상사고,0,0,1,0,차대차 - 측면충돌,안전거리미확보,건조,맑음,단일로 - 지하차도(도로)내,승용,여,41세,상해없음,승용,남,38세,경상
2021061300100390,2021년 6월 13일 19시,일요일,대구광역시 동구 동호동,중상사고,0,1,0,0,차대차 - 측면충돌,교차로운행방법위반,건조,맑음,단일로 - 기타,승용,남,41세,상해없음,이륜,남,28세,중상
2021061300100391,2021년 6월 13일 19시,일요일,대구광역시 서구 평리동,중상사고,0,1,0,0,차대차 - 측면충돌,기타,건조,맑음,단일로 - 기타,승용,남,25세,상해없음,이륜,남,28세,중상
2021061300100425,2021년 6월 13일 20시,일요일,대구광역시 남구 봉덕동,경상사고,0,0,1,0,차대사람 - 기타,안전운전불이행,건조,맑음,단일로 - 기타,자전거,남,33세,상해없음,보행자,여,58세,경상
2021061300100426,2021년 6월 13일 20시,일요일,대구광역시 달서구 장기동,중상사고,0,1,0,0,차대사람 - 기타,안전운전불이행,건조,맑음,교차로 - 교차로안,승용,남,66세,상해없음,보행자,여,42세,중상
2021061300100445,2021년 6월 13일 21시,일요일,대구광역시 서구 비산동,중상사고,0,1,0,0,차대사람 - 횡단중,신호위반,건조,맑음,단일로 - 기타,승용,여,72세,상해없음,보행자,여,72세,중상
2021061300100473,2021년 6월 13일 23시,일요일,대구광역시 달서구 송현동,경상사고,0,0,1,0,차대차 - 추돌,안전운전불이행,건조,맑음,단일로 - 기타,승용,남,44세,상해없음,승용,남,32세,경상
2021061400100009,2021년 6월 14일 01시,월요일,대구광역시 북구 침산동,경상사고,0,0,1,0,차대차 - 기타,신호위반,건조,맑음,단일로 - 기타,화물,남,61세,상해없음,개인형이동수단(PM),여,26세,경상
2021061400100063,2021년 6월 14일 07시,월요일,대구광역시 수성구 연호동,경상사고,0,0,1,0,차대차 - 측면충돌,교차로운행방법위반,건조,맑음,교차로 - 교차로안,승용,여,36세,상해없음,승용,남,22세,경상
2021061400100107,2021년 6월 14일 08시,월요일,대구광역시 중구 삼덕동3가,경상사고,0,0,1,0,차대차 - 측면충돌,안전거리미확보,건조,맑음,단일로 - 기타,승용,남,29세,상해없음,승용,여,38세,경상
2021061400100139,2021년 6월 14일 09시,월요일,대구광역시 수성구 범어동,부상신고사고,0,0,0,1,차대차 - 측면충돌,신호위반,건조,맑음,교차로 - 교차로안,자전거,남,65세,부상신고,승용,여,24세,상해없음
2021061400100140,2021년 6월 14일 09시,월요일,대구광역시 수성구 수성동4가,경상사고,0,0,1,0,차대차 - 기타,신호위반,건조,맑음,교차로 - 교차로안,이륜,남,86세,경상,승용,여,43세,상해없음
2021061400100141,2021년 6월 14일 09시,월요일,대구광역시 수성구 황금동,경상사고,0,0,1,0,차대차 - 후진중충돌,안전운전불이행,건조,맑음,단일로 - 기타,승용,여,40세,상해없음,승용,여,25세,경상
2021061400100175,2021년 6월 14일 10시,월요일,대구광역시 동구 지묘동,경상사고,0,0,1,0,차량단독 - 기타,안전운전불이행,건조,맑음,단일로 - 기타,이륜,남,37세,경상,,,,
2021061400100176,2021년 6월 14일 10시,월요일,대구광역시 달서구 도원동,중상사고,0,1,0,0,차대사람 - 보도통행중,보행자보호의무위반,건조,맑음,교차로 - 교차로안,승용,여,51세,상해없음,보행자,여,76세,중상
2021061400100177,2021년 6월 14일 10시,월요일,대구광역시 달서구 장동,경상사고,0,0,1,0,차대차 - 추돌,안전운전불이행,건조,맑음,단일로 - 기타,화물,남,51세,상해없음,승용,남,27세,경상
2021061400100208,2021년 6월 14일 11시,월요일,대구광역시 달서구 두류동,중상사고,0,1,0,0,차대차 - 기타,안전운전불이행,건조,맑음,기타 - 기타,승용,여,24세,상해없음,승용,여,54세,중상
2021061400100209,2021년 6월 14일 11시,월요일,대구광역시 북구 구암동,부상신고사고,0,0,0,1,차대차 - 기타,안전운전불이행,건조,맑음,교차로 - 교차로횡단보도내,기타불명,기타불명,미분류,기타불명,자전거,남,74세,부상신고
2021061400100283,2021년 6월 14일 13시,월요일,대구광역시 수성구 범어동,중상사고,0,1,0,0,차대차 - 기타,안전운전불이행,건조,맑음,단일로 - 기타,승용,남,66세,상해없음,이륜,남,32세,중상
2021061400100284,2021년 6월 14일 13시,월요일,대구광역시 달서구 용산동,경상사고,0,0,1,0,차대차 - 추돌,안전운전불이행,건조,맑음,교차로 - 교차로부근,승용,남,63세,상해없음,승용,여,60세,경상
2021061400100317,2021년 6월 14일 14시,월요일,대구광역시 동구 효목동,경상사고,0,0,6,0,차대차 - 기타,교차로운행방법위반,건조,맑음,교차로 - 교차로부근,화물,남,60세,상해없음,승용,남,30세,경상
2021061400100318,2021년 6월 14일 14시,월요일,대구광역시 수성구 만촌동,중상사고,0,1,0,0,차대차 - 측면충돌,신호위반,건조,맑음,교차로 - 교차로횡단보도내,승용,남,45세,상해없음,자전거,여,22세,중상
2021061400100361,2021년 6월 14일 15시,월요일,대구광역시 달성군 옥포읍,경상사고,0,0,1,0,차량단독 - 공작물충돌,안전운전불이행,건조,맑음,단일로 - 기타,승용,여,54세,경상,,,,
2021061400100392,2021년 6월 14일 16시,월요일,대구광역시 동구 괴전동,경상사고,0,0,1,0,차대차 - 정면충돌,중앙선침범,건조,맑음,단일로 - 기타,화물,남,33세,상해없음,승용,여,51세,경상
2021061400100393,2021년 6월 14일 16시,월요일,대구광역시 달서구 용산동,경상사고,0,0,1,0,차대차 - 측면충돌,안전운전불이행,건조,맑음,단일로 - 기타,승용,남,32세,상해없음,자전거,여,27세,경상
2021061400100439,2021년 6월 14일 17시,월요일,대구광역시 동구 율하동,중상사고,0,1,0,0,차대차 - 기타,안전거리미확보,건조,맑음,단일로 - 기타,화물,남,60세,상해없음,화물,남,28세,중상
2021061400100440,2021년 6월 14일 17시,월요일,대구광역시 수성구 범어동,중상사고,0,1,0,0,차대차 - 측면충돌,신호위반,건조,맑음,교차로 - 교차로안,승용,여,22세,상해없음,이륜,남,51세,중상
2021061400100487,2021년 6월 14일 18시,월요일,대구광역시 달성군 현풍읍,경상사고,0,0,3,0,차대차 - 추돌,안전운전불이행,건조,맑음,단일로 - 기타,승용,남,23세,상해없음,특수,남,44세,경상
2021061400100489,2021년 6월 14일 18시,월요일,대구광역시 동구 신암동,경상사고,0,0,1,0,차대차 - 측면충돌,기타,건조,맑음,단일로 - 기타,승용,여,54세,상해없음,자전거,남,64세,경상
2021061400100490,2021년 6월 14일 18시,월요일,대구광역시 수성구 지산동,부상신고사고,0,0,0,1,차대차 - 측면충돌,직진우회전진행방해,건조,맑음,단일로 - 터널,승용,여,24세,부상신고,화물,남,59세,상해없음
2021061400100518,2021년 6월 14일 19시,월요일,대구광역시 달성군 옥포읍,경상사고,0,0,1,0,차대차 - 기타,안전운전불이행,건조,맑음,단일로 - 기타,승용,여,45세,상해없음,승용,남,40세,경상
2021061400100519,2021년 6월 14일 19시,월요일,대구광역시 북구 읍내동,경상사고,0,0,1,0,차대사람 - 횡단중,보행자보호의무위반,건조,맑음,교차로 - 교차로횡단보도내,승용,남,50세,상해없음,보행자,남,58세,경상
2021061400100541,2021년 6월 14일 20시,월요일,대구광역시 달서구 신당동,경상사고,0,0,1,1,차대차 - 측면충돌,안전거리미확보,건조,맑음,단일로 - 기타,승용,남,47세,상해없음,승용,남,64세,경상
2021061400100542,2021년 6월 14일 20시,월요일,대구광역시 북구 관음동,경상사고,0,0,1,0,차대차 - 측면충돌,안전운전불이행,건조,맑음,단일로 - 기타,승용,남,32세,상해없음,화물,남,38세,경상
2021061400100561,2021년 6월 14일 21시,월요일,대구광역시 달서구 대곡동,경상사고,0,0,1,0,차대사람 - 횡단중,보행자보호의무위반,건조,맑음,기타 - 기타,승용,여,46세,상해없음,보행자,남,63세,경상
2021061400100592,2021년 6월 14일 23시,월요일,대구광역시 수성구 수성동4가,경상사고,0,0,4,0,차대차 - 측면충돌,안전운전불이행,건조,맑음,교차로 - 교차로부근,승용,남,30세,상해없음,승용,남,26세,경상
2021061500100053,2021년 6월 15일 07시,화요일,대구광역시 수성구 만촌동,경상사고,0,0,1,0,차대차 - 측면충돌,안전운전불이행,건조,맑음,교차로 - 교차로안,승용,여,49세,상해없음,승용,여,23세,경상
2021061500100054,2021년 6월 15일 07시,화요일,대구광역시 달서구 대천동,경상사고,0,0,1,0,차대사람 - 보도통행중,기타,건조,맑음,단일로 - 기타,원동기,남,21세,상해없음,보행자,남,49세,경상
2021061500100055,2021년 6월 15일 07시,화요일,대구광역시 북구 산격동,경상사고,0,0,1,0,차대차 - 기타,교차로운행방법위반,건조,맑음,교차로 - 교차로안,자전거,남,63세,경상,승용,남,59세,상해없음
2021061500100179,2021년 6월 15일 11시,화요일,대구광역시 동구 서호동,중상사고,0,1,0,0,차대차 - 정면충돌,안전운전불이행,건조,맑음,교차로 - 교차로안,승용,여,42세,기타불명,이륜,남,61세,중상
2021061500100180,2021년 6월 15일 11시,화요일,대구광역시 동구 신천동,부상신고사고,0,0,0,1,차대차 - 측면충돌,교차로운행방법위반,건조,맑음,교차로 - 교차로안,원동기,남,36세,부상신고,승용,남,29세,상해없음
2021061500100181,2021년 6월 15일 11시,화요일,대구광역시 달서구 감삼동,부상신고사고,0,0,0,1,차대사람 - 차도통행중,안전운전불이행,건조,흐림,단일로 - 기타,화물,남,49세,상해없음,보행자,남,51세,부상신고
2021061500100259,2021년 6월 15일 13시,화요일,대구광역시 수성구 수성동3가,경상사고,0,0,1,0,차대차 - 측면충돌,안전운전불이행,건조,맑음,단일로 - 기타,승용,여,62세,상해없음,승용,남,34세,상해없음
2021061500100260,2021년 6월 15일 13시,화요일,대구광역시 북구 칠성동2가,중상사고,0,1,0,0,차대차 - 측면충돌,안전운전불이행,건조,맑음,교차로 - 교차로부근,승용,여,39세,상해없음,승용,남,56세,중상
2021061500100296,2021년 6월 15일 14시,화요일,대구광역시 달성군 다사읍,경상사고,0,0,1,0,차대차 - 기타,안전운전불이행,젖음/습기,비,교차로 - 교차로안,이륜,남,23세,경상,승합,남,64세,상해없음
2021061500100297,2021년 6월 15일 14시,화요일,대구광역시 북구 산격동,부상신고사고,0,0,0,1,차대차 - 기타,기타,젖음/습기,비,교차로 - 교차로부근,기타불명,기타불명,미분류,기타불명,이륜,남,71세,부상신고
2021061500100298,2021년 6월 15일 14시,화요일,대구광역시 달서구 본리동,부상신고사고,0,0,0,1,차대차 - 기타,안전운전불이행,젖음/습기,비,단일로 - 기타,이륜,남,26세,부상신고,승용,남,30세,상해없음
2021061500100334,2021년 6월 15일 15시,화요일,대구광역시 남구 대명동,부상신고사고,0,0,0,1,차대사람 - 기타,안전운전불이행,건조,맑음,단일로 - 기타,승용,여,59세,상해없음,보행자,남,21세,부상신고
2021061500100363,2021년 6월 15일 16시,화요일,대구광역시 동구 신서동,중상사고,0,1,0,0,차대사람 - 횡단중,안전운전불이행,건조,맑음,교차로 - 교차로안,승용,남,69세,상해없음,보행자,여,27세,중상
2021061500100364,2021년 6월 15일 16시,화요일,대구광역시 수성구 중동,경상사고,0,0,1,0,차대차 - 기타,안전운전불이행,젖음/습기,비,단일로 - 기타,승용,여,50세,상해없음,이륜,남,37세,경상
2021061500100406,2021년 6월 15일 17시,화요일,대구광역시 수성구 지산동,경상사고,0,0,1,0,차대차 - 측면충돌,안전운전불이행,건조,맑음,교차로 - 교차로부근,승용,여,62세,상해없음,이륜,남,32세,경상
2021061500100407,2021년 6월 15일 17시,화요일,대구광역시 달서구 대곡동,부상신고사고,0,0,0,1,차대차 - 측면충돌,차로위반,건조,맑음,단일로 - 기타,승용,남,65세,상해없음,승용,남,26세,부상신고
2021061500100408,2021년 6월 15일 17시,화요일,대구광역시 달서구 이곡동,경상사고,0,0,1,0,차대차 - 추돌,안전운전불이행,젖음/습기,비,단일로 - 기타,이륜,남,19세,상해없음,승용,여,46세,경상
2021061500100452,2021년 6월 15일 18시,화요일,대구광역시 동구 율하동,경상사고,0,0,2,1,차대차 - 기타,직진우회전진행방해,건조,맑음,교차로 - 교차로안,승용,남,53세,부상신고,승용,남,21세,경상
2021061500100453,2021년 6월 15일 18시,화요일,대구광역시 달서구 월성동,경상사고,0,0,1,0,차대차 - 기타,안전운전불이행,건조,맑음,교차로 - 교차로부근,승용,남,41세,상해없음,승용,남,37세,경상
2021061500100454,2021년 6월 15일 18시,화요일,대구광역시 북구 산격동,부상신고사고,0,0,0,1,차대사람 - 기타,안전운전불이행,건조,맑음,단일로 - 기타,승용,남,28세,상해없음,보행자,남,28세,부상신고
2021061500100455,2021년 6월 15일 18시,화요일,대구광역시 달서구 장기동,중상사고,0,1,0,0,차대사람 - 횡단중,보행자보호의무위반,젖음/습기,비,단일로 - 기타,승용,남,45세,상해없음,보행자,여,52세,중상
2021061500100491,2021년 6월 15일 19시,화요일,대구광역시 동구 효목동,경상사고,0,0,1,0,차대차 - 기타,안전운전불이행,젖음/습기,비,교차로 - 교차로안,승용,남,67세,상해없음,이륜,남,49세,경상
2021061500100492,2021년 6월 15일 19시,화요일,대구광역시 수성구 범어동,경상사고,0,0,1,0,차대사람 - 횡단중,보행자보호의무위반,젖음/습기,비,교차로 - 교차로안,승용,여,46세,상해없음,보행자,남,11세,경상
2021061500100493,2021년 6월 15일 19시,화요일,대구광역시 달서구 유천동,경상사고,0,0,2,0,차대차 - 추돌,안전운전불이행,건조,맑음,교차로 - 교차로부근,승용,여,58세,상해없음,승용,여,36세,경상
2021061500100494,2021년 6월 15일 19시,화요일,대구광역시 달서구 이곡동,경상사고,0,0,7,0,차대차 - 측면충돌,안전운전불이행,건조,맑음,교차로 - 교차로부근,승용,남,34세,경상,승합,남,68세,경상
2021061500100495,2021년 6월 15일 19시,화요일,대구광역시 북구 동천동,경상사고,0,0,1,0,차대차 - 정면충돌,중앙선침범,젖음/습기,비,단일로 - 기타,자전거,남,64세,경상,이륜,남,21세,상해없음
2021061500100521,2021년 6월 15일 20시,화요일,대구광역시 동구 율하동,부상신고사고,0,0,0,1,차대차 - 추돌,안전운전불이행,젖음/습기,비,단일로 - 기타,이륜,남,16세,부상신고,승용,기타불명,미분류,기타불명
2021061500100522,2021년 6월 15일 20시,화요일,대구광역시 수성구 황금동,경상사고,0,0,1,0,차대차 - 후진중충돌,안전운전불이행,건조,맑음,단일로 - 기타,승용,남,55세,상해없음,이륜,남,27세,경상
2021061500100548,2021년 6월 15일 21시,화요일,대구광역시 동구 신암동,경상사고,0,0,1,0,차대차 - 기타,안전운전불이행,젖음/습기,비,단일로 - 기타,승합,남,61세,상해없음,이륜,남,29세,경상
2021061500100573,2021년 6월 15일 22시,화요일,대구광역시 동구 신천동,경상사고,0,0,2,0,차대차 - 추돌,안전운전불이행,젖음/습기,비,교차로 - 교차로부근,승용,여,34세,상해없음,승용,여,52세,경상
2021061500100574,2021년 6월 15일 22시,화요일,대구광역시 달서구 도원동,경상사고,0,0,1,0,차대사람 - 횡단중,안전운전불이행,건조,맑음,교차로 - 교차로안,승용,여,48세,상해없음,보행자,남,57세,경상
2021061600100011,2021년 6월 16일 00시,수요일,대구광역시 북구 태전동,경상사고,0,0,2,0,차대차 - 측면충돌,안전거리미확보,젖음/습기,비,교차로 - 교차로부근,승용,남,72세,경상,이륜,남,34세,경상
2021061600100064,2021년 6월 16일 07시,수요일,대구광역시 수성구 시지동,경상사고,0,0,1,0,차대차 - 측면충돌,신호위반,젖음/습기,흐림,교차로 - 교차로안,승용,남,58세,상해없음,화물,남,48세,경상
2021061600100113,2021년 6월 16일 08시,수요일,대구광역시 수성구 시지동,경상사고,0,0,1,0,차대사람 - 기타,기타,건조,맑음,기타 - 기타,승합,남,57세,상해없음,보행자,여,26세,경상
2021061600100114,2021년 6월 16일 08시,수요일,대구광역시 달서구 감삼동,중상사고,0,1,0,0,차대사람 - 횡단중,안전운전불이행,건조,흐림,교차로 - 교차로안,건설기계,남,49세,기타불명,보행자,여,81세,중상
2021061600100176,2021년 6월 16일 10시,수요일,대구광역시 북구 매천동,중상사고,0,1,0,0,차대차 - 측면충돌,안전운전불이행,건조,맑음,교차로 - 교차로안,화물,남,38세,상해없음,승용,남,27세,중상
2021061600100203,2021년 6월 16일 11시,수요일,대구광역시 수성구 황금동,경상사고,0,0,3,0,차대차 - 추돌,안전거리미확보,건조,맑음,단일로 - 기타,승용,여,45세,경상,승용,남,27세,상해없음
2021061600100239,2021년 6월 16일 12시,수요일,대구광역시 동구 지저동,경상사고,0,0,1,0,차대차 - 측면충돌,신호위반,건조,맑음,교차로 - 교차로안,승합,남,20세,상해없음,승용,남,64세,경상
2021061600100240,2021년 6월 16일 12시,수요일,대구광역시 수성구 두산동,경상사고,0,0,1,0,차대사람 - 기타,안전운전불이행,건조,맑음,주차장 - 주차장,승용,남,56세,상해없음,보행자,여,47세,경상
2021061600100241,2021년 6월 16일 12시,수요일,대구광역시 수성구 매호동,경상사고,0,0,1,0,차대차 - 측면충돌,안전운전불이행,건조,맑음,교차로 - 교차로안,승용,여,38세,기타불명,승용,남,46세,경상
2021061600100277,2021년 6월 16일 13시,수요일,대구광역시 달서구 호산동,중상사고,0,1,0,0,차대차 - 기타,안전운전불이행,건조,맑음,교차로 - 교차로안,승용,여,48세,상해없음,이륜,남,23세,중상
2021061600100313,2021년 6월 16일 14시,수요일,대구광역시 남구 대명동,경상사고,0,0,1,0,차대차 - 추돌,안전운전불이행,건조,맑음,기타 - 기타,승용,남,24세,상해없음,승용,여,56세,경상
2021061600100388,2021년 6월 16일 16시,수요일,대구광역시 달서구 송현동,경상사고,0,0,1,0,차대차 - 기타,신호위반,건조,맑음,교차로 - 교차로안,승용,남,78세,상해없음,이륜,남,25세,경상
2021061600100389,2021년 6월 16일 16시,수요일,대구광역시 달성군 현풍읍,경상사고,0,0,1,0,차대차 - 측면충돌,안전운전불이행,건조,맑음,단일로 - 기타,승용,남,81세,상해없음,승용,여,53세,경상
2021061600100486,2021년 6월 16일 18시,수요일,대구광역시 달서구 성당동,사망사고,1,1,0,0,차대차 - 기타,중앙선침범,건조,맑음,단일로 - 기타,승용,남,52세,사망,승용,여,38세,중상
2021061600100518,2021년 6월 16일 19시,수요일,대구광역시 달서구 도원동,경상사고,0,0,1,0,차대차 - 추돌,안전운전불이행,건조,맑음,단일로 - 기타,승용,남,49세,상해없음,승용,여,29세,경상
2021061600100584,2021년 6월 16일 21시,수요일,대구광역시 수성구 수성동2가,경상사고,0,0,1,0,차대차 - 측면충돌,안전운전불이행,건조,맑음,단일로 - 기타,승용,남,73세,상해없음,이륜,남,32세,경상
2021061600100585,2021년 6월 16일 21시,수요일,대구광역시 달서구 신당동,중상사고,0,1,0,0,차대차 - 측면충돌,차로위반,건조,기타,기타 - 기타,화물,남,69세,상해없음,승용,여,48세,중상
2021061600100623,2021년 6월 16일 22시,수요일,대구광역시 남구 대명동,경상사고,0,0,1,0,차대차 - 측면충돌,차로위반,건조,맑음,단일로 - 기타,승용,여,46세,상해없음,승용,남,61세,상해없음
2021061600100624,2021년 6월 16일 22시,수요일,대구광역시 북구 매천동,중상사고,0,2,4,0,차대차 - 측면충돌,신호위반,건조,맑음,교차로 - 교차로안,승용,여,27세,경상,승용,남,49세,중상