사고번호,사고일시,요일,시군구,사고내용,사망자수,중상자수,경상자수,부상신고자수,사고유형,법규위반,노면상태,기상상태,도로형태,가해운전자 차종,가해운전자 성별,가해운전자 연령,가해운전자 상해정도,피해운전자 차종,피해운전자 성별,피해운전자 연령,피해운전자 상해정도
2021062800100149,2021년 6월 28일 09시,월요일,대구광역시 중구 서문로1가,경상사고,0,0,1,0,차대사람 - 보도통행중,안전운전불이행,건조,흐림,교차로 - 교차로횡단보도내,승합,남,62세,상해없음,보행자,남,31세,경상
2021062800100190,2021년 6월 28일 10시,월요일,대구광역시 동구 신평동,경상사고,0,0,1,0,차대차 - 측면충돌,안전운전불이행,건조,맑음,단일로 - 기타,승용,남,58세,상해없음,자전거,남,21세,경상
2021062800100219,2021년 6월 28일 11시,월요일,대구광역시 북구 대현동,중상사고,0,1,0,0,차대차 - 측면충돌,안전운전불이행,건조,맑음,단일로 - 기타,승용,남,53세,상해없음,이륜,남,61세,중상
2021062800100220,2021년 6월 28일 11시,월요일,대구광역시 서구 평리동,중상사고,0,1,0,0,차대사람 - 횡단중,신호위반,건조,맑음,교차로 - 교차로횡단보도내,승용,여,58세,상해없음,보행자,여,72세,중상
2021062800100251,2021년 6월 28일 12시,월요일,대구광역시 수성구 두산동,부상신고사고,0,0,0,1,차대차 - 측면충돌,안전운전불이행,건조,맑음,교차로 - 교차로안,이륜,남,52세,부상신고,승용,남,51세,상해없음
2021062800100252,2021년 6월 28일 12시,월요일,대구광역시 북구 학정동,경상사고,0,0,1,0,차대사람 - 횡단중,안전운전불이행,건조,맑음,단일로 - 고가도로위,화물,남,52세,상해없음,보행자,남,8세,경상
2021062800100293,2021년 6월 28일 13시,월요일,대구광역시 수성구 범어동,경상사고,0,0,2,0,차대차 - 측면충돌,안전운전불이행,건조,맑음,단일로 - 기타,이륜,남,25세,경상,승용,남,50세,경상
2021062800100294,2021년 6월 28일 13시,월요일,대구광역시 수성구 두산동,중상사고,0,1,0,0,차대차 - 측면충돌,안전거리미확보,건조,맑음,단일로 - 기타,승용,여,36세,상해없음,승용,여,48세,중상
2021062800100295,2021년 6월 28일 13시,월요일,대구광역시 수성구 지산동,경상사고,0,0,1,0,차대차 - 측면충돌,차로위반,건조,맑음,단일로 - 기타,승합,여,47세,상해없음,승용,남,47세,경상
2021062800100296,2021년 6월 28일 13시,월요일,대구광역시 달서구 성당동,중상사고,0,1,1,0,차대차 - 측면충돌,안전거리미확보,건조,맑음,단일로 - 기타,화물,남,72세,기타불명,승용,여,28세,중상
2021062800100336,2021년 6월 28일 14시,월요일,대구광역시 남구 봉덕동,경상사고,0,0,1,0,차대차 - 측면충돌,안전운전불이행,건조,맑음,교차로 - 교차로부근,승용,남,43세,상해없음,승용,남,25세,경상
2021062800100426,2021년 6월 28일 16시,월요일,대구광역시 수성구 황금동,경상사고,0,0,1,0,차대차 - 측면충돌,안전운전불이행,건조,맑음,단일로 - 기타,승용,여,45세,상해없음,승용,남,33세,경상
2021062800100427,2021년 6월 28일 16시,월요일,대구광역시 수성구 중동,경상사고,0,0,1,0,차대차 - 측면충돌,안전거리미확보,건조,맑음,교차로 - 교차로횡단보도내,화물,남,70세,상해없음,승용,여,60세,경상
2021062800100466,2021년 6월 28일 17시,월요일,대구광역시 동구 매여동,경상사고,0,0,1,0,차대차 - 기타,안전운전불이행,건조,맑음,단일로 - 기타,승용,남,69세,상해없음,자전거,남,41세,경상
2021062800100467,2021년 6월 28일 17시,월요일,대구광역시 달성군 다사읍,중상사고,0,2,0,0,차량단독 - 도로외이탈 - 추락,안전운전불이행,건조,맑음,단일로 - 기타,승합,남,63세,상해없음,,,,
2021062800100468,2021년 6월 28일 17시,월요일,대구광역시 서구 내당동,경상사고,0,0,1,0,차대사람 - 차도통행중,안전운전불이행,건조,맑음,단일로 - 기타,승용,남,25세,상해없음,보행자,남,55세,경상
2021062800100469,2021년 6월 28일 17시,월요일,대구광역시 서구 비산동,부상신고사고,0,0,0,2,차대차 - 기타,안전거리미확보,건조,맑음,단일로 - 기타,승용,남,72세,상해없음,승용,여,28세,부상신고
2021062800100470,2021년 6월 28일 17시,월요일,대구광역시 중구 공평동,경상사고,0,0,3,0,차대차 - 측면충돌,안전운전불이행,건조,맑음,교차로 - 교차로안,승용,여,27세,경상,승용,남,27세,경상
2021062800100517,2021년 6월 28일 18시,월요일,대구광역시 동구 신암동,경상사고,0,0,1,0,차대차 - 측면충돌,안전운전불이행,건조,맑음,단일로 - 기타,이륜,남,32세,경상,승용,남,50세,상해없음
2021062800100518,2021년 6월 28일 18시,월요일,대구광역시 달서구 유천동,경상사고,0,0,1,0,차대차 - 측면충돌,교차로운행방법위반,건조,맑음,단일로 - 기타,승용,남,38세,상해없음,승용,남,34세,경상
2021062800100519,2021년 6월 28일 18시,월요일,대구광역시 달성군 구지면,경상사고,0,0,1,0,차대차 - 기타,신호위반,건조,맑음,교차로 - 교차로안,승용,여,28세,상해없음,승용,남,34세,경상
2021062800100521,2021년 6월 28일 18시,월요일,대구광역시 달서구 감삼동,중상사고,0,1,0,0,차대사람 - 횡단중,보행자보호의무위반,건조,맑음,교차로 - 교차로횡단보도내,승용,남,60세,상해없음,보행자,남,6세,중상
2021062800100564,2021년 6월 28일 19시,월요일,대구광역시 중구 달성동,경상사고,0,0,1,0,차대차 - 측면충돌,안전거리미확보,건조,맑음,교차로 - 교차로안,화물,여,74세,상해없음,승용,여,33세,경상
2021062800100588,2021년 6월 28일 20시,월요일,대구광역시 동구 불로동,경상사고,0,0,1,0,차대차 - 측면충돌,안전운전불이행,건조,맑음,교차로 - 교차로안,승용,여,30세,상해없음,승용,남,26세,경상
2021062800100589,2021년 6월 28일 20시,월요일,대구광역시 달서구 이곡동,경상사고,0,0,1,0,차량단독 - 기타,안전운전불이행,건조,맑음,단일로 - 기타,승합,남,55세,상해없음,,,,
2021062800100637,2021년 6월 28일 22시,월요일,대구광역시 동구 지저동,경상사고,0,0,2,0,차대차 - 추돌,안전운전불이행,건조,맑음,단일로 - 기타,화물,남,48세,상해없음,화물,여,49세,경상
2021062800100654,2021년 6월 28일 23시,월요일,대구광역시 동구 신암동,경상사고,0,0,2,0,차대차 - 기타,안전운전불이행,건조,맑음,단일로 - 기타,승용,남,67세,상해없음,승용,남,57세,경상
2021062900100011,2021년 6월 29일 01시,화요일,대구광역시 달서구 본리동,부상신고사고,0,0,0,1,차대차 - 측면충돌,신호위반,건조,맑음,교차로 - 교차로안,기타불명,기타불명,미분류,기타불명,자전거,남,17세,부상신고
2021062900100018,2021년 6월 29일 02시,화요일,대구광역시 수성구 두산동,경상사고,0,0,1,0,차대사람 - 길가장자리구역통행중,안전운전불이행,건조,맑음,기타 - 기타,승용,남,64세,상해없음,보행자,남,32세,경상
2021062900100025,2021년 6월 29일 04시,화요일,대구광역시 달성군 유가읍,경상사고,0,0,1,0,차량단독 - 기타,안전운전불이행,건조,맑음,단일로 - 기타,승용,여,44세,경상,,,,
2021062900100044,2021년 6월 29일 06시,화요일,대구광역시 서구 상리동,경상사고,0,0,1,0,차대차 - 기타,안전운전불이행,건조,맑음,기타 - 기타,승용,남,73세,상해없음,화물,남,34세,경상
2021062900100045,2021년 6월 29일 06시,화요일,대구광역시 북구 태전동,경상사고,0,0,1,0,차대차 - 측면충돌,신호위반,건조,맑음,교차로 - 교차로안,승용,여,30세,상해없음,이륜,남,39세,경상
2021062900100065,2021년 6월 29일 07시,화요일,대구광역시 수성구 가천동,경상사고,0,0,2,0,차대차 - 측면충돌,안전운전불이행,건조,맑음,단일로 - 기타,승용,여,45세,상해없음,이륜,남,76세,경상
2021062900100066,2021년 6월 29일 07시,화요일,대구광역시 달서구 장동,경상사고,0,0,1,1,차대차 - 측면충돌,차로위반,건조,맑음,단일로 - 기타,화물,남,56세,부상신고,승용,남,60세,경상
2021062900100067,2021년 6월 29일 07시,화요일,대구광역시 북구 관음동,부상신고사고,0,0,0,1,차대차 - 측면충돌,교차로운행방법위반,건조,맑음,교차로 - 교차로부근,승용,여,65세,부상신고,승용,남,32세,상해없음
2021062900100102,2021년 6월 29일 08시,화요일,대구광역시 동구 검사동,중상사고,0,1,0,0,차대사람 - 기타,안전운전불이행,건조,맑음,단일로 - 기타,자전거,남,27세,상해없음,보행자,여,66세,중상
2021062900100103,2021년 6월 29일 08시,화요일,대구광역시 수성구 두산동,중상사고,0,2,0,0,차대차 - 기타,안전운전불이행,건조,맑음,교차로 - 교차로안,승용,여,48세,상해없음,승용,여,71세,중상
2021062900100104,2021년 6월 29일 08시,화요일,대구광역시 달서구 용산동,경상사고,0,0,1,0,차대차 - 측면충돌,안전거리미확보,건조,맑음,단일로 - 기타,승합,남,53세,상해없음,승용,남,65세,경상
2021062900100105,2021년 6월 29일 08시,화요일,대구광역시 북구 읍내동,중상사고,0,1,0,0,차대차 - 측면충돌,안전운전불이행,건조,맑음,교차로 - 교차로안,자전거,여,52세,중상,승용,여,60세,상해없음
2021062900100106,2021년 6월 29일 08시,화요일,대구광역시 북구 서변동,경상사고,0,0,1,0,차대차 - 측면충돌,안전거리미확보,건조,맑음,단일로 - 기타,승용,여,34세,기타불명,승용,여,37세,경상
2021062900100169,2021년 6월 29일 10시,화요일,대구광역시 수성구 중동,경상사고,0,0,1,1,차대차 - 측면충돌,교차로운행방법위반,건조,맑음,단일로 - 기타,승용,남,71세,부상신고,승용,여,33세,경상
2021062900100170,2021년 6월 29일 10시,화요일,대구광역시 달서구 상인동,경상사고,0,0,1,0,차대차 - 측면충돌,안전운전불이행,건조,맑음,기타 - 기타,승용,여,47세,상해없음,자전거,남,47세,경상
2021062900100232,2021년 6월 29일 12시,화요일,대구광역시 달서구 월성동,중상사고,0,2,0,0,차대차 - 측면충돌,교차로운행방법위반,건조,맑음,교차로 - 교차로부근,승용,여,60세,상해없음,승용,남,69세,중상
2021062900100256,2021년 6월 29일 13시,화요일,대구광역시 동구 신기동,중상사고,0,1,0,0,차대사람 - 횡단중,안전운전불이행,건조,맑음,교차로 - 교차로안,화물,남,59세,상해없음,보행자,남,71세,중상
2021062900100257,2021년 6월 29일 13시,화요일,대구광역시 동구 효목동,경상사고,0,0,1,0,차대차 - 측면충돌,안전운전불이행,건조,맑음,교차로 - 교차로횡단보도내,승용,남,62세,상해없음,화물,남,30세,경상
2021062900100308,2021년 6월 29일 14시,화요일,대구광역시 남구 봉덕동,중상사고,0,1,1,0,차대사람 - 기타,기타,건조,맑음,단일로 - 기타,승용,여,64세,상해없음,보행자,남,44세,중상
2021062900100309,2021년 6월 29일 14시,화요일,대구광역시 수성구 황금동,경상사고,0,0,2,0,차대차 - 측면충돌,안전운전불이행,건조,맑음,기타 - 기타,승용,남,43세,상해없음,승용,여,40세,경상
2021062900100310,2021년 6월 29일 14시,화요일,대구광역시 수성구 만촌동,중상사고,0,1,0,0,차대차 - 측면충돌,교차로운행방법위반,건조,맑음,교차로 - 교차로안,건설기계,남,63세,상해없음,이륜,남,60세,중상
2021062900100311,2021년 6월 29일 14시,화요일,대구광역시 수성구 지산동,경상사고,0,0,1,0,차대차 - 추돌,직진우회전진행방해,건조,맑음,교차로 - 교차로안,승용,여,40세,기타불명,승용,여,37세,경상
2021062900100312,2021년 6월 29일 14시,화요일,대구광역시 달서구 상인동,경상사고,0,0,1,0,차대사람 - 횡단중,보행자보호의무위반,건조,맑음,기타 - 기타,화물,남,72세,상해없음,보행자,남,67세,경상
2021062900100313,2021년 6월 29일 14시,화요일,대구광역시 북구 노원동3가,부상신고사고,0,0,0,2,차대차 - 측면충돌,안전거리미확보,건조,맑음,단일로 - 기타,이륜,남,69세,부상신고,화물,남,58세,상해없음
2021062900100349,2021년 6월 29일 15시,화요일,대구광역시 남구 대명동,중상사고,0,1,0,0,차대사람 - 보도통행중,안전운전불이행,건조,맑음,교차로 - 교차로부근,화물,남,32세,상해없음,보행자,여,90세,중상
2021062900100350,2021년 6월 29일 15시,화요일,대구광역시 남구 대명동,경상사고,0,0,1,0,차량단독 - 기타,안전운전불이행,건조,맑음,단일로 - 기타,승합,남,59세,상해없음,,,,
2021062900100351,2021년 6월 29일 15시,화요일,대구광역시 동구 율하동,경상사고,0,0,1,0,차대차 - 측면충돌,안전거리미확보,건조,맑음,교차로 - 교차로부근,승용,여,42세,기타불명,특수,남,35세,경상
2021062900100352,2021년 6월 29일 15시,화요일,대구광역시 수성구 범어동,경상사고,0,0,1,0,차대사람 - 횡단중,안전운전불이행,건조,맑음,기타 - 기타,기타불명,기타불명,미분류,기타불명,보행자,여,20세,경상
2021062900100353,2021년 6월 29일 15시,화요일,대구광역시 달서구 상인동,경상사고,0,0,2,0,차대차 - 측면충돌,안전거리미확보,건조,맑음,단일로 - 기타,승용,남,31세,상해없음,승용,여,64세,경상
2021062900100354,2021년 6월 29일 15시,화요일,대구광역시 북구 침산동,경상사고,0,0,1,0,차대차 - 추돌,안전운전불이행,건조,맑음,교차로 - 교차로부근,승용,남,64세,상해없음,승용,여,47세,경상
2021062900100355,2021년 6월 29일 15시,화요일,대구광역시 달서구 신당동,부상신고사고,0,0,0,1,차대차 - 측면충돌,안전거리미확보,건조,맑음,단일로 - 기타,승용,남,47세,상해없음,이륜,남,44세,부상신고
2021062900100397,2021년 6월 29일 16시,화요일,대구광역시 수성구 범어동,경상사고,0,0,2,0,차대차 - 기타,안전거리미확보,건조,맑음,단일로 - 기타,승용,여,43세,상해없음,승용,여,38세,경상
2021062900100398,2021년 6월 29일 16시,화요일,대구광역시 달서구 용산동,경상사고,0,0,1,0,차대차 - 측면충돌,신호위반,건조,맑음,단일로 - 기타,승용,여,22세,상해없음,개인형이동수단(PM),남,19세,경상
2021062900100399,2021년 6월 29일 16시,화요일,대구광역시 달서구 장기동,경상사고,0,0,1,0,차대차 - 측면충돌,안전운전불이행,건조,맑음,단일로 - 기타,자전거,남,12세,경상,이륜,남,70세,상해없음
2021062900100400,2021년 6월 29일 16시,화요일,대구광역시 달서구 두류동,중상사고,0,1,0,0,차대차 - 기타,안전운전불이행,건조,맑음,단일로 - 기타,승합,남,45세,상해없음,사륜오토바이(ATV),남,31세,상해없음
2021062900100401,2021년 6월 29일 16시,화요일,대구광역시 달서구 성당동,경상사고,0,0,1,0,차대차 - 기타,안전운전불이행,건조,맑음,단일로 - 기타,승용,남,67세,상해없음,자전거,남,68세,경상
2021062900100454,2021년 6월 29일 17시,화요일,대구광역시 달서구 송현동,경상사고,0,0,1,0,차대사람 - 차도통행중,안전운전불이행,건조,맑음,단일로 - 기타,승용,남,73세,상해없음,보행자,여,58세,경상
2021062900100455,2021년 6월 29일 17시,화요일,대구광역시 서구 중리동,부상신고사고,0,0,0,1,차대사람 - 기타,안전운전불이행,건조,맑음,단일로 - 기타,승용,남,54세,상해없음,보행자,남,58세,부상신고
2021062900100515,2021년 6월 29일 18시,화요일,대구광역시 동구 동호동,중상사고,0,1,0,1,차대차 - 측면충돌,신호위반,건조,맑음,교차로 - 교차로안,화물,남,62세,부상신고,승용,남,60세,중상
2021062900100516,2021년 6월 29일 18시,화요일,대구광역시 북구 태전동,경상사고,0,0,1,0,차대차 - 측면충돌,안전운전불이행,건조,흐림,교차로 - 교차로부근,승합,남,20세,기타불명,승용,남,36세,경상
2021062900100552,2021년 6월 29일 19시,화요일,대구광역시 수성구 중동,경상사고,0,0,1,0,차대차 - 기타,안전운전불이행,건조,맑음,교차로 - 교차로부근,승합,남,69세,상해없음,이륜,남,41세,경상
2021062900100553,2021년 6월 29일 19시,화요일,대구광역시 달서구 월성동,중상사고,0,1,0,0,차대차 - 측면충돌,안전거리미확보,건조,맑음,단일로 - 기타,승용,남,29세,상해없음,승용,남,50세,중상
2021062900100554,2021년 6월 29일 19시,화요일,대구광역시 서구 비산동,경상사고,0,0,1,0,차대사람 - 기타,안전운전불이행,젖음/습기,비,단일로 - 기타,자전거,여,53세,상해없음,보행자,여,70세,경상
2021062900100574,2021년 6월 29일 20시,화요일,대구광역시 수성구 황금동,경상사고,0,0,1,0,차대차 - 추돌,안전운전불이행,젖음/습기,비,단일로 - 기타,승용,남,66세,기타불명,승용,남,35세,경상
2021062900100575,2021년 6월 29일 20시,화요일,대구광역시 달서구 상인동,중상사고,0,1,0,0,차대차 - 측면충돌,교차로운행방법위반,건조,맑음,교차로 - 교차로안,원동기,남,35세,상해없음,원동기,남,54세,중상
2021062900100576,2021년 6월 29일 20시,화요일,대구광역시 달서구 상인동,경상사고,0,0,1,0,차량단독 - 전도전복 - 전도,안전운전불이행,건조,맑음,교차로 - 교차로안,자전거,남,64세,경상,,,,
2021062900100577,2021년 6월 29일 20시,화요일,대구광역시 달성군 구지면,경상사고,0,0,1,0,차대차 - 기타,안전운전불이행,건조,맑음,교차로 - 교차로안,승용,기타불명,미분류,기타불명,승용,남,30세,경상
2021062900100578,2021년 6월 29일 20시,화요일,대구광역시 서구 비산동,경상사고,0,0,1,0,차대차 - 추돌,안전운전불이행,젖음/습기,비,단일로 - 기타,화물,남,43세,상해없음,승용,남,58세,경상
2021062900100579,2021년 6월 29일 20시,화요일,대구광역시 달서구 신당동,경상사고,0,0,2,0,차대차 - 측면충돌,신호위반,건조,맑음,교차로 - 교차로부근,이륜,남,20세,경상,승용,남,54세,경상
2021062900100580,2021년 6월 29일 20시,화요일,대구광역시 달서구 신당동,중상사고,0,1,1,0,차대차 - 추돌,안전운전불이행,건조,맑음,교차로 - 교차로부근,이륜,남,25세,중상,승용,남,28세,경상
2021062900100608,2021년 6월 29일 21시,화요일,대구광역시 수성구 만촌동,중상사고,0,1,0,0,차대사람 - 차도통행중,안전운전불이행,건조,맑음,교차로 - 교차로안,승합,남,67세,상해없음,보행자,여,47세,중상
2021062900100627,2021년 6월 29일 22시,화요일,대구광역시 중구 삼덕동1가,경상사고,0,0,2,0,차대차 - 측면충돌,안전거리미확보,건조,맑음,교차로 - 교차로부근,승용,여,19세,상해없음,승용,남,29세,경상
2021062900100628,2021년 6월 29일 22시,화요일,대구광역시 달서구 죽전동,중상사고,0,1,0,0,차대사람 - 횡단중,안전운전불이행,건조,맑음,단일로 - 기타,승용,남,66세,상해없음,보행자,여,19세,중상
2021062900100644,2021년 6월 29일 23시,화요일,대구광역시 북구 고성동3가,부상신고사고,0,0,0,1,차대차 - 측면충돌,안전운전불이행,건조,맑음,교차로 - 교차로횡단보도내,개인형이동수단(PM),남,16세,부상신고,승용,여,41세,상해없음
2021063000100021,2021년 6월 30일 01시,수요일,대구광역시 수성구 상동,경상사고,0,0,1,0,차대차 - 측면충돌,안전운전불이행,건조,맑음,교차로 - 교차로안,승용,남,62세,상해없음,개인형이동수단(PM),남,35세,경상
2021063000100046,2021년 6월 30일 06시,수요일,대구광역시 수성구 지산동,경상사고,0,0,2,0,차대차 - 측면충돌,기타,건조,맑음,단일로 - 기타,승용,여,48세,상해없음,승용,남,59세,경상
2021063000100068,2021년 6월 30일 07시,수요일,대구광역시 남구 대명동,중상사고,0,1,0,0,차대사람 - 차도통행중,안전운전불이행,건조,맑음,단일로 - 기타,승용,여,56세,상해없음,보행자,여,11세,중상
2021063000100107,2021년 6월 30일 08시,수요일,대구광역시 달서구 갈산동,경상사고,0,0,1,0,차대차 - 측면충돌,불법유턴,건조,맑음,단일로 - 기타,승용,남,40세,기타불명,승용,남,52세,경상
2021063000100141,2021년 6월 30일 09시,수요일,대구광역시 달서구 송현동,중상사고,0,1,0,0,차대사람 - 보도통행중,기타,건조,맑음,단일로 - 기타,원동기,남,18세,상해없음,보행자,남,82세,중상
2021063000100142,2021년 6월 30일 09시,수요일,대구광역시 달서구 신당동,경상사고,0,0,1,0,차대차 - 추돌,안전거리미확보,건조,맑음,교차로 - 교차로부근,승용,남,45세,상해없음,승용,남,38세,경상
2021063000100202,2021년 6월 30일 11시,수요일,대구광역시 동구 신천동,경상사고,0,0,1,0,차대차 - 측면충돌,직진우회전진행방해,건조,맑음,교차로 - 교차로안,승용,남,50세,상해없음,이륜,남,64세,경상
2021063000100203,2021년 6월 30일 11시,수요일,대구광역시 동구 신서동,경상사고,0,0,1,0,차대사람 - 기타,기타,건조,맑음,단일로 - 기타,승용,남,71세,상해없음,보행자,여,81세,경상
2021063000100204,2021년 6월 30일 11시,수요일,대구광역시 북구 복현동,경상사고,0,0,1,0,차대차 - 측면충돌,신호위반,건조,흐림,교차로 - 교차로안,승용,여,53세,상해없음,승용,남,48세,경상
2021063000100205,2021년 6월 30일 11시,수요일,대구광역시 서구 중리동,경상사고,0,0,1,0,차대사람 - 횡단중,안전운전불이행,건조,맑음,교차로 - 교차로안,화물,남,62세,상해없음,보행자,여,40세,경상
2021063000100206,2021년 6월 30일 11시,수요일,대구광역시 달서구 성당동,경상사고,0,0,1,0,차대차 - 추돌,안전운전불이행,건조,맑음,단일로 - 기타,승용,남,68세,상해없음,승용,남,37세,경상
2021063000100238,2021년 6월 30일 12시,수요일,대구광역시 서구 상리동,경상사고,0,0,3,0,차대차 - 측면충돌,안전운전불이행,건조,맑음,단일로 - 기타,승용,남,60세,상해없음,승용,여,56세,경상
2021063000100247,2021년 6월 30일 12시,수요일,대구광역시 수성구 두산동,중상사고,0,1,0,0,차대차 - 기타,안전운전불이행,건조,맑음,단일로 - 기타,이륜,남,24세,상해없음,이륜,남,52세,중상
2021063000100282,2021년 6월 30일 13시,수요일,대구광역시 동구 방촌동,중상사고,0,1,0,0,차대사람 - 횡단중,안전운전불이행,건조,맑음,단일로 - 기타,승용,여,46세,상해없음,보행자,여,85세,중상
2021063000100283,2021년 6월 30일 13시,수요일,대구광역시 수성구 노변동,경상사고,0,0,1,0,차대차 - 정면충돌,안전운전불이행,건조,맑음,단일로 - 기타,승용,여,46세,상해없음,승용,남,31세,경상
2021063000100319,2021년 6월 30일 14시,수요일,대구광역시 동구 효목동,경상사고,0,0,1,0,차대사람 - 길가장자리구역통행중,안전운전불이행,건조,맑음,단일로 - 기타,승용,남,30세,상해없음,보행자,남,39세,경상
2021063000100320,2021년 6월 30일 14시,수요일,대구광역시 수성구 두산동,경상사고,0,0,1,0,차대차 - 측면충돌,중앙선침범,건조,맑음,단일로 - 기타,자전거,여,55세,경상,승용,남,46세,상해없음
2021063000100321,2021년 6월 30일 14시,수요일,대구광역시 북구 칠성동2가,부상신고사고,0,0,0,1,차대차 - 측면충돌,중앙선침범,건조,맑음,단일로 - 기타,개인형이동수단(PM),남,33세,부상신고,승용,여,68세,상해없음
2021063000100360,2021년 6월 30일 15시,수요일,대구광역시 수성구 두산동,경상사고,0,0,1,0,차대차 - 측면충돌,직진우회전진행방해,건조,맑음,교차로 - 교차로안,화물,남,65세,상해없음,자전거,여,66세,경상
2021063000100404,2021년 6월 30일 16시,수요일,대구광역시 수성구 범물동,경상사고,0,0,1,0,차대사람 - 횡단중,보행자보호의무위반,건조,맑음,교차로 - 교차로횡단보도내,승용,여,53세,상해없음,보행자,남,65세,경상
2021063000100405,2021년 6월 30일 16시,수요일,대구광역시 북구 동천동,부상신고사고,0,0,0,1,차대차 - 측면충돌,안전운전불이행,건조,맑음,교차로 - 교차로횡단보도내,자전거,남,78세,부상신고,승용,남,72세,상해없음
2021063000100447,2021년 6월 30일 17시,수요일,대구광역시 수성구 시지동,중상사고,0,1,3,0,차대차 - 측면충돌,안전운전불이행,젖음/습기,흐림,단일로 - 기타,승용,남,61세,상해없음,승용,남,36세,중상
2021063000100454,2021년 6월 30일 17시,수요일,대구광역시 달서구 신당동,부상신고사고,0,0,0,1,차대차 - 측면충돌,안전운전불이행,건조,맑음,단일로 - 기타,승용,남,45세,부상신고,화물,남,44세,기타불명
2021063000100455,2021년 6월 30일 17시,수요일,대구광역시 북구 태전동,중상사고,0,1,0,0,차대사람 - 횡단중,보행자보호의무위반,건조,맑음,교차로 - 교차로횡단보도내,이륜,남,30세,기타불명,보행자,여,70세,중상
2021063000100507,2021년 6월 30일 18시,수요일,대구광역시 수성구 중동,경상사고,0,0,1,1,차대차 - 기타,안전운전불이행,건조,맑음,교차로 - 교차로부근,승용,남,58세,상해없음,승용,여,30세,부상신고
2021063000100564,2021년 6월 30일 20시,수요일,대구광역시 동구 지묘동,경상사고,0,0,1,0,차대사람 - 기타,안전운전불이행,건조,맑음,단일로 - 기타,승용,남,47세,상해없음,보행자,남,12세,경상
2021063000100565,2021년 6월 30일 20시,수요일,대구광역시 수성구 범물동,경상사고,0,0,2,1,차대차 - 측면충돌,교차로운행방법위반,건조,맑음,교차로 - 교차로안,승용,남,64세,부상신고,승용,여,50세,경상
2021063000100566,2021년 6월 30일 20시,수요일,대구광역시 북구 침산동,경상사고,0,0,1,0,차량단독 - 공작물충돌,안전운전불이행,건조,맑음,교차로 - 교차로부근,승용,여,62세,경상,,,,
2021063000100567,2021년 6월 30일 20시,수요일,대구광역시 중구 계산동2가,경상사고,0,0,1,0,차대차 - 측면충돌,안전운전불이행,건조,맑음,단일로 - 기타,승용,남,58세,상해없음,개인형이동수단(PM),여,23세,경상
2021070100100006,2021년 7월 1일 00시,목요일,대구광역시 중구 동성로2가,경상사고,0,0,3,1,차대차 - 측면충돌,안전거리미확보,건조,맑음,단일로 - 기타,승용,남,64세,부상신고,승용,남,24세,경상
2021070100100031,2021년 7월 1일 05시,목요일,대구광역시 북구 매천동,부상신고사고,0,0,0,1,차대차 - 측면충돌,교차로운행방법위반,건조,맑음,교차로 - 교차로안,이륜,남,23세,부상신고,화물,남,66세,상해없음
2021070100100068,2021년 7월 1일 07시,목요일,대구광역시 수성구 범어동,경상사고,0,0,1,0,차대차 - 기타,안전운전불이행,건조,맑음,단일로 - 기타,승합,남,40세,상해없음,자전거,남,19세,경상
2021070100100069,2021년 7월 1일 07시,목요일,대구광역시 북구 태전동,중상사고,0,1,0,0,차대차 - 측면충돌,신호위반,건조,맑음,교차로 - 교차로부근,승용,남,67세,상해없음,자전거,남,58세,중상
2021070100100109,2021년 7월 1일 08시,목요일,대구광역시 수성구 삼덕동,경상사고,0,0,3,1,차대차 - 추돌,안전운전불이행,건조,맑음,단일로 - 기타,승용,여,34세,부상신고,승용,남,31세,경상
2021070100100110,2021년 7월 1일 08시,목요일,대구광역시 수성구 삼덕동,중상사고,0,2,0,0,차대차 - 추돌,안전운전불이행,건조,맑음,단일로 - 기타,화물,남,73세,기타불명,승용,남,65세,중상
2021070100100111,2021년 7월 1일 08시,목요일,대구광역시 달서구 월성동,경상사고,0,0,1,0,차대차 - 측면충돌,안전운전불이행,건조,맑음,교차로 - 교차로부근,자전거,남,15세,경상,화물,남,31세,상해없음
2021070100100112,2021년 7월 1일 08시,목요일,대구광역시 북구 칠성동1가,부상신고사고,0,0,0,1,차대차 - 추돌,안전거리미확보,건조,맑음,교차로 - 교차로부근,승용,남,26세,상해없음,승용,남,55세,부상신고
2021070100100141,2021년 7월 1일 09시,목요일,대구광역시 서구 원대동3가,경상사고,0,0,2,0,차대차 - 측면충돌,안전운전불이행,건조,맑음,교차로 - 교차로안,화물,남,62세,경상,승용,남,63세,경상
2021070100100173,2021년 7월 1일 10시,목요일,대구광역시 수성구 범어동,경상사고,0,0,1,0,차대차 - 추돌,안전운전불이행,건조,맑음,단일로 - 기타,승용,여,58세,상해없음,승용,여,44세,경상
2021070100100174,2021년 7월 1일 10시,목요일,대구광역시 달성군 하빈면,경상사고,0,0,1,1,차대차 - 측면충돌,안전운전불이행,건조,맑음,교차로 - 교차로안,화물,남,60세,부상신고,승용,남,42세,경상
2021070100100175,2021년 7월 1일 10시,목요일,대구광역시 서구 비산동,중상사고,0,1,0,0,차대사람 - 기타,기타,건조,맑음,기타 - 기타,승용,남,55세,상해없음,보행자,남,58세,중상