사고번호,사고일시,요일,시군구,사고내용,사망자수,중상자수,경상자수,부상신고자수,사고유형,법규위반,노면상태,기상상태,도로형태,가해운전자 차종,가해운전자 성별,가해운전자 연령,가해운전자 상해정도,피해운전자 차종,피해운전자 성별,피해운전자 연령,피해운전자 상해정도
2021070800100104,2021년 7월 8일 08시,목요일,대구광역시 중구 삼덕동3가,경상사고,0,0,1,0,차대차 - 측면충돌,신호위반,건조,맑음,단일로 - 기타,승용,남,83세,상해없음,기타불명,남,58세,경상
2021070800100105,2021년 7월 8일 08시,목요일,대구광역시 달서구 감삼동,경상사고,0,0,1,0,차대차 - 측면충돌,안전운전불이행,건조,맑음,단일로 - 기타,승용,남,42세,상해없음,승용,남,47세,경상
2021070800100148,2021년 7월 8일 09시,목요일,대구광역시 남구 이천동,중상사고,0,1,1,0,차대차 - 측면충돌,직진우회전진행방해,건조,맑음,교차로 - 교차로부근,이륜,남,66세,중상,승용,여,31세,경상
2021070800100149,2021년 7월 8일 09시,목요일,대구광역시 남구 봉덕동,경상사고,0,0,2,0,차대차 - 측면충돌,안전운전불이행,건조,맑음,단일로 - 기타,승용,남,60세,상해없음,승용,남,36세,경상
2021070800100150,2021년 7월 8일 09시,목요일,대구광역시 서구 비산동,중상사고,0,1,0,0,차대사람 - 기타,안전운전불이행,건조,맑음,단일로 - 기타,승용,남,76세,상해없음,보행자,남,38세,중상
2021070800100151,2021년 7월 8일 09시,목요일,대구광역시 북구 읍내동,경상사고,0,0,1,0,차대차 - 후진중충돌,안전운전불이행,건조,맑음,주차장 - 주차장,승용,남,60세,기타불명,승용,여,36세,경상
2021070800100193,2021년 7월 8일 10시,목요일,대구광역시 수성구 범어동,경상사고,0,0,1,0,차대차 - 측면충돌,안전운전불이행,건조,맑음,기타 - 기타,승용,남,25세,상해없음,승용,여,51세,경상
2021070800100194,2021년 7월 8일 10시,목요일,대구광역시 수성구 범어동,중상사고,0,2,0,0,차대차 - 추돌,안전운전불이행,건조,맑음,단일로 - 기타,승용,남,31세,상해없음,승용,여,40세,중상
2021070800100195,2021년 7월 8일 10시,목요일,대구광역시 수성구 상동,중상사고,0,1,0,1,차대차 - 측면충돌,안전운전불이행,건조,맑음,교차로 - 교차로안,승용,여,34세,부상신고,승합,남,55세,중상
2021070800100218,2021년 7월 8일 11시,목요일,대구광역시 남구 대명동,중상사고,0,1,0,0,차대사람 - 횡단중,보행자보호의무위반,건조,맑음,단일로 - 기타,승용,여,35세,상해없음,보행자,여,80세,중상
2021070800100219,2021년 7월 8일 11시,목요일,대구광역시 수성구 파동,경상사고,0,0,1,0,차대차 - 측면충돌,안전운전불이행,건조,맑음,교차로 - 교차로안,승용,여,50세,상해없음,승용,여,65세,경상
2021070800100220,2021년 7월 8일 11시,목요일,대구광역시 중구 태평로2가,사망사고,1,0,0,0,차대사람 - 기타,안전운전불이행,기타,비,단일로 - 기타,자전거,남,48세,사망,보행자,기타불명,미분류,기타불명
2021070800100221,2021년 7월 8일 11시,목요일,대구광역시 북구 태전동,경상사고,0,0,1,1,차대차 - 측면충돌,교차로운행방법위반,건조,맑음,교차로 - 교차로안,승용,남,72세,부상신고,승용,남,40세,경상
2021070800100248,2021년 7월 8일 12시,목요일,대구광역시 달서구 유천동,경상사고,0,0,1,0,차대차 - 측면충돌,안전운전불이행,젖음/습기,흐림,주차장 - 주차장,승용,남,71세,상해없음,승용,여,43세,경상
2021070800100310,2021년 7월 8일 14시,목요일,대구광역시 수성구 욱수동,경상사고,0,0,1,0,차대사람 - 횡단중,안전운전불이행,건조,맑음,단일로 - 기타,승용,남,63세,상해없음,보행자,남,13세,경상
2021070800100311,2021년 7월 8일 14시,목요일,대구광역시 중구 공평동,경상사고,0,0,1,0,차대사람 - 길가장자리구역통행중,안전운전불이행,젖음/습기,비,단일로 - 기타,승용,여,62세,상해없음,보행자,남,39세,경상
2021070800100344,2021년 7월 8일 15시,목요일,대구광역시 북구 동천동,부상신고사고,0,0,0,1,차량단독 - 전도전복 - 전도,안전거리미확보,젖음/습기,비,교차로 - 교차로횡단보도내,자전거,남,12세,부상신고,,,,
2021070800100381,2021년 7월 8일 16시,목요일,대구광역시 북구 노원동3가,중상사고,0,1,0,0,차대차 - 기타,안전운전불이행,건조,맑음,교차로 - 교차로안,화물,남,63세,상해없음,이륜,남,72세,중상
2021070800100382,2021년 7월 8일 16시,목요일,대구광역시 북구 복현동,경상사고,0,0,1,0,차대차 - 측면충돌,안전운전불이행,젖음/습기,비,단일로 - 기타,이륜,남,32세,경상,승용,남,26세,상해없음
2021070800100383,2021년 7월 8일 16시,목요일,대구광역시 북구 침산동,경상사고,0,0,1,0,차대차 - 측면충돌,안전운전불이행,젖음/습기,비,교차로 - 교차로부근,승용,남,77세,상해없음,승용,남,40세,경상
2021070800100419,2021년 7월 8일 17시,목요일,대구광역시 북구 산격동,경상사고,0,0,1,0,차대차 - 측면충돌,안전거리미확보,젖음/습기,비,단일로 - 기타,화물,남,38세,상해없음,이륜,남,17세,경상
2021070800100459,2021년 7월 8일 18시,목요일,대구광역시 달성군 현풍읍,경상사고,0,0,1,0,차대차 - 기타,안전운전불이행,젖음/습기,비,교차로 - 교차로안,승용,남,62세,상해없음,이륜,남,43세,경상
2021070800100460,2021년 7월 8일 18시,목요일,대구광역시 중구 종로2가,부상신고사고,0,0,0,1,차대사람 - 길가장자리구역통행중,안전운전불이행,건조,맑음,단일로 - 기타,승용,여,22세,상해없음,보행자,남,59세,부상신고
2021070800100461,2021년 7월 8일 18시,목요일,대구광역시 달서구 감삼동,경상사고,0,0,2,0,차대차 - 측면충돌,안전거리미확보,건조,맑음,교차로 - 교차로횡단보도내,승용,남,56세,경상,승용,남,33세,경상
2021070800100525,2021년 7월 8일 20시,목요일,대구광역시 서구 원대동3가,경상사고,0,0,1,0,차대사람 - 기타,중앙선침범,건조,맑음,단일로 - 기타,이륜,남,59세,상해없음,보행자,남,29세,경상
2021070800100580,2021년 7월 8일 22시,목요일,대구광역시 동구 신암동,중상사고,0,1,0,0,차대사람 - 횡단중,보행자보호의무위반,건조,맑음,교차로 - 교차로안,승용,남,61세,상해없음,보행자,여,29세,중상
2021070900100013,2021년 7월 9일 00시,금요일,대구광역시 동구 율하동,중상사고,0,1,0,0,차대차 - 기타,중앙선침범,건조,맑음,단일로 - 기타,승용,남,42세,상해없음,승용,남,34세,중상
2021070900100014,2021년 7월 9일 00시,금요일,대구광역시 수성구 황금동,경상사고,0,0,1,0,차대사람 - 길가장자리구역통행중,안전운전불이행,건조,맑음,기타 - 기타,승용,남,71세,상해없음,보행자,남,42세,경상
2021070900100015,2021년 7월 9일 00시,금요일,대구광역시 수성구 수성동4가,경상사고,0,0,1,0,차대차 - 추돌,안전운전불이행,건조,흐림,기타 - 기타,화물,남,61세,상해없음,승용,남,72세,경상
2021070900100038,2021년 7월 9일 05시,금요일,대구광역시 동구 도동,경상사고,0,0,1,0,차대차 - 추돌,안전운전불이행,건조,흐림,단일로 - 기타,승용,남,66세,상해없음,화물,남,64세,경상
2021070900100097,2021년 7월 9일 08시,금요일,대구광역시 동구 중대동,경상사고,0,0,1,0,차대차 - 정면충돌,중앙선침범,젖음/습기,비,단일로 - 기타,화물,남,86세,상해없음,승용,남,61세,경상
2021070900100098,2021년 7월 9일 08시,금요일,대구광역시 동구 효목동,경상사고,0,0,1,0,차대차 - 측면충돌,안전거리미확보,건조,맑음,교차로 - 교차로부근,승용,남,53세,상해없음,승용,여,33세,경상
2021070900100099,2021년 7월 9일 08시,금요일,대구광역시 북구 관음동,경상사고,0,0,6,0,차대차 - 추돌,안전운전불이행,젖음/습기,비,단일로 - 기타,승용,남,20세,기타불명,승용,여,39세,경상
2021070900100160,2021년 7월 9일 10시,금요일,대구광역시 수성구 범어동,경상사고,0,0,1,0,차대차 - 추돌,안전운전불이행,건조,맑음,단일로 - 기타,승용,남,55세,상해없음,승용,남,55세,상해없음
2021070900100186,2021년 7월 9일 11시,금요일,대구광역시 동구 신암동,경상사고,0,0,1,0,차대사람 - 횡단중,보행자보호의무위반,건조,맑음,단일로 - 기타,승용,여,45세,상해없음,보행자,여,60세,경상
2021070900100187,2021년 7월 9일 11시,금요일,대구광역시 수성구 범어동,경상사고,0,0,1,0,차대차 - 추돌,안전운전불이행,건조,맑음,단일로 - 기타,승용,여,41세,상해없음,승용,남,35세,경상
2021070900100218,2021년 7월 9일 12시,금요일,대구광역시 중구 대봉동,경상사고,0,0,1,0,차대차 - 측면충돌,안전운전불이행,건조,맑음,단일로 - 기타,화물,남,49세,상해없음,승용,남,39세,경상
2021070900100285,2021년 7월 9일 14시,금요일,대구광역시 수성구 범물동,경상사고,0,0,1,0,차대사람 - 기타,안전운전불이행,건조,맑음,단일로 - 기타,승용,남,66세,상해없음,보행자,남,12세,경상
2021070900100286,2021년 7월 9일 14시,금요일,대구광역시 달성군 화원읍,부상신고사고,0,0,0,1,차대차 - 추돌,안전운전불이행,건조,맑음,단일로 - 기타,이륜,남,17세,부상신고,화물,남,37세,상해없음
2021070900100287,2021년 7월 9일 14시,금요일,대구광역시 달서구 신당동,경상사고,0,0,1,0,차대차 - 측면충돌,안전거리미확보,건조,맑음,교차로 - 교차로부근,화물,남,47세,상해없음,승용,남,63세,경상
2021070900100288,2021년 7월 9일 14시,금요일,대구광역시 북구 읍내동,경상사고,0,0,1,0,차대차 - 정면충돌,신호위반,건조,맑음,교차로 - 교차로안,승용,여,47세,기타불명,승용,남,38세,경상
2021070900100329,2021년 7월 9일 15시,금요일,대구광역시 달서구 상인동,경상사고,0,0,2,0,차대차 - 측면충돌,안전운전불이행,건조,맑음,교차로 - 교차로안,승용,남,35세,경상,화물,남,37세,경상
2021070900100369,2021년 7월 9일 16시,금요일,대구광역시 수성구 범어동,경상사고,0,0,1,0,차대차 - 추돌,안전운전불이행,건조,맑음,단일로 - 기타,이륜,남,27세,상해없음,승용,여,50세,경상
2021070900100370,2021년 7월 9일 16시,금요일,대구광역시 수성구 범어동,경상사고,0,0,1,0,차대차 - 추돌,안전운전불이행,건조,맑음,단일로 - 기타,승용,남,67세,상해없음,승용,여,37세,경상
2021070900100371,2021년 7월 9일 16시,금요일,대구광역시 달서구 진천동,경상사고,0,0,1,0,차대차 - 기타,신호위반,건조,맑음,단일로 - 기타,승용,남,67세,상해없음,승용,남,72세,상해없음
2021070900100372,2021년 7월 9일 16시,금요일,대구광역시 달서구 본동,경상사고,0,0,1,0,차량단독 - 기타,기타,건조,맑음,단일로 - 기타,승합,남,57세,상해없음,,,,
2021070900100373,2021년 7월 9일 16시,금요일,대구광역시 달서구 상인동,경상사고,0,0,2,0,차대차 - 측면충돌,직진우회전진행방해,건조,맑음,교차로 - 교차로안,승용,남,53세,경상,이륜,남,25세,경상
2021070900100374,2021년 7월 9일 16시,금요일,대구광역시 달성군 현풍읍,경상사고,0,0,2,0,차대차 - 기타,안전운전불이행,건조,맑음,교차로 - 교차로안,이륜,남,30세,경상,화물,남,38세,경상
2021070900100375,2021년 7월 9일 16시,금요일,대구광역시 달성군 화원읍,경상사고,0,0,1,0,차대사람 - 횡단중,보행자보호의무위반,건조,맑음,교차로 - 교차로횡단보도내,승용,여,55세,상해없음,보행자,여,33세,경상
2021070900100376,2021년 7월 9일 16시,금요일,대구광역시 서구 비산동,경상사고,0,0,1,0,차대사람 - 차도통행중,안전운전불이행,건조,맑음,단일로 - 기타,자전거,남,56세,상해없음,보행자,여,55세,경상
2021070900100415,2021년 7월 9일 17시,금요일,대구광역시 북구 산격동,중상사고,0,1,0,0,차대차 - 측면충돌,안전운전불이행,건조,맑음,단일로 - 기타,승용,여,25세,상해없음,이륜,남,51세,중상
2021070900100510,2021년 7월 9일 19시,금요일,대구광역시 남구 대명동,경상사고,0,0,1,0,차대차 - 추돌,안전운전불이행,젖음/습기,흐림,단일로 - 기타,승용,남,78세,상해없음,승용,남,23세,경상
2021070900100511,2021년 7월 9일 19시,금요일,대구광역시 달서구 감삼동,경상사고,0,0,1,0,차대차 - 기타,안전운전불이행,건조,맑음,교차로 - 교차로안,승용,남,25세,기타불명,승용,남,24세,경상
2021070900100512,2021년 7월 9일 19시,금요일,대구광역시 북구 연경동,경상사고,0,0,2,0,차대차 - 측면충돌,직진우회전진행방해,젖음/습기,비,교차로 - 교차로안,승용,여,56세,경상,승용,남,61세,상해없음
2021070900100548,2021년 7월 9일 20시,금요일,대구광역시 북구 침산동,경상사고,0,0,2,0,차대차 - 측면충돌,신호위반,건조,맑음,교차로 - 교차로안,승용,여,55세,경상,승용,남,67세,경상
2021070900100549,2021년 7월 9일 20시,금요일,대구광역시 북구 관음동,중상사고,0,1,0,0,차대사람 - 횡단중,안전운전불이행,젖음/습기,비,단일로 - 지하차도(도로)내,승용,여,58세,상해없음,보행자,남,75세,중상
2021071000100014,2021년 7월 10일 00시,토요일,대구광역시 수성구 만촌동,경상사고,0,0,3,0,차대차 - 추돌,안전운전불이행,건조,맑음,교차로 - 교차로부근,승용,여,45세,기타불명,승용,여,45세,경상
2021071000100036,2021년 7월 10일 01시,토요일,대구광역시 동구 신천동,중상사고,0,1,0,0,차대차 - 추돌,안전운전불이행,건조,맑음,단일로 - 기타,승용,남,29세,상해없음,원동기,남,37세,중상
2021071000100037,2021년 7월 10일 01시,토요일,대구광역시 달성군 옥포읍,경상사고,0,0,1,0,차대차 - 기타,안전운전불이행,건조,맑음,단일로 - 기타,승용,남,29세,상해없음,화물,남,38세,경상
2021071000100045,2021년 7월 10일 02시,토요일,대구광역시 수성구 황금동,경상사고,0,0,1,0,차대차 - 측면충돌,안전운전불이행,건조,맑음,교차로 - 교차로안,승용,남,24세,상해없음,승용,남,31세,경상
2021071000100046,2021년 7월 10일 02시,토요일,대구광역시 달서구 신당동,중상사고,0,2,0,0,차대차 - 추돌,안전운전불이행,건조,맑음,교차로 - 교차로부근,승용,남,28세,기타불명,승용,남,53세,중상
2021071000100060,2021년 7월 10일 03시,토요일,대구광역시 동구 방촌동,중상사고,0,1,0,0,차대차 - 기타,안전운전불이행,건조,맑음,단일로 - 기타,화물,남,51세,상해없음,승용,남,61세,중상
2021071000100066,2021년 7월 10일 04시,토요일,대구광역시 달서구 상인동,경상사고,0,0,1,0,차대사람 - 기타,안전운전불이행,건조,맑음,교차로 - 교차로부근,승용,남,19세,상해없음,보행자,남,21세,경상
2021071000100067,2021년 7월 10일 04시,토요일,대구광역시 달성군 옥포읍,중상사고,0,1,0,0,차량단독 - 기타,안전운전불이행,건조,맑음,교차로 - 교차로부근,승용,남,24세,중상,,,,
2021071000100089,2021년 7월 10일 07시,토요일,대구광역시 남구 대명동,중상사고,0,1,0,0,차대사람 - 기타,보행자보호의무위반,건조,맑음,단일로 - 기타,승용,남,60세,상해없음,보행자,여,86세,중상
2021071000100090,2021년 7월 10일 07시,토요일,대구광역시 동구 효목동,경상사고,0,0,1,0,차대차 - 측면충돌,안전운전불이행,건조,맑음,교차로 - 교차로부근,승합,남,63세,상해없음,자전거,남,82세,경상
2021071000100113,2021년 7월 10일 08시,토요일,대구광역시 중구 동인동3가,경상사고,0,0,1,0,차대차 - 측면충돌,안전운전불이행,건조,맑음,교차로 - 교차로안,승용,남,60세,상해없음,이륜,남,48세,경상
2021071000100141,2021년 7월 10일 09시,토요일,대구광역시 수성구 범어동,경상사고,0,0,1,0,차대차 - 기타,안전운전불이행,건조,맑음,단일로 - 기타,기타불명,기타불명,미분류,기타불명,승용,남,47세,상해없음
2021071000100174,2021년 7월 10일 10시,토요일,대구광역시 동구 봉무동,경상사고,0,0,3,0,차대차 - 기타,안전거리미확보,건조,맑음,단일로 - 기타,승용,여,31세,경상,승용,여,48세,경상
2021071000100175,2021년 7월 10일 10시,토요일,대구광역시 달서구 송현동,경상사고,0,0,4,0,차대차 - 측면충돌,안전운전불이행,건조,맑음,교차로 - 교차로안,승용,여,34세,상해없음,승용,여,39세,경상
2021071000100176,2021년 7월 10일 10시,토요일,대구광역시 서구 내당동,경상사고,0,0,1,0,차대차 - 측면충돌,기타,건조,맑음,단일로 - 기타,승용,남,47세,상해없음,자전거,여,70세,경상
2021071000100177,2021년 7월 10일 10시,토요일,대구광역시 북구 읍내동,중상사고,0,1,1,0,차대차 - 추돌,안전운전불이행,건조,맑음,단일로 - 지하차도(도로)내,승용,남,24세,상해없음,화물,남,61세,중상
2021071000100221,2021년 7월 10일 11시,토요일,대구광역시 동구 율하동,경상사고,0,0,5,0,차대차 - 측면충돌,안전운전불이행,건조,맑음,단일로 - 기타,승용,여,36세,경상,승용,여,36세,경상
2021071000100222,2021년 7월 10일 11시,토요일,대구광역시 동구 신서동,경상사고,0,0,1,0,차대차 - 기타,신호위반,건조,맑음,교차로 - 교차로부근,승용,남,29세,상해없음,승용,남,36세,상해없음
2021071000100271,2021년 7월 10일 12시,토요일,대구광역시 동구 효목동,중상사고,0,1,0,0,차대차 - 측면충돌,신호위반,건조,맑음,교차로 - 교차로안,승합,남,63세,기타불명,이륜,남,73세,중상
2021071000100301,2021년 7월 10일 13시,토요일,대구광역시 수성구 상동,중상사고,0,1,0,0,차대차 - 측면충돌,신호위반,건조,맑음,교차로 - 교차로횡단보도내,이륜,남,36세,상해없음,자전거,여,57세,중상
2021071000100302,2021년 7월 10일 13시,토요일,대구광역시 수성구 범어동,중상사고,0,1,2,0,차대차 - 측면충돌,차로위반,건조,맑음,교차로 - 교차로안,승용,남,35세,상해없음,승합,남,24세,경상
2021071000100303,2021년 7월 10일 13시,토요일,대구광역시 수성구 만촌동,경상사고,0,0,1,0,차대사람 - 기타,교차로운행방법위반,건조,맑음,교차로 - 교차로부근,자전거,남,17세,상해없음,보행자,여,48세,경상
2021071000100348,2021년 7월 10일 14시,토요일,대구광역시 수성구 범어동,경상사고,0,0,3,0,차대차 - 측면충돌,기타,건조,맑음,교차로 - 교차로안,이륜,남,43세,경상,승용,여,37세,경상
2021071000100375,2021년 7월 10일 15시,토요일,대구광역시 달서구 상인동,경상사고,0,0,1,0,차대차 - 추돌,안전운전불이행,건조,맑음,단일로 - 기타,승용,남,71세,상해없음,승용,남,29세,경상
2021071000100376,2021년 7월 10일 15시,토요일,대구광역시 달성군 화원읍,중상사고,0,1,1,0,차대사람 - 기타,안전운전불이행,건조,맑음,기타 - 기타,자전거,남,79세,상해없음,보행자,여,78세,중상
2021071000100377,2021년 7월 10일 15시,토요일,대구광역시 서구 평리동,경상사고,0,0,1,0,차대차 - 측면충돌,안전거리미확보,건조,맑음,단일로 - 기타,승용,여,60세,상해없음,이륜,남,50세,경상
2021071000100424,2021년 7월 10일 16시,토요일,대구광역시 달서구 이곡동,경상사고,0,0,1,0,차대사람 - 기타,보행자보호의무위반,건조,맑음,단일로 - 기타,이륜,남,22세,상해없음,보행자,여,56세,경상
2021071000100450,2021년 7월 10일 17시,토요일,대구광역시 서구 비산동,경상사고,0,0,1,0,차대차 - 측면충돌,안전운전불이행,건조,맑음,교차로 - 교차로부근,승용,여,54세,상해없음,승용,남,52세,경상
2021071000100485,2021년 7월 10일 18시,토요일,대구광역시 수성구 두산동,중상사고,0,1,1,0,차대차 - 측면충돌,안전운전불이행,건조,맑음,단일로 - 기타,승용,여,33세,경상,이륜,남,41세,중상
2021071000100486,2021년 7월 10일 18시,토요일,대구광역시 수성구 두산동,중상사고,0,1,5,0,차대차 - 측면충돌,안전거리미확보,젖음/습기,비,단일로 - 기타,승용,남,69세,상해없음,승용,여,25세,경상
2021071000100512,2021년 7월 10일 19시,토요일,대구광역시 동구 중대동,중상사고,0,2,2,0,차대차 - 기타,중앙선침범,젖음/습기,흐림,단일로 - 기타,승용,남,23세,기타불명,승용,남,65세,경상
2021071000100513,2021년 7월 10일 19시,토요일,대구광역시 수성구 중동,중상사고,0,2,1,0,차대차 - 추돌,안전운전불이행,젖음/습기,비,교차로 - 교차로안,승용,남,36세,경상,승용,남,67세,중상
2021071000100514,2021년 7월 10일 19시,토요일,대구광역시 달서구 상인동,부상신고사고,0,0,0,1,차대차 - 기타,안전운전불이행,침수,비,단일로 - 기타,승용,여,52세,상해없음,이륜,남,19세,부상신고
2021071000100546,2021년 7월 10일 20시,토요일,대구광역시 동구 신암동,중상사고,0,1,0,0,차대사람 - 횡단중,보행자보호의무위반,젖음/습기,비,교차로 - 교차로횡단보도내,승용,남,69세,상해없음,보행자,여,82세,중상
2021071000100564,2021년 7월 10일 21시,토요일,대구광역시 달서구 감삼동,경상사고,0,0,2,0,차대차 - 측면충돌,안전거리미확보,건조,맑음,단일로 - 기타,승용,남,30세,상해없음,승용,남,49세,경상
2021071000100589,2021년 7월 10일 22시,토요일,대구광역시 수성구 연호동,경상사고,0,0,1,0,차대사람 - 차도통행중,안전운전불이행,건조,맑음,교차로 - 교차로부근,승용,남,45세,상해없음,보행자,남,41세,경상
2021071000100609,2021년 7월 10일 23시,토요일,대구광역시 달서구 월성동,경상사고,0,0,1,0,차대차 - 측면충돌,안전거리미확보,건조,맑음,단일로 - 기타,승용,남,52세,상해없음,이륜,남,36세,경상
2021071000100610,2021년 7월 10일 23시,토요일,대구광역시 중구 남산동,중상사고,0,1,0,0,차대차 - 기타,안전운전불이행,건조,맑음,단일로 - 기타,승용,남,51세,상해없음,기타불명,남,61세,중상
2021071000100611,2021년 7월 10일 23시,토요일,대구광역시 북구 국우동,경상사고,0,0,1,0,차대차 - 측면충돌,교차로운행방법위반,젖음/습기,비,교차로 - 교차로안,이륜,남,19세,상해없음,승용,남,27세,경상
2021071100100015,2021년 7월 11일 01시,일요일,대구광역시 수성구 연호동,경상사고,0,0,1,0,차대차 - 추돌,안전운전불이행,건조,맑음,단일로 - 기타,승용,남,58세,상해없음,승용,남,55세,경상
2021071100100016,2021년 7월 11일 01시,일요일,대구광역시 수성구 신매동,경상사고,0,0,2,0,차대차 - 측면충돌,신호위반,건조,맑음,교차로 - 교차로안,이륜,남,21세,상해없음,승용,남,60세,경상
2021071100100023,2021년 7월 11일 02시,일요일,대구광역시 수성구 두산동,중상사고,0,1,0,0,차대사람 - 기타,안전운전불이행,건조,맑음,단일로 - 기타,승용,남,50세,상해없음,보행자,여,31세,중상
2021071100100044,2021년 7월 11일 08시,일요일,대구광역시 달성군 화원읍,중상사고,0,1,0,0,차대사람 - 기타,안전운전불이행,건조,맑음,단일로 - 기타,승용,여,51세,상해없음,보행자,여,21세,중상
2021071100100095,2021년 7월 11일 11시,일요일,대구광역시 북구 서변동,경상사고,0,0,1,0,차대차 - 측면충돌,안전거리미확보,건조,맑음,교차로 - 교차로부근,승용,남,42세,상해없음,이륜,남,48세,경상
2021071100100118,2021년 7월 11일 12시,일요일,대구광역시 수성구 신매동,경상사고,0,0,1,0,차대사람 - 보도통행중,기타,건조,맑음,기타 - 기타,이륜,남,23세,상해없음,보행자,여,5세,경상
2021071100100119,2021년 7월 11일 12시,일요일,대구광역시 수성구 범물동,경상사고,0,0,1,0,차대사람 - 횡단중,안전운전불이행,건조,맑음,단일로 - 기타,승용,남,63세,상해없음,보행자,남,7세,경상
2021071100100152,2021년 7월 11일 13시,일요일,대구광역시 중구 동인동4가,경상사고,0,0,1,0,차대사람 - 기타,보행자보호의무위반,건조,맑음,교차로 - 교차로안,승용,남,72세,상해없음,보행자,남,44세,경상
2021071100100179,2021년 7월 11일 14시,일요일,대구광역시 북구 복현동,중상사고,0,2,0,0,차대차 - 추돌,기타,건조,맑음,단일로 - 기타,승용,여,75세,상해없음,승용,남,25세,중상
2021071100100218,2021년 7월 11일 15시,일요일,대구광역시 중구 남산동,경상사고,0,0,1,0,차대차 - 추돌,안전운전불이행,건조,맑음,교차로 - 교차로부근,승용,여,60세,상해없음,승용,여,48세,경상
2021071100100242,2021년 7월 11일 16시,일요일,대구광역시 북구 노원동1가,경상사고,0,0,1,0,차대차 - 측면충돌,중앙선침범,건조,맑음,교차로 - 교차로안,이륜,남,39세,경상,승용,남,59세,상해없음
2021071100100270,2021년 7월 11일 17시,일요일,대구광역시 동구 평광동,경상사고,0,0,2,0,차대차 - 측면충돌,안전운전불이행,젖음/습기,맑음,단일로 - 기타,승용,남,28세,경상,승용,남,51세,경상
2021071100100271,2021년 7월 11일 17시,일요일,대구광역시 수성구 지산동,경상사고,0,0,2,0,차대차 - 기타,안전운전불이행,건조,맑음,교차로 - 교차로부근,승용,남,28세,상해없음,승용,여,44세,경상
2021071100100272,2021년 7월 11일 17시,일요일,대구광역시 북구 읍내동,경상사고,0,0,1,0,차대사람 - 횡단중,보행자보호의무위반,건조,맑음,교차로 - 교차로횡단보도내,화물,남,61세,상해없음,보행자,남,40세,경상
2021071100100353,2021년 7월 11일 20시,일요일,대구광역시 달성군 논공읍,경상사고,0,0,1,0,차대차 - 측면충돌,안전운전불이행,젖음/습기,비,단일로 - 기타,승용,남,60세,상해없음,승용,남,59세,경상
2021071100100356,2021년 7월 11일 20시,일요일,대구광역시 달서구 월성동,경상사고,0,0,2,0,차대차 - 추돌,안전운전불이행,젖음/습기,비,단일로 - 기타,승용,남,24세,상해없음,승용,여,48세,경상
2021071100100397,2021년 7월 11일 22시,일요일,대구광역시 달서구 도원동,경상사고,0,0,1,0,차대차 - 추돌,안전운전불이행,건조,흐림,단일로 - 기타,승용,남,57세,상해없음,승용,여,50세,경상
2021071200100003,2021년 7월 12일 00시,월요일,대구광역시 북구 태전동,중상사고,0,1,1,0,차대차 - 추돌,안전거리미확보,건조,맑음,단일로 - 고가도로위,화물,남,62세,상해없음,승용,남,40세,중상
2021071200100049,2021년 7월 12일 07시,월요일,대구광역시 달서구 대천동,경상사고,0,0,1,0,차대차 - 기타,불법유턴,건조,맑음,단일로 - 기타,승용,남,53세,상해없음,화물,남,52세,경상
2021071200100106,2021년 7월 12일 09시,월요일,대구광역시 남구 이천동,경상사고,0,0,1,0,차대사람 - 기타,교차로운행방법위반,건조,맑음,교차로 - 교차로안,승용,남,42세,상해없음,보행자,여,55세,경상
2021071200100107,2021년 7월 12일 09시,월요일,대구광역시 북구 산격동,경상사고,0,0,2,0,차대차 - 측면충돌,신호위반,건조,맑음,교차로 - 교차로안,승용,남,51세,상해없음,승용,남,31세,경상
2021071200100108,2021년 7월 12일 09시,월요일,대구광역시 서구 이현동,경상사고,0,0,1,0,차대차 - 측면충돌,안전운전불이행,건조,맑음,교차로 - 교차로부근,화물,남,60세,상해없음,승용,남,36세,경상
2021071200100109,2021년 7월 12일 09시,월요일,대구광역시 달서구 신당동,부상신고사고,0,0,0,1,차대차 - 측면충돌,직진우회전진행방해,건조,맑음,교차로 - 교차로안,승용,여,41세,상해없음,개인형이동수단(PM),여,29세,부상신고
2021071200100137,2021년 7월 12일 10시,월요일,대구광역시 동구 신암동,경상사고,0,0,1,0,차대차 - 기타,안전운전불이행,건조,맑음,단일로 - 기타,승용,남,61세,상해없음,화물,남,57세,경상
2021071200100138,2021년 7월 12일 10시,월요일,대구광역시 수성구 지산동,중상사고,0,1,0,0,차대사람 - 기타,안전운전불이행,건조,맑음,단일로 - 기타,이륜,남,34세,상해없음,보행자,여,71세,중상
2021071200100165,2021년 7월 12일 11시,월요일,대구광역시 북구 침산동,경상사고,0,0,1,0,차대차 - 측면충돌,교차로운행방법위반,건조,맑음,교차로 - 교차로안,승용,여,63세,상해없음,승용,여,40세,경상
2021071200100166,2021년 7월 12일 11시,월요일,대구광역시 북구 태전동,경상사고,0,0,1,0,차대사람 - 차도통행중,안전운전불이행,건조,맑음,단일로 - 지하차도(도로)내,승용,남,62세,상해없음,보행자,여,43세,경상
2021071200100206,2021년 7월 12일 12시,월요일,대구광역시 수성구 지산동,경상사고,0,0,2,1,차대차 - 기타,안전운전불이행,건조,맑음,주차장 - 주차장,승용,남,34세,부상신고,승용,여,56세,경상