사고번호,사고일시,요일,시군구,사고내용,사망자수,중상자수,경상자수,부상신고자수,사고유형,법규위반,노면상태,기상상태,도로형태,가해운전자 차종,가해운전자 성별,가해운전자 연령,가해운전자 상해정도,피해운전자 차종,피해운전자 성별,피해운전자 연령,피해운전자 상해정도
2021071200100207,2021년 7월 12일 12시,월요일,대구광역시 북구 침산동,중상사고,0,1,0,0,차대차 - 측면충돌,안전거리미확보,건조,맑음,단일로 - 기타,승용,여,27세,상해없음,승용,여,55세,중상
2021071200100239,2021년 7월 12일 13시,월요일,대구광역시 북구 읍내동,경상사고,0,0,1,0,차대차 - 추돌,안전운전불이행,건조,맑음,단일로 - 교량,승용,여,61세,상해없음,승용,여,24세,경상
2021071200100278,2021년 7월 12일 14시,월요일,대구광역시 남구 봉덕동,중상사고,0,1,0,0,차대차 - 측면충돌,안전운전불이행,건조,맑음,단일로 - 기타,승용,남,53세,상해없음,승용,남,35세,중상
2021071200100279,2021년 7월 12일 14시,월요일,대구광역시 달성군 현풍읍,경상사고,0,0,1,0,차대차 - 기타,안전운전불이행,건조,맑음,단일로 - 기타,승용,여,43세,상해없음,승용,여,35세,경상
2021071200100280,2021년 7월 12일 14시,월요일,대구광역시 달서구 감삼동,중상사고,0,1,0,0,차대사람 - 횡단중,보행자보호의무위반,건조,맑음,단일로 - 기타,승용,여,47세,상해없음,보행자,남,8세,중상
2021071200100281,2021년 7월 12일 14시,월요일,대구광역시 달서구 호산동,경상사고,0,0,1,0,차대차 - 측면충돌,안전운전불이행,건조,맑음,단일로 - 기타,이륜,남,25세,경상,승용,남,40세,상해없음
2021071200100282,2021년 7월 12일 14시,월요일,대구광역시 달서구 신당동,중상사고,0,1,0,0,차대사람 - 기타,안전운전불이행,건조,맑음,기타 - 기타,화물,남,64세,상해없음,보행자,남,52세,중상
2021071200100316,2021년 7월 12일 15시,월요일,대구광역시 수성구 중동,중상사고,0,1,0,0,차대차 - 측면충돌,중앙선침범,건조,맑음,단일로 - 기타,자전거,남,63세,중상,승용,여,61세,상해없음
2021071200100317,2021년 7월 12일 15시,월요일,대구광역시 수성구 범어동,경상사고,0,0,3,0,차대차 - 측면충돌,안전운전불이행,건조,맑음,교차로 - 교차로부근,승용,여,38세,상해없음,승용,여,51세,경상
2021071200100318,2021년 7월 12일 15시,월요일,대구광역시 북구 고성동3가,경상사고,0,0,1,0,차대차 - 추돌,안전거리미확보,건조,맑음,단일로 - 기타,승용,남,72세,상해없음,승용,남,37세,경상
2021071200100369,2021년 7월 12일 16시,월요일,대구광역시 서구 비산동,경상사고,0,0,1,0,차대차 - 측면충돌,안전운전불이행,건조,맑음,교차로 - 교차로부근,승용,남,53세,상해없음,개인형이동수단(PM),남,61세,경상
2021071200100370,2021년 7월 12일 16시,월요일,대구광역시 달서구 신당동,경상사고,0,0,2,0,차대차 - 측면충돌,안전운전불이행,건조,맑음,교차로 - 교차로부근,화물,남,68세,상해없음,승용,남,34세,경상
2021071200100371,2021년 7월 12일 16시,월요일,대구광역시 달서구 용산동,중상사고,0,1,0,0,차대차 - 추돌,안전운전불이행,건조,맑음,단일로 - 기타,화물,남,60세,중상,건설기계,남,64세,상해없음
2021071200100457,2021년 7월 12일 18시,월요일,대구광역시 북구 산격동,경상사고,0,0,1,0,차대차 - 측면충돌,안전거리미확보,건조,맑음,단일로 - 교량,이륜,남,42세,경상,승용,남,56세,상해없음
2021071200100458,2021년 7월 12일 18시,월요일,대구광역시 북구 산격동,경상사고,0,0,1,1,차대차 - 측면충돌,교차로운행방법위반,건조,맑음,교차로 - 교차로안,이륜,여,28세,부상신고,이륜,남,28세,경상
2021071200100493,2021년 7월 12일 19시,월요일,대구광역시 동구 지저동,부상신고사고,0,0,0,1,차량단독 - 전도전복 - 전도,안전운전불이행,젖음/습기,비,단일로 - 기타,원동기,남,39세,부상신고,,,,
2021071200100494,2021년 7월 12일 19시,월요일,대구광역시 달서구 성당동,중상사고,0,1,0,0,차대차 - 기타,안전운전불이행,젖음/습기,비,교차로 - 교차로안,승용,여,45세,상해없음,자전거,남,10세,중상
2021071200100516,2021년 7월 12일 20시,월요일,대구광역시 수성구 신매동,경상사고,0,0,1,0,차대차 - 추돌,안전운전불이행,건조,맑음,기타 - 기타,승용,남,41세,상해없음,이륜,남,39세,경상
2021071200100517,2021년 7월 12일 20시,월요일,대구광역시 북구 칠성동2가,경상사고,0,0,2,0,차대차 - 기타,안전운전불이행,건조,맑음,교차로 - 교차로안,승용,남,64세,상해없음,승용,남,38세,경상
2021071200100541,2021년 7월 12일 21시,월요일,대구광역시 달서구 월암동,중상사고,0,1,0,0,차대차 - 기타,안전운전불이행,건조,맑음,단일로 - 기타,승용,남,40세,상해없음,이륜,남,59세,중상
2021071200100542,2021년 7월 12일 21시,월요일,대구광역시 달성군 다사읍,경상사고,0,0,2,0,차대차 - 측면충돌,신호위반,건조,맑음,교차로 - 교차로부근,승용,남,45세,상해없음,승용,남,26세,경상
2021071200100563,2021년 7월 12일 22시,월요일,대구광역시 수성구 범어동,중상사고,0,1,2,0,차대차 - 추돌,안전운전불이행,건조,맑음,단일로 - 기타,승용,여,21세,상해없음,승용,여,32세,경상
2021071300100005,2021년 7월 13일 00시,화요일,대구광역시 수성구 두산동,경상사고,0,0,1,0,차대차 - 기타,안전운전불이행,건조,맑음,단일로 - 기타,승용,남,40세,상해없음,승용,남,29세,경상
2021071300100006,2021년 7월 13일 00시,화요일,대구광역시 달서구 대곡동,경상사고,0,0,1,0,차대차 - 추돌,안전운전불이행,건조,맑음,교차로 - 교차로안,승용,여,28세,상해없음,승용,남,43세,경상
2021071300100011,2021년 7월 13일 01시,화요일,대구광역시 달서구 호산동,중상사고,0,1,2,0,차대차 - 측면충돌,신호위반,건조,흐림,교차로 - 교차로안,승용,남,67세,상해없음,승용,남,47세,중상
2021071300100015,2021년 7월 13일 02시,화요일,대구광역시 동구 방촌동,경상사고,0,0,3,0,차대차 - 측면충돌,안전거리미확보,건조,맑음,단일로 - 기타,승용,남,41세,상해없음,승용,남,50세,경상
2021071300100016,2021년 7월 13일 02시,화요일,대구광역시 북구 노원동1가,경상사고,0,0,1,0,차량단독 - 공작물충돌,안전운전불이행,젖음/습기,맑음,교차로 - 교차로부근,이륜,남,27세,경상,,,,
2021071300100021,2021년 7월 13일 03시,화요일,대구광역시 달서구 월성동,경상사고,0,0,1,0,차대차 - 측면충돌,신호위반,건조,맑음,교차로 - 교차로안,승용,남,51세,상해없음,승용,남,34세,경상
2021071300100028,2021년 7월 13일 04시,화요일,대구광역시 달성군 유가읍,중상사고,0,1,3,0,차대차 - 측면충돌,신호위반,건조,맑음,교차로 - 교차로안,승용,남,61세,경상,승용,여,45세,중상
2021071300100075,2021년 7월 13일 07시,화요일,대구광역시 북구 복현동,경상사고,0,0,1,0,차대차 - 추돌,안전거리미확보,건조,맑음,단일로 - 기타,승용,남,42세,상해없음,승용,여,40세,경상
2021071300100076,2021년 7월 13일 07시,화요일,대구광역시 중구 동인동4가,경상사고,0,0,1,1,차대차 - 측면충돌,안전운전불이행,건조,맑음,단일로 - 기타,승용,남,28세,부상신고,이륜,남,33세,경상
2021071300100119,2021년 7월 13일 08시,화요일,대구광역시 동구 신천동,부상신고사고,0,0,0,1,차대차 - 측면충돌,신호위반,건조,맑음,교차로 - 교차로안,자전거,남,17세,부상신고,승용,남,28세,상해없음
2021071300100120,2021년 7월 13일 08시,화요일,대구광역시 수성구 수성동4가,경상사고,0,0,1,0,차대차 - 측면충돌,안전거리미확보,건조,맑음,단일로 - 기타,승용,남,32세,상해없음,승용,여,50세,경상
2021071300100121,2021년 7월 13일 08시,화요일,대구광역시 북구 태전동,경상사고,0,0,1,0,차대차 - 추돌,안전거리미확보,건조,맑음,교차로 - 교차로안,승용,남,42세,상해없음,승용,여,27세,경상
2021071300100147,2021년 7월 13일 09시,화요일,대구광역시 동구 검사동,중상사고,0,1,1,0,차대차 - 기타,안전운전불이행,건조,맑음,단일로 - 기타,승용,여,41세,상해없음,승용,남,36세,경상
2021071300100148,2021년 7월 13일 09시,화요일,대구광역시 달서구 이곡동,경상사고,0,0,1,0,차대차 - 측면충돌,안전운전불이행,건조,맑음,교차로 - 교차로안,승용,여,41세,상해없음,승용,여,31세,경상
2021071300100180,2021년 7월 13일 10시,화요일,대구광역시 수성구 지산동,경상사고,0,0,1,0,차대차 - 측면충돌,안전운전불이행,건조,맑음,단일로 - 기타,승용,남,48세,상해없음,승용,남,57세,경상
2021071300100181,2021년 7월 13일 10시,화요일,대구광역시 북구 침산동,경상사고,0,0,1,0,차대차 - 추돌,안전운전불이행,건조,맑음,단일로 - 기타,승용,남,64세,상해없음,승용,남,44세,경상
2021071300100216,2021년 7월 13일 11시,화요일,대구광역시 동구 신암동,중상사고,0,1,1,0,차대차 - 측면충돌,기타,건조,맑음,단일로 - 기타,화물,남,59세,상해없음,이륜,남,16세,중상
2021071300100217,2021년 7월 13일 11시,화요일,대구광역시 중구 수동,경상사고,0,0,1,0,차대사람 - 보도통행중,기타,건조,맑음,단일로 - 기타,자전거,여,20세,상해없음,보행자,여,24세,경상
2021071300100218,2021년 7월 13일 11시,화요일,대구광역시 달서구 용산동,중상사고,0,1,0,0,차대사람 - 기타,안전운전불이행,건조,맑음,단일로 - 기타,승합,남,53세,상해없음,보행자,여,81세,중상
2021071300100244,2021년 7월 13일 12시,화요일,대구광역시 수성구 범어동,경상사고,0,0,1,0,차대차 - 추돌,안전운전불이행,건조,맑음,교차로 - 교차로부근,승합,남,35세,상해없음,승용,남,50세,경상
2021071300100245,2021년 7월 13일 12시,화요일,대구광역시 달성군 구지면,경상사고,0,0,4,0,차대차 - 기타,안전운전불이행,건조,맑음,교차로 - 교차로안,승합,남,47세,경상,승용,여,31세,경상
2021071300100246,2021년 7월 13일 12시,화요일,대구광역시 중구 남산동,중상사고,0,1,0,0,차대차 - 측면충돌,교차로운행방법위반,건조,맑음,교차로 - 교차로부근,승용,남,31세,상해없음,이륜,여,55세,중상
2021071300100247,2021년 7월 13일 12시,화요일,대구광역시 달서구 죽전동,경상사고,0,0,1,1,차대차 - 후진중충돌,불법유턴,건조,맑음,단일로 - 기타,승용,남,76세,부상신고,승용,남,32세,경상
2021071300100275,2021년 7월 13일 13시,화요일,대구광역시 동구 신천동,경상사고,0,0,1,0,차대차 - 기타,안전거리미확보,건조,맑음,교차로 - 교차로부근,승용,남,71세,상해없음,기타불명,기타불명,미분류,기타불명
2021071300100276,2021년 7월 13일 13시,화요일,대구광역시 수성구 만촌동,중상사고,0,1,0,0,차대차 - 추돌,신호위반,건조,맑음,교차로 - 교차로안,승용,여,58세,상해없음,이륜,남,59세,중상
2021071300100277,2021년 7월 13일 13시,화요일,대구광역시 달서구 대곡동,중상사고,0,1,0,1,차대차 - 측면충돌,신호위반,건조,맑음,교차로 - 교차로안,승용,여,48세,상해없음,승용,여,60세,중상
2021071300100278,2021년 7월 13일 13시,화요일,대구광역시 달서구 월성동,경상사고,0,0,1,0,차대차 - 측면충돌,교차로운행방법위반,건조,맑음,교차로 - 교차로부근,이륜,남,24세,상해없음,승용,여,27세,경상
2021071300100315,2021년 7월 13일 14시,화요일,대구광역시 남구 봉덕동,중상사고,0,1,0,0,차대차 - 추돌,안전운전불이행,건조,맑음,교차로 - 교차로안,화물,남,62세,상해없음,이륜,남,36세,중상
2021071300100316,2021년 7월 13일 14시,화요일,대구광역시 수성구 만촌동,경상사고,0,0,1,0,차대차 - 추돌,기타,건조,맑음,단일로 - 기타,승용,여,43세,상해없음,이륜,남,57세,경상
2021071300100317,2021년 7월 13일 14시,화요일,대구광역시 달서구 성당동,경상사고,0,0,1,0,차대차 - 측면충돌,교차로운행방법위반,건조,맑음,교차로 - 교차로안,승용,여,60세,상해없음,이륜,남,22세,경상
2021071300100367,2021년 7월 13일 15시,화요일,대구광역시 남구 대명동,경상사고,0,0,1,0,차대사람 - 기타,안전운전불이행,건조,맑음,교차로 - 교차로부근,이륜,기타불명,미분류,기타불명,보행자,여,23세,경상
2021071300100368,2021년 7월 13일 15시,화요일,대구광역시 동구 상매동,경상사고,0,0,1,0,차대차 - 측면충돌,교차로운행방법위반,건조,맑음,교차로 - 교차로안,승용,여,57세,상해없음,화물,남,40세,경상
2021071300100369,2021년 7월 13일 15시,화요일,대구광역시 수성구 범물동,경상사고,0,0,1,0,차대사람 - 횡단중,안전운전불이행,건조,맑음,단일로 - 기타,승용,남,57세,상해없음,보행자,남,10세,경상
2021071300100408,2021년 7월 13일 16시,화요일,대구광역시 남구 이천동,경상사고,0,0,1,0,차대차 - 측면충돌,안전거리미확보,건조,맑음,단일로 - 기타,승용,여,34세,상해없음,승용,여,54세,경상
2021071300100409,2021년 7월 13일 16시,화요일,대구광역시 중구 동인동3가,중상사고,0,1,0,0,차대사람 - 기타,안전운전불이행,건조,맑음,단일로 - 기타,화물,남,34세,상해없음,보행자,남,32세,중상
2021071300100410,2021년 7월 13일 16시,화요일,대구광역시 중구 삼덕동3가,중상사고,0,1,0,0,차대차 - 측면충돌,안전운전불이행,건조,맑음,교차로 - 교차로안,이륜,남,26세,상해없음,개인형이동수단(PM),여,22세,중상
2021071300100460,2021년 7월 13일 17시,화요일,대구광역시 수성구 수성동1가,경상사고,0,0,1,0,차대차 - 기타,안전거리미확보,건조,맑음,단일로 - 기타,승용,여,27세,상해없음,이륜,남,26세,경상
2021071300100462,2021년 7월 13일 17시,화요일,대구광역시 달서구 대천동,경상사고,0,0,1,0,차대차 - 측면충돌,안전운전불이행,건조,맑음,교차로 - 교차로안,화물,남,58세,상해없음,승용,남,28세,경상
2021071300100463,2021년 7월 13일 17시,화요일,대구광역시 북구 서변동,경상사고,0,0,1,0,차대사람 - 횡단중,안전운전불이행,건조,맑음,단일로 - 기타,승용,남,51세,상해없음,보행자,남,7세,경상
2021071300100517,2021년 7월 13일 18시,화요일,대구광역시 남구 대명동,중상사고,0,1,0,0,차대차 - 기타,안전운전불이행,건조,맑음,교차로 - 교차로안,기타불명,남,13세,중상,승용,남,53세,상해없음
2021071300100518,2021년 7월 13일 18시,화요일,대구광역시 동구 용계동,경상사고,0,0,2,0,차대차 - 측면충돌,안전거리미확보,건조,맑음,단일로 - 기타,승용,남,54세,상해없음,화물,남,38세,경상
2021071300100519,2021년 7월 13일 18시,화요일,대구광역시 수성구 수성동1가,중상사고,0,1,0,0,차대사람 - 횡단중,보행자보호의무위반,건조,맑음,단일로 - 기타,승용,남,73세,상해없음,보행자,여,8세,중상
2021071300100541,2021년 7월 13일 19시,화요일,대구광역시 남구 대명동,경상사고,0,0,1,0,차대차 - 기타,교차로운행방법위반,건조,맑음,교차로 - 교차로안,이륜,남,31세,경상,승용,남,34세,상해없음
2021071300100542,2021년 7월 13일 19시,화요일,대구광역시 북구 팔달동,경상사고,0,0,1,0,차대차 - 측면충돌,기타,건조,맑음,교차로 - 교차로부근,승용,남,52세,상해없음,승용,남,31세,경상
2021071300100575,2021년 7월 13일 20시,화요일,대구광역시 수성구 범어동,경상사고,0,0,1,0,차대차 - 추돌,안전운전불이행,건조,맑음,교차로 - 교차로부근,승용,여,47세,상해없음,승용,남,48세,경상
2021071300100605,2021년 7월 13일 21시,화요일,대구광역시 남구 봉덕동,경상사고,0,0,1,0,차대차 - 측면충돌,신호위반,건조,맑음,단일로 - 기타,승용,남,43세,상해없음,승용,남,57세,경상
2021071300100606,2021년 7월 13일 21시,화요일,대구광역시 수성구 만촌동,경상사고,0,0,1,0,차량단독 - 기타,안전운전불이행,건조,맑음,교차로 - 교차로안,승합,남,58세,상해없음,,,,
2021071300100624,2021년 7월 13일 22시,화요일,대구광역시 수성구 범물동,경상사고,0,0,4,0,차대차 - 측면충돌,안전운전불이행,건조,맑음,단일로 - 기타,승용,남,45세,경상,승용,남,44세,경상
2021071400100007,2021년 7월 14일 00시,수요일,대구광역시 북구 복현동,경상사고,0,0,1,0,차대사람 - 길가장자리구역통행중,안전운전불이행,건조,맑음,교차로 - 교차로횡단보도내,승용,남,27세,기타불명,보행자,남,24세,경상
2021071400100036,2021년 7월 14일 04시,수요일,대구광역시 동구 신암동,경상사고,0,0,1,0,차대차 - 추돌,안전운전불이행,건조,맑음,교차로 - 교차로부근,승용,남,36세,상해없음,승용,여,30세,경상
2021071400100060,2021년 7월 14일 06시,수요일,대구광역시 달서구 감삼동,경상사고,0,0,1,0,차대사람 - 기타,안전운전불이행,건조,맑음,단일로 - 기타,화물,남,50세,상해없음,보행자,남,80세,경상
2021071400100078,2021년 7월 14일 07시,수요일,대구광역시 동구 각산동,경상사고,0,0,1,0,차대차 - 측면충돌,직진우회전진행방해,건조,맑음,교차로 - 교차로안,승용,여,65세,상해없음,승용,여,64세,경상
2021071400100079,2021년 7월 14일 07시,수요일,대구광역시 서구 내당동,중상사고,0,1,0,0,차대사람 - 기타,기타,건조,맑음,단일로 - 기타,자전거,남,27세,상해없음,보행자,여,64세,중상
2021071400100110,2021년 7월 14일 08시,수요일,대구광역시 달서구 유천동,경상사고,0,0,1,0,차대사람 - 기타,안전운전불이행,건조,맑음,교차로 - 교차로안,승용,남,47세,상해없음,보행자,남,57세,경상
2021071400100111,2021년 7월 14일 08시,수요일,대구광역시 북구 침산동,경상사고,0,0,1,1,차대차 - 측면충돌,안전거리미확보,건조,맑음,단일로 - 기타,승용,남,24세,부상신고,승용,여,59세,경상
2021071400100157,2021년 7월 14일 10시,수요일,대구광역시 서구 이현동,경상사고,0,0,1,0,차대차 - 측면충돌,안전거리미확보,건조,맑음,단일로 - 기타,건설기계,남,43세,상해없음,승용,남,60세,경상
2021071400100189,2021년 7월 14일 11시,수요일,대구광역시 수성구 두산동,중상사고,0,1,0,0,차대차 - 측면충돌,차로위반,건조,맑음,교차로 - 교차로안,건설기계,남,41세,상해없음,승용,여,68세,중상
2021071400100190,2021년 7월 14일 11시,수요일,대구광역시 서구 평리동,중상사고,0,1,0,0,차대차 - 기타,기타,건조,맑음,단일로 - 기타,화물,남,51세,상해없음,이륜,남,54세,중상
2021071400100233,2021년 7월 14일 12시,수요일,대구광역시 달서구 성당동,중상사고,0,1,1,0,차대차 - 측면충돌,안전거리미확보,건조,맑음,단일로 - 기타,승용,여,61세,중상,승용,여,46세,경상
2021071400100262,2021년 7월 14일 13시,수요일,대구광역시 달서구 호림동,경상사고,0,0,3,0,차대차 - 측면충돌,안전운전불이행,건조,맑음,교차로 - 교차로안,승용,여,48세,상해없음,승용,여,28세,경상
2021071400100294,2021년 7월 14일 14시,수요일,대구광역시 서구 비산동,부상신고사고,0,0,0,1,차대사람 - 기타,안전운전불이행,건조,맑음,단일로 - 기타,승용,남,75세,상해없음,보행자,여,53세,부상신고
2021071400100325,2021년 7월 14일 15시,수요일,대구광역시 동구 방촌동,경상사고,0,0,1,0,차대사람 - 보도통행중,기타,건조,맑음,단일로 - 기타,승용,여,45세,상해없음,보행자,남,43세,경상
2021071400100326,2021년 7월 14일 15시,수요일,대구광역시 수성구 범어동,경상사고,0,0,1,0,차대차 - 추돌,안전거리미확보,건조,맑음,단일로 - 기타,승용,여,46세,상해없음,승용,여,68세,경상
2021071400100327,2021년 7월 14일 15시,수요일,대구광역시 달서구 송현동,경상사고,0,0,2,0,차대차 - 추돌,안전운전불이행,건조,맑음,교차로 - 교차로안,승용,여,57세,상해없음,승용,남,27세,경상
2021071400100328,2021년 7월 14일 15시,수요일,대구광역시 북구 칠성동1가,중상사고,0,1,0,0,차대사람 - 차도통행중,안전운전불이행,건조,맑음,단일로 - 기타,이륜,남,26세,상해없음,보행자,여,59세,중상
2021071400100329,2021년 7월 14일 15시,수요일,대구광역시 북구 산격동,중상사고,0,1,0,0,차대차 - 측면충돌,불법유턴,건조,맑음,교차로 - 교차로부근,승용,남,38세,상해없음,이륜,남,69세,중상
2021071400100330,2021년 7월 14일 15시,수요일,대구광역시 중구 태평로3가,중상사고,0,1,0,0,차대차 - 측면충돌,안전운전불이행,건조,맑음,교차로 - 교차로안,자전거,남,86세,중상,화물,남,49세,상해없음
2021071400100331,2021년 7월 14일 15시,수요일,대구광역시 달서구 용산동,경상사고,0,0,1,0,차대차 - 측면충돌,안전운전불이행,건조,맑음,단일로 - 기타,승용,남,77세,상해없음,승용,여,64세,경상
2021071400100372,2021년 7월 14일 16시,수요일,대구광역시 동구 사복동,경상사고,0,0,1,0,차대차 - 추돌,안전운전불이행,건조,맑음,교차로 - 교차로안,자전거,남,11세,경상,승용,여,37세,상해없음
2021071400100373,2021년 7월 14일 16시,수요일,대구광역시 수성구 두산동,중상사고,0,1,2,0,차대차 - 추돌,안전운전불이행,건조,맑음,단일로 - 기타,승합,남,61세,상해없음,승용,남,45세,경상
2021071400100374,2021년 7월 14일 16시,수요일,대구광역시 달서구 용산동,중상사고,0,1,2,0,차대차 - 추돌,안전운전불이행,건조,맑음,단일로 - 기타,승용,남,57세,상해없음,승용,남,27세,경상
2021071400100375,2021년 7월 14일 16시,수요일,대구광역시 북구 구암동,중상사고,0,1,0,0,차대차 - 추돌,안전운전불이행,건조,맑음,단일로 - 교량,승용,여,50세,상해없음,이륜,남,53세,중상
2021071400100427,2021년 7월 14일 17시,수요일,대구광역시 남구 봉덕동,중상사고,0,1,0,0,차대사람 - 기타,안전운전불이행,건조,맑음,단일로 - 기타,화물,남,81세,상해없음,보행자,여,85세,중상
2021071400100428,2021년 7월 14일 17시,수요일,대구광역시 수성구 범어동,중상사고,0,1,0,0,차대차 - 측면충돌,안전운전불이행,건조,맑음,교차로 - 교차로안,승용,남,58세,상해없음,자전거,남,68세,중상
2021071400100429,2021년 7월 14일 17시,수요일,대구광역시 중구 삼덕동1가,경상사고,0,0,1,0,차대차 - 측면충돌,안전운전불이행,건조,맑음,교차로 - 교차로부근,승용,남,56세,상해없음,승용,남,29세,경상
2021071400100478,2021년 7월 14일 18시,수요일,대구광역시 달서구 장동,경상사고,0,0,1,0,차대차 - 추돌,안전거리미확보,건조,맑음,단일로 - 기타,화물,남,36세,상해없음,승용,여,66세,경상
2021071400100479,2021년 7월 14일 18시,수요일,대구광역시 달성군 하빈면,경상사고,0,0,2,0,차대차 - 기타,안전운전불이행,건조,맑음,교차로 - 교차로안,승용,남,31세,경상,화물,남,63세,경상
2021071400100480,2021년 7월 14일 18시,수요일,대구광역시 서구 중리동,경상사고,0,0,2,0,차대차 - 측면충돌,직진우회전진행방해,건조,맑음,교차로 - 교차로안,승용,남,55세,경상,승용,여,30세,경상
2021071400100520,2021년 7월 14일 19시,수요일,대구광역시 동구 신서동,경상사고,0,0,1,0,차대사람 - 횡단중,보행자보호의무위반,건조,맑음,교차로 - 교차로횡단보도내,승용,남,73세,상해없음,보행자,남,8세,경상
2021071400100521,2021년 7월 14일 19시,수요일,대구광역시 동구 입석동,경상사고,0,0,4,0,차대차 - 측면충돌,안전거리미확보,건조,맑음,교차로 - 교차로부근,승용,남,78세,상해없음,승용,남,23세,경상
2021071400100522,2021년 7월 14일 19시,수요일,대구광역시 수성구 매호동,중상사고,0,1,0,0,차대사람 - 횡단중,보행자보호의무위반,건조,맑음,단일로 - 기타,승용,여,67세,상해없음,보행자,남,36세,중상
2021071400100554,2021년 7월 14일 20시,수요일,대구광역시 남구 이천동,경상사고,0,0,1,0,차량단독 - 전도전복 - 전도,안전운전불이행,건조,맑음,단일로 - 기타,이륜,남,66세,경상,,,,
2021071400100555,2021년 7월 14일 20시,수요일,대구광역시 서구 비산동,경상사고,0,0,1,0,차대차 - 측면충돌,안전운전불이행,건조,맑음,단일로 - 고가도로위,기타불명,기타불명,미분류,기타불명,승용,남,35세,경상
2021071400100556,2021년 7월 14일 20시,수요일,대구광역시 서구 평리동,부상신고사고,0,0,0,1,차대차 - 추돌,안전운전불이행,건조,맑음,단일로 - 기타,개인형이동수단(PM),남,37세,부상신고,승용,남,68세,상해없음
2021071400100557,2021년 7월 14일 20시,수요일,대구광역시 중구 동인동1가,경상사고,0,0,1,0,차대차 - 측면충돌,교차로운행방법위반,건조,맑음,교차로 - 교차로안,승용,여,55세,상해없음,승용,남,32세,경상
2021071500100009,2021년 7월 15일 00시,목요일,대구광역시 달성군 화원읍,부상신고사고,0,0,0,1,차대차 - 기타,기타,건조,맑음,단일로 - 교량,기타불명,기타불명,미분류,기타불명,개인형이동수단(PM),남,50세,부상신고
2021071500100035,2021년 7월 15일 05시,목요일,대구광역시 남구 이천동,경상사고,0,0,1,0,차대차 - 측면충돌,안전운전불이행,건조,맑음,단일로 - 기타,승용,여,26세,상해없음,승용,여,50세,경상
2021071500100050,2021년 7월 15일 06시,목요일,대구광역시 달서구 성당동,경상사고,0,0,1,0,차대차 - 측면충돌,신호위반,건조,맑음,교차로 - 교차로횡단보도내,승용,남,54세,상해없음,자전거,여,76세,경상
2021071500100073,2021년 7월 15일 07시,목요일,대구광역시 남구 대명동,경상사고,0,0,1,0,차대차 - 측면충돌,중앙선침범,건조,맑음,교차로 - 교차로횡단보도내,승용,남,25세,상해없음,승용,남,53세,경상
2021071500100107,2021년 7월 15일 08시,목요일,대구광역시 남구 대명동,경상사고,0,0,1,0,차대차 - 측면충돌,중앙선침범,건조,맑음,단일로 - 기타,이륜,남,48세,상해없음,이륜,남,46세,경상
2021071500100108,2021년 7월 15일 08시,목요일,대구광역시 달성군 유가읍,경상사고,0,0,1,0,차대차 - 추돌,안전거리미확보,건조,맑음,단일로 - 기타,승용,남,36세,상해없음,승용,여,28세,경상
2021071500100109,2021년 7월 15일 08시,목요일,대구광역시 중구 상서동,경상사고,0,0,1,0,차대차 - 측면충돌,안전거리미확보,건조,맑음,단일로 - 기타,승용,여,28세,상해없음,승용,여,67세,경상
2021071500100110,2021년 7월 15일 08시,목요일,대구광역시 남구 대명동,경상사고,0,0,1,0,차대차 - 추돌,안전운전불이행,건조,맑음,단일로 - 기타,승용,여,37세,상해없음,승합,남,58세,상해없음
2021071500100174,2021년 7월 15일 10시,목요일,대구광역시 수성구 성동,경상사고,0,0,1,1,차량단독 - 기타,안전운전불이행,건조,맑음,기타 - 기타,이륜,남,16세,부상신고,,,,
2021071500100175,2021년 7월 15일 10시,목요일,대구광역시 달서구 성당동,경상사고,0,0,1,0,차대차 - 측면충돌,기타,건조,맑음,단일로 - 기타,승용,남,59세,상해없음,이륜,남,42세,경상
2021071500100204,2021년 7월 15일 11시,목요일,대구광역시 동구 용계동,경상사고,0,0,1,0,차대차 - 기타,신호위반,건조,맑음,교차로 - 교차로안,승용,여,59세,상해없음,이륜,여,57세,경상
2021071500100205,2021년 7월 15일 11시,목요일,대구광역시 달서구 용산동,경상사고,0,0,1,0,차대차 - 추돌,안전운전불이행,건조,맑음,교차로 - 교차로부근,이륜,남,63세,기타불명,승용,남,55세,경상
2021071500100206,2021년 7월 15일 11시,목요일,대구광역시 달서구 두류동,경상사고,0,0,2,0,차대차 - 측면충돌,안전운전불이행,건조,맑음,교차로 - 교차로부근,이륜,남,23세,경상,승용,여,38세,경상
2021071500100239,2021년 7월 15일 12시,목요일,대구광역시 달성군 하빈면,경상사고,0,0,2,0,차대차 - 측면충돌,안전운전불이행,건조,맑음,단일로 - 기타,건설기계,남,60세,상해없음,승용,여,52세,경상
2021071500100280,2021년 7월 15일 13시,목요일,대구광역시 달서구 감삼동,경상사고,0,0,1,0,차대차 - 기타,안전운전불이행,젖음/습기,흐림,단일로 - 기타,승용,남,58세,상해없음,이륜,남,42세,경상
2021071500100353,2021년 7월 15일 15시,목요일,대구광역시 동구 효목동,경상사고,0,0,1,0,차대차 - 기타,안전거리미확보,젖음/습기,비,단일로 - 교량,승용,남,51세,상해없음,승용,남,42세,경상