사고번호,사고일시,요일,시군구,사고내용,사망자수,중상자수,경상자수,부상신고자수,사고유형,법규위반,노면상태,기상상태,도로형태,가해운전자 차종,가해운전자 성별,가해운전자 연령,가해운전자 상해정도,피해운전자 차종,피해운전자 성별,피해운전자 연령,피해운전자 상해정도
2021071500100354,2021년 7월 15일 15시,목요일,대구광역시 달서구 대천동,경상사고,0,0,1,0,차대차 - 추돌,안전거리미확보,건조,맑음,교차로 - 교차로안,승용,여,41세,상해없음,승용,남,28세,경상
2021071500100355,2021년 7월 15일 15시,목요일,대구광역시 달서구 장기동,경상사고,0,0,2,0,차대차 - 측면충돌,안전거리미확보,건조,맑음,단일로 - 기타,승용,남,81세,상해없음,승용,여,28세,경상
2021071500100381,2021년 7월 15일 16시,목요일,대구광역시 수성구 만촌동,경상사고,0,0,1,1,차대차 - 추돌,안전거리미확보,건조,맑음,단일로 - 기타,이륜,남,31세,부상신고,승용,여,39세,경상
2021071500100382,2021년 7월 15일 16시,목요일,대구광역시 북구 서변동,경상사고,0,0,2,0,차대차 - 기타,안전운전불이행,건조,맑음,단일로 - 교량,승합,남,64세,상해없음,승용,남,66세,경상
2021071500100383,2021년 7월 15일 16시,목요일,대구광역시 북구 팔달동,중상사고,0,1,0,0,차대사람 - 보도통행중,안전운전불이행,건조,맑음,교차로 - 교차로안,승용,남,49세,상해없음,보행자,남,76세,중상
2021071500100421,2021년 7월 15일 17시,목요일,대구광역시 동구 신암동,경상사고,0,0,1,0,차대사람 - 기타,안전운전불이행,건조,흐림,단일로 - 기타,화물,남,63세,상해없음,보행자,여,33세,경상
2021071500100422,2021년 7월 15일 17시,목요일,대구광역시 달서구 대천동,경상사고,0,0,2,0,차대차 - 측면충돌,직진우회전진행방해,건조,맑음,교차로 - 교차로안,승용,남,52세,상해없음,승용,남,63세,경상
2021071500100423,2021년 7월 15일 17시,목요일,대구광역시 북구 구암동,경상사고,0,0,1,0,차대사람 - 횡단중,안전운전불이행,건조,맑음,단일로 - 기타,자전거,남,14세,상해없음,보행자,남,60세,경상
2021071500100484,2021년 7월 15일 18시,목요일,대구광역시 북구 태전동,경상사고,0,0,1,0,차대차 - 측면충돌,신호위반,건조,맑음,교차로 - 교차로안,승용,여,40세,상해없음,이륜,남,35세,경상
2021071500100551,2021년 7월 15일 20시,목요일,대구광역시 달서구 송현동,경상사고,0,0,1,0,차대차 - 측면충돌,안전운전불이행,건조,맑음,기타 - 기타,화물,남,45세,상해없음,이륜,남,26세,경상
2021071500100569,2021년 7월 15일 21시,목요일,대구광역시 수성구 황금동,중상사고,0,1,1,0,차대차 - 측면충돌,신호위반,건조,맑음,교차로 - 교차로안,승용,여,45세,경상,승용,남,64세,중상
2021071500100570,2021년 7월 15일 21시,목요일,대구광역시 북구 동천동,중상사고,0,1,0,0,차대사람 - 횡단중,보행자보호의무위반,젖음/습기,흐림,교차로 - 교차로횡단보도내,승용,남,64세,상해없음,보행자,여,55세,중상
2021071500100571,2021년 7월 15일 21시,목요일,대구광역시 북구 서변동,경상사고,0,0,1,0,차대차 - 추돌,안전운전불이행,건조,흐림,단일로 - 교량,화물,남,50세,상해없음,승용,남,29세,경상
2021071500100601,2021년 7월 15일 22시,목요일,대구광역시 북구 침산동,부상신고사고,0,0,0,1,차대차 - 측면충돌,안전운전불이행,건조,흐림,단일로 - 기타,이륜,남,24세,부상신고,승용,남,23세,상해없음
2021071500100612,2021년 7월 15일 23시,목요일,대구광역시 동구 각산동,경상사고,0,0,3,0,차대차 - 측면충돌,교차로운행방법위반,건조,맑음,교차로 - 교차로안,승용,여,46세,경상,승용,남,65세,경상
2021071500100613,2021년 7월 15일 23시,목요일,대구광역시 북구 복현동,중상사고,0,1,0,0,차대사람 - 차도통행중,안전운전불이행,건조,맑음,교차로 - 교차로횡단보도내,화물,남,59세,상해없음,보행자,남,55세,중상
2021071500100614,2021년 7월 15일 23시,목요일,대구광역시 달서구 이곡동,중상사고,0,1,0,0,차대사람 - 횡단중,안전운전불이행,건조,맑음,단일로 - 기타,승용,남,72세,상해없음,보행자,남,41세,중상
2021071600100022,2021년 7월 16일 03시,금요일,대구광역시 북구 산격동,경상사고,0,0,1,0,차대사람 - 기타,교차로운행방법위반,건조,맑음,기타 - 기타,승용,남,39세,상해없음,보행자,남,26세,경상
2021071600100038,2021년 7월 16일 06시,금요일,대구광역시 서구 내당동,경상사고,0,0,1,0,차대사람 - 횡단중,안전운전불이행,건조,맑음,단일로 - 기타,화물,남,61세,상해없음,보행자,남,76세,경상
2021071600100039,2021년 7월 16일 06시,금요일,대구광역시 달서구 성당동,경상사고,0,0,1,0,차량단독 - 공작물충돌,안전운전불이행,건조,맑음,단일로 - 기타,자전거,남,79세,경상,,,,
2021071600100040,2021년 7월 16일 06시,금요일,대구광역시 달서구 신당동,중상사고,0,1,1,0,차대차 - 기타,신호위반,건조,맑음,교차로 - 교차로안,승용,남,71세,경상,승용,남,74세,중상
2021071600100060,2021년 7월 16일 07시,금요일,대구광역시 달서구 장동,경상사고,0,0,1,0,차대차 - 측면충돌,차로위반,건조,맑음,단일로 - 기타,승용,남,42세,상해없음,승용,남,67세,경상
2021071600100093,2021년 7월 16일 08시,금요일,대구광역시 남구 대명동,경상사고,0,0,2,0,차대차 - 측면충돌,안전운전불이행,건조,맑음,교차로 - 교차로안,승용,여,58세,경상,이륜,남,72세,경상
2021071600100094,2021년 7월 16일 08시,금요일,대구광역시 달서구 신당동,경상사고,0,0,1,0,차대차 - 후진중충돌,안전운전불이행,건조,맑음,교차로 - 교차로부근,화물,남,58세,상해없음,승용,남,63세,경상
2021071600100131,2021년 7월 16일 09시,금요일,대구광역시 북구 침산동,경상사고,0,0,1,0,차대차 - 추돌,안전거리미확보,건조,맑음,단일로 - 기타,승용,여,52세,상해없음,승용,남,27세,경상
2021071600100132,2021년 7월 16일 09시,금요일,대구광역시 북구 침산동,부상신고사고,0,0,0,1,차대차 - 추돌,안전운전불이행,건조,맑음,교차로 - 교차로부근,승용,여,38세,상해없음,승합,남,49세,부상신고
2021071600100133,2021년 7월 16일 09시,금요일,대구광역시 서구 비산동,경상사고,0,0,1,0,차대차 - 측면충돌,신호위반,건조,맑음,교차로 - 교차로안,건설기계,남,60세,상해없음,승용,남,31세,경상
2021071600100134,2021년 7월 16일 09시,금요일,대구광역시 달서구 성당동,경상사고,0,0,1,0,차대차 - 기타,안전운전불이행,건조,맑음,단일로 - 기타,승용,남,39세,상해없음,승용,여,30세,경상
2021071600100164,2021년 7월 16일 10시,금요일,대구광역시 동구 지저동,경상사고,0,0,1,0,차대차 - 기타,안전운전불이행,건조,맑음,단일로 - 기타,이륜,남,46세,상해없음,이륜,남,45세,경상
2021071600100165,2021년 7월 16일 10시,금요일,대구광역시 달성군 화원읍,중상사고,0,1,0,0,차대차 - 기타,불법유턴,건조,맑음,교차로 - 교차로부근,개인형이동수단(PM),남,13세,상해없음,자전거,남,72세,중상
2021071600100202,2021년 7월 16일 11시,금요일,대구광역시 수성구 파동,경상사고,0,0,2,0,차대차 - 측면충돌,안전운전불이행,건조,맑음,단일로 - 기타,승용,여,60세,상해없음,승용,남,49세,경상
2021071600100244,2021년 7월 16일 12시,금요일,대구광역시 수성구 범어동,중상사고,0,1,0,0,차대차 - 측면충돌,안전운전불이행,건조,맑음,단일로 - 기타,승용,남,45세,상해없음,이륜,남,22세,중상
2021071600100245,2021년 7월 16일 12시,금요일,대구광역시 북구 국우동,경상사고,0,0,1,0,차대차 - 측면충돌,차로위반,건조,맑음,단일로 - 지하차도(도로)내,승용,여,43세,경상,건설기계,남,61세,상해없음
2021071600100282,2021년 7월 16일 13시,금요일,대구광역시 동구 율하동,경상사고,0,0,1,0,차대차 - 기타,중앙선침범,건조,맑음,단일로 - 기타,화물,남,61세,상해없음,승용,여,45세,경상
2021071600100315,2021년 7월 16일 14시,금요일,대구광역시 남구 대명동,경상사고,0,0,1,0,차대차 - 측면충돌,안전운전불이행,건조,맑음,단일로 - 기타,화물,남,69세,상해없음,승용,여,41세,경상
2021071600100316,2021년 7월 16일 14시,금요일,대구광역시 북구 칠성동2가,경상사고,0,0,2,0,차대차 - 측면충돌,안전거리미확보,건조,맑음,단일로 - 기타,승용,여,40세,상해없음,이륜,남,17세,경상
2021071600100386,2021년 7월 16일 16시,금요일,대구광역시 동구 신암동,경상사고,0,0,4,0,차대차 - 측면충돌,안전운전불이행,건조,맑음,단일로 - 기타,승용,남,45세,경상,승용,남,38세,상해없음
2021071600100387,2021년 7월 16일 16시,금요일,대구광역시 달서구 본동,경상사고,0,0,1,0,차대사람 - 횡단중,안전운전불이행,건조,맑음,교차로 - 교차로안,승용,여,45세,상해없음,보행자,남,74세,경상
2021071600100388,2021년 7월 16일 16시,금요일,대구광역시 북구 동변동,경상사고,0,0,1,0,차대차 - 측면충돌,직진우회전진행방해,건조,맑음,교차로 - 교차로안,승용,여,35세,상해없음,승용,여,44세,경상
2021071600100433,2021년 7월 16일 17시,금요일,대구광역시 달서구 본동,경상사고,0,0,1,0,차대차 - 측면충돌,안전운전불이행,건조,맑음,단일로 - 기타,승용,남,23세,상해없음,승용,남,36세,경상
2021071600100434,2021년 7월 16일 17시,금요일,대구광역시 중구 삼덕동2가,경상사고,0,0,1,0,차대차 - 측면충돌,안전거리미확보,건조,맑음,교차로 - 교차로안,화물,남,40세,상해없음,승용,남,68세,경상
2021071600100491,2021년 7월 16일 18시,금요일,대구광역시 동구 효목동,경상사고,0,0,1,0,차대차 - 측면충돌,중앙선침범,건조,맑음,단일로 - 기타,승용,남,23세,상해없음,승용,남,75세,경상
2021071600100492,2021년 7월 16일 18시,금요일,대구광역시 달성군 가창면,중상사고,0,1,0,0,차량단독 - 공작물충돌,안전운전불이행,건조,맑음,교차로 - 교차로안,승용,여,64세,중상,,,,
2021071600100493,2021년 7월 16일 18시,금요일,대구광역시 달성군 논공읍,경상사고,0,0,2,0,차대차 - 측면충돌,안전운전불이행,건조,맑음,교차로 - 교차로안,승용,여,61세,경상,승용,여,41세,경상
2021071600100494,2021년 7월 16일 18시,금요일,대구광역시 북구 관음동,부상신고사고,0,0,0,1,차대차 - 측면충돌,교차로운행방법위반,건조,맑음,교차로 - 교차로안,자전거,여,73세,부상신고,승용,남,51세,상해없음
2021071600100545,2021년 7월 16일 19시,금요일,대구광역시 달서구 신당동,경상사고,0,0,1,0,차대차 - 추돌,안전운전불이행,건조,맑음,교차로 - 교차로부근,승합,남,40세,상해없음,승용,남,58세,경상
2021071600100630,2021년 7월 16일 21시,금요일,대구광역시 동구 효목동,중상사고,0,1,0,0,차대차 - 측면충돌,안전거리미확보,건조,맑음,단일로 - 기타,승용,남,71세,상해없음,원동기,남,49세,중상
2021071600100666,2021년 7월 16일 22시,금요일,대구광역시 달서구 월성동,중상사고,0,1,0,0,차대차 - 정면충돌,안전운전불이행,건조,맑음,단일로 - 기타,승용,여,26세,상해없음,승용,남,34세,중상
2021071600100667,2021년 7월 16일 22시,금요일,대구광역시 중구 대신동,중상사고,0,1,1,0,차대차 - 측면충돌,신호위반,건조,맑음,교차로 - 교차로안,승용,남,52세,상해없음,자전거,남,51세,중상
2021071600100668,2021년 7월 16일 22시,금요일,대구광역시 북구 관음동,중상사고,0,1,0,0,차대사람 - 차도통행중,교차로운행방법위반,건조,맑음,교차로 - 교차로안,승용,여,57세,상해없음,보행자,여,67세,중상
2021071600100691,2021년 7월 16일 23시,금요일,대구광역시 남구 대명동,경상사고,0,0,3,1,차대차 - 추돌,안전운전불이행,건조,맑음,단일로 - 고가도로위,승용,남,37세,부상신고,승용,여,50세,경상
2021071700100011,2021년 7월 17일 00시,토요일,대구광역시 동구 용계동,경상사고,0,0,1,0,차대차 - 기타,신호위반,건조,맑음,교차로 - 교차로안,승용,남,42세,상해없음,승용,남,70세,경상
2021071700100012,2021년 7월 17일 00시,토요일,대구광역시 동구 입석동,경상사고,0,0,2,0,차대차 - 기타,안전운전불이행,건조,맑음,단일로 - 기타,승용,남,28세,상해없음,원동기,남,21세,경상
2021071700100013,2021년 7월 17일 00시,토요일,대구광역시 달성군 현풍읍,사망사고,1,0,0,0,차대사람 - 차도통행중,안전운전불이행,건조,맑음,단일로 - 기타,승용,남,32세,상해없음,보행자,남,48세,사망
2021071700100014,2021년 7월 17일 00시,토요일,대구광역시 북구 관음동,부상신고사고,0,0,0,1,차대사람 - 길가장자리구역통행중,안전운전불이행,건조,맑음,교차로 - 교차로부근,승용,남,58세,상해없음,보행자,남,59세,부상신고
2021071700100024,2021년 7월 17일 01시,토요일,대구광역시 달서구 감삼동,중상사고,0,1,0,0,차대차 - 측면충돌,안전운전불이행,건조,맑음,단일로 - 기타,승용,여,57세,기타불명,자전거,여,53세,중상
2021071700100061,2021년 7월 17일 06시,토요일,대구광역시 수성구 두산동,경상사고,0,0,1,0,차대차 - 측면충돌,안전운전불이행,건조,맑음,기타 - 기타,승용,남,69세,상해없음,이륜,남,61세,경상
2021071700100076,2021년 7월 17일 07시,토요일,대구광역시 수성구 수성동3가,중상사고,0,1,0,0,차대차 - 정면충돌,안전운전불이행,건조,맑음,교차로 - 교차로안,승용,남,27세,상해없음,자전거,여,68세,중상
2021071700100094,2021년 7월 17일 08시,토요일,대구광역시 북구 침산동,경상사고,0,0,1,0,차대차 - 기타,안전운전불이행,건조,맑음,기타 - 기타,승용,남,51세,상해없음,자전거,여,10세,경상
2021071700100123,2021년 7월 17일 09시,토요일,대구광역시 동구 중대동,중상사고,0,1,0,1,차량단독 - 공작물충돌,안전운전불이행,건조,맑음,단일로 - 기타,승용,남,73세,부상신고,,,,
2021071700100124,2021년 7월 17일 09시,토요일,대구광역시 달서구 월성동,경상사고,0,0,2,0,차대차 - 측면충돌,안전운전불이행,건조,맑음,단일로 - 기타,승용,남,68세,상해없음,화물,남,64세,상해없음
2021071700100156,2021년 7월 17일 10시,토요일,대구광역시 북구 노곡동,경상사고,0,0,1,0,차대차 - 기타,안전운전불이행,건조,맑음,단일로 - 기타,승용,남,32세,상해없음,승용,여,47세,경상
2021071700100158,2021년 7월 17일 10시,토요일,대구광역시 수성구 범어동,부상신고사고,0,0,0,1,차대사람 - 횡단중,보행자보호의무위반,건조,맑음,교차로 - 교차로부근,승용,남,78세,상해없음,보행자,여,11세,부상신고
2021071700100159,2021년 7월 17일 10시,토요일,대구광역시 수성구 만촌동,경상사고,0,0,1,0,차대차 - 측면충돌,안전운전불이행,건조,맑음,단일로 - 기타,승용,남,65세,상해없음,승용,여,67세,경상
2021071700100160,2021년 7월 17일 10시,토요일,대구광역시 달서구 상인동,경상사고,0,0,1,0,차대차 - 측면충돌,교차로운행방법위반,건조,맑음,교차로 - 교차로부근,승용,남,71세,상해없음,승용,남,45세,경상
2021071700100161,2021년 7월 17일 10시,토요일,대구광역시 달성군 옥포읍,경상사고,0,0,1,0,차대차 - 기타,안전운전불이행,건조,맑음,교차로 - 교차로안,승용,여,24세,상해없음,승용,남,44세,경상
2021071700100199,2021년 7월 17일 11시,토요일,대구광역시 달서구 송현동,경상사고,0,0,1,0,차대차 - 기타,안전운전불이행,건조,맑음,단일로 - 기타,화물,남,53세,상해없음,자전거,남,64세,경상
2021071700100200,2021년 7월 17일 11시,토요일,대구광역시 북구 동천동,중상사고,0,1,0,0,차대차 - 측면충돌,불법유턴,건조,맑음,단일로 - 기타,화물,남,51세,상해없음,이륜,남,54세,중상
2021071700100243,2021년 7월 17일 12시,토요일,대구광역시 북구 칠성동2가,경상사고,0,0,1,0,차대차 - 기타,교차로운행방법위반,건조,맑음,교차로 - 교차로안,승용,여,58세,경상,화물,남,21세,상해없음
2021071700100244,2021년 7월 17일 12시,토요일,대구광역시 북구 복현동,경상사고,0,0,1,0,차대차 - 후진중충돌,불법유턴,건조,맑음,교차로 - 교차로부근,승용,남,42세,상해없음,이륜,남,33세,경상
2021071700100280,2021년 7월 17일 13시,토요일,대구광역시 남구 대명동,경상사고,0,0,3,0,차대차 - 기타,교차로운행방법위반,건조,맑음,교차로 - 교차로부근,승용,남,70세,경상,승용,남,34세,경상
2021071700100281,2021년 7월 17일 13시,토요일,대구광역시 달서구 감삼동,경상사고,0,0,1,0,차대사람 - 횡단중,보행자보호의무위반,건조,맑음,교차로 - 교차로횡단보도내,승용,남,58세,상해없음,보행자,남,8세,경상
2021071700100282,2021년 7월 17일 13시,토요일,대구광역시 북구 동천동,경상사고,0,0,1,0,차대차 - 측면충돌,안전운전불이행,건조,맑음,단일로 - 기타,승용,남,35세,상해없음,이륜,남,21세,경상
2021071700100323,2021년 7월 17일 14시,토요일,대구광역시 달서구 진천동,경상사고,0,0,2,0,차대차 - 추돌,안전운전불이행,건조,맑음,단일로 - 기타,승용,남,66세,상해없음,승용,남,27세,경상
2021071700100358,2021년 7월 17일 15시,토요일,대구광역시 수성구 상동,부상신고사고,0,0,0,1,차대사람 - 횡단중,안전운전불이행,건조,맑음,단일로 - 기타,승용,여,47세,기타불명,보행자,남,23세,부상신고
2021071700100359,2021년 7월 17일 15시,토요일,대구광역시 달서구 월성동,경상사고,0,0,1,0,차대차 - 측면충돌,안전운전불이행,건조,맑음,단일로 - 기타,승용,남,23세,상해없음,이륜,남,42세,경상
2021071700100360,2021년 7월 17일 15시,토요일,대구광역시 북구 대현동,경상사고,0,0,1,0,차대사람 - 길가장자리구역통행중,안전운전불이행,건조,맑음,단일로 - 기타,승용,남,29세,상해없음,보행자,여,93세,경상
2021071700100361,2021년 7월 17일 15시,토요일,대구광역시 중구 계산동2가,경상사고,0,0,1,0,차대사람 - 길가장자리구역통행중,안전운전불이행,건조,맑음,단일로 - 기타,승용,남,26세,상해없음,보행자,여,24세,경상
2021071700100395,2021년 7월 17일 16시,토요일,대구광역시 동구 방촌동,경상사고,0,0,1,0,차대차 - 측면충돌,직진우회전진행방해,건조,맑음,교차로 - 교차로안,승용,여,43세,상해없음,승용,남,63세,경상
2021071700100396,2021년 7월 17일 16시,토요일,대구광역시 수성구 대흥동,경상사고,0,0,1,0,차대차 - 추돌,안전거리미확보,건조,맑음,단일로 - 기타,승용,남,46세,상해없음,승용,여,24세,경상
2021071700100436,2021년 7월 17일 17시,토요일,대구광역시 달성군 구지면,경상사고,0,0,4,0,차대차 - 측면충돌,직진우회전진행방해,건조,맑음,교차로 - 교차로안,승용,남,34세,경상,승용,여,22세,경상
2021071700100437,2021년 7월 17일 17시,토요일,대구광역시 중구 대봉동,중상사고,0,1,1,0,차대차 - 기타,안전운전불이행,건조,맑음,교차로 - 교차로안,승용,남,26세,상해없음,화물,남,65세,경상
2021071700100438,2021년 7월 17일 17시,토요일,대구광역시 중구 삼덕동2가,경상사고,0,0,1,1,차대차 - 기타,안전운전불이행,건조,맑음,단일로 - 기타,승용,남,25세,부상신고,이륜,남,65세,경상
2021071700100439,2021년 7월 17일 17시,토요일,대구광역시 달서구 이곡동,부상신고사고,0,0,0,1,차대사람 - 횡단중,기타,건조,맑음,교차로 - 교차로횡단보도내,이륜,남,16세,상해없음,보행자,남,35세,부상신고
2021071700100464,2021년 7월 17일 18시,토요일,대구광역시 동구 신암동,경상사고,0,0,1,0,차대차 - 측면충돌,안전거리미확보,건조,맑음,단일로 - 기타,화물,남,63세,상해없음,승용,남,26세,경상
2021071700100465,2021년 7월 17일 18시,토요일,대구광역시 수성구 만촌동,중상사고,0,1,1,0,차대차 - 추돌,기타,건조,맑음,단일로 - 기타,이륜,남,51세,중상,승용,여,29세,경상
2021071700100466,2021년 7월 17일 18시,토요일,대구광역시 달서구 도원동,중상사고,0,1,0,0,차대차 - 측면충돌,신호위반,건조,맑음,단일로 - 기타,승용,남,58세,상해없음,이륜,남,28세,중상
2021071700100467,2021년 7월 17일 18시,토요일,대구광역시 달성군 다사읍,중상사고,0,1,0,0,차대차 - 기타,안전운전불이행,건조,맑음,교차로 - 교차로부근,승용,남,38세,상해없음,이륜,남,29세,중상
2021071700100468,2021년 7월 17일 18시,토요일,대구광역시 달서구 성당동,경상사고,0,0,2,0,차대차 - 추돌,안전운전불이행,건조,맑음,단일로 - 기타,승용,남,52세,상해없음,승용,남,38세,경상
2021071700100497,2021년 7월 17일 19시,토요일,대구광역시 수성구 중동,경상사고,0,0,1,0,차대차 - 기타,안전운전불이행,건조,맑음,단일로 - 기타,승용,남,51세,상해없음,이륜,남,63세,경상
2021071700100526,2021년 7월 17일 20시,토요일,대구광역시 남구 대명동,경상사고,0,0,1,0,차대차 - 측면충돌,안전운전불이행,건조,맑음,기타 - 기타,승용,여,59세,상해없음,자전거,남,64세,경상
2021071700100527,2021년 7월 17일 20시,토요일,대구광역시 서구 비산동,경상사고,0,0,1,0,차대사람 - 길가장자리구역통행중,안전운전불이행,건조,맑음,단일로 - 기타,승용,여,63세,상해없음,보행자,남,40세,경상
2021071700100591,2021년 7월 17일 22시,토요일,대구광역시 수성구 파동,중상사고,0,1,2,0,차대차 - 측면충돌,기타,건조,맑음,교차로 - 교차로안,이륜,남,30세,중상,승용,여,44세,경상
2021071700100592,2021년 7월 17일 22시,토요일,대구광역시 달서구 월성동,경상사고,0,0,1,0,차대차 - 추돌,안전거리미확보,건조,맑음,단일로 - 기타,승용,남,20세,상해없음,승용,남,28세,경상
2021071700100593,2021년 7월 17일 22시,토요일,대구광역시 북구 산격동,경상사고,0,0,1,0,차대차 - 측면충돌,안전운전불이행,건조,맑음,교차로 - 교차로부근,승용,여,39세,상해없음,승용,여,54세,경상
2021071700100594,2021년 7월 17일 22시,토요일,대구광역시 달서구 신당동,경상사고,0,0,1,0,차대차 - 추돌,안전운전불이행,건조,맑음,단일로 - 기타,승용,남,44세,상해없음,승용,남,47세,경상
2021071800100009,2021년 7월 18일 00시,일요일,대구광역시 수성구 만촌동,경상사고,0,0,1,1,차대차 - 측면충돌,안전운전불이행,건조,맑음,교차로 - 교차로부근,승용,남,56세,부상신고,승용,남,62세,경상
2021071800100010,2021년 7월 18일 00시,일요일,대구광역시 달성군 화원읍,부상신고사고,0,0,0,1,차대차 - 기타,안전운전불이행,건조,맑음,단일로 - 기타,승용,여,29세,상해없음,자전거,남,62세,부상신고
2021071800100023,2021년 7월 18일 01시,일요일,대구광역시 달서구 감삼동,중상사고,0,1,0,0,차대사람 - 횡단중,보행자보호의무위반,건조,맑음,단일로 - 기타,승용,여,25세,상해없음,보행자,남,32세,중상
2021071800100070,2021년 7월 18일 09시,일요일,대구광역시 서구 비산동,중상사고,0,1,0,0,차대차 - 후진중충돌,안전운전불이행,건조,맑음,단일로 - 기타,승용,남,66세,상해없음,자전거,여,51세,중상
2021071800100071,2021년 7월 18일 09시,일요일,대구광역시 북구 국우동,중상사고,0,1,1,1,차대차 - 측면충돌,신호위반,건조,맑음,교차로 - 교차로안,이륜,남,26세,부상신고,승용,남,46세,경상
2021071800100084,2021년 7월 18일 10시,일요일,대구광역시 중구 삼덕동1가,경상사고,0,0,1,0,차대차 - 추돌,안전운전불이행,건조,맑음,교차로 - 교차로부근,승용,남,32세,상해없음,승용,여,51세,경상
2021071800100139,2021년 7월 18일 12시,일요일,대구광역시 북구 침산동,경상사고,0,0,1,0,차량단독 - 기타,안전운전불이행,건조,맑음,교차로 - 교차로부근,이륜,남,66세,경상,,,,
2021071800100176,2021년 7월 18일 13시,일요일,대구광역시 수성구 범어동,경상사고,0,0,1,1,차대차 - 측면충돌,신호위반,건조,맑음,교차로 - 교차로안,승용,여,49세,부상신고,승용,남,28세,경상
2021071800100210,2021년 7월 18일 14시,일요일,대구광역시 북구 산격동,경상사고,0,0,3,0,차대차 - 추돌,안전거리미확보,건조,맑음,단일로 - 기타,승용,남,30세,상해없음,승용,남,63세,경상
2021071800100295,2021년 7월 18일 17시,일요일,대구광역시 북구 사수동,중상사고,0,1,0,0,차대차 - 측면충돌,불법유턴,젖음/습기,흐림,교차로 - 교차로부근,승용,남,60세,상해없음,이륜,남,41세,중상
2021071800100329,2021년 7월 18일 18시,일요일,대구광역시 달성군 논공읍,중상사고,0,1,0,0,차대사람 - 횡단중,안전운전불이행,건조,맑음,단일로 - 기타,승용,남,28세,상해없음,보행자,여,71세,중상
2021071800100330,2021년 7월 18일 18시,일요일,대구광역시 북구 침산동,경상사고,0,0,4,0,차대차 - 측면충돌,안전운전불이행,건조,맑음,단일로 - 기타,승용,남,40세,경상,승용,여,26세,경상
2021071800100352,2021년 7월 18일 19시,일요일,대구광역시 수성구 상동,경상사고,0,0,1,0,차대차 - 기타,안전운전불이행,건조,맑음,단일로 - 기타,승용,남,74세,상해없음,승용,남,37세,경상
2021071800100412,2021년 7월 18일 21시,일요일,대구광역시 수성구 만촌동,사망사고,1,0,0,0,차대차 - 측면충돌,안전운전불이행,건조,맑음,단일로 - 기타,승합,남,43세,상해없음,자전거,남,59세,사망
2021071800100413,2021년 7월 18일 21시,일요일,대구광역시 서구 내당동,중상사고,0,1,1,0,차대차 - 측면충돌,기타,건조,맑음,교차로 - 교차로부근,승용,남,27세,상해없음,승용,남,40세,경상
2021071800100438,2021년 7월 18일 22시,일요일,대구광역시 달성군 화원읍,중상사고,0,1,0,0,차대차 - 기타,안전거리미확보,건조,맑음,교차로 - 교차로부근,승용,남,26세,상해없음,이륜,남,37세,중상
2021071800100439,2021년 7월 18일 22시,일요일,대구광역시 북구 동천동,경상사고,0,0,1,0,차대차 - 측면충돌,안전운전불이행,건조,맑음,단일로 - 기타,개인형이동수단(PM),여,13세,상해없음,승용,여,26세,상해없음
2021071900100069,2021년 7월 19일 07시,월요일,대구광역시 서구 이현동,경상사고,0,0,1,0,차대차 - 기타,안전운전불이행,젖음/습기,맑음,기타 - 기타,화물,남,29세,기타불명,화물,남,35세,경상
2021071900100106,2021년 7월 19일 08시,월요일,대구광역시 달서구 송현동,경상사고,0,0,1,0,차대사람 - 기타,안전운전불이행,건조,맑음,교차로 - 교차로부근,승용,여,48세,상해없음,보행자,여,25세,경상
2021071900100138,2021년 7월 19일 09시,월요일,대구광역시 동구 신암동,경상사고,0,0,1,0,차대차 - 추돌,안전운전불이행,건조,맑음,단일로 - 기타,승용,남,24세,상해없음,승용,여,43세,경상
2021071900100139,2021년 7월 19일 09시,월요일,대구광역시 북구 팔달동,경상사고,0,0,1,0,차대차 - 측면충돌,안전운전불이행,건조,맑음,단일로 - 기타,화물,남,49세,상해없음,화물,남,44세,경상
2021071900100171,2021년 7월 19일 10시,월요일,대구광역시 수성구 두산동,경상사고,0,0,1,0,차대차 - 측면충돌,신호위반,건조,맑음,단일로 - 기타,이륜,남,28세,경상,승용,남,49세,상해없음
2021071900100172,2021년 7월 19일 10시,월요일,대구광역시 수성구 수성동1가,경상사고,0,0,1,0,차대차 - 측면충돌,신호위반,건조,맑음,교차로 - 교차로안,승용,여,22세,상해없음,승용,여,59세,경상
2021071900100173,2021년 7월 19일 10시,월요일,대구광역시 중구 태평로2가,경상사고,0,0,1,0,차대차 - 측면충돌,안전운전불이행,건조,맑음,교차로 - 교차로부근,승용,남,73세,상해없음,승용,여,46세,경상
2021071900100211,2021년 7월 19일 11시,월요일,대구광역시 수성구 범어동,경상사고,0,0,2,0,차대차 - 기타,신호위반,건조,맑음,교차로 - 교차로부근,승용,여,60세,상해없음,승용,남,54세,경상
2021071900100212,2021년 7월 19일 11시,월요일,대구광역시 달서구 유천동,경상사고,0,0,1,0,차대차 - 측면충돌,안전거리미확보,건조,맑음,기타 - 기타,승용,남,68세,상해없음,승용,남,72세,상해없음