사고번호,사고일시,요일,시군구,사고내용,사망자수,중상자수,경상자수,부상신고자수,사고유형,법규위반,노면상태,기상상태,도로형태,가해운전자 차종,가해운전자 성별,가해운전자 연령,가해운전자 상해정도,피해운전자 차종,피해운전자 성별,피해운전자 연령,피해운전자 상해정도
2021072200100643,2021년 7월 22일 23시,목요일,대구광역시 수성구 욱수동,경상사고,0,0,1,0,차대차 - 추돌,안전운전불이행,건조,맑음,단일로 - 기타,승용,남,60세,기타불명,승용,남,23세,경상
2021072200100644,2021년 7월 22일 23시,목요일,대구광역시 남구 대명동,경상사고,0,0,1,0,차대차 - 기타,안전운전불이행,건조,맑음,교차로 - 교차로부근,기타불명,기타불명,미분류,기타불명,승용,남,69세,상해없음
2021072300100021,2021년 7월 23일 01시,금요일,대구광역시 수성구 시지동,경상사고,0,0,4,0,차대차 - 측면충돌,안전운전불이행,건조,맑음,단일로 - 기타,승용,남,66세,경상,승용,남,22세,경상
2021072300100040,2021년 7월 23일 05시,금요일,대구광역시 달서구 용산동,경상사고,0,0,1,0,차대차 - 측면충돌,신호위반,건조,맑음,교차로 - 교차로안,승용,남,68세,기타불명,승용,남,65세,경상
2021072300100064,2021년 7월 23일 07시,금요일,대구광역시 달서구 상인동,경상사고,0,0,1,0,차량단독 - 공작물충돌,안전운전불이행,건조,맑음,단일로 - 기타,화물,남,38세,경상,,,,
2021072300100065,2021년 7월 23일 07시,금요일,대구광역시 달성군 화원읍,중상사고,0,1,1,0,차대차 - 측면충돌,안전운전불이행,건조,맑음,교차로 - 교차로안,승용,남,23세,상해없음,승용,남,74세,경상
2021072300100066,2021년 7월 23일 07시,금요일,대구광역시 달서구 본리동,경상사고,0,0,1,0,차대차 - 측면충돌,직진우회전진행방해,건조,맑음,교차로 - 교차로안,승용,남,30세,상해없음,승용,남,65세,상해없음
2021072300100098,2021년 7월 23일 08시,금요일,대구광역시 남구 대명동,중상사고,0,1,0,0,차대사람 - 횡단중,안전운전불이행,건조,맑음,단일로 - 기타,이륜,남,42세,상해없음,보행자,여,64세,중상
2021072300100099,2021년 7월 23일 08시,금요일,대구광역시 동구 지저동,중상사고,0,1,0,0,차대차 - 측면충돌,안전운전불이행,건조,맑음,단일로 - 기타,승용,여,29세,상해없음,이륜,여,65세,중상
2021072300100100,2021년 7월 23일 08시,금요일,대구광역시 수성구 상동,경상사고,0,0,2,0,차대차 - 추돌,안전거리미확보,건조,맑음,단일로 - 기타,승용,여,38세,경상,승용,남,56세,경상
2021072300100131,2021년 7월 23일 09시,금요일,대구광역시 수성구 범어동,경상사고,0,0,1,0,차대차 - 측면충돌,안전운전불이행,건조,맑음,교차로 - 교차로부근,승용,여,65세,기타불명,승용,여,55세,경상
2021072300100168,2021년 7월 23일 10시,금요일,대구광역시 동구 율하동,중상사고,0,1,0,0,차대차 - 측면충돌,교차로운행방법위반,건조,맑음,교차로 - 교차로횡단보도내,승용,여,57세,상해없음,이륜,여,57세,중상
2021072300100169,2021년 7월 23일 10시,금요일,대구광역시 동구 용계동,경상사고,0,0,2,0,차대차 - 측면충돌,신호위반,건조,맑음,단일로 - 기타,승합,남,72세,기타불명,승용,여,51세,경상
2021072300100170,2021년 7월 23일 10시,금요일,대구광역시 서구 이현동,경상사고,0,0,3,0,차대차 - 추돌,안전운전불이행,건조,맑음,교차로 - 교차로부근,승용,여,49세,상해없음,승용,여,62세,경상
2021072300100195,2021년 7월 23일 11시,금요일,대구광역시 동구 효목동,중상사고,0,1,0,0,차대사람 - 횡단중,안전운전불이행,건조,맑음,단일로 - 기타,승용,남,53세,상해없음,보행자,남,73세,중상
2021072300100196,2021년 7월 23일 11시,금요일,대구광역시 수성구 지산동,경상사고,0,0,1,0,차대차 - 추돌,안전운전불이행,건조,맑음,단일로 - 기타,승용,여,43세,기타불명,승용,여,56세,경상
2021072300100197,2021년 7월 23일 11시,금요일,대구광역시 달서구 진천동,부상신고사고,0,0,0,1,차량단독 - 기타,안전운전불이행,건조,맑음,단일로 - 기타,자전거,여,69세,부상신고,,,,
2021072300100198,2021년 7월 23일 11시,금요일,대구광역시 북구 산격동,경상사고,0,0,2,0,차대차 - 측면충돌,안전운전불이행,건조,맑음,교차로 - 교차로부근,이륜,남,74세,경상,승용,남,43세,경상
2021072300100278,2021년 7월 23일 13시,금요일,대구광역시 중구 북성로1가,경상사고,0,0,2,0,차대차 - 측면충돌,안전거리미확보,건조,맑음,단일로 - 기타,승용,남,21세,상해없음,승용,남,65세,경상
2021072300100279,2021년 7월 23일 13시,금요일,대구광역시 중구 삼덕동3가,경상사고,0,0,1,0,차대차 - 추돌,안전거리미확보,건조,맑음,교차로 - 교차로부근,승용,남,59세,상해없음,승용,남,30세,경상
2021072300100313,2021년 7월 23일 14시,금요일,대구광역시 동구 신천동,경상사고,0,0,1,0,차대차 - 측면충돌,안전운전불이행,건조,맑음,단일로 - 기타,승용,남,67세,상해없음,승용,남,35세,경상
2021072300100314,2021년 7월 23일 14시,금요일,대구광역시 북구 태전동,경상사고,0,0,1,0,차대차 - 측면충돌,안전운전불이행,건조,맑음,교차로 - 교차로부근,승용,남,43세,상해없음,개인형이동수단(PM),남,56세,경상
2021072300100352,2021년 7월 23일 15시,금요일,대구광역시 달서구 월암동,경상사고,0,0,1,0,차대차 - 측면충돌,안전거리미확보,건조,맑음,기타 - 기타,승용,남,71세,상해없음,화물,남,39세,경상
2021072300100406,2021년 7월 23일 16시,금요일,대구광역시 남구 이천동,경상사고,0,0,2,0,차대차 - 측면충돌,차로위반,건조,맑음,단일로 - 기타,승용,남,75세,경상,승용,남,47세,경상
2021072300100407,2021년 7월 23일 16시,금요일,대구광역시 남구 이천동,경상사고,0,0,1,0,차대차 - 측면충돌,안전거리미확보,건조,맑음,단일로 - 기타,승용,여,36세,상해없음,승용,남,25세,경상
2021072300100408,2021년 7월 23일 16시,금요일,대구광역시 달성군 가창면,경상사고,0,0,1,0,차대차 - 측면충돌,기타,기타,맑음,기타 - 기타,승용,여,40세,기타불명,승용,남,40세,경상
2021072300100451,2021년 7월 23일 17시,금요일,대구광역시 달서구 월성동,경상사고,0,0,1,0,차대사람 - 기타,기타,건조,맑음,단일로 - 기타,승합,남,51세,상해없음,보행자,여,66세,경상
2021072300100506,2021년 7월 23일 18시,금요일,대구광역시 남구 대명동,중상사고,0,1,0,0,차대차 - 측면충돌,교차로운행방법위반,건조,맑음,교차로 - 교차로안,이륜,남,41세,상해없음,이륜,남,39세,중상
2021072300100507,2021년 7월 23일 18시,금요일,대구광역시 남구 대명동,경상사고,0,0,1,0,차대차 - 측면충돌,안전운전불이행,건조,맑음,단일로 - 기타,승용,남,52세,상해없음,승용,남,55세,경상
2021072300100508,2021년 7월 23일 18시,금요일,대구광역시 동구 신암동,중상사고,0,1,0,0,차대차 - 측면충돌,안전운전불이행,건조,맑음,단일로 - 기타,승용,남,68세,상해없음,승용,여,65세,중상
2021072300100509,2021년 7월 23일 18시,금요일,대구광역시 동구 신암동,경상사고,0,0,3,0,차대차 - 측면충돌,안전운전불이행,건조,맑음,단일로 - 기타,승용,남,66세,기타불명,승용,남,70세,경상
2021072300100510,2021년 7월 23일 18시,금요일,대구광역시 달서구 월암동,경상사고,0,0,1,0,차대차 - 측면충돌,교차로운행방법위반,건조,맑음,교차로 - 교차로안,승용,여,54세,기타불명,승용,남,35세,경상
2021072300100511,2021년 7월 23일 18시,금요일,대구광역시 달서구 두류동,경상사고,0,0,1,0,차대차 - 추돌,안전운전불이행,건조,맑음,단일로 - 기타,이륜,남,23세,경상,승용,여,42세,상해없음
2021072300100512,2021년 7월 23일 18시,금요일,대구광역시 달서구 용산동,경상사고,0,0,1,0,차대차 - 기타,기타,건조,맑음,단일로 - 기타,승합,남,61세,상해없음,이륜,남,50세,상해없음
2021072300100556,2021년 7월 23일 19시,금요일,대구광역시 남구 봉덕동,경상사고,0,0,1,0,차대차 - 기타,안전운전불이행,건조,맑음,단일로 - 기타,승용,여,44세,상해없음,이륜,남,17세,경상
2021072300100557,2021년 7월 23일 19시,금요일,대구광역시 달서구 성당동,경상사고,0,0,1,0,차대차 - 측면충돌,안전거리미확보,건조,맑음,단일로 - 기타,승용,남,49세,상해없음,이륜,남,39세,경상
2021072300100558,2021년 7월 23일 19시,금요일,대구광역시 달서구 진천동,경상사고,0,0,1,0,차대사람 - 기타,안전운전불이행,건조,맑음,교차로 - 교차로안,승용,여,55세,상해없음,보행자,여,31세,경상
2021072300100616,2021년 7월 23일 21시,금요일,대구광역시 달성군 다사읍,경상사고,0,0,1,0,차대차 - 기타,안전운전불이행,건조,맑음,단일로 - 기타,원동기,남,56세,상해없음,승용,여,42세,경상
2021072300100645,2021년 7월 23일 22시,금요일,대구광역시 달서구 도원동,경상사고,0,0,1,0,차대사람 - 횡단중,보행자보호의무위반,건조,맑음,교차로 - 교차로횡단보도내,승용,남,65세,상해없음,보행자,남,24세,경상
2021072300100646,2021년 7월 23일 22시,금요일,대구광역시 북구 침산동,경상사고,0,0,2,0,차대차 - 측면충돌,신호위반,건조,맑음,단일로 - 지하차도(도로)내,승용,여,23세,상해없음,승용,남,31세,경상
2021072300100664,2021년 7월 23일 23시,금요일,대구광역시 수성구 범물동,경상사고,0,0,2,0,차대차 - 측면충돌,신호위반,건조,맑음,교차로 - 교차로안,승용,남,51세,상해없음,승용,남,37세,경상
2021072300100665,2021년 7월 23일 23시,금요일,대구광역시 달서구 진천동,경상사고,0,0,1,0,차대차 - 측면충돌,기타,건조,맑음,단일로 - 기타,이륜,남,25세,상해없음,이륜,남,24세,경상
2021072300100666,2021년 7월 23일 23시,금요일,대구광역시 서구 내당동,중상사고,0,1,0,0,차대차 - 기타,안전거리미확보,건조,맑음,단일로 - 기타,승용,남,64세,상해없음,이륜,남,32세,중상
2021072400100018,2021년 7월 24일 01시,토요일,대구광역시 달성군 화원읍,경상사고,0,0,2,0,차대차 - 기타,안전운전불이행,건조,맑음,교차로 - 교차로안,이륜,남,28세,경상,승용,여,62세,경상
2021072400100034,2021년 7월 24일 05시,토요일,대구광역시 수성구 시지동,경상사고,0,0,1,0,차대차 - 측면충돌,신호위반,건조,맑음,교차로 - 교차로부근,승용,남,67세,상해없음,이륜,남,17세,경상
2021072400100035,2021년 7월 24일 05시,토요일,대구광역시 북구 산격동,중상사고,0,1,0,0,차대사람 - 차도통행중,안전운전불이행,건조,맑음,단일로 - 기타,승용,남,65세,상해없음,보행자,여,68세,중상
2021072400100057,2021년 7월 24일 07시,토요일,대구광역시 수성구 상동,경상사고,0,0,1,0,차대차 - 측면충돌,신호위반,건조,맑음,교차로 - 교차로부근,승용,남,71세,상해없음,화물,남,38세,경상
2021072400100058,2021년 7월 24일 07시,토요일,대구광역시 달성군 구지면,경상사고,0,0,1,0,차량단독 - 기타,안전운전불이행,건조,맑음,단일로 - 기타,자전거,남,63세,경상,,,,
2021072400100059,2021년 7월 24일 07시,토요일,대구광역시 북구 매천동,중상사고,0,1,0,0,차대차 - 측면충돌,직진우회전진행방해,건조,맑음,교차로 - 교차로안,화물,남,48세,기타불명,이륜,남,35세,중상
2021072400100073,2021년 7월 24일 08시,토요일,대구광역시 북구 노원동1가,경상사고,0,0,1,0,차대차 - 측면충돌,안전운전불이행,건조,맑음,단일로 - 기타,이륜,남,32세,경상,승합,남,38세,상해없음
2021072400100093,2021년 7월 24일 09시,토요일,대구광역시 수성구 황금동,경상사고,0,0,1,0,차량단독 - 공작물충돌,안전운전불이행,건조,맑음,교차로 - 교차로안,승용,여,63세,경상,,,,
2021072400100131,2021년 7월 24일 10시,토요일,대구광역시 서구 평리동,부상신고사고,0,0,0,1,차대사람 - 길가장자리구역통행중,안전운전불이행,건조,맑음,단일로 - 기타,승용,여,47세,상해없음,보행자,여,76세,부상신고
2021072400100182,2021년 7월 24일 11시,토요일,대구광역시 남구 대명동,경상사고,0,0,1,0,차대차 - 추돌,안전운전불이행,건조,맑음,기타 - 기타,승용,남,50세,상해없음,승합,남,58세,경상
2021072400100183,2021년 7월 24일 11시,토요일,대구광역시 동구 신서동,경상사고,0,0,2,0,차대차 - 측면충돌,안전운전불이행,건조,맑음,교차로 - 교차로안,승용,남,60세,상해없음,승용,여,48세,경상
2021072400100184,2021년 7월 24일 11시,토요일,대구광역시 서구 내당동,경상사고,0,0,1,0,차대차 - 추돌,안전거리미확보,건조,맑음,교차로 - 교차로부근,이륜,남,43세,상해없음,승용,여,54세,경상
2021072400100215,2021년 7월 24일 12시,토요일,대구광역시 남구 대명동,경상사고,0,0,1,0,차대차 - 측면충돌,안전운전불이행,건조,맑음,교차로 - 교차로횡단보도내,자전거,남,63세,경상,화물,남,45세,상해없음
2021072400100216,2021년 7월 24일 12시,토요일,대구광역시 동구 신기동,중상사고,0,1,0,0,차대차 - 정면충돌,직진우회전진행방해,건조,맑음,교차로 - 교차로안,승용,남,61세,상해없음,이륜,남,22세,중상
2021072400100217,2021년 7월 24일 12시,토요일,대구광역시 동구 신서동,경상사고,0,0,1,0,차대사람 - 기타,안전운전불이행,건조,맑음,단일로 - 기타,화물,남,45세,상해없음,보행자,남,36세,경상
2021072400100218,2021년 7월 24일 12시,토요일,대구광역시 북구 노원동2가,경상사고,0,0,1,1,차대차 - 측면충돌,중앙선침범,건조,맑음,교차로 - 교차로부근,이륜,남,43세,부상신고,이륜,남,37세,경상
2021072400100219,2021년 7월 24일 12시,토요일,대구광역시 서구 평리동,경상사고,0,0,2,1,차대차 - 추돌,안전거리미확보,건조,맑음,단일로 - 기타,승용,여,25세,부상신고,승용,남,42세,경상
2021072400100220,2021년 7월 24일 12시,토요일,대구광역시 중구 종로2가,경상사고,0,0,1,0,차대사람 - 차도통행중,안전운전불이행,건조,맑음,단일로 - 기타,승용,남,57세,상해없음,보행자,여,27세,경상
2021072400100254,2021년 7월 24일 13시,토요일,대구광역시 달서구 유천동,경상사고,0,0,1,0,차대차 - 측면충돌,신호위반,건조,맑음,교차로 - 교차로안,승용,남,58세,상해없음,승용,남,25세,경상
2021072400100255,2021년 7월 24일 13시,토요일,대구광역시 달성군 현풍읍,경상사고,0,0,1,1,차대차 - 기타,안전운전불이행,건조,맑음,단일로 - 기타,기타불명,기타불명,미분류,기타불명,승용,남,42세,경상
2021072400100256,2021년 7월 24일 13시,토요일,대구광역시 중구 동인동2가,경상사고,0,0,2,0,차대차 - 측면충돌,안전운전불이행,건조,맑음,단일로 - 기타,승용,여,25세,상해없음,승용,여,38세,경상
2021072400100305,2021년 7월 24일 14시,토요일,대구광역시 수성구 황금동,중상사고,0,1,0,0,차대차 - 측면충돌,안전거리미확보,건조,맑음,단일로 - 기타,승용,남,56세,상해없음,이륜,남,32세,중상
2021072400100306,2021년 7월 24일 14시,토요일,대구광역시 북구 산격동,중상사고,0,1,0,0,차대차 - 측면충돌,교차로운행방법위반,건조,맑음,교차로 - 교차로안,화물,남,63세,상해없음,이륜,남,20세,중상
2021072400100307,2021년 7월 24일 14시,토요일,대구광역시 중구 대봉동,경상사고,0,0,2,0,차대차 - 측면충돌,안전거리미확보,건조,맑음,단일로 - 기타,승용,남,44세,상해없음,승용,남,48세,경상
2021072400100308,2021년 7월 24일 14시,토요일,대구광역시 북구 국우동,중상사고,0,1,0,0,차대차 - 측면충돌,교차로운행방법위반,건조,맑음,교차로 - 교차로안,승용,남,42세,상해없음,이륜,남,49세,중상
2021072400100337,2021년 7월 24일 15시,토요일,대구광역시 동구 각산동,경상사고,0,0,1,0,차대차 - 측면충돌,안전운전불이행,건조,맑음,교차로 - 교차로안,승용,여,39세,기타불명,이륜,남,71세,경상
2021072400100338,2021년 7월 24일 15시,토요일,대구광역시 서구 비산동,경상사고,0,0,1,0,차대사람 - 기타,안전운전불이행,건조,맑음,단일로 - 기타,승용,남,44세,상해없음,보행자,남,42세,경상
2021072400100371,2021년 7월 24일 16시,토요일,대구광역시 동구 율하동,경상사고,0,0,1,0,차대차 - 측면충돌,교차로운행방법위반,건조,맑음,교차로 - 교차로안,화물,남,43세,상해없음,이륜,남,25세,경상
2021072400100372,2021년 7월 24일 16시,토요일,대구광역시 달서구 용산동,경상사고,0,0,2,0,차대차 - 측면충돌,안전운전불이행,건조,맑음,교차로 - 교차로안,승용,남,59세,기타불명,승용,여,61세,경상
2021072400100411,2021년 7월 24일 17시,토요일,대구광역시 수성구 수성동4가,경상사고,0,0,3,0,차대차 - 측면충돌,안전운전불이행,건조,맑음,단일로 - 기타,승용,남,30세,상해없음,승용,남,22세,경상
2021072400100412,2021년 7월 24일 17시,토요일,대구광역시 북구 복현동,경상사고,0,0,1,0,차대사람 - 기타,안전운전불이행,건조,맑음,단일로 - 기타,승용,남,33세,상해없음,보행자,여,29세,경상
2021072400100413,2021년 7월 24일 17시,토요일,대구광역시 중구 동산동,경상사고,0,0,1,0,차대차 - 측면충돌,안전거리미확보,건조,맑음,단일로 - 기타,승용,여,25세,상해없음,승용,남,26세,경상
2021072400100451,2021년 7월 24일 18시,토요일,대구광역시 수성구 범어동,부상신고사고,0,0,0,1,차대차 - 측면충돌,불법유턴,건조,맑음,교차로 - 교차로안,이륜,남,53세,부상신고,승용,여,37세,상해없음
2021072400100452,2021년 7월 24일 18시,토요일,대구광역시 북구 침산동,경상사고,0,0,1,0,차대사람 - 보도통행중,기타,건조,맑음,단일로 - 기타,이륜,남,73세,상해없음,보행자,남,7세,경상
2021072400100453,2021년 7월 24일 18시,토요일,대구광역시 달서구 이곡동,중상사고,0,1,0,0,차대차 - 추돌,안전운전불이행,건조,맑음,단일로 - 기타,승용,남,63세,상해없음,이륜,여,18세,중상
2021072400100478,2021년 7월 24일 19시,토요일,대구광역시 동구 부동,중상사고,0,2,0,0,차대차 - 기타,안전운전불이행,건조,맑음,단일로 - 기타,승용,남,58세,상해없음,승용,남,18세,상해없음
2021072400100483,2021년 7월 24일 19시,토요일,대구광역시 남구 대명동,경상사고,0,0,1,0,차대차 - 측면충돌,신호위반,건조,맑음,단일로 - 기타,이륜,남,18세,상해없음,자전거,남,44세,경상
2021072400100515,2021년 7월 24일 20시,토요일,대구광역시 달서구 신당동,경상사고,0,0,1,0,차대차 - 측면충돌,안전거리미확보,건조,맑음,교차로 - 교차로부근,승용,여,60세,상해없음,승용,남,42세,경상
2021072400100544,2021년 7월 24일 21시,토요일,대구광역시 수성구 범어동,경상사고,0,0,1,0,차대차 - 기타,안전운전불이행,건조,맑음,교차로 - 교차로횡단보도내,승용,남,61세,상해없음,자전거,여,21세,경상
2021072400100571,2021년 7월 24일 22시,토요일,대구광역시 동구 신암동,경상사고,0,0,1,0,차대차 - 측면충돌,안전운전불이행,건조,맑음,교차로 - 교차로부근,승용,여,48세,상해없음,원동기,남,26세,경상
2021072400100587,2021년 7월 24일 23시,토요일,대구광역시 달서구 송현동,경상사고,0,0,1,0,차대차 - 측면충돌,안전거리미확보,건조,맑음,단일로 - 기타,승용,남,64세,상해없음,이륜,남,22세,경상
2021072400100588,2021년 7월 24일 23시,토요일,대구광역시 중구 삼덕동1가,부상신고사고,0,0,0,1,차대사람 - 기타,안전운전불이행,건조,맑음,단일로 - 기타,승용,남,28세,상해없음,보행자,여,21세,부상신고
2021072400100589,2021년 7월 24일 23시,토요일,대구광역시 북구 동천동,경상사고,0,0,2,0,차대차 - 측면충돌,교차로운행방법위반,건조,맑음,교차로 - 교차로안,승용,남,26세,상해없음,승용,여,41세,경상
2021072500100009,2021년 7월 25일 00시,일요일,대구광역시 달서구 대곡동,부상신고사고,0,0,0,1,차대차 - 측면충돌,중앙선침범,건조,맑음,단일로 - 기타,개인형이동수단(PM),여,16세,부상신고,승용,남,44세,상해없음
2021072500100021,2021년 7월 25일 01시,일요일,대구광역시 달서구 신당동,중상사고,0,1,0,0,차대차 - 정면충돌,신호위반,건조,맑음,교차로 - 교차로안,승용,남,19세,상해없음,이륜,남,51세,중상
2021072500100038,2021년 7월 25일 05시,일요일,대구광역시 동구 봉무동,사망사고,1,0,0,0,차량단독 - 공작물충돌,안전운전불이행,건조,맑음,단일로 - 기타,승용,남,73세,사망,,,,
2021072500100060,2021년 7월 25일 08시,일요일,대구광역시 동구 율하동,경상사고,0,0,2,0,차대차 - 측면충돌,차로위반,건조,맑음,기타 - 기타,승용,남,55세,상해없음,승용,여,70세,경상
2021072500100061,2021년 7월 25일 08시,일요일,대구광역시 수성구 시지동,경상사고,0,0,1,0,차대차 - 추돌,안전운전불이행,건조,맑음,단일로 - 기타,승용,남,21세,상해없음,승용,여,36세,경상
2021072500100062,2021년 7월 25일 08시,일요일,대구광역시 서구 평리동,경상사고,0,0,2,0,차대차 - 측면충돌,안전운전불이행,건조,맑음,교차로 - 교차로부근,승용,여,80세,상해없음,승용,여,63세,경상
2021072500100069,2021년 7월 25일 09시,일요일,대구광역시 서구 평리동,경상사고,0,0,1,0,차대차 - 측면충돌,불법유턴,건조,맑음,단일로 - 기타,이륜,남,60세,경상,승용,남,68세,상해없음
2021072500100135,2021년 7월 25일 12시,일요일,대구광역시 수성구 중동,경상사고,0,0,1,0,차대사람 - 기타,안전운전불이행,건조,맑음,기타 - 기타,승용,여,31세,상해없음,보행자,남,54세,경상
2021072500100136,2021년 7월 25일 12시,일요일,대구광역시 북구 산격동,중상사고,0,1,0,0,차량단독 - 기타,안전운전불이행,건조,맑음,단일로 - 기타,승합,남,56세,상해없음,,,,
2021072500100175,2021년 7월 25일 13시,일요일,대구광역시 북구 노원동3가,경상사고,0,0,1,0,차대차 - 측면충돌,불법유턴,건조,맑음,단일로 - 기타,승용,남,51세,상해없음,승용,남,33세,경상
2021072500100176,2021년 7월 25일 13시,일요일,대구광역시 달서구 본리동,경상사고,0,0,1,0,차대사람 - 보도통행중,기타,건조,맑음,단일로 - 기타,개인형이동수단(PM),남,19세,상해없음,보행자,남,61세,경상
2021072500100177,2021년 7월 25일 13시,일요일,대구광역시 북구 동천동,경상사고,0,0,1,0,차대차 - 측면충돌,안전운전불이행,건조,맑음,단일로 - 지하차도(도로)내,승용,남,57세,상해없음,이륜,남,24세,경상
2021072500100204,2021년 7월 25일 14시,일요일,대구광역시 달성군 유가읍,경상사고,0,0,1,0,차대차 - 기타,안전운전불이행,건조,맑음,교차로 - 교차로부근,승용,남,30세,상해없음,이륜,남,39세,경상
2021072500100233,2021년 7월 25일 15시,일요일,대구광역시 남구 대명동,경상사고,0,0,1,0,차대차 - 기타,안전운전불이행,건조,맑음,단일로 - 기타,자전거,남,18세,경상,승용,남,31세,상해없음
2021072500100234,2021년 7월 25일 15시,일요일,대구광역시 동구 효목동,경상사고,0,0,1,0,차대차 - 측면충돌,안전운전불이행,건조,맑음,교차로 - 교차로횡단보도내,승용,여,47세,상해없음,이륜,남,22세,경상
2021072500100235,2021년 7월 25일 15시,일요일,대구광역시 중구 남산동,중상사고,0,1,0,0,차대차 - 기타,안전운전불이행,건조,맑음,단일로 - 기타,승용,남,52세,상해없음,이륜,남,29세,중상
2021072500100236,2021년 7월 25일 15시,일요일,대구광역시 달서구 용산동,경상사고,0,0,1,1,차대차 - 측면충돌,안전운전불이행,건조,맑음,단일로 - 기타,승용,여,50세,기타불명,개인형이동수단(PM),남,19세,경상
2021072500100303,2021년 7월 25일 17시,일요일,대구광역시 동구 동호동,경상사고,0,0,2,0,차대차 - 추돌,안전운전불이행,건조,맑음,교차로 - 교차로부근,승용,남,76세,상해없음,승용,남,37세,경상
2021072500100342,2021년 7월 25일 18시,일요일,대구광역시 동구 효목동,경상사고,0,0,1,0,차대차 - 측면충돌,안전운전불이행,건조,맑음,단일로 - 기타,승용,여,38세,상해없음,자전거,남,83세,경상
2021072500100343,2021년 7월 25일 18시,일요일,대구광역시 수성구 만촌동,경상사고,0,0,3,0,차대차 - 측면충돌,안전운전불이행,건조,맑음,기타 - 기타,승용,여,26세,상해없음,승용,여,27세,경상
2021072500100367,2021년 7월 25일 19시,일요일,대구광역시 달서구 신당동,경상사고,0,0,1,0,차대사람 - 기타,안전운전불이행,건조,맑음,기타 - 기타,이륜,남,21세,상해없음,보행자,남,23세,경상
2021072500100389,2021년 7월 25일 20시,일요일,대구광역시 수성구 만촌동,경상사고,0,0,1,0,차대사람 - 기타,안전운전불이행,건조,맑음,기타 - 기타,승용,여,28세,상해없음,보행자,여,64세,경상
2021072500100390,2021년 7월 25일 20시,일요일,대구광역시 북구 복현동,부상신고사고,0,0,0,2,차대차 - 기타,신호위반,건조,맑음,교차로 - 교차로안,이륜,남,26세,부상신고,승용,남,51세,부상신고
2021072500100409,2021년 7월 25일 21시,일요일,대구광역시 달성군 유가읍,경상사고,0,0,1,0,차대차 - 기타,안전거리미확보,건조,맑음,교차로 - 교차로부근,화물,남,58세,상해없음,이륜,남,40세,경상
2021072600100019,2021년 7월 26일 03시,월요일,대구광역시 동구 신암동,경상사고,0,0,4,0,차대차 - 측면충돌,안전거리미확보,건조,맑음,단일로 - 기타,이륜,남,18세,상해없음,승용,남,22세,경상
2021072600100022,2021년 7월 26일 04시,월요일,대구광역시 북구 칠성동1가,중상사고,0,1,0,0,차대사람 - 횡단중,안전운전불이행,건조,기타,단일로 - 기타,승용,남,35세,상해없음,보행자,여,78세,중상
2021072600100091,2021년 7월 26일 08시,월요일,대구광역시 동구 신천동,경상사고,0,0,1,0,차대차 - 기타,안전운전불이행,건조,맑음,교차로 - 교차로안,자전거,남,79세,경상,승용,여,51세,상해없음
2021072600100092,2021년 7월 26일 08시,월요일,대구광역시 달서구 유천동,경상사고,0,0,1,0,차대차 - 측면충돌,안전운전불이행,건조,맑음,교차로 - 교차로안,승용,여,37세,상해없음,개인형이동수단(PM),여,19세,경상
2021072600100093,2021년 7월 26일 08시,월요일,대구광역시 달성군 다사읍,중상사고,0,1,0,0,차대사람 - 기타,안전운전불이행,건조,맑음,기타 - 기타,화물,남,57세,상해없음,보행자,여,62세,중상
2021072600100094,2021년 7월 26일 08시,월요일,대구광역시 서구 비산동,경상사고,0,0,1,0,차대차 - 기타,안전운전불이행,건조,맑음,교차로 - 교차로안,이륜,여,47세,기타불명,승용,남,38세,경상
2021072600100129,2021년 7월 26일 09시,월요일,대구광역시 동구 신천동,경상사고,0,0,1,0,차대차 - 측면충돌,안전운전불이행,건조,맑음,단일로 - 기타,승용,여,25세,상해없음,승용,여,75세,경상
2021072600100130,2021년 7월 26일 09시,월요일,대구광역시 수성구 수성동1가,경상사고,0,0,1,0,차대차 - 측면충돌,안전운전불이행,건조,맑음,단일로 - 기타,화물,남,55세,상해없음,자전거,남,76세,경상
2021072600100131,2021년 7월 26일 09시,월요일,대구광역시 달서구 장동,경상사고,0,0,1,0,차대차 - 측면충돌,차로위반,건조,맑음,단일로 - 기타,특수,남,67세,상해없음,승용,남,33세,경상
2021072600100176,2021년 7월 26일 10시,월요일,대구광역시 수성구 범어동,경상사고,0,0,1,0,차대차 - 정면충돌,안전운전불이행,건조,맑음,단일로 - 기타,승용,여,34세,상해없음,승용,여,43세,경상
2021072600100177,2021년 7월 26일 10시,월요일,대구광역시 북구 노원동1가,경상사고,0,0,1,0,차대차 - 기타,안전운전불이행,건조,맑음,교차로 - 교차로안,화물,여,58세,상해없음,개인형이동수단(PM),여,39세,경상
2021072600100178,2021년 7월 26일 10시,월요일,대구광역시 북구 노원동3가,경상사고,0,0,2,0,차대사람 - 기타,기타,건조,맑음,기타 - 기타,자전거,남,63세,상해없음,보행자,남,81세,경상
2021072600100220,2021년 7월 26일 11시,월요일,대구광역시 서구 내당동,경상사고,0,0,1,0,차대사람 - 횡단중,안전운전불이행,건조,맑음,교차로 - 교차로부근,승용,여,61세,상해없음,보행자,남,71세,경상