사고번호,사고일시,요일,시군구,사고내용,사망자수,중상자수,경상자수,부상신고자수,사고유형,법규위반,노면상태,기상상태,도로형태,가해운전자 차종,가해운전자 성별,가해운전자 연령,가해운전자 상해정도,피해운전자 차종,피해운전자 성별,피해운전자 연령,피해운전자 상해정도
2021072600100221,2021년 7월 26일 11시,월요일,대구광역시 서구 비산동,경상사고,0,0,1,0,차대차 - 측면충돌,안전거리미확보,건조,맑음,단일로 - 기타,승용,남,68세,상해없음,승용,남,59세,경상
2021072600100222,2021년 7월 26일 11시,월요일,대구광역시 중구 동인동4가,경상사고,0,0,1,0,차대차 - 기타,신호위반,건조,맑음,교차로 - 교차로안,화물,남,30세,상해없음,승용,여,65세,경상
2021072600100223,2021년 7월 26일 11시,월요일,대구광역시 달서구 죽전동,경상사고,0,0,1,0,차대차 - 추돌,안전운전불이행,건조,맑음,교차로 - 교차로부근,승용,남,67세,상해없음,승용,남,50세,경상
2021072600100261,2021년 7월 26일 12시,월요일,대구광역시 동구 검사동,경상사고,0,0,1,0,차대차 - 추돌,안전운전불이행,건조,맑음,단일로 - 기타,이륜,남,25세,경상,승용,남,37세,상해없음
2021072600100262,2021년 7월 26일 12시,월요일,대구광역시 수성구 만촌동,경상사고,0,0,1,0,차대차 - 측면충돌,안전거리미확보,건조,맑음,단일로 - 기타,건설기계,남,54세,상해없음,승용,여,34세,경상
2021072600100298,2021년 7월 26일 13시,월요일,대구광역시 남구 봉덕동,경상사고,0,0,1,0,차대차 - 측면충돌,안전거리미확보,건조,맑음,단일로 - 기타,승용,남,50세,상해없음,승용,남,30세,경상
2021072600100299,2021년 7월 26일 13시,월요일,대구광역시 북구 노원동1가,경상사고,0,0,1,0,차대차 - 기타,안전운전불이행,건조,맑음,교차로 - 교차로안,자전거,남,12세,경상,화물,남,73세,상해없음
2021072600100378,2021년 7월 26일 15시,월요일,대구광역시 남구 봉덕동,경상사고,0,0,2,0,차대차 - 측면충돌,신호위반,건조,맑음,교차로 - 교차로부근,화물,남,44세,상해없음,승합,남,54세,경상
2021072600100379,2021년 7월 26일 15시,월요일,대구광역시 달서구 상인동,경상사고,0,0,1,0,차대차 - 기타,직진우회전진행방해,건조,맑음,교차로 - 교차로안,자전거,남,9세,경상,승용,남,75세,상해없음
2021072600100380,2021년 7월 26일 15시,월요일,대구광역시 달성군 유가읍,경상사고,0,0,4,0,차대차 - 측면충돌,안전운전불이행,건조,맑음,교차로 - 교차로안,이륜,남,30세,기타불명,승용,여,41세,경상
2021072600100381,2021년 7월 26일 15시,월요일,대구광역시 달성군 논공읍,경상사고,0,0,1,0,차대사람 - 기타,안전운전불이행,건조,맑음,주차장 - 주차장,승용,남,71세,상해없음,보행자,여,57세,경상
2021072600100404,2021년 7월 26일 16시,월요일,대구광역시 동구 신암동,중상사고,0,1,0,0,차대차 - 기타,안전운전불이행,건조,맑음,기타 - 기타,승용,남,62세,상해없음,자전거,남,21세,중상
2021072600100405,2021년 7월 26일 16시,월요일,대구광역시 수성구 수성동4가,중상사고,0,1,0,0,차대차 - 기타,기타,건조,맑음,교차로 - 교차로부근,승용,여,49세,상해없음,이륜,남,23세,중상
2021072600100496,2021년 7월 26일 18시,월요일,대구광역시 동구 도동,경상사고,0,0,2,0,차대차 - 측면충돌,안전운전불이행,건조,맑음,단일로 - 기타,승용,남,59세,상해없음,승용,남,58세,경상
2021072600100536,2021년 7월 26일 19시,월요일,대구광역시 남구 봉덕동,경상사고,0,0,2,0,차대차 - 측면충돌,신호위반,건조,맑음,교차로 - 교차로부근,이륜,남,64세,상해없음,승용,여,21세,경상
2021072600100537,2021년 7월 26일 19시,월요일,대구광역시 수성구 지산동,경상사고,0,0,1,0,차대사람 - 기타,안전운전불이행,건조,맑음,단일로 - 기타,승용,남,53세,상해없음,보행자,남,16세,경상
2021072600100538,2021년 7월 26일 19시,월요일,대구광역시 수성구 범어동,경상사고,0,0,2,0,차대차 - 측면충돌,안전운전불이행,건조,맑음,교차로 - 교차로안,승용,남,63세,상해없음,승용,남,31세,경상
2021072600100539,2021년 7월 26일 19시,월요일,대구광역시 달서구 두류동,중상사고,0,1,1,0,차대차 - 측면충돌,차로위반,건조,맑음,교차로 - 교차로부근,이륜,남,52세,경상,승용,여,38세,중상
2021072600100571,2021년 7월 26일 20시,월요일,대구광역시 남구 대명동,경상사고,0,0,1,0,차대사람 - 보도통행중,안전운전불이행,건조,맑음,단일로 - 기타,이륜,남,45세,상해없음,보행자,남,54세,경상
2021072600100572,2021년 7월 26일 20시,월요일,대구광역시 수성구 지산동,중상사고,0,1,0,0,차대차 - 정면충돌,신호위반,건조,맑음,교차로 - 교차로안,승용,남,77세,상해없음,이륜,남,22세,중상
2021072600100573,2021년 7월 26일 20시,월요일,대구광역시 달서구 상인동,경상사고,0,0,1,0,차대차 - 측면충돌,교차로운행방법위반,건조,맑음,교차로 - 교차로부근,승용,남,50세,상해없음,이륜,남,38세,경상
2021072600100574,2021년 7월 26일 20시,월요일,대구광역시 달서구 상인동,부상신고사고,0,0,0,2,차대차 - 측면충돌,안전거리미확보,건조,맑음,단일로 - 기타,승용,남,54세,상해없음,이륜,남,19세,부상신고
2021072600100594,2021년 7월 26일 21시,월요일,대구광역시 북구 금호동,경상사고,0,0,1,0,차대차 - 측면충돌,안전거리미확보,건조,맑음,단일로 - 기타,승용,남,53세,상해없음,승용,남,48세,경상
2021072600100618,2021년 7월 26일 22시,월요일,대구광역시 동구 각산동,경상사고,0,0,2,0,차대차 - 추돌,안전운전불이행,건조,맑음,단일로 - 기타,승용,여,57세,상해없음,승용,남,27세,경상
2021072600100619,2021년 7월 26일 22시,월요일,대구광역시 수성구 시지동,경상사고,0,0,1,0,차대차 - 측면충돌,안전운전불이행,건조,맑음,단일로 - 기타,승용,여,53세,상해없음,이륜,남,49세,경상
2021072600100620,2021년 7월 26일 22시,월요일,대구광역시 수성구 범어동,경상사고,0,0,2,0,차대차 - 추돌,안전운전불이행,건조,맑음,교차로 - 교차로부근,승용,남,53세,기타불명,승용,남,26세,경상
2021072700100005,2021년 7월 27일 00시,화요일,대구광역시 수성구 만촌동,경상사고,0,0,1,0,차대차 - 추돌,교차로운행방법위반,건조,맑음,교차로 - 교차로부근,승용,여,60세,상해없음,승용,남,51세,경상
2021072700100006,2021년 7월 27일 00시,화요일,대구광역시 북구 읍내동,경상사고,0,0,1,0,차대사람 - 길가장자리구역통행중,보행자보호의무위반,건조,맑음,단일로 - 기타,승용,남,19세,상해없음,보행자,여,26세,경상
2021072700100013,2021년 7월 27일 01시,화요일,대구광역시 달서구 도원동,경상사고,0,0,1,0,차대차 - 측면충돌,차로위반,건조,맑음,단일로 - 기타,승용,여,48세,상해없음,승용,남,29세,경상
2021072700100019,2021년 7월 27일 03시,화요일,대구광역시 달서구 진천동,경상사고,0,0,1,0,차량단독 - 기타,안전운전불이행,건조,맑음,기타 - 기타,이륜,남,50세,경상,,,,
2021072700100074,2021년 7월 27일 07시,화요일,대구광역시 수성구 매호동,경상사고,0,0,2,0,차대차 - 측면충돌,직진우회전진행방해,건조,맑음,교차로 - 교차로안,승용,여,64세,경상,승용,여,39세,경상
2021072700100134,2021년 7월 27일 09시,화요일,대구광역시 북구 금호동,중상사고,0,1,2,0,차대차 - 추돌,안전거리미확보,건조,맑음,단일로 - 기타,화물,남,62세,중상,화물,남,43세,경상
2021072700100137,2021년 7월 27일 09시,화요일,대구광역시 달서구 진천동,경상사고,0,0,1,0,차대차 - 측면충돌,교차로운행방법위반,건조,맑음,교차로 - 교차로안,특수,남,56세,상해없음,자전거,남,70세,경상
2021072700100175,2021년 7월 27일 10시,화요일,대구광역시 동구 율암동,경상사고,0,0,1,0,차대차 - 측면충돌,중앙선침범,건조,맑음,단일로 - 기타,승용,남,62세,기타불명,화물,남,24세,경상
2021072700100176,2021년 7월 27일 10시,화요일,대구광역시 수성구 중동,경상사고,0,0,3,0,차대차 - 기타,중앙선침범,건조,맑음,단일로 - 기타,승용,남,74세,경상,승용,남,46세,경상
2021072700100177,2021년 7월 27일 10시,화요일,대구광역시 북구 노원동3가,부상신고사고,0,0,0,1,차대차 - 측면충돌,안전운전불이행,건조,맑음,교차로 - 교차로횡단보도내,자전거,남,80세,부상신고,화물,남,52세,상해없음
2021072700100225,2021년 7월 27일 11시,화요일,대구광역시 달성군 화원읍,경상사고,0,0,1,0,차대차 - 기타,안전운전불이행,건조,맑음,단일로 - 기타,화물,남,60세,상해없음,화물,남,29세,경상
2021072700100265,2021년 7월 27일 12시,화요일,대구광역시 동구 중대동,경상사고,0,0,1,0,차대차 - 측면충돌,직진우회전진행방해,건조,맑음,교차로 - 교차로안,승합,남,39세,상해없음,승용,여,69세,경상
2021072700100323,2021년 7월 27일 14시,화요일,대구광역시 달성군 화원읍,중상사고,0,1,0,0,차대차 - 측면충돌,안전운전불이행,건조,맑음,단일로 - 기타,건설기계,남,53세,상해없음,승용,여,69세,중상
2021072700100324,2021년 7월 27일 14시,화요일,대구광역시 달서구 죽전동,중상사고,0,1,0,0,차대차 - 추돌,안전운전불이행,건조,맑음,교차로 - 교차로부근,승용,남,45세,상해없음,승용,여,63세,중상
2021072700100362,2021년 7월 27일 15시,화요일,대구광역시 북구 산격동,경상사고,0,0,2,0,차대차 - 측면충돌,안전운전불이행,건조,맑음,교차로 - 교차로안,승용,여,47세,상해없음,승용,남,64세,경상
2021072700100396,2021년 7월 27일 16시,화요일,대구광역시 달서구 장기동,경상사고,0,0,1,0,차대차 - 후진중충돌,불법유턴,건조,맑음,교차로 - 교차로안,승용,남,60세,상해없음,이륜,남,48세,경상
2021072700100438,2021년 7월 27일 17시,화요일,대구광역시 수성구 욱수동,경상사고,0,0,2,0,차대차 - 측면충돌,안전운전불이행,건조,맑음,단일로 - 기타,이륜,남,20세,기타불명,승용,남,31세,상해없음
2021072700100439,2021년 7월 27일 17시,화요일,대구광역시 수성구 신매동,경상사고,0,0,1,0,차대사람 - 기타,안전운전불이행,건조,맑음,단일로 - 기타,승합,남,60세,상해없음,보행자,여,35세,경상
2021072700100440,2021년 7월 27일 17시,화요일,대구광역시 수성구 범어동,경상사고,0,0,1,1,차대차 - 측면충돌,안전운전불이행,건조,맑음,교차로 - 교차로안,승용,여,34세,상해없음,승용,여,53세,경상
2021072700100441,2021년 7월 27일 17시,화요일,대구광역시 달서구 상인동,경상사고,0,0,1,0,차대차 - 측면충돌,직진우회전진행방해,건조,맑음,교차로 - 교차로안,승용,남,66세,상해없음,이륜,남,42세,경상
2021072700100487,2021년 7월 27일 18시,화요일,대구광역시 수성구 범물동,경상사고,0,0,2,0,차대차 - 측면충돌,신호위반,건조,맑음,교차로 - 교차로안,승용,남,28세,상해없음,승용,여,49세,경상
2021072700100488,2021년 7월 27일 18시,화요일,대구광역시 달성군 현풍읍,경상사고,0,0,1,0,차대차 - 기타,안전운전불이행,건조,맑음,교차로 - 교차로안,승용,남,32세,상해없음,승용,남,62세,경상
2021072700100489,2021년 7월 27일 18시,화요일,대구광역시 달서구 죽전동,경상사고,0,0,2,0,차대차 - 측면충돌,안전운전불이행,건조,맑음,단일로 - 기타,승용,남,65세,상해없음,승용,여,44세,경상
2021072700100490,2021년 7월 27일 18시,화요일,대구광역시 북구 구암동,부상신고사고,0,0,0,1,차대사람 - 기타,안전운전불이행,건조,맑음,단일로 - 기타,승용,여,56세,기타불명,보행자,남,19세,부상신고
2021072700100534,2021년 7월 27일 19시,화요일,대구광역시 달서구 상인동,경상사고,0,0,1,0,차대차 - 측면충돌,안전운전불이행,건조,맑음,기타 - 기타,화물,남,40세,상해없음,이륜,남,19세,경상
2021072700100535,2021년 7월 27일 19시,화요일,대구광역시 달서구 월성동,경상사고,0,0,2,1,차대차 - 측면충돌,교차로운행방법위반,건조,맑음,교차로 - 교차로안,승용,남,26세,부상신고,승용,여,57세,경상
2021072700100562,2021년 7월 27일 20시,화요일,대구광역시 달성군 화원읍,경상사고,0,0,1,0,차량단독 - 기타,안전운전불이행,건조,맑음,단일로 - 기타,승용,남,54세,상해없음,,,,
2021072700100605,2021년 7월 27일 22시,화요일,대구광역시 수성구 범어동,경상사고,0,0,2,0,차대차 - 측면충돌,안전거리미확보,건조,맑음,단일로 - 기타,승용,여,26세,상해없음,승용,여,44세,경상
2021072700100606,2021년 7월 27일 22시,화요일,대구광역시 수성구 범어동,경상사고,0,0,1,0,차대차 - 측면충돌,안전거리미확보,건조,맑음,단일로 - 기타,승용,여,40세,상해없음,이륜,남,18세,경상
2021072700100607,2021년 7월 27일 22시,화요일,대구광역시 달서구 신당동,경상사고,0,0,1,0,차대차 - 기타,안전거리미확보,건조,맑음,단일로 - 기타,기타불명,기타불명,미분류,기타불명,승용,여,28세,경상
2021072800100008,2021년 7월 28일 00시,수요일,대구광역시 남구 봉덕동,경상사고,0,0,1,0,차대차 - 측면충돌,안전운전불이행,건조,맑음,단일로 - 기타,승용,남,21세,상해없음,승용,남,31세,경상
2021072800100053,2021년 7월 28일 06시,수요일,대구광역시 동구 금강동,경상사고,0,0,1,0,차대차 - 기타,교차로운행방법위반,건조,맑음,교차로 - 교차로안,화물,남,66세,상해없음,자전거,남,45세,경상
2021072800100054,2021년 7월 28일 06시,수요일,대구광역시 달서구 월암동,중상사고,0,1,0,0,차대차 - 기타,신호위반,건조,맑음,교차로 - 교차로안,승용,남,67세,상해없음,승용,남,58세,중상
2021072800100055,2021년 7월 28일 06시,수요일,대구광역시 북구 대현동,중상사고,0,1,0,0,차대차 - 측면충돌,교차로운행방법위반,건조,맑음,교차로 - 교차로안,이륜,남,69세,중상,승용,남,64세,상해없음
2021072800100105,2021년 7월 28일 08시,수요일,대구광역시 남구 봉덕동,경상사고,0,0,1,0,차대차 - 추돌,안전운전불이행,건조,맑음,단일로 - 기타,승용,남,66세,상해없음,승용,여,40세,경상
2021072800100136,2021년 7월 28일 09시,수요일,대구광역시 남구 대명동,중상사고,0,1,0,0,차대사람 - 기타,안전운전불이행,건조,맑음,교차로 - 교차로부근,승용,남,64세,상해없음,보행자,남,89세,중상
2021072800100137,2021년 7월 28일 09시,수요일,대구광역시 달성군 화원읍,경상사고,0,0,2,0,차대차 - 기타,안전운전불이행,건조,맑음,교차로 - 교차로안,화물,남,59세,상해없음,승용,남,36세,경상
2021072800100138,2021년 7월 28일 09시,수요일,대구광역시 달성군 화원읍,중상사고,0,1,0,0,차대사람 - 횡단중,보행자보호의무위반,건조,맑음,단일로 - 기타,승용,여,26세,상해없음,보행자,여,55세,중상
2021072800100139,2021년 7월 28일 09시,수요일,대구광역시 달성군 화원읍,중상사고,0,1,0,0,차대차 - 정면충돌,안전운전불이행,건조,맑음,단일로 - 기타,승용,남,64세,상해없음,자전거,남,80세,중상
2021072800100140,2021년 7월 28일 09시,수요일,대구광역시 서구 비산동,경상사고,0,0,1,0,차대차 - 기타,불법유턴,건조,맑음,단일로 - 기타,자전거,남,72세,경상,승용,남,35세,상해없음
2021072800100165,2021년 7월 28일 10시,수요일,대구광역시 동구 용계동,경상사고,0,0,1,0,차대차 - 기타,안전운전불이행,건조,맑음,단일로 - 기타,승용,남,32세,상해없음,자전거,남,24세,경상
2021072800100197,2021년 7월 28일 11시,수요일,대구광역시 동구 각산동,경상사고,0,0,1,0,차대차 - 기타,안전운전불이행,건조,맑음,교차로 - 교차로부근,승용,여,54세,상해없음,승용,여,30세,경상
2021072800100198,2021년 7월 28일 11시,수요일,대구광역시 달서구 상인동,중상사고,0,1,0,0,차대차 - 기타,안전운전불이행,건조,맑음,단일로 - 기타,승용,여,53세,상해없음,이륜,남,26세,중상
2021072800100199,2021년 7월 28일 11시,수요일,대구광역시 달성군 구지면,부상신고사고,0,0,0,1,차대차 - 측면충돌,차로위반,건조,맑음,단일로 - 기타,기타불명,기타불명,미분류,기타불명,승용,남,35세,상해없음
2021072800100270,2021년 7월 28일 13시,수요일,대구광역시 동구 율하동,경상사고,0,0,1,0,차대차 - 기타,안전운전불이행,건조,맑음,단일로 - 기타,승용,여,27세,상해없음,승용,여,32세,기타불명
2021072800100302,2021년 7월 28일 14시,수요일,대구광역시 남구 봉덕동,경상사고,0,0,1,0,차대사람 - 횡단중,보행자보호의무위반,건조,맑음,교차로 - 교차로횡단보도내,승용,여,55세,상해없음,보행자,여,57세,경상
2021072800100303,2021년 7월 28일 14시,수요일,대구광역시 수성구 범어동,경상사고,0,0,2,0,차대차 - 측면충돌,안전운전불이행,건조,맑음,교차로 - 교차로안,승용,남,23세,상해없음,승용,남,35세,경상
2021072800100304,2021년 7월 28일 14시,수요일,대구광역시 북구 노원동3가,경상사고,0,0,1,0,차대차 - 정면충돌,신호위반,건조,맑음,교차로 - 교차로안,승용,남,43세,상해없음,화물,남,62세,경상
2021072800100335,2021년 7월 28일 15시,수요일,대구광역시 동구 신천동,경상사고,0,0,1,0,차대차 - 측면충돌,신호위반,건조,맑음,교차로 - 교차로횡단보도내,승용,여,66세,상해없음,이륜,여,57세,경상
2021072800100374,2021년 7월 28일 16시,수요일,대구광역시 동구 신암동,경상사고,0,0,2,0,차대차 - 기타,안전운전불이행,건조,맑음,단일로 - 기타,이륜,남,29세,경상,승합,남,61세,상해없음
2021072800100424,2021년 7월 28일 17시,수요일,대구광역시 북구 태전동,경상사고,0,0,1,0,차대차 - 추돌,안전운전불이행,건조,맑음,단일로 - 기타,승용,남,33세,상해없음,승용,여,23세,경상
2021072800100430,2021년 7월 28일 17시,수요일,대구광역시 달서구 대천동,경상사고,0,0,1,0,차대차 - 측면충돌,교차로운행방법위반,건조,맑음,교차로 - 교차로안,승용,남,43세,상해없음,승합,남,74세,경상
2021072800100431,2021년 7월 28일 17시,수요일,대구광역시 서구 이현동,경상사고,0,0,3,0,차대차 - 측면충돌,안전운전불이행,건조,맑음,단일로 - 기타,승합,남,54세,경상,승용,여,72세,경상
2021072800100482,2021년 7월 28일 18시,수요일,대구광역시 중구 남산동,경상사고,0,0,1,0,차대사람 - 기타,안전운전불이행,건조,맑음,교차로 - 교차로안,이륜,남,23세,상해없음,보행자,여,20세,경상
2021072800100483,2021년 7월 28일 18시,수요일,대구광역시 달서구 감삼동,경상사고,0,0,1,3,차대차 - 추돌,안전운전불이행,건조,맑음,단일로 - 기타,승용,남,23세,부상신고,승용,여,45세,경상
2021072800100484,2021년 7월 28일 18시,수요일,대구광역시 북구 태전동,중상사고,0,1,0,0,차대차 - 정면충돌,교차로운행방법위반,건조,맑음,교차로 - 교차로안,승용,여,27세,상해없음,이륜,남,37세,중상
2021072800100541,2021년 7월 28일 20시,수요일,대구광역시 북구 동천동,부상신고사고,0,0,0,1,차대사람 - 횡단중,신호위반,건조,맑음,교차로 - 교차로횡단보도내,승용,여,29세,상해없음,보행자,남,25세,부상신고
2021072800100566,2021년 7월 28일 21시,수요일,대구광역시 동구 용수동,경상사고,0,0,2,0,차대차 - 기타,안전거리미확보,건조,맑음,단일로 - 기타,승용,남,66세,상해없음,승용,남,38세,경상
2021072800100597,2021년 7월 28일 22시,수요일,대구광역시 서구 비산동,경상사고,0,0,1,0,차대사람 - 기타,안전운전불이행,건조,맑음,단일로 - 기타,승용,남,53세,상해없음,보행자,남,52세,상해없음
2021072900100043,2021년 7월 29일 06시,목요일,대구광역시 달서구 용산동,경상사고,0,0,1,0,차대차 - 측면충돌,중앙선침범,건조,맑음,단일로 - 기타,화물,남,60세,상해없음,화물,남,43세,경상
2021072900100088,2021년 7월 29일 08시,목요일,대구광역시 수성구 사월동,경상사고,0,0,1,0,차대차 - 기타,안전운전불이행,건조,맑음,단일로 - 기타,승용,남,62세,상해없음,자전거,남,60세,경상
2021072900100089,2021년 7월 29일 08시,목요일,대구광역시 북구 노원동3가,중상사고,0,1,0,0,차대차 - 측면충돌,중앙선침범,건조,맑음,단일로 - 기타,화물,남,60세,상해없음,자전거,남,36세,중상
2021072900100125,2021년 7월 29일 09시,목요일,대구광역시 동구 지묘동,경상사고,0,0,1,1,차대차 - 기타,안전거리미확보,건조,맑음,단일로 - 기타,승용,남,69세,부상신고,승용,여,60세,경상
2021072900100160,2021년 7월 29일 10시,목요일,대구광역시 달서구 송현동,중상사고,0,1,0,0,차대사람 - 기타,보행자보호의무위반,건조,맑음,교차로 - 교차로횡단보도내,화물,남,61세,상해없음,보행자,남,81세,중상
2021072900100193,2021년 7월 29일 11시,목요일,대구광역시 수성구 지산동,경상사고,0,0,1,0,차대차 - 측면충돌,안전운전불이행,건조,맑음,교차로 - 교차로안,승용,남,42세,상해없음,이륜,남,36세,경상
2021072900100194,2021년 7월 29일 11시,목요일,대구광역시 서구 상리동,경상사고,0,0,2,0,차대차 - 측면충돌,신호위반,건조,맑음,단일로 - 지하차도(도로)내,화물,남,39세,상해없음,승용,여,38세,경상
2021072900100233,2021년 7월 29일 12시,목요일,대구광역시 북구 태전동,중상사고,0,1,0,0,차대차 - 측면충돌,차로위반,건조,맑음,교차로 - 교차로안,승용,여,37세,상해없음,이륜,남,29세,중상
2021072900100234,2021년 7월 29일 12시,목요일,대구광역시 북구 태전동,부상신고사고,0,0,0,1,차대차 - 추돌,직진우회전진행방해,건조,맑음,교차로 - 교차로안,이륜,남,28세,부상신고,승용,남,79세,상해없음
2021072900100269,2021년 7월 29일 13시,목요일,대구광역시 중구 덕산동,경상사고,0,0,1,0,차대사람 - 횡단중,보행자보호의무위반,건조,맑음,단일로 - 기타,화물,남,58세,상해없음,보행자,남,48세,경상
2021072900100270,2021년 7월 29일 13시,목요일,대구광역시 달서구 감삼동,중상사고,0,1,1,0,차대차 - 측면충돌,안전운전불이행,건조,맑음,교차로 - 교차로안,이륜,남,26세,중상,화물,남,46세,경상
2021072900100297,2021년 7월 29일 14시,목요일,대구광역시 남구 봉덕동,경상사고,0,0,1,0,차대차 - 측면충돌,안전운전불이행,건조,맑음,교차로 - 교차로안,자전거,남,65세,경상,승용,남,52세,상해없음
2021072900100320,2021년 7월 29일 15시,목요일,대구광역시 수성구 두산동,중상사고,0,1,0,0,차대차 - 측면충돌,안전운전불이행,건조,맑음,단일로 - 기타,화물,남,24세,상해없음,자전거,남,74세,중상
2021072900100321,2021년 7월 29일 15시,목요일,대구광역시 수성구 신매동,경상사고,0,0,1,0,차대차 - 추돌,안전운전불이행,건조,맑음,교차로 - 교차로안,승용,남,71세,기타불명,승합,남,47세,경상
2021072900100322,2021년 7월 29일 15시,목요일,대구광역시 서구 평리동,중상사고,0,1,0,0,차대차 - 측면충돌,안전운전불이행,건조,맑음,단일로 - 기타,승용,여,30세,상해없음,이륜,남,34세,중상
2021072900100399,2021년 7월 29일 17시,목요일,대구광역시 수성구 만촌동,경상사고,0,0,1,0,차대차 - 측면충돌,안전운전불이행,건조,맑음,기타 - 기타,승용,남,61세,경상,승용,여,61세,상해없음
2021072900100400,2021년 7월 29일 17시,목요일,대구광역시 수성구 두산동,경상사고,0,0,2,0,차대차 - 측면충돌,안전운전불이행,건조,맑음,단일로 - 기타,승용,남,74세,상해없음,승용,여,50세,경상
2021072900100401,2021년 7월 29일 17시,목요일,대구광역시 수성구 파동,경상사고,0,0,1,0,차대사람 - 길가장자리구역통행중,안전운전불이행,건조,맑음,기타 - 기타,기타불명,기타불명,미분류,기타불명,보행자,여,81세,경상
2021072900100435,2021년 7월 29일 18시,목요일,대구광역시 동구 신천동,경상사고,0,0,1,0,차대차 - 측면충돌,안전운전불이행,건조,맑음,기타 - 기타,승용,남,53세,기타불명,자전거,남,31세,경상
2021072900100436,2021년 7월 29일 18시,목요일,대구광역시 수성구 범어동,경상사고,0,0,1,0,차대차 - 추돌,안전운전불이행,건조,맑음,단일로 - 기타,이륜,남,22세,상해없음,자전거,남,28세,경상
2021072900100437,2021년 7월 29일 18시,목요일,대구광역시 수성구 매호동,경상사고,0,0,2,0,차대차 - 기타,교차로운행방법위반,건조,맑음,교차로 - 교차로안,이륜,남,45세,상해없음,승용,남,26세,경상
2021072900100438,2021년 7월 29일 18시,목요일,대구광역시 달서구 월성동,경상사고,0,0,1,1,차대차 - 측면충돌,신호위반,건조,맑음,교차로 - 교차로부근,이륜,남,19세,부상신고,승용,남,29세,경상
2021072900100439,2021년 7월 29일 18시,목요일,대구광역시 달서구 용산동,경상사고,0,0,1,0,차대차 - 측면충돌,교차로운행방법위반,건조,맑음,교차로 - 교차로안,승용,여,43세,상해없음,승용,여,53세,경상
2021072900100465,2021년 7월 29일 19시,목요일,대구광역시 동구 방촌동,중상사고,0,1,0,0,차대차 - 측면충돌,안전운전불이행,건조,맑음,교차로 - 교차로안,승용,여,53세,상해없음,자전거,남,69세,중상
2021072900100466,2021년 7월 29일 19시,목요일,대구광역시 서구 중리동,경상사고,0,0,1,0,차대차 - 측면충돌,기타,건조,맑음,교차로 - 교차로안,이륜,남,48세,상해없음,승용,남,49세,상해없음
2021072900100467,2021년 7월 29일 19시,목요일,대구광역시 서구 이현동,경상사고,0,0,2,0,차대차 - 측면충돌,직진우회전진행방해,건조,맑음,교차로 - 교차로안,화물,남,38세,경상,승용,남,28세,경상
2021072900100468,2021년 7월 29일 19시,목요일,대구광역시 달서구 신당동,경상사고,0,0,2,0,차대차 - 추돌,안전거리미확보,건조,맑음,단일로 - 기타,승합,남,54세,상해없음,이륜,남,26세,경상
2021072900100469,2021년 7월 29일 19시,목요일,대구광역시 북구 구암동,경상사고,0,0,1,0,차대차 - 측면충돌,안전운전불이행,건조,맑음,교차로 - 교차로부근,승용,여,37세,상해없음,승용,남,44세,경상
2021072900100495,2021년 7월 29일 20시,목요일,대구광역시 동구 신천동,경상사고,0,0,1,0,차대차 - 측면충돌,교차로운행방법위반,건조,맑음,교차로 - 교차로안,승용,남,32세,상해없음,승용,여,40세,경상
2021072900100496,2021년 7월 29일 20시,목요일,대구광역시 달서구 용산동,중상사고,0,1,0,0,차대차 - 기타,안전운전불이행,건조,맑음,단일로 - 기타,개인형이동수단(PM),남,54세,중상,화물,남,48세,상해없음
2021072900100515,2021년 7월 29일 21시,목요일,대구광역시 서구 비산동,중상사고,0,1,0,0,차대사람 - 기타,안전운전불이행,건조,맑음,단일로 - 기타,승용,남,65세,상해없음,보행자,여,53세,중상
2021072900100548,2021년 7월 29일 22시,목요일,대구광역시 중구 삼덕동1가,중상사고,0,1,0,0,차대사람 - 기타,안전운전불이행,건조,맑음,단일로 - 기타,승용,남,24세,상해없음,보행자,여,19세,중상
2021073000100010,2021년 7월 30일 02시,금요일,대구광역시 달서구 이곡동,경상사고,0,0,1,0,차량단독 - 기타,안전운전불이행,건조,맑음,단일로 - 기타,개인형이동수단(PM),남,20세,경상,,,,
2021073000100026,2021년 7월 30일 05시,금요일,대구광역시 달서구 진천동,부상신고사고,0,0,0,1,차대차 - 측면충돌,직진우회전진행방해,건조,맑음,교차로 - 교차로안,승용,남,59세,상해없음,화물,남,45세,부상신고
2021073000100037,2021년 7월 30일 06시,금요일,대구광역시 달서구 대곡동,경상사고,0,0,5,0,차대차 - 측면충돌,안전운전불이행,건조,맑음,교차로 - 교차로안,승용,남,35세,상해없음,승용,남,19세,경상
2021073000100038,2021년 7월 30일 06시,금요일,대구광역시 북구 침산동,사망사고,1,0,0,0,차대사람 - 횡단중,안전운전불이행,건조,맑음,교차로 - 교차로부근,승합,남,62세,상해없음,보행자,남,89세,사망
2021073000100059,2021년 7월 30일 07시,금요일,대구광역시 동구 불로동,경상사고,0,0,1,0,차대차 - 기타,신호위반,건조,맑음,교차로 - 교차로부근,자전거,남,79세,경상,화물,남,47세,상해없음
2021073000100060,2021년 7월 30일 07시,금요일,대구광역시 달서구 상인동,경상사고,0,0,1,0,차대차 - 측면충돌,불법유턴,건조,맑음,단일로 - 기타,승용,남,50세,상해없음,승용,남,69세,경상