사고번호,사고일시,요일,시군구,사고내용,사망자수,중상자수,경상자수,부상신고자수,사고유형,법규위반,노면상태,기상상태,도로형태,가해운전자 차종,가해운전자 성별,가해운전자 연령,가해운전자 상해정도,피해운전자 차종,피해운전자 성별,피해운전자 연령,피해운전자 상해정도
2021081100100402,2021년 8월 11일 18시,수요일,대구광역시 수성구 범물동,경상사고,0,0,1,0,차대차 - 측면충돌,안전거리미확보,건조,맑음,단일로 - 기타,승용,남,67세,상해없음,승용,남,39세,경상
2021081100100403,2021년 8월 11일 18시,수요일,대구광역시 북구 복현동,부상신고사고,0,0,0,1,차대차 - 기타,안전운전불이행,젖음/습기,비,단일로 - 기타,기타불명,기타불명,미분류,기타불명,이륜,남,41세,부상신고
2021081100100404,2021년 8월 11일 18시,수요일,대구광역시 중구 남산동,경상사고,0,0,1,1,차대차 - 측면충돌,안전거리미확보,건조,맑음,단일로 - 기타,승용,남,26세,부상신고,승용,남,60세,경상
2021081100100435,2021년 8월 11일 19시,수요일,대구광역시 서구 내당동,경상사고,0,0,2,0,차대차 - 측면충돌,안전운전불이행,건조,맑음,단일로 - 기타,승용,남,70세,상해없음,승용,남,26세,경상
2021081100100436,2021년 8월 11일 19시,수요일,대구광역시 달서구 이곡동,경상사고,0,0,1,0,차대차 - 측면충돌,기타,건조,맑음,교차로 - 교차로횡단보도내,승용,여,55세,상해없음,개인형이동수단(PM),여,19세,경상
2021081100100437,2021년 8월 11일 19시,수요일,대구광역시 북구 읍내동,경상사고,0,0,1,0,차대차 - 추돌,안전운전불이행,건조,맑음,단일로 - 기타,승용,남,27세,상해없음,이륜,남,25세,경상
2021081100100476,2021년 8월 11일 20시,수요일,대구광역시 북구 복현동,경상사고,0,0,1,0,차대차 - 기타,안전운전불이행,젖음/습기,비,단일로 - 기타,승용,남,49세,상해없음,이륜,남,58세,경상
2021081100100477,2021년 8월 11일 20시,수요일,대구광역시 북구 산격동,중상사고,0,1,1,0,차대차 - 기타,불법유턴,건조,맑음,교차로 - 교차로부근,승용,남,63세,상해없음,이륜,남,51세,중상
2021081100100478,2021년 8월 11일 20시,수요일,대구광역시 북구 동천동,중상사고,0,1,0,0,차대차 - 측면충돌,안전운전불이행,건조,맑음,교차로 - 교차로횡단보도내,승용,남,59세,상해없음,자전거,여,26세,중상
2021081200100014,2021년 8월 12일 03시,목요일,대구광역시 달성군 하빈면,중상사고,0,1,0,0,차대사람 - 기타,안전운전불이행,건조,맑음,단일로 - 기타,승용,남,35세,상해없음,보행자,남,29세,중상
2021081200100037,2021년 8월 12일 06시,목요일,대구광역시 수성구 범물동,경상사고,0,0,1,0,차대차 - 추돌,안전운전불이행,건조,맑음,교차로 - 교차로부근,승용,여,29세,기타불명,화물,남,72세,경상
2021081200100059,2021년 8월 12일 07시,목요일,대구광역시 북구 산격동,중상사고,0,1,0,0,차대차 - 추돌,안전운전불이행,젖음/습기,비,교차로 - 교차로부근,화물,남,52세,상해없음,승용,남,20세,중상
2021081200100131,2021년 8월 12일 09시,목요일,대구광역시 수성구 중동,경상사고,0,0,1,0,차대차 - 측면충돌,안전거리미확보,건조,맑음,단일로 - 기타,승용,여,60세,상해없음,승용,남,63세,경상
2021081200100132,2021년 8월 12일 09시,목요일,대구광역시 달서구 용산동,경상사고,0,0,2,0,차대차 - 추돌,안전운전불이행,건조,맑음,단일로 - 기타,승용,여,38세,경상,승용,남,39세,경상
2021081200100163,2021년 8월 12일 10시,목요일,대구광역시 달서구 호산동,중상사고,0,1,1,0,차대차 - 정면충돌,안전운전불이행,건조,맑음,교차로 - 교차로안,이륜,남,57세,중상,승용,여,66세,경상
2021081200100190,2021년 8월 12일 11시,목요일,대구광역시 달서구 감삼동,경상사고,0,0,1,0,차대차 - 측면충돌,안전운전불이행,건조,맑음,교차로 - 교차로안,승용,남,29세,상해없음,이륜,남,28세,경상
2021081200100223,2021년 8월 12일 12시,목요일,대구광역시 동구 도동,경상사고,0,0,1,0,차대차 - 측면충돌,안전운전불이행,건조,맑음,단일로 - 기타,화물,남,68세,상해없음,승용,여,53세,경상
2021081200100228,2021년 8월 12일 12시,목요일,대구광역시 수성구 수성동3가,경상사고,0,0,1,0,차대차 - 측면충돌,안전운전불이행,건조,맑음,교차로 - 교차로부근,승용,여,40세,상해없음,이륜,남,34세,경상
2021081200100229,2021년 8월 12일 12시,목요일,대구광역시 북구 구암동,경상사고,0,0,2,0,차대차 - 측면충돌,기타,건조,맑음,단일로 - 고가도로위,승용,남,26세,경상,승용,여,22세,경상
2021081200100259,2021년 8월 12일 13시,목요일,대구광역시 남구 봉덕동,경상사고,0,0,1,0,차대차 - 측면충돌,안전운전불이행,건조,맑음,단일로 - 기타,승용,남,78세,상해없음,승용,남,37세,경상
2021081200100260,2021년 8월 12일 13시,목요일,대구광역시 남구 대명동,중상사고,0,1,0,0,차대차 - 정면충돌,교차로운행방법위반,건조,맑음,교차로 - 교차로부근,승용,여,72세,상해없음,이륜,남,38세,중상
2021081200100321,2021년 8월 12일 15시,목요일,대구광역시 달성군 가창면,중상사고,0,1,0,0,차량단독 - 전도전복 - 전도,안전운전불이행,건조,맑음,단일로 - 기타,이륜,남,47세,중상,,,,
2021081200100322,2021년 8월 12일 15시,목요일,대구광역시 달성군 화원읍,경상사고,0,0,2,0,차대차 - 기타,기타,건조,맑음,교차로 - 교차로안,승용,여,60세,경상,건설기계,남,52세,경상
2021081200100358,2021년 8월 12일 16시,목요일,대구광역시 달서구 감삼동,경상사고,0,0,1,0,차대차 - 추돌,안전운전불이행,건조,맑음,단일로 - 기타,승합,남,57세,상해없음,승용,남,24세,경상
2021081200100390,2021년 8월 12일 17시,목요일,대구광역시 달서구 상인동,경상사고,0,0,1,0,차대사람 - 기타,안전운전불이행,건조,맑음,교차로 - 교차로안,승용,여,36세,상해없음,보행자,여,27세,경상
2021081200100391,2021년 8월 12일 17시,목요일,대구광역시 달서구 용산동,경상사고,0,0,1,0,차대차 - 추돌,안전운전불이행,건조,맑음,단일로 - 기타,승용,여,39세,상해없음,승용,남,26세,경상
2021081200100428,2021년 8월 12일 18시,목요일,대구광역시 달서구 대천동,경상사고,0,0,1,0,차대차 - 추돌,안전운전불이행,젖음/습기,비,교차로 - 교차로안,화물,남,63세,상해없음,승용,남,32세,경상
2021081200100429,2021년 8월 12일 18시,목요일,대구광역시 북구 산격동,경상사고,0,0,3,0,차대차 - 측면충돌,안전운전불이행,건조,맑음,단일로 - 기타,승용,여,60세,경상,승용,여,67세,경상
2021081200100471,2021년 8월 12일 19시,목요일,대구광역시 달서구 송현동,경상사고,0,0,2,0,차대차 - 기타,안전운전불이행,건조,맑음,단일로 - 기타,승용,남,39세,상해없음,승용,여,46세,경상
2021081200100472,2021년 8월 12일 19시,목요일,대구광역시 북구 노원동2가,중상사고,0,1,1,0,차대사람 - 횡단중,안전운전불이행,건조,맑음,단일로 - 기타,이륜,남,41세,상해없음,보행자,여,66세,중상
2021081200100500,2021년 8월 12일 20시,목요일,대구광역시 달성군 현풍읍,경상사고,0,0,1,0,차대차 - 기타,안전거리미확보,건조,맑음,단일로 - 기타,승용,남,54세,상해없음,이륜,남,28세,경상
2021081200100501,2021년 8월 12일 20시,목요일,대구광역시 달서구 이곡동,중상사고,0,1,0,0,차대차 - 기타,중앙선침범,건조,맑음,교차로 - 교차로안,개인형이동수단(PM),남,18세,중상,승용,남,59세,상해없음
2021081200100502,2021년 8월 12일 20시,목요일,대구광역시 달서구 두류동,중상사고,0,1,0,0,차대사람 - 횡단중,안전운전불이행,건조,흐림,단일로 - 기타,화물,남,57세,상해없음,보행자,남,63세,중상
2021081200100525,2021년 8월 12일 21시,목요일,대구광역시 수성구 상동,경상사고,0,0,1,0,차대차 - 측면충돌,교차로운행방법위반,건조,맑음,교차로 - 교차로부근,승용,남,38세,상해없음,승용,남,42세,경상
2021081200100526,2021년 8월 12일 21시,목요일,대구광역시 달서구 월성동,경상사고,0,0,1,0,차대차 - 측면충돌,차로위반,건조,맑음,단일로 - 기타,승용,남,58세,상해없음,승용,남,37세,경상
2021081200100527,2021년 8월 12일 21시,목요일,대구광역시 북구 노원동1가,경상사고,0,0,1,0,차대차 - 후진중충돌,불법유턴,건조,맑음,단일로 - 기타,이륜,남,39세,상해없음,자전거,남,82세,경상
2021081200100553,2021년 8월 12일 22시,목요일,대구광역시 동구 방촌동,중상사고,0,1,1,0,차대차 - 측면충돌,신호위반,건조,맑음,교차로 - 교차로안,이륜,남,23세,경상,승용,여,55세,상해없음
2021081200100554,2021년 8월 12일 22시,목요일,대구광역시 북구 팔달동,경상사고,0,0,1,0,차대차 - 추돌,안전거리미확보,건조,흐림,단일로 - 고가도로위,승용,남,59세,상해없음,승용,여,25세,경상
2021081300100046,2021년 8월 13일 07시,금요일,대구광역시 서구 평리동,부상신고사고,0,0,0,1,차량단독 - 공작물충돌,안전운전불이행,건조,맑음,교차로 - 교차로부근,승용,남,27세,부상신고,,,,
2021081300100078,2021년 8월 13일 08시,금요일,대구광역시 달성군 다사읍,경상사고,0,0,1,0,차대차 - 추돌,안전운전불이행,건조,맑음,교차로 - 교차로안,승용,여,31세,상해없음,승용,남,28세,경상
2021081300100103,2021년 8월 13일 09시,금요일,대구광역시 수성구 황금동,경상사고,0,0,1,0,차대차 - 추돌,안전거리미확보,건조,맑음,단일로 - 기타,화물,남,72세,상해없음,승용,남,44세,경상
2021081300100158,2021년 8월 13일 11시,금요일,대구광역시 남구 이천동,중상사고,0,1,0,0,차대차 - 정면충돌,중앙선침범,건조,맑음,기타 - 기타,자전거,남,72세,상해없음,이륜,남,55세,중상
2021081300100159,2021년 8월 13일 11시,금요일,대구광역시 동구 봉무동,경상사고,0,0,3,0,차대차 - 기타,기타,건조,맑음,교차로 - 교차로안,이륜,남,19세,경상,승용,여,63세,상해없음
2021081300100160,2021년 8월 13일 11시,금요일,대구광역시 수성구 범어동,중상사고,0,1,0,0,차대사람 - 횡단중,보행자보호의무위반,건조,맑음,교차로 - 교차로부근,화물,남,47세,상해없음,보행자,여,8세,중상
2021081300100161,2021년 8월 13일 11시,금요일,대구광역시 수성구 범어동,경상사고,0,0,1,0,차대차 - 측면충돌,직진우회전진행방해,건조,맑음,교차로 - 교차로안,이륜,남,25세,상해없음,승용,남,40세,경상
2021081300100162,2021년 8월 13일 11시,금요일,대구광역시 달서구 상인동,경상사고,0,0,2,0,차대차 - 측면충돌,안전운전불이행,건조,흐림,단일로 - 기타,개인형이동수단(PM),남,26세,경상,자전거,여,42세,경상
2021081300100204,2021년 8월 13일 12시,금요일,대구광역시 남구 봉덕동,중상사고,0,1,0,0,차대차 - 측면충돌,안전운전불이행,건조,맑음,교차로 - 교차로부근,건설기계,남,48세,상해없음,자전거,남,78세,중상
2021081300100205,2021년 8월 13일 12시,금요일,대구광역시 수성구 신매동,경상사고,0,0,1,0,차대차 - 측면충돌,교차로운행방법위반,건조,맑음,교차로 - 교차로안,이륜,남,25세,상해없음,승용,여,34세,경상
2021081300100237,2021년 8월 13일 13시,금요일,대구광역시 달서구 감삼동,경상사고,0,0,1,0,차대차 - 측면충돌,안전운전불이행,건조,맑음,교차로 - 교차로안,승용,여,70세,상해없음,이륜,남,25세,경상
2021081300100271,2021년 8월 13일 14시,금요일,대구광역시 수성구 중동,경상사고,0,0,2,0,차대차 - 측면충돌,안전운전불이행,건조,맑음,단일로 - 기타,승용,여,64세,상해없음,화물,남,46세,경상
2021081300100272,2021년 8월 13일 14시,금요일,대구광역시 서구 비산동,중상사고,0,1,0,0,차대사람 - 횡단중,안전운전불이행,건조,맑음,교차로 - 교차로안,화물,남,57세,상해없음,보행자,여,85세,중상
2021081300100311,2021년 8월 13일 15시,금요일,대구광역시 남구 대명동,경상사고,0,0,1,0,차대차 - 추돌,안전운전불이행,건조,맑음,교차로 - 교차로부근,승용,여,65세,상해없음,승용,여,45세,경상
2021081300100312,2021년 8월 13일 15시,금요일,대구광역시 서구 내당동,경상사고,0,0,1,0,차대사람 - 기타,안전운전불이행,건조,맑음,단일로 - 기타,승용,남,59세,상해없음,보행자,여,71세,경상
2021081300100345,2021년 8월 13일 16시,금요일,대구광역시 달성군 구지면,경상사고,0,0,1,1,차대차 - 기타,교차로운행방법위반,건조,맑음,교차로 - 교차로안,이륜,남,78세,부상신고,승용,남,30세,경상
2021081300100346,2021년 8월 13일 16시,금요일,대구광역시 서구 내당동,경상사고,0,0,1,0,차대사람 - 길가장자리구역통행중,안전운전불이행,건조,맑음,단일로 - 기타,승용,남,52세,상해없음,보행자,여,28세,경상
2021081300100400,2021년 8월 13일 17시,금요일,대구광역시 동구 지묘동,중상사고,0,1,0,0,차대사람 - 횡단중,안전운전불이행,건조,맑음,단일로 - 기타,승합,남,64세,상해없음,보행자,남,75세,중상
2021081300100401,2021년 8월 13일 17시,금요일,대구광역시 달서구 상인동,경상사고,0,0,1,0,차대차 - 측면충돌,안전운전불이행,건조,맑음,교차로 - 교차로부근,승용,남,55세,상해없음,이륜,남,36세,경상
2021081300100402,2021년 8월 13일 17시,금요일,대구광역시 달서구 죽전동,중상사고,0,1,0,0,차대사람 - 기타,안전운전불이행,건조,맑음,단일로 - 기타,승합,남,63세,상해없음,보행자,남,28세,중상
2021081300100404,2021년 8월 13일 17시,금요일,대구광역시 북구 구암동,경상사고,0,0,1,0,차대차 - 측면충돌,교차로운행방법위반,건조,맑음,교차로 - 교차로안,승용,여,25세,상해없음,승용,남,69세,경상
2021081300100453,2021년 8월 13일 18시,금요일,대구광역시 동구 신암동,경상사고,0,0,1,0,차대차 - 측면충돌,안전거리미확보,건조,맑음,단일로 - 기타,승용,남,61세,상해없음,승용,남,54세,경상
2021081300100454,2021년 8월 13일 18시,금요일,대구광역시 동구 용계동,경상사고,0,0,1,0,차대차 - 측면충돌,안전거리미확보,건조,맑음,단일로 - 기타,승용,남,37세,상해없음,승용,여,22세,경상
2021081300100490,2021년 8월 13일 19시,금요일,대구광역시 중구 대봉동,경상사고,0,0,1,0,차대차 - 측면충돌,차로위반,건조,맑음,단일로 - 기타,승용,여,26세,상해없음,승용,여,53세,경상
2021081300100491,2021년 8월 13일 19시,금요일,대구광역시 달서구 이곡동,경상사고,0,0,1,0,차대차 - 측면충돌,안전거리미확보,건조,맑음,단일로 - 기타,승용,여,37세,상해없음,이륜,남,25세,경상
2021081300100567,2021년 8월 13일 22시,금요일,대구광역시 수성구 범물동,부상신고사고,0,0,0,1,차대차 - 추돌,기타,건조,맑음,교차로 - 교차로부근,승용,여,41세,상해없음,승용,여,30세,부상신고
2021081300100568,2021년 8월 13일 22시,금요일,대구광역시 달서구 상인동,경상사고,0,0,1,0,차대사람 - 기타,안전운전불이행,건조,맑음,단일로 - 기타,승용,남,37세,상해없음,보행자,남,20세,경상
2021081300100569,2021년 8월 13일 22시,금요일,대구광역시 달서구 감삼동,경상사고,0,0,1,0,차대사람 - 횡단중,보행자보호의무위반,젖음/습기,비,교차로 - 교차로부근,승용,남,50세,상해없음,보행자,남,34세,경상
2021081300100570,2021년 8월 13일 22시,금요일,대구광역시 북구 구암동,경상사고,0,0,2,0,차대차 - 측면충돌,신호위반,건조,맑음,교차로 - 교차로부근,이륜,남,25세,경상,승용,남,57세,경상
2021081400100031,2021년 8월 14일 03시,토요일,대구광역시 달성군 구지면,중상사고,0,2,0,0,차량단독 - 공작물충돌,안전운전불이행,건조,맑음,단일로 - 기타,이륜,남,26세,중상,,,,
2021081400100049,2021년 8월 14일 06시,토요일,대구광역시 달서구 진천동,중상사고,0,1,0,0,차대차 - 기타,안전운전불이행,건조,맑음,교차로 - 교차로안,승용,남,60세,상해없음,자전거,남,69세,중상
2021081400100058,2021년 8월 14일 07시,토요일,대구광역시 달서구 호림동,경상사고,0,0,1,0,차대차 - 측면충돌,불법유턴,젖음/습기,비,단일로 - 기타,승용,여,48세,상해없음,승용,남,38세,경상
2021081400100077,2021년 8월 14일 08시,토요일,대구광역시 남구 대명동,경상사고,0,0,3,0,차대차 - 측면충돌,불법유턴,젖음/습기,비,교차로 - 교차로부근,승용,남,48세,상해없음,승용,남,34세,경상
2021081400100078,2021년 8월 14일 08시,토요일,대구광역시 중구 동인동4가,경상사고,0,0,2,0,차대차 - 추돌,안전운전불이행,건조,맑음,단일로 - 기타,승용,남,58세,상해없음,화물,남,52세,경상
2021081400100113,2021년 8월 14일 10시,토요일,대구광역시 동구 신천동,경상사고,0,0,3,0,차대차 - 기타,신호위반,젖음/습기,비,단일로 - 기타,승용,여,68세,상해없음,승용,남,45세,경상
2021081400100114,2021년 8월 14일 10시,토요일,대구광역시 달서구 감삼동,중상사고,0,1,1,0,차대차 - 측면충돌,안전거리미확보,건조,맑음,단일로 - 기타,승용,여,55세,경상,승용,여,56세,중상
2021081400100115,2021년 8월 14일 10시,토요일,대구광역시 북구 서변동,경상사고,0,0,1,0,차대차 - 측면충돌,안전운전불이행,젖음/습기,비,단일로 - 기타,화물,남,53세,상해없음,승용,여,55세,경상
2021081400100152,2021년 8월 14일 11시,토요일,대구광역시 서구 평리동,경상사고,0,0,1,0,차대차 - 기타,안전운전불이행,건조,맑음,단일로 - 기타,승용,여,23세,상해없음,승용,여,26세,경상
2021081400100179,2021년 8월 14일 12시,토요일,대구광역시 달서구 상인동,경상사고,0,0,1,0,차대사람 - 차도통행중,보행자보호의무위반,건조,맑음,단일로 - 기타,승용,여,24세,상해없음,보행자,여,24세,경상
2021081400100180,2021년 8월 14일 12시,토요일,대구광역시 달성군 화원읍,경상사고,0,0,1,0,차대차 - 측면충돌,안전거리미확보,건조,맑음,기타 - 기타,승용,남,63세,상해없음,승용,남,67세,경상
2021081400100248,2021년 8월 14일 14시,토요일,대구광역시 서구 내당동,중상사고,0,1,0,0,차대차 - 측면충돌,안전운전불이행,건조,맑음,교차로 - 교차로안,승용,남,58세,상해없음,승용,남,77세,중상
2021081400100280,2021년 8월 14일 15시,토요일,대구광역시 달서구 죽전동,경상사고,0,0,1,0,차대차 - 측면충돌,안전거리미확보,건조,맑음,교차로 - 교차로부근,화물,남,61세,상해없음,승용,여,41세,경상
2021081400100281,2021년 8월 14일 15시,토요일,대구광역시 달서구 장기동,경상사고,0,0,1,0,차대차 - 기타,안전운전불이행,건조,맑음,기타 - 기타,사륜오토바이(ATV),남,23세,상해없음,승용,남,60세,상해없음
2021081400100282,2021년 8월 14일 15시,토요일,대구광역시 북구 태전동,경상사고,0,0,1,0,차대차 - 후진중충돌,안전운전불이행,건조,맑음,단일로 - 지하차도(도로)내,승용,남,67세,상해없음,승용,여,61세,경상
2021081400100340,2021년 8월 14일 17시,토요일,대구광역시 동구 중대동,중상사고,0,1,7,1,차대차 - 측면충돌,중앙선침범,젖음/습기,비,단일로 - 기타,승용,남,62세,부상신고,화물,남,62세,경상
2021081400100341,2021년 8월 14일 17시,토요일,대구광역시 서구 평리동,경상사고,0,0,1,0,차대차 - 기타,교차로운행방법위반,건조,맑음,교차로 - 교차로안,화물,남,63세,상해없음,이륜,남,50세,경상
2021081400100342,2021년 8월 14일 17시,토요일,대구광역시 달서구 이곡동,경상사고,0,0,1,0,차대차 - 측면충돌,안전운전불이행,건조,맑음,단일로 - 기타,승용,남,76세,상해없음,승용,남,50세,경상
2021081400100343,2021년 8월 14일 17시,토요일,대구광역시 달서구 두류동,경상사고,0,0,1,0,차대차 - 측면충돌,안전운전불이행,건조,맑음,단일로 - 기타,승용,남,64세,상해없음,승용,남,30세,경상
2021081400100377,2021년 8월 14일 18시,토요일,대구광역시 달성군 옥포읍,중상사고,0,1,0,0,차대차 - 기타,안전운전불이행,건조,맑음,단일로 - 기타,승용,여,56세,상해없음,승용,남,47세,중상
2021081400100382,2021년 8월 14일 18시,토요일,대구광역시 수성구 수성동1가,경상사고,0,0,2,0,차량단독 - 기타,안전운전불이행,건조,맑음,교차로 - 교차로부근,승용,남,74세,상해없음,,,,
2021081400100383,2021년 8월 14일 18시,토요일,대구광역시 달성군 현풍읍,경상사고,0,0,1,0,차대차 - 기타,안전운전불이행,건조,맑음,교차로 - 교차로안,화물,남,51세,상해없음,승용,남,27세,경상
2021081400100417,2021년 8월 14일 19시,토요일,대구광역시 동구 도동,중상사고,0,1,0,0,차대차 - 기타,안전거리미확보,건조,맑음,단일로 - 기타,기타불명,기타불명,미분류,기타불명,승용,남,39세,중상
2021081400100474,2021년 8월 14일 21시,토요일,대구광역시 달성군 다사읍,경상사고,0,0,1,0,차대사람 - 길가장자리구역통행중,안전운전불이행,젖음/습기,비,교차로 - 교차로안,승용,남,44세,상해없음,보행자,남,64세,경상
2021081400100491,2021년 8월 14일 22시,토요일,대구광역시 동구 신천동,경상사고,0,0,2,0,차대차 - 정면충돌,중앙선침범,건조,맑음,단일로 - 기타,승용,남,33세,상해없음,승용,남,45세,경상
2021081400100492,2021년 8월 14일 22시,토요일,대구광역시 수성구 중동,경상사고,0,0,1,0,차대차 - 측면충돌,안전운전불이행,건조,맑음,단일로 - 기타,승용,남,41세,상해없음,승용,여,38세,경상
2021081400100493,2021년 8월 14일 22시,토요일,대구광역시 수성구 범어동,경상사고,0,0,1,0,차대차 - 기타,안전운전불이행,건조,맑음,단일로 - 기타,승용,남,32세,상해없음,승합,남,44세,경상
2021081400100494,2021년 8월 14일 22시,토요일,대구광역시 달성군 구지면,경상사고,0,0,1,0,차대차 - 추돌,안전운전불이행,건조,맑음,교차로 - 교차로안,승용,남,47세,상해없음,승용,남,48세,경상
2021081400100495,2021년 8월 14일 22시,토요일,대구광역시 달서구 호산동,경상사고,0,0,1,0,차대차 - 기타,안전거리미확보,건조,흐림,교차로 - 교차로부근,승용,남,79세,상해없음,승용,남,31세,경상
2021081500100009,2021년 8월 15일 00시,일요일,대구광역시 수성구 수성동1가,경상사고,0,0,1,0,차대차 - 측면충돌,안전거리미확보,젖음/습기,비,단일로 - 기타,승용,남,24세,상해없음,승용,남,56세,경상
2021081500100010,2021년 8월 15일 00시,일요일,대구광역시 달서구 장기동,중상사고,0,1,0,0,차대사람 - 기타,안전운전불이행,건조,맑음,단일로 - 기타,승용,남,47세,상해없음,보행자,남,56세,중상
2021081500100027,2021년 8월 15일 02시,일요일,대구광역시 동구 신서동,경상사고,0,0,1,0,차대차 - 정면충돌,신호위반,건조,맑음,교차로 - 교차로안,승용,남,37세,경상,승용,남,37세,상해없음
2021081500100032,2021년 8월 15일 03시,일요일,대구광역시 동구 신암동,부상신고사고,0,0,0,1,차량단독 - 기타,안전운전불이행,건조,맑음,단일로 - 기타,이륜,남,20세,부상신고,,,,
2021081500100049,2021년 8월 15일 06시,일요일,대구광역시 북구 읍내동,경상사고,0,0,1,0,차대차 - 측면충돌,신호위반,건조,맑음,교차로 - 교차로안,승용,남,25세,기타불명,승용,남,61세,경상
2021081500100063,2021년 8월 15일 08시,일요일,대구광역시 서구 비산동,경상사고,0,0,1,0,차대차 - 기타,기타,건조,맑음,단일로 - 지하차도(도로)내,화물,남,60세,상해없음,승용,남,74세,상해없음
2021081500100089,2021년 8월 15일 10시,일요일,대구광역시 북구 산격동,경상사고,0,0,1,0,차대차 - 측면충돌,안전운전불이행,건조,흐림,단일로 - 기타,화물,남,63세,상해없음,승용,여,54세,경상
2021081500100146,2021년 8월 15일 12시,일요일,대구광역시 남구 대명동,중상사고,0,1,0,0,차대차 - 측면충돌,신호위반,건조,맑음,교차로 - 교차로안,화물,남,49세,상해없음,이륜,남,59세,중상
2021081500100147,2021년 8월 15일 12시,일요일,대구광역시 동구 도학동,중상사고,0,1,0,0,차대사람 - 기타,안전운전불이행,건조,맑음,주차장 - 주차장,기타불명,기타불명,미분류,기타불명,보행자,여,37세,중상
2021081500100148,2021년 8월 15일 12시,일요일,대구광역시 서구 평리동,경상사고,0,0,1,0,차량단독 - 기타,안전운전불이행,건조,맑음,단일로 - 기타,승합,남,59세,상해없음,,,,
2021081500100149,2021년 8월 15일 12시,일요일,대구광역시 달서구 용산동,경상사고,0,0,1,0,차대차 - 측면충돌,안전운전불이행,건조,맑음,교차로 - 교차로부근,승용,여,54세,상해없음,이륜,남,41세,경상
2021081500100177,2021년 8월 15일 13시,일요일,대구광역시 수성구 범물동,경상사고,0,0,1,0,차대차 - 측면충돌,안전운전불이행,건조,맑음,교차로 - 교차로안,화물,남,65세,상해없음,승용,남,59세,경상
2021081500100178,2021년 8월 15일 13시,일요일,대구광역시 수성구 범물동,경상사고,0,0,1,0,차대차 - 기타,교차로운행방법위반,건조,맑음,교차로 - 교차로부근,승용,남,50세,상해없음,승용,남,36세,경상
2021081500100212,2021년 8월 15일 14시,일요일,대구광역시 중구 삼덕동1가,중상사고,0,1,0,0,차대차 - 기타,안전운전불이행,젖음/습기,비,교차로 - 교차로부근,승용,남,35세,상해없음,이륜,남,33세,중상
2021081500100238,2021년 8월 15일 15시,일요일,대구광역시 동구 신천동,부상신고사고,0,0,0,1,차대사람 - 기타,기타,건조,맑음,단일로 - 기타,승합,남,45세,상해없음,보행자,남,62세,부상신고
2021081500100239,2021년 8월 15일 15시,일요일,대구광역시 달서구 이곡동,중상사고,0,1,0,0,차대차 - 기타,안전거리미확보,젖음/습기,비,단일로 - 기타,승용,남,72세,상해없음,이륜,남,41세,중상
2021081500100268,2021년 8월 15일 16시,일요일,대구광역시 남구 봉덕동,중상사고,0,1,0,0,차대차 - 측면충돌,안전운전불이행,건조,맑음,교차로 - 교차로부근,승용,남,33세,상해없음,이륜,남,54세,중상
2021081500100269,2021년 8월 15일 16시,일요일,대구광역시 동구 방촌동,부상신고사고,0,0,0,1,차대차 - 기타,안전운전불이행,건조,맑음,교차로 - 교차로안,자전거,남,70세,부상신고,승용,남,54세,상해없음
2021081500100270,2021년 8월 15일 16시,일요일,대구광역시 달서구 진천동,경상사고,0,0,1,0,차대차 - 측면충돌,안전운전불이행,건조,맑음,교차로 - 교차로부근,이륜,남,45세,상해없음,승용,남,39세,경상
2021081500100271,2021년 8월 15일 16시,일요일,대구광역시 달서구 용산동,경상사고,0,0,1,0,차대차 - 추돌,안전운전불이행,건조,맑음,단일로 - 기타,승용,남,65세,상해없음,승용,남,24세,경상
2021081500100297,2021년 8월 15일 17시,일요일,대구광역시 북구 복현동,경상사고,0,0,2,1,차대차 - 추돌,안전거리미확보,건조,맑음,교차로 - 교차로부근,승용,남,38세,상해없음,승용,남,24세,경상
2021081500100325,2021년 8월 15일 18시,일요일,대구광역시 북구 동천동,경상사고,0,0,2,0,차대차 - 측면충돌,안전거리미확보,젖음/습기,흐림,단일로 - 교량,승용,여,50세,상해없음,이륜,남,23세,경상
2021081500100344,2021년 8월 15일 19시,일요일,대구광역시 동구 효목동,경상사고,0,0,1,1,차대차 - 기타,안전거리미확보,건조,맑음,단일로 - 기타,승용,여,48세,부상신고,승용,남,37세,경상
2021081500100367,2021년 8월 15일 20시,일요일,대구광역시 동구 동호동,경상사고,0,0,1,0,차대차 - 측면충돌,안전거리미확보,건조,맑음,단일로 - 기타,승용,여,56세,기타불명,승용,여,34세,경상
2021081500100369,2021년 8월 15일 20시,일요일,대구광역시 달서구 상인동,경상사고,0,0,1,0,차대차 - 정면충돌,안전운전불이행,건조,맑음,단일로 - 기타,승용,남,30세,상해없음,승용,남,58세,경상
2021081500100370,2021년 8월 15일 20시,일요일,대구광역시 달서구 용산동,경상사고,0,0,2,1,차대차 - 측면충돌,안전거리미확보,건조,흐림,단일로 - 기타,승용,남,68세,상해없음,승용,남,33세,경상
2021081500100388,2021년 8월 15일 21시,일요일,대구광역시 북구 침산동,경상사고,0,0,3,0,차대차 - 측면충돌,안전거리미확보,건조,맑음,단일로 - 기타,승용,남,54세,상해없음,승용,남,32세,경상