사고번호,사고일시,요일,시군구,사고내용,사망자수,중상자수,경상자수,부상신고자수,사고유형,법규위반,노면상태,기상상태,도로형태,가해운전자 차종,가해운전자 성별,가해운전자 연령,가해운전자 상해정도,피해운전자 차종,피해운전자 성별,피해운전자 연령,피해운전자 상해정도
2021081500100404,2021년 8월 15일 22시,일요일,대구광역시 달서구 신당동,중상사고,0,2,0,0,차대차 - 측면충돌,신호위반,건조,맑음,교차로 - 교차로안,승용,남,36세,상해없음,이륜,남,16세,중상
2021081600100003,2021년 8월 16일 00시,월요일,대구광역시 서구 비산동,경상사고,0,0,1,0,차대차 - 측면충돌,신호위반,건조,맑음,교차로 - 교차로안,승용,남,21세,상해없음,승용,남,35세,경상
2021081600100014,2021년 8월 16일 02시,월요일,대구광역시 동구 입석동,경상사고,0,0,13,0,차대차 - 추돌,안전거리미확보,건조,맑음,단일로 - 기타,승용,남,19세,경상,승용,여,20세,상해없음
2021081600100065,2021년 8월 16일 09시,월요일,대구광역시 서구 평리동,중상사고,0,1,0,0,차대사람 - 횡단중,신호위반,건조,맑음,교차로 - 교차로횡단보도내,화물,남,73세,상해없음,보행자,여,63세,중상
2021081600100085,2021년 8월 16일 10시,월요일,대구광역시 달성군 다사읍,경상사고,0,0,1,1,차대차 - 기타,안전운전불이행,건조,맑음,단일로 - 기타,자전거,남,58세,경상,자전거,여,53세,부상신고
2021081600100086,2021년 8월 16일 10시,월요일,대구광역시 달서구 죽전동,경상사고,0,0,1,0,차대차 - 후진중충돌,안전운전불이행,건조,맑음,단일로 - 기타,승용,남,72세,상해없음,자전거,여,69세,경상
2021081600100141,2021년 8월 16일 12시,월요일,대구광역시 동구 입석동,부상신고사고,0,0,0,1,차대차 - 기타,교차로운행방법위반,건조,맑음,교차로 - 교차로안,이륜,남,50세,부상신고,승용,여,51세,상해없음
2021081600100142,2021년 8월 16일 12시,월요일,대구광역시 서구 비산동,부상신고사고,0,0,0,1,차대사람 - 기타,기타,건조,맑음,단일로 - 기타,승합,남,63세,상해없음,보행자,남,76세,부상신고
2021081600100185,2021년 8월 16일 13시,월요일,대구광역시 북구 노원동2가,중상사고,0,1,0,0,차대사람 - 보도통행중,신호위반,건조,맑음,교차로 - 교차로횡단보도내,화물,남,43세,상해없음,보행자,남,78세,중상
2021081600100186,2021년 8월 16일 13시,월요일,대구광역시 서구 평리동,경상사고,0,0,1,0,차대차 - 측면충돌,안전운전불이행,건조,맑음,단일로 - 기타,화물,남,46세,상해없음,승합,남,55세,경상
2021081600100187,2021년 8월 16일 13시,월요일,대구광역시 북구 팔달동,경상사고,0,0,3,0,차대차 - 측면충돌,직진우회전진행방해,건조,맑음,교차로 - 교차로안,승용,남,29세,경상,승용,남,63세,경상
2021081600100222,2021년 8월 16일 14시,월요일,대구광역시 남구 대명동,경상사고,0,0,1,0,차대사람 - 기타,안전운전불이행,건조,맑음,단일로 - 기타,승용,여,59세,상해없음,보행자,여,48세,경상
2021081600100223,2021년 8월 16일 14시,월요일,대구광역시 동구 효목동,부상신고사고,0,0,0,1,차대차 - 측면충돌,안전거리미확보,건조,맑음,단일로 - 기타,승용,남,62세,상해없음,승용,남,72세,상해없음
2021081600100224,2021년 8월 16일 14시,월요일,대구광역시 동구 용계동,경상사고,0,0,1,0,차대차 - 기타,안전운전불이행,건조,맑음,주차장 - 주차장,승용,여,66세,상해없음,승용,남,59세,경상
2021081600100225,2021년 8월 16일 14시,월요일,대구광역시 달서구 상인동,경상사고,0,0,1,0,차대차 - 기타,안전운전불이행,건조,맑음,단일로 - 기타,승용,남,42세,상해없음,화물,남,69세,상해없음
2021081600100251,2021년 8월 16일 15시,월요일,대구광역시 달서구 상인동,경상사고,0,0,1,0,차대차 - 측면충돌,교차로운행방법위반,건조,맑음,교차로 - 교차로안,승용,남,27세,상해없음,이륜,남,27세,경상
2021081600100319,2021년 8월 16일 17시,월요일,대구광역시 달성군 옥포읍,중상사고,0,1,0,0,차대차 - 측면충돌,안전운전불이행,건조,맑음,단일로 - 기타,승용,남,33세,상해없음,승용,남,38세,중상
2021081600100322,2021년 8월 16일 17시,월요일,대구광역시 동구 서호동,경상사고,0,0,1,0,차대차 - 기타,안전운전불이행,건조,맑음,교차로 - 교차로부근,승용,남,67세,상해없음,승용,여,58세,경상
2021081600100323,2021년 8월 16일 17시,월요일,대구광역시 달서구 신당동,경상사고,0,0,1,0,차대차 - 측면충돌,안전거리미확보,건조,맑음,단일로 - 기타,승용,여,45세,상해없음,승용,여,27세,경상
2021081600100356,2021년 8월 16일 18시,월요일,대구광역시 수성구 수성동2가,경상사고,0,0,2,0,차대차 - 측면충돌,안전거리미확보,건조,맑음,교차로 - 교차로부근,승용,여,70세,상해없음,승용,여,53세,경상
2021081600100357,2021년 8월 16일 18시,월요일,대구광역시 북구 산격동,경상사고,0,0,1,0,차대사람 - 보도통행중,보행자보호의무위반,건조,맑음,단일로 - 기타,승용,남,72세,상해없음,보행자,남,51세,경상
2021081600100385,2021년 8월 16일 19시,월요일,대구광역시 수성구 범어동,경상사고,0,0,1,0,차대차 - 측면충돌,교차로운행방법위반,건조,맑음,교차로 - 교차로안,승용,여,62세,상해없음,승용,남,40세,경상
2021081600100386,2021년 8월 16일 19시,월요일,대구광역시 서구 비산동,경상사고,0,0,1,0,차대차 - 추돌,안전운전불이행,건조,맑음,단일로 - 기타,화물,남,61세,상해없음,승용,여,62세,경상
2021081600100387,2021년 8월 16일 19시,월요일,대구광역시 남구 대명동,경상사고,0,0,1,0,차대차 - 측면충돌,안전거리미확보,건조,맑음,단일로 - 기타,승용,남,67세,상해없음,자전거,남,32세,경상
2021081600100411,2021년 8월 16일 20시,월요일,대구광역시 수성구 황금동,경상사고,0,0,1,0,차대차 - 기타,교차로운행방법위반,건조,맑음,단일로 - 기타,승용,여,28세,기타불명,이륜,여,29세,경상
2021081600100412,2021년 8월 16일 20시,월요일,대구광역시 달서구 두류동,경상사고,0,0,2,0,차대차 - 추돌,안전운전불이행,건조,맑음,단일로 - 기타,승용,남,38세,상해없음,승용,남,31세,경상
2021081600100457,2021년 8월 16일 22시,월요일,대구광역시 동구 신천동,중상사고,0,1,0,0,차대차 - 추돌,안전운전불이행,건조,맑음,단일로 - 기타,화물,남,37세,상해없음,이륜,남,51세,중상
2021081600100458,2021년 8월 16일 22시,월요일,대구광역시 달서구 진천동,경상사고,0,0,1,0,차대사람 - 기타,안전운전불이행,건조,흐림,교차로 - 교차로안,승합,남,42세,상해없음,보행자,여,22세,경상
2021081600100459,2021년 8월 16일 22시,월요일,대구광역시 달성군 다사읍,경상사고,0,0,1,0,차대차 - 추돌,안전운전불이행,건조,맑음,교차로 - 교차로부근,승용,남,40세,상해없음,승용,남,40세,경상
2021081600100460,2021년 8월 16일 22시,월요일,대구광역시 달서구 용산동,경상사고,0,0,1,0,차대차 - 추돌,안전운전불이행,건조,흐림,단일로 - 기타,승용,남,76세,상해없음,화물,남,35세,경상
2021081700100047,2021년 8월 17일 07시,화요일,대구광역시 수성구 만촌동,경상사고,0,0,1,0,차대차 - 측면충돌,신호위반,건조,맑음,단일로 - 기타,승용,남,63세,상해없음,승용,남,19세,경상
2021081700100048,2021년 8월 17일 07시,화요일,대구광역시 서구 내당동,중상사고,0,1,0,0,차대차 - 정면충돌,직진우회전진행방해,건조,맑음,교차로 - 교차로안,승용,여,54세,상해없음,이륜,남,72세,중상
2021081700100084,2021년 8월 17일 08시,화요일,대구광역시 달성군 화원읍,경상사고,0,0,1,0,차대차 - 기타,안전운전불이행,건조,맑음,기타 - 기타,자전거,여,70세,경상,자전거,남,53세,상해없음
2021081700100115,2021년 8월 17일 09시,화요일,대구광역시 수성구 지산동,경상사고,0,0,3,0,차대차 - 측면충돌,직진우회전진행방해,건조,맑음,교차로 - 교차로안,승용,남,72세,경상,승용,여,58세,경상
2021081700100116,2021년 8월 17일 09시,화요일,대구광역시 서구 이현동,경상사고,0,0,1,0,차대차 - 측면충돌,안전거리미확보,건조,맑음,교차로 - 교차로부근,이륜,남,66세,경상,화물,남,45세,상해없음
2021081700100117,2021년 8월 17일 09시,화요일,대구광역시 달서구 성당동,경상사고,0,0,2,0,차대차 - 기타,안전운전불이행,건조,맑음,단일로 - 기타,승용,남,60세,경상,승용,여,40세,경상
2021081700100150,2021년 8월 17일 10시,화요일,대구광역시 서구 내당동,경상사고,0,0,1,0,차대차 - 측면충돌,안전운전불이행,건조,맑음,단일로 - 기타,승용,여,26세,상해없음,승용,남,23세,경상
2021081700100151,2021년 8월 17일 10시,화요일,대구광역시 서구 내당동,부상신고사고,0,0,0,1,차대사람 - 기타,안전운전불이행,건조,맑음,단일로 - 기타,승용,남,54세,상해없음,보행자,남,70세,부상신고
2021081700100152,2021년 8월 17일 10시,화요일,대구광역시 달서구 두류동,경상사고,0,0,1,0,차대차 - 기타,안전운전불이행,건조,맑음,단일로 - 기타,승용,여,69세,상해없음,이륜,남,37세,경상
2021081700100223,2021년 8월 17일 12시,화요일,대구광역시 북구 산격동,경상사고,0,0,1,0,차대차 - 측면충돌,안전운전불이행,건조,맑음,단일로 - 기타,승용,남,72세,상해없음,승용,남,63세,경상
2021081700100224,2021년 8월 17일 12시,화요일,대구광역시 달서구 감삼동,경상사고,0,0,1,0,차대차 - 후진중충돌,안전운전불이행,건조,맑음,단일로 - 기타,승용,여,60세,상해없음,이륜,남,27세,경상
2021081700100253,2021년 8월 17일 13시,화요일,대구광역시 수성구 범어동,경상사고,0,0,1,0,차대차 - 측면충돌,교차로운행방법위반,건조,맑음,교차로 - 교차로안,승용,남,63세,상해없음,이륜,남,31세,경상
2021081700100254,2021년 8월 17일 13시,화요일,대구광역시 북구 침산동,중상사고,0,1,0,0,차대차 - 측면충돌,안전운전불이행,건조,맑음,교차로 - 교차로안,승용,남,29세,상해없음,이륜,남,52세,중상
2021081700100294,2021년 8월 17일 14시,화요일,대구광역시 달서구 본동,경상사고,0,0,2,0,차대차 - 추돌,안전운전불이행,건조,맑음,단일로 - 기타,승용,여,64세,상해없음,승용,남,34세,경상
2021081700100329,2021년 8월 17일 15시,화요일,대구광역시 남구 봉덕동,경상사고,0,0,1,0,차대차 - 측면충돌,교차로운행방법위반,건조,맑음,교차로 - 교차로안,승용,남,64세,상해없음,승용,남,28세,경상
2021081700100330,2021년 8월 17일 15시,화요일,대구광역시 동구 동호동,경상사고,0,0,1,0,차대차 - 측면충돌,교차로운행방법위반,건조,맑음,교차로 - 교차로부근,승용,여,56세,기타불명,승용,여,39세,경상
2021081700100332,2021년 8월 17일 15시,화요일,대구광역시 북구 동천동,경상사고,0,0,1,0,차대차 - 측면충돌,안전운전불이행,건조,맑음,단일로 - 기타,자전거,남,15세,경상,승용,여,46세,상해없음
2021081700100369,2021년 8월 17일 16시,화요일,대구광역시 남구 대명동,경상사고,0,0,1,0,차대차 - 측면충돌,신호위반,건조,맑음,교차로 - 교차로부근,승용,여,53세,상해없음,승용,남,27세,경상
2021081700100370,2021년 8월 17일 16시,화요일,대구광역시 동구 지저동,경상사고,0,0,1,0,차대차 - 측면충돌,교차로운행방법위반,건조,맑음,교차로 - 교차로안,승합,남,81세,상해없음,승용,남,66세,경상
2021081700100371,2021년 8월 17일 16시,화요일,대구광역시 수성구 수성동3가,경상사고,0,0,2,0,차대차 - 측면충돌,안전운전불이행,젖음/습기,비,교차로 - 교차로부근,승용,여,49세,상해없음,승용,여,29세,경상
2021081700100372,2021년 8월 17일 16시,화요일,대구광역시 수성구 황금동,중상사고,0,1,0,1,차대차 - 측면충돌,기타,건조,맑음,단일로 - 기타,승용,남,73세,부상신고,이륜,남,26세,중상
2021081700100373,2021년 8월 17일 16시,화요일,대구광역시 달서구 진천동,경상사고,0,0,1,0,차대차 - 측면충돌,안전운전불이행,건조,맑음,단일로 - 기타,승용,여,50세,상해없음,승용,남,69세,상해없음
2021081700100415,2021년 8월 17일 17시,화요일,대구광역시 동구 효목동,경상사고,0,0,1,0,차대차 - 측면충돌,안전운전불이행,건조,맑음,단일로 - 기타,승용,남,25세,상해없음,자전거,남,57세,경상
2021081700100416,2021년 8월 17일 17시,화요일,대구광역시 수성구 성동,중상사고,0,1,0,0,차대차 - 측면충돌,안전운전불이행,건조,맑음,단일로 - 기타,승용,남,68세,상해없음,이륜,남,24세,중상
2021081700100417,2021년 8월 17일 17시,화요일,대구광역시 서구 내당동,경상사고,0,0,1,0,차대차 - 기타,안전운전불이행,건조,맑음,교차로 - 교차로부근,승용,여,47세,상해없음,승용,여,39세,경상
2021081700100453,2021년 8월 17일 18시,화요일,대구광역시 수성구 수성동1가,경상사고,0,0,1,0,차대차 - 측면충돌,안전운전불이행,건조,맑음,교차로 - 교차로안,승용,여,21세,상해없음,승용,여,35세,경상
2021081700100454,2021년 8월 17일 18시,화요일,대구광역시 수성구 황금동,경상사고,0,0,1,0,차대차 - 측면충돌,안전거리미확보,젖음/습기,맑음,기타 - 기타,승용,여,51세,상해없음,승용,여,47세,경상
2021081700100455,2021년 8월 17일 18시,화요일,대구광역시 북구 읍내동,경상사고,0,0,1,0,차대차 - 측면충돌,안전운전불이행,건조,맑음,교차로 - 교차로부근,화물,남,26세,상해없음,이륜,남,35세,경상
2021081700100488,2021년 8월 17일 19시,화요일,대구광역시 달서구 상인동,경상사고,0,0,1,0,차대차 - 측면충돌,안전운전불이행,건조,맑음,단일로 - 기타,이륜,남,55세,경상,화물,남,56세,상해없음
2021081700100522,2021년 8월 17일 20시,화요일,대구광역시 달서구 대천동,경상사고,0,0,1,0,차대차 - 추돌,안전거리미확보,건조,맑음,단일로 - 기타,승용,남,23세,상해없음,승용,남,42세,경상
2021081700100576,2021년 8월 17일 22시,화요일,대구광역시 북구 복현동,경상사고,0,0,1,0,차대차 - 측면충돌,안전운전불이행,건조,맑음,단일로 - 기타,승용,남,36세,상해없음,승용,남,35세,경상
2021081700100590,2021년 8월 17일 23시,화요일,대구광역시 북구 동천동,경상사고,0,0,1,0,차대사람 - 기타,신호위반,건조,맑음,교차로 - 교차로횡단보도내,승용,남,67세,상해없음,보행자,남,29세,경상
2021081800100005,2021년 8월 18일 00시,수요일,대구광역시 달서구 용산동,경상사고,0,0,3,0,차대차 - 추돌,안전운전불이행,건조,맑음,교차로 - 교차로부근,승용,남,32세,상해없음,승용,여,45세,경상
2021081800100010,2021년 8월 18일 01시,수요일,대구광역시 달서구 송현동,경상사고,0,0,1,0,차대차 - 정면충돌,직진우회전진행방해,건조,맑음,기타 - 기타,승용,여,57세,상해없음,이륜,남,55세,경상
2021081800100023,2021년 8월 18일 05시,수요일,대구광역시 남구 봉덕동,경상사고,0,0,1,0,차대차 - 측면충돌,안전운전불이행,건조,맑음,단일로 - 기타,승용,남,37세,상해없음,승용,남,46세,경상
2021081800100078,2021년 8월 18일 08시,수요일,대구광역시 동구 불로동,경상사고,0,0,1,0,차대차 - 측면충돌,안전거리미확보,건조,맑음,기타 - 기타,승용,여,31세,상해없음,화물,남,64세,경상
2021081800100079,2021년 8월 18일 08시,수요일,대구광역시 수성구 수성동3가,경상사고,0,0,1,0,차대차 - 기타,신호위반,건조,맑음,교차로 - 교차로안,승용,남,40세,상해없음,승합,남,56세,상해없음
2021081800100135,2021년 8월 18일 10시,수요일,대구광역시 수성구 범어동,경상사고,0,0,1,0,차대차 - 측면충돌,직진우회전진행방해,건조,맑음,교차로 - 교차로안,승용,여,35세,상해없음,승용,남,39세,경상
2021081800100136,2021년 8월 18일 10시,수요일,대구광역시 달서구 도원동,경상사고,0,0,1,0,차대차 - 추돌,안전운전불이행,건조,맑음,단일로 - 기타,승용,여,33세,상해없음,승용,여,41세,경상
2021081800100137,2021년 8월 18일 10시,수요일,대구광역시 달성군 다사읍,경상사고,0,0,1,0,차대차 - 기타,안전운전불이행,젖음/습기,비,교차로 - 교차로안,이륜,남,39세,경상,승용,여,41세,상해없음
2021081800100171,2021년 8월 18일 11시,수요일,대구광역시 달서구 도원동,중상사고,0,1,0,0,차대차 - 측면충돌,차로위반,건조,맑음,단일로 - 기타,승용,남,30세,상해없음,승용,여,29세,중상
2021081800100172,2021년 8월 18일 11시,수요일,대구광역시 달서구 송현동,경상사고,0,0,1,0,차대차 - 측면충돌,안전운전불이행,젖음/습기,비,단일로 - 기타,화물,남,59세,상해없음,이륜,남,22세,경상
2021081800100173,2021년 8월 18일 11시,수요일,대구광역시 서구 원대동1가,경상사고,0,0,1,0,차대차 - 측면충돌,안전운전불이행,건조,흐림,교차로 - 교차로부근,승용,여,49세,상해없음,승용,여,39세,경상
2021081800100174,2021년 8월 18일 11시,수요일,대구광역시 달서구 두류동,경상사고,0,0,1,0,차대차 - 기타,안전운전불이행,젖음/습기,비,교차로 - 교차로안,승용,남,40세,상해없음,이륜,남,22세,경상
2021081800100201,2021년 8월 18일 12시,수요일,대구광역시 남구 대명동,경상사고,0,0,1,0,차대차 - 측면충돌,안전운전불이행,건조,맑음,단일로 - 기타,자전거,남,83세,경상,승용,남,37세,상해없음
2021081800100242,2021년 8월 18일 13시,수요일,대구광역시 수성구 수성동1가,경상사고,0,0,1,0,차대차 - 기타,안전거리미확보,건조,맑음,단일로 - 기타,승용,남,63세,상해없음,승용,남,30세,경상
2021081800100243,2021년 8월 18일 13시,수요일,대구광역시 달서구 유천동,부상신고사고,0,0,0,2,차대차 - 측면충돌,안전거리미확보,건조,맑음,단일로 - 기타,기타불명,기타불명,미분류,기타불명,승용,여,39세,상해없음
2021081800100275,2021년 8월 18일 14시,수요일,대구광역시 중구 남산동,경상사고,0,0,2,0,차대차 - 측면충돌,안전거리미확보,건조,맑음,단일로 - 기타,승용,여,57세,상해없음,승용,여,39세,경상
2021081800100335,2021년 8월 18일 16시,수요일,대구광역시 수성구 범어동,경상사고,0,0,2,0,차대차 - 측면충돌,신호위반,건조,맑음,교차로 - 교차로부근,화물,남,70세,경상,이륜,남,31세,경상
2021081800100336,2021년 8월 18일 16시,수요일,대구광역시 북구 태전동,경상사고,0,0,5,4,차대차 - 측면충돌,안전운전불이행,건조,맑음,단일로 - 기타,승용,남,27세,기타불명,승합,남,64세,경상
2021081800100393,2021년 8월 18일 17시,수요일,대구광역시 수성구 상동,경상사고,0,0,1,0,차대차 - 측면충돌,신호위반,건조,맑음,교차로 - 교차로안,승용,남,35세,상해없음,이륜,남,34세,경상
2021081800100394,2021년 8월 18일 17시,수요일,대구광역시 달서구 진천동,경상사고,0,0,1,0,차대차 - 추돌,안전운전불이행,건조,맑음,단일로 - 기타,승용,남,79세,상해없음,승용,남,39세,경상
2021081800100436,2021년 8월 18일 18시,수요일,대구광역시 동구 동호동,경상사고,0,0,1,0,차대차 - 측면충돌,안전운전불이행,건조,맑음,단일로 - 기타,승용,남,55세,상해없음,자전거,남,10세,경상
2021081800100437,2021년 8월 18일 18시,수요일,대구광역시 수성구 황금동,경상사고,0,0,1,0,차대차 - 추돌,안전거리미확보,건조,맑음,단일로 - 기타,승용,여,49세,상해없음,승용,여,50세,경상
2021081800100438,2021년 8월 18일 18시,수요일,대구광역시 달서구 대곡동,경상사고,0,0,1,0,차대차 - 측면충돌,안전거리미확보,건조,맑음,단일로 - 기타,화물,남,65세,상해없음,승용,여,63세,경상
2021081800100477,2021년 8월 18일 19시,수요일,대구광역시 수성구 황금동,경상사고,0,0,1,0,차대차 - 기타,안전운전불이행,젖음/습기,맑음,단일로 - 기타,승용,남,29세,상해없음,자전거,여,35세,경상
2021081800100478,2021년 8월 18일 19시,수요일,대구광역시 북구 태전동,경상사고,0,0,1,0,차대차 - 측면충돌,안전거리미확보,건조,맑음,단일로 - 기타,화물,남,56세,상해없음,승용,여,57세,경상
2021081800100512,2021년 8월 18일 20시,수요일,대구광역시 동구 신천동,경상사고,0,0,1,0,차대차 - 후진중충돌,안전운전불이행,건조,맑음,교차로 - 교차로안,승용,남,63세,상해없음,승용,남,30세,경상
2021081800100513,2021년 8월 18일 20시,수요일,대구광역시 달서구 월성동,중상사고,0,1,0,0,차대사람 - 횡단중,보행자보호의무위반,건조,맑음,교차로 - 교차로횡단보도내,승용,남,69세,상해없음,보행자,남,58세,중상
2021081800100536,2021년 8월 18일 21시,수요일,대구광역시 달서구 본리동,경상사고,0,0,2,0,차대차 - 기타,안전운전불이행,건조,맑음,단일로 - 기타,승용,남,63세,상해없음,승용,남,24세,경상
2021081800100570,2021년 8월 18일 22시,수요일,대구광역시 동구 신암동,부상신고사고,0,0,0,1,차대사람 - 기타,기타,건조,맑음,기타 - 기타,승합,남,50세,상해없음,보행자,남,65세,부상신고
2021081800100571,2021년 8월 18일 22시,수요일,대구광역시 서구 내당동,중상사고,0,1,0,0,차대차 - 측면충돌,안전운전불이행,건조,맑음,교차로 - 교차로부근,승용,여,52세,상해없음,개인형이동수단(PM),남,35세,중상
2021081800100589,2021년 8월 18일 23시,수요일,대구광역시 달성군 다사읍,경상사고,0,0,1,0,차대사람 - 횡단중,중앙선침범,건조,맑음,교차로 - 교차로부근,승용,여,41세,상해없음,보행자,남,31세,경상
2021081900100001,2021년 8월 19일 00시,목요일,대구광역시 북구 태전동,경상사고,0,0,1,0,차대차 - 측면충돌,안전거리미확보,건조,맑음,단일로 - 기타,승용,남,61세,상해없음,이륜,남,18세,경상
2021081900100027,2021년 8월 19일 06시,목요일,대구광역시 남구 대명동,중상사고,0,1,0,0,차대차 - 측면충돌,불법유턴,건조,맑음,단일로 - 기타,개인형이동수단(PM),여,45세,중상,화물,남,46세,상해없음
2021081900100028,2021년 8월 19일 06시,목요일,대구광역시 동구 신천동,경상사고,0,0,2,0,차대차 - 기타,안전운전불이행,건조,맑음,단일로 - 기타,승용,여,61세,상해없음,승용,여,61세,경상
2021081900100117,2021년 8월 19일 09시,목요일,대구광역시 수성구 범어동,경상사고,0,0,1,0,차대사람 - 기타,안전운전불이행,건조,맑음,기타 - 기타,승용,여,58세,상해없음,보행자,여,42세,경상
2021081900100118,2021년 8월 19일 09시,목요일,대구광역시 달성군 가창면,부상신고사고,0,0,0,1,차량단독 - 기타,기타,건조,맑음,단일로 - 기타,승합,남,61세,상해없음,,,,
2021081900100119,2021년 8월 19일 09시,목요일,대구광역시 달서구 두류동,경상사고,0,0,1,0,차대차 - 측면충돌,기타,건조,맑음,단일로 - 기타,승용,남,39세,상해없음,자전거,남,18세,경상
2021081900100157,2021년 8월 19일 10시,목요일,대구광역시 동구 부동,경상사고,0,0,3,0,차대차 - 추돌,안전운전불이행,건조,맑음,단일로 - 기타,화물,남,45세,경상,화물,남,38세,경상
2021081900100195,2021년 8월 19일 11시,목요일,대구광역시 달성군 현풍읍,경상사고,0,0,1,0,차대차 - 기타,안전운전불이행,건조,맑음,기타 - 기타,이륜,남,41세,상해없음,자전거,남,7세,경상
2021081900100196,2021년 8월 19일 11시,목요일,대구광역시 달서구 용산동,중상사고,0,1,0,0,차대사람 - 기타,안전운전불이행,건조,맑음,단일로 - 기타,승용,남,71세,상해없음,보행자,남,44세,중상
2021081900100257,2021년 8월 19일 13시,목요일,대구광역시 수성구 수성동4가,경상사고,0,0,2,0,차대차 - 후진중충돌,안전운전불이행,건조,맑음,단일로 - 기타,승용,남,77세,상해없음,승용,남,25세,경상
2021081900100294,2021년 8월 19일 14시,목요일,대구광역시 중구 동인동1가,경상사고,0,0,3,0,차대차 - 후진중충돌,안전운전불이행,건조,맑음,단일로 - 기타,승용,여,39세,상해없음,승용,여,60세,경상
2021081900100366,2021년 8월 19일 16시,목요일,대구광역시 수성구 만촌동,경상사고,0,0,1,0,차대차 - 기타,신호위반,건조,맑음,교차로 - 교차로부근,승용,여,46세,기타불명,승용,남,61세,상해없음
2021081900100367,2021년 8월 19일 16시,목요일,대구광역시 달서구 유천동,중상사고,0,1,0,0,차대차 - 기타,신호위반,건조,맑음,교차로 - 교차로안,화물,남,40세,상해없음,이륜,남,42세,중상
2021081900100368,2021년 8월 19일 16시,목요일,대구광역시 달서구 상인동,경상사고,0,0,1,0,차대차 - 기타,안전운전불이행,건조,맑음,교차로 - 교차로안,승용,여,51세,상해없음,이륜,남,35세,경상
2021081900100369,2021년 8월 19일 16시,목요일,대구광역시 달서구 월암동,중상사고,0,1,1,0,차대차 - 기타,안전운전불이행,건조,맑음,단일로 - 기타,이륜,남,23세,중상,승용,남,39세,경상
2021081900100415,2021년 8월 19일 17시,목요일,대구광역시 남구 대명동,경상사고,0,0,1,0,차대사람 - 횡단중,보행자보호의무위반,건조,맑음,교차로 - 교차로횡단보도내,승용,여,42세,상해없음,보행자,여,16세,경상
2021081900100416,2021년 8월 19일 17시,목요일,대구광역시 달서구 진천동,중상사고,0,1,0,0,차대사람 - 횡단중,안전운전불이행,건조,맑음,교차로 - 교차로안,화물,남,32세,상해없음,보행자,여,83세,중상
2021081900100417,2021년 8월 19일 17시,목요일,대구광역시 달서구 용산동,중상사고,0,1,0,0,차대차 - 기타,안전운전불이행,건조,맑음,교차로 - 교차로횡단보도내,승용,남,50세,상해없음,자전거,남,65세,중상
2021081900100418,2021년 8월 19일 17시,목요일,대구광역시 달서구 신당동,중상사고,0,1,0,0,차대사람 - 횡단중,안전운전불이행,건조,맑음,기타 - 기타,승용,여,54세,상해없음,보행자,여,8세,중상
2021081900100419,2021년 8월 19일 17시,목요일,대구광역시 북구 구암동,경상사고,0,0,1,0,차대차 - 측면충돌,안전운전불이행,건조,맑음,단일로 - 기타,자전거,남,14세,경상,승용,여,52세,상해없음
2021081900100451,2021년 8월 19일 18시,목요일,대구광역시 달서구 대천동,경상사고,0,0,2,0,차대차 - 기타,안전거리미확보,건조,맑음,단일로 - 기타,승용,남,54세,기타불명,승용,남,62세,경상
2021081900100459,2021년 8월 19일 18시,목요일,대구광역시 북구 산격동,중상사고,0,1,0,0,차대차 - 측면충돌,교차로운행방법위반,건조,맑음,교차로 - 교차로안,개인형이동수단(PM),남,21세,중상,화물,남,46세,상해없음
2021081900100493,2021년 8월 19일 19시,목요일,대구광역시 남구 대명동,경상사고,0,0,1,0,차대차 - 측면충돌,안전운전불이행,건조,맑음,교차로 - 교차로부근,승용,남,27세,상해없음,승용,여,51세,경상
2021081900100494,2021년 8월 19일 19시,목요일,대구광역시 달성군 다사읍,경상사고,0,0,1,0,차대차 - 측면충돌,교차로운행방법위반,건조,맑음,교차로 - 교차로안,승용,남,31세,상해없음,이륜,남,25세,경상
2021081900100495,2021년 8월 19일 19시,목요일,대구광역시 북구 동천동,경상사고,0,0,1,0,차대차 - 측면충돌,차로위반,젖음/습기,흐림,단일로 - 지하차도(도로)내,승용,남,62세,상해없음,이륜,남,26세,경상
2021081900100521,2021년 8월 19일 20시,목요일,대구광역시 수성구 신매동,경상사고,0,0,1,1,차대차 - 추돌,안전거리미확보,건조,맑음,단일로 - 기타,승용,남,49세,상해없음,승용,남,60세,상해없음
2021081900100522,2021년 8월 19일 20시,목요일,대구광역시 달서구 송현동,경상사고,0,0,1,0,차대사람 - 횡단중,보행자보호의무위반,젖음/습기,비,교차로 - 교차로안,이륜,남,26세,상해없음,보행자,여,60세,경상
2021081900100523,2021년 8월 19일 20시,목요일,대구광역시 달성군 논공읍,경상사고,0,0,1,0,차대차 - 기타,안전운전불이행,젖음/습기,비,교차로 - 교차로부근,승용,여,52세,상해없음,승용,남,23세,경상
2021081900100549,2021년 8월 19일 21시,목요일,대구광역시 수성구 파동,경상사고,0,0,1,0,차대사람 - 차도통행중,안전운전불이행,건조,맑음,단일로 - 기타,이륜,남,40세,상해없음,보행자,여,60세,경상
2021081900100571,2021년 8월 19일 22시,목요일,대구광역시 수성구 수성동1가,중상사고,0,1,0,0,차대차 - 정면충돌,안전운전불이행,건조,맑음,단일로 - 기타,기타불명,기타불명,미분류,기타불명,승용,남,48세,중상