사고번호,사고일시,요일,시군구,사고내용,사망자수,중상자수,경상자수,부상신고자수,사고유형,법규위반,노면상태,기상상태,도로형태,가해운전자 차종,가해운전자 성별,가해운전자 연령,가해운전자 상해정도,피해운전자 차종,피해운전자 성별,피해운전자 연령,피해운전자 상해정도
2021082300100579,2021년 8월 23일 22시,월요일,대구광역시 서구 비산동,경상사고,0,0,1,0,차대차 - 측면충돌,안전운전불이행,기타,비,단일로 - 기타,승용,여,48세,상해없음,승용,여,35세,경상
2021082300100580,2021년 8월 23일 22시,월요일,대구광역시 중구 동산동,경상사고,0,0,1,0,차대차 - 추돌,안전운전불이행,젖음/습기,비,교차로 - 교차로부근,승용,남,19세,상해없음,승용,남,68세,경상
2021082300100599,2021년 8월 23일 23시,월요일,대구광역시 달서구 송현동,부상신고사고,0,0,0,1,차대사람 - 기타,안전운전불이행,건조,맑음,단일로 - 기타,기타불명,기타불명,미분류,기타불명,보행자,남,38세,부상신고
2021082300100600,2021년 8월 23일 23시,월요일,대구광역시 남구 대명동,경상사고,0,0,3,0,차대차 - 추돌,안전운전불이행,젖음/습기,흐림,교차로 - 교차로부근,승용,남,46세,상해없음,승용,남,66세,경상
2021082400100012,2021년 8월 24일 01시,화요일,대구광역시 동구 신암동,경상사고,0,0,1,0,차대차 - 추돌,안전운전불이행,젖음/습기,비,교차로 - 교차로부근,승용,남,32세,상해없음,승용,남,51세,경상
2021082400100023,2021년 8월 24일 04시,화요일,대구광역시 수성구 만촌동,경상사고,0,0,2,0,차대차 - 측면충돌,안전운전불이행,건조,맑음,단일로 - 기타,승용,남,52세,상해없음,승용,여,51세,경상
2021082400100059,2021년 8월 24일 07시,화요일,대구광역시 북구 대현동,경상사고,0,0,2,0,차대차 - 기타,안전거리미확보,젖음/습기,비,단일로 - 기타,승용,남,73세,상해없음,승용,남,61세,경상
2021082400100085,2021년 8월 24일 08시,화요일,대구광역시 북구 조야동,경상사고,0,0,1,1,차대차 - 기타,안전운전불이행,젖음/습기,비,단일로 - 기타,승용,남,24세,부상신고,화물,남,60세,경상
2021082400100086,2021년 8월 24일 08시,화요일,대구광역시 남구 대명동,경상사고,0,0,1,0,차대사람 - 횡단중,보행자보호의무위반,젖음/습기,비,단일로 - 기타,승용,남,78세,상해없음,보행자,여,40세,경상
2021082400100087,2021년 8월 24일 08시,화요일,대구광역시 남구 대명동,경상사고,0,0,1,0,차대차 - 측면충돌,안전운전불이행,젖음/습기,비,단일로 - 기타,승용,여,30세,상해없음,승용,남,59세,경상
2021082400100088,2021년 8월 24일 08시,화요일,대구광역시 수성구 신매동,경상사고,0,0,1,0,차대차 - 추돌,안전운전불이행,젖음/습기,비,단일로 - 기타,승용,여,54세,상해없음,승용,남,48세,상해없음
2021082400100110,2021년 8월 24일 09시,화요일,대구광역시 동구 신천동,경상사고,0,0,1,0,차대차 - 추돌,안전거리미확보,젖음/습기,비,단일로 - 기타,승용,여,28세,상해없음,승용,여,32세,경상
2021082400100122,2021년 8월 24일 10시,화요일,대구광역시 달서구 유천동,경상사고,0,0,1,0,차대차 - 측면충돌,신호위반,건조,흐림,교차로 - 교차로안,이륜,남,51세,경상,승용,남,74세,상해없음
2021082400100123,2021년 8월 24일 10시,화요일,대구광역시 북구 서변동,경상사고,0,0,2,0,차대차 - 추돌,안전거리미확보,침수,비,단일로 - 고가도로위,승용,남,53세,상해없음,승용,여,57세,경상
2021082400100151,2021년 8월 24일 11시,화요일,대구광역시 남구 대명동,경상사고,0,0,1,0,차대사람 - 기타,안전운전불이행,건조,맑음,단일로 - 기타,승용,남,57세,상해없음,보행자,남,25세,경상
2021082400100152,2021년 8월 24일 11시,화요일,대구광역시 수성구 수성동1가,경상사고,0,0,1,0,차대차 - 기타,안전운전불이행,젖음/습기,비,단일로 - 기타,승용,남,19세,상해없음,승용,여,49세,경상
2021082400100153,2021년 8월 24일 11시,화요일,대구광역시 달서구 감삼동,경상사고,0,0,1,0,차대차 - 측면충돌,안전거리미확보,젖음/습기,비,단일로 - 기타,승용,남,74세,상해없음,승용,남,34세,경상
2021082400100184,2021년 8월 24일 12시,화요일,대구광역시 남구 이천동,부상신고사고,0,0,0,1,차량단독 - 전도전복 - 전도,안전운전불이행,젖음/습기,비,단일로 - 기타,이륜,남,54세,부상신고,,,,
2021082400100185,2021년 8월 24일 12시,화요일,대구광역시 달서구 유천동,경상사고,0,0,1,0,차대사람 - 횡단중,보행자보호의무위반,젖음/습기,비,교차로 - 교차로부근,승용,남,72세,상해없음,보행자,여,7세,경상
2021082400100291,2021년 8월 24일 15시,화요일,대구광역시 북구 대현동,경상사고,0,0,1,0,차대차 - 기타,안전거리미확보,젖음/습기,비,단일로 - 기타,승용,여,30세,상해없음,이륜,남,41세,경상
2021082400100292,2021년 8월 24일 15시,화요일,대구광역시 북구 복현동,경상사고,0,0,1,0,차대차 - 측면충돌,안전운전불이행,젖음/습기,비,기타 - 기타,승용,남,73세,상해없음,이륜,남,31세,경상
2021082400100293,2021년 8월 24일 15시,화요일,대구광역시 북구 노원동2가,부상신고사고,0,0,0,1,차대차 - 측면충돌,불법유턴,건조,맑음,단일로 - 기타,자전거,남,79세,부상신고,승용,여,69세,상해없음
2021082400100318,2021년 8월 24일 16시,화요일,대구광역시 달서구 상인동,경상사고,0,0,1,0,차대사람 - 차도통행중,안전운전불이행,젖음/습기,비,단일로 - 기타,승용,남,30세,상해없음,보행자,여,28세,경상
2021082400100360,2021년 8월 24일 17시,화요일,대구광역시 동구 신기동,경상사고,0,0,1,0,차대차 - 측면충돌,안전운전불이행,건조,맑음,단일로 - 기타,승용,남,70세,상해없음,승용,남,28세,경상
2021082400100361,2021년 8월 24일 17시,화요일,대구광역시 동구 동호동,경상사고,0,0,4,0,차대차 - 추돌,안전거리미확보,건조,맑음,교차로 - 교차로안,승용,여,28세,상해없음,승용,여,39세,경상
2021082400100362,2021년 8월 24일 17시,화요일,대구광역시 중구 대신동,경상사고,0,0,1,0,차대차 - 측면충돌,기타,건조,맑음,교차로 - 교차로안,승용,남,69세,상해없음,자전거,여,70세,경상
2021082400100363,2021년 8월 24일 17시,화요일,대구광역시 북구 태전동,경상사고,0,0,2,0,차대차 - 추돌,안전운전불이행,건조,맑음,교차로 - 교차로부근,승용,여,65세,상해없음,승용,여,40세,경상
2021082400100398,2021년 8월 24일 18시,화요일,대구광역시 남구 봉덕동,경상사고,0,0,1,0,차대차 - 측면충돌,안전운전불이행,건조,맑음,단일로 - 기타,승용,남,19세,상해없음,승용,남,29세,경상
2021082400100400,2021년 8월 24일 18시,화요일,대구광역시 달서구 용산동,중상사고,0,1,2,0,차대차 - 측면충돌,신호위반,건조,맑음,단일로 - 기타,승용,여,19세,경상,화물,남,55세,경상
2021082400100435,2021년 8월 24일 19시,화요일,대구광역시 중구 대봉동,중상사고,0,1,0,1,차대차 - 기타,교차로운행방법위반,건조,맑음,교차로 - 교차로안,승용,남,62세,부상신고,이륜,남,63세,중상
2021082400100472,2021년 8월 24일 20시,화요일,대구광역시 수성구 매호동,경상사고,0,0,1,0,차대사람 - 길가장자리구역통행중,안전운전불이행,건조,맑음,기타 - 기타,승용,남,63세,상해없음,보행자,여,35세,경상
2021082400100500,2021년 8월 24일 21시,화요일,대구광역시 북구 동천동,중상사고,0,1,0,0,차대사람 - 횡단중,안전운전불이행,건조,맑음,단일로 - 고가도로위,승용,남,22세,상해없음,보행자,여,71세,중상
2021082400100532,2021년 8월 24일 22시,화요일,대구광역시 수성구 범어동,경상사고,0,0,1,0,차대사람 - 횡단중,안전운전불이행,건조,맑음,기타 - 기타,기타불명,기타불명,미분류,기타불명,보행자,남,18세,경상
2021082400100533,2021년 8월 24일 22시,화요일,대구광역시 달서구 상인동,경상사고,0,0,1,0,차대차 - 추돌,안전운전불이행,건조,맑음,교차로 - 교차로부근,승용,남,27세,상해없음,승용,여,54세,경상
2021082400100534,2021년 8월 24일 22시,화요일,대구광역시 중구 남일동,경상사고,0,0,1,2,차대사람 - 기타,안전운전불이행,건조,맑음,단일로 - 기타,개인형이동수단(PM),남,17세,부상신고,보행자,여,60세,경상
2021082500100034,2021년 8월 25일 05시,수요일,대구광역시 수성구 범어동,중상사고,0,1,0,0,차대사람 - 기타,안전운전불이행,건조,맑음,단일로 - 기타,승용,남,29세,상해없음,보행자,남,80세,중상
2021082500100090,2021년 8월 25일 08시,수요일,대구광역시 서구 비산동,경상사고,0,0,1,1,차대차 - 추돌,안전거리미확보,건조,맑음,단일로 - 기타,화물,여,41세,상해없음,승용,여,50세,부상신고
2021082500100091,2021년 8월 25일 08시,수요일,대구광역시 달서구 용산동,경상사고,0,0,1,0,차대차 - 기타,안전거리미확보,젖음/습기,비,단일로 - 기타,승용,여,55세,상해없음,승합,남,42세,경상
2021082500100122,2021년 8월 25일 09시,수요일,대구광역시 달서구 본리동,경상사고,0,0,1,0,차대차 - 기타,직진우회전진행방해,건조,맑음,교차로 - 교차로안,이륜,여,51세,경상,화물,남,53세,상해없음
2021082500100146,2021년 8월 25일 10시,수요일,대구광역시 수성구 범어동,경상사고,0,0,2,0,차대차 - 측면충돌,안전운전불이행,건조,맑음,기타 - 기타,이륜,남,44세,경상,승용,여,70세,경상
2021082500100147,2021년 8월 25일 10시,수요일,대구광역시 북구 칠성동2가,경상사고,0,0,2,0,차대차 - 측면충돌,기타,젖음/습기,비,단일로 - 기타,승용,남,61세,상해없음,승용,남,73세,경상
2021082500100149,2021년 8월 25일 10시,수요일,대구광역시 북구 읍내동,경상사고,0,0,1,0,차대사람 - 길가장자리구역통행중,신호위반,젖음/습기,비,교차로 - 교차로횡단보도내,승합,남,76세,상해없음,보행자,남,57세,경상
2021082500100173,2021년 8월 25일 11시,수요일,대구광역시 수성구 범어동,경상사고,0,0,1,0,차대사람 - 보도통행중,안전운전불이행,건조,맑음,단일로 - 기타,화물,남,32세,상해없음,보행자,여,77세,경상
2021082500100204,2021년 8월 25일 12시,수요일,대구광역시 서구 중리동,중상사고,0,1,0,0,차대차 - 기타,안전거리미확보,젖음/습기,비,단일로 - 기타,승용,남,62세,상해없음,승용,여,53세,중상
2021082500100240,2021년 8월 25일 13시,수요일,대구광역시 수성구 범어동,경상사고,0,0,1,0,차대차 - 추돌,안전운전불이행,젖음/습기,흐림,교차로 - 교차로부근,화물,남,32세,상해없음,승용,남,48세,경상
2021082500100241,2021년 8월 25일 13시,수요일,대구광역시 달성군 가창면,경상사고,0,0,3,0,차대차 - 추돌,안전운전불이행,젖음/습기,흐림,교차로 - 교차로부근,화물,남,77세,상해없음,화물,남,68세,경상
2021082500100275,2021년 8월 25일 14시,수요일,대구광역시 남구 대명동,경상사고,0,0,2,0,차대차 - 측면충돌,안전운전불이행,건조,맑음,교차로 - 교차로부근,승용,여,53세,상해없음,승용,남,49세,경상
2021082500100316,2021년 8월 25일 15시,수요일,대구광역시 수성구 황금동,경상사고,0,0,1,0,차대차 - 추돌,안전거리미확보,건조,맑음,단일로 - 기타,건설기계,남,67세,상해없음,승용,여,44세,경상
2021082500100317,2021년 8월 25일 15시,수요일,대구광역시 북구 대현동,경상사고,0,0,2,0,차대차 - 추돌,안전거리미확보,건조,맑음,교차로 - 교차로부근,화물,남,38세,상해없음,승용,남,66세,경상
2021082500100348,2021년 8월 25일 16시,수요일,대구광역시 동구 신천동,중상사고,0,1,0,0,차대사람 - 횡단중,안전운전불이행,건조,맑음,교차로 - 교차로안,화물,남,57세,상해없음,보행자,남,70세,중상
2021082500100383,2021년 8월 25일 17시,수요일,대구광역시 동구 불로동,중상사고,0,1,0,0,차대사람 - 횡단중,보행자보호의무위반,건조,맑음,교차로 - 교차로횡단보도내,승용,남,59세,상해없음,보행자,여,68세,중상
2021082500100384,2021년 8월 25일 17시,수요일,대구광역시 서구 이현동,경상사고,0,0,1,0,차대차 - 추돌,안전운전불이행,건조,맑음,단일로 - 기타,화물,남,47세,상해없음,승용,남,59세,경상
2021082500100385,2021년 8월 25일 17시,수요일,대구광역시 달서구 용산동,경상사고,0,0,1,0,차대차 - 측면충돌,안전운전불이행,건조,흐림,단일로 - 기타,승용,남,53세,상해없음,이륜,남,28세,경상
2021082500100437,2021년 8월 25일 18시,수요일,대구광역시 동구 용계동,경상사고,0,0,1,0,차대차 - 측면충돌,안전운전불이행,건조,맑음,교차로 - 교차로안,승용,남,35세,상해없음,승용,남,31세,경상
2021082500100438,2021년 8월 25일 18시,수요일,대구광역시 동구 신암동,경상사고,0,0,1,0,차대차 - 추돌,안전운전불이행,건조,맑음,단일로 - 기타,승용,여,23세,상해없음,승용,여,18세,경상
2021082500100439,2021년 8월 25일 18시,수요일,대구광역시 달서구 용산동,경상사고,0,0,1,0,차대차 - 측면충돌,안전거리미확보,건조,맑음,단일로 - 기타,승용,남,22세,상해없음,승용,남,29세,경상
2021082500100471,2021년 8월 25일 19시,수요일,대구광역시 달서구 상인동,경상사고,0,0,2,0,차대차 - 측면충돌,안전거리미확보,건조,맑음,기타 - 기타,승용,여,61세,상해없음,승용,남,27세,경상
2021082500100505,2021년 8월 25일 20시,수요일,대구광역시 달서구 도원동,경상사고,0,0,1,0,차대차 - 측면충돌,안전운전불이행,건조,맑음,단일로 - 기타,승용,남,19세,상해없음,화물,남,50세,경상
2021082500100528,2021년 8월 25일 21시,수요일,대구광역시 수성구 중동,경상사고,0,0,1,0,차대차 - 측면충돌,안전운전불이행,젖음/습기,비,기타 - 기타,승용,남,33세,상해없음,승용,여,59세,경상
2021082500100529,2021년 8월 25일 21시,수요일,대구광역시 달서구 도원동,경상사고,0,0,2,0,차대차 - 측면충돌,안전운전불이행,건조,맑음,교차로 - 교차로안,승용,여,59세,기타불명,승용,여,54세,경상
2021082500100530,2021년 8월 25일 21시,수요일,대구광역시 달성군 다사읍,경상사고,0,0,1,0,차대차 - 측면충돌,신호위반,건조,맑음,교차로 - 교차로안,승용,남,64세,상해없음,승용,남,55세,경상
2021082500100544,2021년 8월 25일 22시,수요일,대구광역시 동구 신기동,경상사고,0,0,1,0,차대차 - 후진중충돌,안전운전불이행,젖음/습기,비,단일로 - 기타,승용,남,32세,상해없음,이륜,남,22세,경상
2021082500100545,2021년 8월 25일 22시,수요일,대구광역시 동구 지묘동,중상사고,0,4,0,0,차대차 - 측면충돌,기타,젖음/습기,비,단일로 - 기타,승용,남,19세,기타불명,화물,남,55세,상해없음
2021082500100546,2021년 8월 25일 22시,수요일,대구광역시 수성구 노변동,경상사고,0,0,1,0,차대차 - 추돌,안전운전불이행,젖음/습기,비,단일로 - 기타,승용,남,25세,경상,승용,남,51세,상해없음
2021082500100547,2021년 8월 25일 22시,수요일,대구광역시 북구 복현동,경상사고,0,0,1,0,차대사람 - 횡단중,안전운전불이행,건조,맑음,단일로 - 기타,승용,남,29세,상해없음,보행자,남,16세,경상
2021082500100548,2021년 8월 25일 22시,수요일,대구광역시 서구 비산동,중상사고,0,1,0,0,차대사람 - 횡단중,신호위반,젖음/습기,비,단일로 - 기타,승용,여,50세,상해없음,보행자,남,44세,중상
2021082500100549,2021년 8월 25일 22시,수요일,대구광역시 중구 공평동,경상사고,0,0,1,0,차대사람 - 기타,안전운전불이행,젖음/습기,비,단일로 - 기타,승용,남,25세,상해없음,보행자,여,24세,경상
2021082500100550,2021년 8월 25일 22시,수요일,대구광역시 달서구 용산동,경상사고,0,0,1,0,차대사람 - 횡단중,보행자보호의무위반,젖음/습기,비,교차로 - 교차로횡단보도내,승용,남,66세,상해없음,보행자,남,41세,경상
2021082500100551,2021년 8월 25일 22시,수요일,대구광역시 북구 관음동,경상사고,0,0,1,0,차대사람 - 차도통행중,안전운전불이행,젖음/습기,비,단일로 - 기타,승용,여,25세,상해없음,보행자,남,52세,경상
2021082500100571,2021년 8월 25일 23시,수요일,대구광역시 달서구 신당동,경상사고,0,0,1,0,차대차 - 추돌,안전운전불이행,젖음/습기,비,교차로 - 교차로부근,승용,여,39세,상해없음,승용,남,63세,경상
2021082600100005,2021년 8월 26일 00시,목요일,대구광역시 달서구 이곡동,경상사고,0,0,1,0,차대차 - 추돌,안전운전불이행,건조,맑음,교차로 - 교차로부근,승용,남,26세,상해없음,승용,남,39세,경상
2021082600100011,2021년 8월 26일 01시,목요일,대구광역시 수성구 상동,경상사고,0,0,1,0,차대차 - 추돌,안전운전불이행,건조,맑음,교차로 - 교차로부근,승용,여,30세,상해없음,화물,남,48세,경상
2021082600100032,2021년 8월 26일 05시,목요일,대구광역시 남구 대명동,경상사고,0,0,1,0,차대차 - 측면충돌,안전운전불이행,젖음/습기,흐림,교차로 - 교차로안,화물,남,61세,상해없음,승용,남,44세,경상
2021082600100033,2021년 8월 26일 05시,목요일,대구광역시 동구 신암동,경상사고,0,0,1,0,차대차 - 기타,안전거리미확보,건조,맑음,교차로 - 교차로안,승용,남,65세,상해없음,승용,남,58세,경상
2021082600100069,2021년 8월 26일 07시,목요일,대구광역시 서구 내당동,중상사고,0,1,0,0,차대차 - 측면충돌,직진우회전진행방해,젖음/습기,흐림,교차로 - 교차로안,승용,남,48세,상해없음,이륜,남,70세,중상
2021082600100070,2021년 8월 26일 07시,목요일,대구광역시 달서구 갈산동,경상사고,0,0,1,0,차대차 - 측면충돌,중앙선침범,건조,맑음,교차로 - 교차로안,이륜,여,25세,경상,승용,남,57세,상해없음
2021082600100100,2021년 8월 26일 08시,목요일,대구광역시 수성구 수성동4가,사망사고,1,0,0,0,차대차 - 측면충돌,안전운전불이행,건조,맑음,교차로 - 교차로횡단보도내,승용,남,50세,상해없음,자전거,남,81세,사망
2021082600100101,2021년 8월 26일 08시,목요일,대구광역시 수성구 만촌동,중상사고,0,1,0,0,차대차 - 측면충돌,안전운전불이행,건조,맑음,단일로 - 기타,승용,여,42세,상해없음,승용,남,55세,중상
2021082600100102,2021년 8월 26일 08시,목요일,대구광역시 달서구 본동,경상사고,0,0,1,0,차대차 - 추돌,안전운전불이행,건조,맑음,단일로 - 기타,승용,남,38세,상해없음,승용,남,63세,경상
2021082600100133,2021년 8월 26일 09시,목요일,대구광역시 동구 신천동,중상사고,0,1,0,0,차대사람 - 횡단중,보행자보호의무위반,건조,맑음,교차로 - 교차로안,승용,여,33세,상해없음,보행자,여,85세,중상
2021082600100158,2021년 8월 26일 10시,목요일,대구광역시 동구 신천동,중상사고,0,1,2,1,차대차 - 측면충돌,차로위반,건조,맑음,단일로 - 기타,승용,남,44세,부상신고,승용,남,66세,경상
2021082600100159,2021년 8월 26일 10시,목요일,대구광역시 수성구 지산동,경상사고,0,0,1,0,차대차 - 추돌,안전운전불이행,건조,맑음,교차로 - 교차로부근,승합,남,68세,상해없음,승용,여,66세,경상
2021082600100160,2021년 8월 26일 10시,목요일,대구광역시 수성구 중동,경상사고,0,0,1,0,차대사람 - 횡단중,신호위반,건조,맑음,단일로 - 기타,승용,남,65세,상해없음,보행자,여,28세,경상
2021082600100191,2021년 8월 26일 11시,목요일,대구광역시 수성구 두산동,중상사고,0,1,0,0,차대차 - 측면충돌,안전운전불이행,건조,맑음,단일로 - 기타,승용,남,64세,상해없음,자전거,남,68세,중상
2021082600100192,2021년 8월 26일 11시,목요일,대구광역시 달성군 논공읍,경상사고,0,0,1,0,차대차 - 기타,안전운전불이행,건조,맑음,단일로 - 기타,승용,여,47세,상해없음,승용,남,34세,경상
2021082600100229,2021년 8월 26일 12시,목요일,대구광역시 달성군 현풍읍,경상사고,0,0,1,0,차대차 - 추돌,안전운전불이행,건조,맑음,교차로 - 교차로부근,화물,남,43세,상해없음,화물,남,43세,경상
2021082600100257,2021년 8월 26일 13시,목요일,대구광역시 동구 방촌동,경상사고,0,0,1,0,차대사람 - 길가장자리구역통행중,안전운전불이행,건조,맑음,단일로 - 기타,화물,남,65세,상해없음,보행자,남,62세,경상
2021082600100298,2021년 8월 26일 14시,목요일,대구광역시 동구 용계동,경상사고,0,0,3,0,차대차 - 추돌,안전운전불이행,건조,맑음,단일로 - 기타,승용,남,46세,상해없음,승용,남,22세,경상
2021082600100299,2021년 8월 26일 14시,목요일,대구광역시 수성구 수성동1가,중상사고,0,1,0,0,차대사람 - 횡단중,안전운전불이행,건조,맑음,단일로 - 기타,기타불명,기타불명,미분류,기타불명,보행자,남,12세,중상
2021082600100336,2021년 8월 26일 15시,목요일,대구광역시 수성구 범어동,경상사고,0,0,1,0,차대차 - 기타,안전운전불이행,건조,맑음,기타 - 기타,화물,남,61세,상해없음,승용,여,19세,경상
2021082600100376,2021년 8월 26일 16시,목요일,대구광역시 달서구 유천동,경상사고,0,0,2,0,차대차 - 측면충돌,안전운전불이행,건조,맑음,교차로 - 교차로부근,승용,여,67세,상해없음,승용,남,26세,경상
2021082600100414,2021년 8월 26일 17시,목요일,대구광역시 달서구 송현동,경상사고,0,0,2,0,차대차 - 측면충돌,차로위반,건조,맑음,단일로 - 기타,승용,여,27세,기타불명,승용,남,21세,경상
2021082600100455,2021년 8월 26일 18시,목요일,대구광역시 달서구 상인동,경상사고,0,0,1,0,차대차 - 추돌,안전운전불이행,건조,맑음,단일로 - 기타,화물,남,60세,상해없음,승용,남,37세,경상
2021082600100456,2021년 8월 26일 18시,목요일,대구광역시 달서구 감삼동,경상사고,0,0,1,0,차대차 - 기타,안전운전불이행,건조,맑음,단일로 - 기타,승용,남,64세,상해없음,승합,남,52세,상해없음
2021082600100483,2021년 8월 26일 19시,목요일,대구광역시 수성구 황금동,경상사고,0,0,1,0,차대차 - 측면충돌,기타,건조,맑음,단일로 - 기타,승용,남,60세,상해없음,이륜,남,23세,경상
2021082600100484,2021년 8월 26일 19시,목요일,대구광역시 북구 산격동,경상사고,0,0,1,0,차대차 - 추돌,교차로운행방법위반,젖음/습기,비,교차로 - 교차로부근,승용,여,58세,상해없음,승용,남,54세,경상
2021082600100485,2021년 8월 26일 19시,목요일,대구광역시 북구 산격동,경상사고,0,0,2,0,차대차 - 측면충돌,신호위반,건조,맑음,단일로 - 기타,승용,남,65세,상해없음,승용,남,69세,경상
2021082600100486,2021년 8월 26일 19시,목요일,대구광역시 북구 팔달동,경상사고,0,0,1,0,차대차 - 측면충돌,교차로운행방법위반,건조,맑음,교차로 - 교차로안,승용,남,65세,상해없음,승용,남,32세,경상
2021082600100513,2021년 8월 26일 20시,목요일,대구광역시 수성구 황금동,경상사고,0,0,1,0,차대사람 - 길가장자리구역통행중,교차로운행방법위반,건조,맑음,교차로 - 교차로안,승용,남,48세,상해없음,보행자,남,74세,경상
2021082600100514,2021년 8월 26일 20시,목요일,대구광역시 달성군 다사읍,부상신고사고,0,0,0,1,차대차 - 기타,안전운전불이행,건조,맑음,단일로 - 기타,기타불명,기타불명,미분류,기타불명,자전거,남,47세,부상신고
2021082600100515,2021년 8월 26일 20시,목요일,대구광역시 달서구 본리동,경상사고,0,0,2,0,차대차 - 측면충돌,안전거리미확보,건조,흐림,기타 - 기타,승용,여,24세,경상,승용,남,30세,경상
2021082600100544,2021년 8월 26일 21시,목요일,대구광역시 북구 산격동,중상사고,0,1,0,0,차대사람 - 길가장자리구역통행중,안전운전불이행,건조,맑음,교차로 - 교차로부근,이륜,남,53세,상해없음,보행자,여,76세,중상
2021082600100576,2021년 8월 26일 23시,목요일,대구광역시 동구 방촌동,경상사고,0,0,2,0,차대차 - 측면충돌,신호위반,건조,맑음,단일로 - 기타,승용,남,56세,상해없음,승용,남,31세,경상
2021082600100577,2021년 8월 26일 23시,목요일,대구광역시 동구 신천동,중상사고,0,1,0,0,차대차 - 측면충돌,중앙선침범,건조,맑음,단일로 - 기타,이륜,남,35세,중상,승용,남,49세,상해없음
2021082700100021,2021년 8월 27일 03시,금요일,대구광역시 중구 대봉동,경상사고,0,0,1,0,차대차 - 측면충돌,중앙선침범,건조,맑음,단일로 - 기타,승용,남,39세,상해없음,특수,남,43세,경상
2021082700100033,2021년 8월 27일 05시,금요일,대구광역시 북구 구암동,경상사고,0,0,1,0,차대차 - 추돌,안전운전불이행,건조,맑음,단일로 - 지하차도(도로)내,승용,남,67세,상해없음,승용,여,31세,경상
2021082700100055,2021년 8월 27일 07시,금요일,대구광역시 북구 검단동,경상사고,0,0,1,0,차대차 - 측면충돌,교차로운행방법위반,건조,맑음,교차로 - 교차로안,승용,여,40세,상해없음,승용,남,60세,경상
2021082700100107,2021년 8월 27일 09시,금요일,대구광역시 서구 비산동,경상사고,0,0,1,0,차대차 - 기타,안전거리미확보,건조,흐림,교차로 - 교차로부근,승합,여,61세,경상,승용,여,25세,상해없음
2021082700100131,2021년 8월 27일 10시,금요일,대구광역시 동구 용계동,중상사고,0,1,0,0,차대사람 - 기타,안전운전불이행,건조,맑음,단일로 - 기타,승용,남,42세,상해없음,보행자,여,80세,중상
2021082700100132,2021년 8월 27일 10시,금요일,대구광역시 동구 백안동,경상사고,0,0,3,0,차대차 - 측면충돌,안전거리미확보,젖음/습기,비,단일로 - 기타,승용,남,50세,상해없음,승용,남,58세,경상
2021082700100268,2021년 8월 27일 14시,금요일,대구광역시 달성군 가창면,부상신고사고,0,0,0,1,차대차 - 측면충돌,직진우회전진행방해,건조,맑음,교차로 - 교차로부근,승용,여,57세,상해없음,자전거,여,75세,부상신고
2021082700100306,2021년 8월 27일 15시,금요일,대구광역시 동구 방촌동,부상신고사고,0,0,0,1,차대차 - 기타,안전운전불이행,건조,맑음,교차로 - 교차로부근,개인형이동수단(PM),남,75세,부상신고,화물,남,48세,상해없음
2021082700100307,2021년 8월 27일 15시,금요일,대구광역시 동구 방촌동,경상사고,0,0,1,0,차대차 - 기타,교차로운행방법위반,건조,맑음,교차로 - 교차로안,승용,여,40세,상해없음,이륜,남,68세,경상
2021082700100335,2021년 8월 27일 16시,금요일,대구광역시 수성구 상동,경상사고,0,0,1,0,차대차 - 측면충돌,안전운전불이행,건조,맑음,교차로 - 교차로안,승용,여,40세,상해없음,이륜,남,46세,경상
2021082700100336,2021년 8월 27일 16시,금요일,대구광역시 달성군 유가읍,중상사고,0,1,0,1,차량단독 - 기타,안전운전불이행,건조,맑음,단일로 - 기타,이륜,남,84세,부상신고,,,,
2021082700100337,2021년 8월 27일 16시,금요일,대구광역시 중구 공평동,경상사고,0,0,1,0,차대사람 - 횡단중,안전운전불이행,건조,흐림,단일로 - 기타,승용,여,26세,상해없음,보행자,여,22세,경상
2021082700100338,2021년 8월 27일 16시,금요일,대구광역시 달서구 이곡동,경상사고,0,0,1,0,차대사람 - 횡단중,신호위반,젖음/습기,비,교차로 - 교차로횡단보도내,승합,남,61세,상해없음,보행자,남,10세,경상
2021082700100339,2021년 8월 27일 16시,금요일,대구광역시 달서구 두류동,경상사고,0,0,1,0,차대사람 - 횡단중,안전운전불이행,건조,흐림,교차로 - 교차로횡단보도내,화물,남,61세,상해없음,보행자,여,72세,경상
2021082700100374,2021년 8월 27일 17시,금요일,대구광역시 달서구 유천동,경상사고,0,0,1,0,차대차 - 측면충돌,차로위반,건조,맑음,교차로 - 교차로부근,승용,남,79세,상해없음,승용,여,59세,경상
2021082700100375,2021년 8월 27일 17시,금요일,대구광역시 달서구 상인동,부상신고사고,0,0,0,1,차대차 - 기타,교차로운행방법위반,젖음/습기,비,교차로 - 교차로안,이륜,남,35세,부상신고,승용,여,50세,상해없음
2021082700100376,2021년 8월 27일 17시,금요일,대구광역시 중구 삼덕동2가,부상신고사고,0,0,0,1,차대차 - 측면충돌,안전운전불이행,건조,맑음,단일로 - 기타,승용,여,52세,상해없음,이륜,남,39세,부상신고