사고번호,사고일시,요일,시군구,사고내용,사망자수,중상자수,경상자수,부상신고자수,사고유형,법규위반,노면상태,기상상태,도로형태,가해운전자 차종,가해운전자 성별,가해운전자 연령,가해운전자 상해정도,피해운전자 차종,피해운전자 성별,피해운전자 연령,피해운전자 상해정도
2021082700100377,2021년 8월 27일 17시,금요일,대구광역시 달서구 두류동,경상사고,0,0,1,0,차대차 - 기타,안전운전불이행,건조,맑음,단일로 - 기타,승합,남,55세,상해없음,승용,남,36세,경상
2021082700100378,2021년 8월 27일 17시,금요일,대구광역시 북구 읍내동,경상사고,0,0,1,0,차대사람 - 횡단중,보행자보호의무위반,젖음/습기,비,교차로 - 교차로횡단보도내,승용,남,34세,상해없음,보행자,여,73세,경상
2021082700100420,2021년 8월 27일 18시,금요일,대구광역시 동구 율하동,중상사고,0,1,0,0,차대차 - 기타,안전운전불이행,젖음/습기,비,단일로 - 기타,승용,남,56세,상해없음,이륜,남,43세,중상
2021082700100421,2021년 8월 27일 18시,금요일,대구광역시 달서구 대천동,경상사고,0,0,2,0,차대차 - 측면충돌,안전거리미확보,건조,맑음,단일로 - 기타,승용,남,62세,상해없음,승용,여,32세,경상
2021082700100422,2021년 8월 27일 18시,금요일,대구광역시 달성군 현풍읍,경상사고,0,0,1,0,차대차 - 기타,안전운전불이행,건조,맑음,기타 - 기타,승용,남,59세,상해없음,승용,남,37세,경상
2021082700100423,2021년 8월 27일 18시,금요일,대구광역시 북구 복현동,경상사고,0,0,1,0,차대차 - 측면충돌,기타,젖음/습기,비,단일로 - 기타,승용,남,57세,상해없음,이륜,남,34세,경상
2021082700100424,2021년 8월 27일 18시,금요일,대구광역시 서구 평리동,경상사고,0,0,1,0,차대차 - 추돌,안전운전불이행,젖음/습기,비,단일로 - 기타,승용,남,40세,상해없음,승용,남,25세,경상
2021082700100425,2021년 8월 27일 18시,금요일,대구광역시 남구 대명동,중상사고,0,1,0,0,차대사람 - 횡단중,안전운전불이행,젖음/습기,비,교차로 - 교차로횡단보도내,승용,남,37세,상해없음,보행자,남,50세,중상
2021082700100426,2021년 8월 27일 18시,금요일,대구광역시 북구 국우동,경상사고,0,0,1,0,차대차 - 추돌,안전거리미확보,젖음/습기,비,단일로 - 고가도로위,승용,남,53세,상해없음,승용,남,61세,상해없음
2021082700100467,2021년 8월 27일 19시,금요일,대구광역시 달서구 월성동,경상사고,0,0,2,0,차대차 - 측면충돌,불법유턴,건조,맑음,단일로 - 기타,승용,남,34세,경상,승용,남,36세,경상
2021082700100504,2021년 8월 27일 20시,금요일,대구광역시 달성군 화원읍,경상사고,0,0,1,0,차대차 - 추돌,안전운전불이행,젖음/습기,비,단일로 - 기타,화물,남,41세,상해없음,승용,남,68세,경상
2021082700100508,2021년 8월 27일 20시,금요일,대구광역시 달서구 도원동,경상사고,0,0,1,0,차대차 - 추돌,안전운전불이행,건조,맑음,교차로 - 교차로안,이륜,남,25세,상해없음,승용,여,38세,경상
2021082700100509,2021년 8월 27일 20시,금요일,대구광역시 중구 대봉동,경상사고,0,0,1,1,차대차 - 추돌,안전운전불이행,젖음/습기,비,단일로 - 기타,승용,남,59세,부상신고,이륜,남,47세,경상
2021082700100510,2021년 8월 27일 20시,금요일,대구광역시 달서구 용산동,경상사고,0,0,1,0,차대차 - 추돌,안전거리미확보,젖음/습기,비,교차로 - 교차로부근,승용,남,40세,기타불명,승용,남,30세,경상
2021082700100511,2021년 8월 27일 20시,금요일,대구광역시 북구 학정동,경상사고,0,0,2,0,차대차 - 측면충돌,안전운전불이행,젖음/습기,비,단일로 - 기타,승용,남,53세,상해없음,승용,남,26세,경상
2021082700100547,2021년 8월 27일 21시,금요일,대구광역시 수성구 지산동,경상사고,0,0,2,0,차대차 - 추돌,신호위반,젖음/습기,비,교차로 - 교차로안,승용,남,67세,상해없음,승용,여,66세,기타불명
2021082700100548,2021년 8월 27일 21시,금요일,대구광역시 수성구 신매동,중상사고,0,1,0,0,차대사람 - 기타,기타,젖음/습기,비,단일로 - 기타,승합,남,62세,상해없음,보행자,남,81세,중상
2021082700100549,2021년 8월 27일 21시,금요일,대구광역시 수성구 만촌동,경상사고,0,0,1,0,차대차 - 측면충돌,안전운전불이행,건조,맑음,단일로 - 기타,승용,남,27세,상해없음,이륜,남,43세,경상
2021082700100576,2021년 8월 27일 22시,금요일,대구광역시 달서구 감삼동,경상사고,0,0,1,0,차대차 - 기타,안전운전불이행,젖음/습기,비,교차로 - 교차로횡단보도내,승용,남,37세,상해없음,자전거,남,28세,경상
2021082700100577,2021년 8월 27일 22시,금요일,대구광역시 달서구 이곡동,사망사고,1,0,0,0,차대차 - 기타,신호위반,젖음/습기,비,교차로 - 교차로안,이륜,남,19세,사망,화물,남,54세,상해없음
2021082700100594,2021년 8월 27일 23시,금요일,대구광역시 동구 신천동,경상사고,0,0,1,0,차대차 - 후진중충돌,안전운전불이행,건조,맑음,단일로 - 기타,승용,남,20세,상해없음,승용,남,32세,경상
2021082700100595,2021년 8월 27일 23시,금요일,대구광역시 중구 대신동,중상사고,0,1,0,0,차대사람 - 횡단중,안전운전불이행,건조,맑음,단일로 - 기타,화물,남,62세,상해없음,보행자,여,73세,중상
2021082700100596,2021년 8월 27일 23시,금요일,대구광역시 달서구 신당동,부상신고사고,0,0,0,1,차대차 - 측면충돌,안전운전불이행,젖음/습기,흐림,단일로 - 기타,이륜,남,20세,부상신고,특수,남,60세,기타불명
2021082800100027,2021년 8월 28일 02시,토요일,대구광역시 북구 노원동2가,중상사고,0,1,1,0,차량단독 - 공작물충돌,안전운전불이행,젖음/습기,비,단일로 - 교량,승용,여,19세,상해없음,,,,
2021082800100061,2021년 8월 28일 07시,토요일,대구광역시 달서구 진천동,경상사고,0,0,1,0,차대차 - 측면충돌,안전운전불이행,건조,맑음,단일로 - 기타,승용,남,39세,상해없음,자전거,남,69세,경상
2021082800100086,2021년 8월 28일 09시,토요일,대구광역시 북구 복현동,경상사고,0,0,1,0,차대사람 - 횡단중,안전운전불이행,건조,맑음,교차로 - 교차로부근,승용,여,46세,상해없음,보행자,여,25세,경상
2021082800100119,2021년 8월 28일 10시,토요일,대구광역시 수성구 상동,중상사고,0,1,1,0,차대차 - 기타,안전운전불이행,건조,맑음,교차로 - 교차로부근,승용,여,39세,상해없음,승용,남,68세,경상
2021082800100120,2021년 8월 28일 10시,토요일,대구광역시 북구 산격동,경상사고,0,0,1,0,차대차 - 정면충돌,안전운전불이행,건조,맑음,단일로 - 기타,승용,남,56세,상해없음,자전거,남,44세,경상
2021082800100193,2021년 8월 28일 12시,토요일,대구광역시 남구 대명동,경상사고,0,0,1,0,차대차 - 기타,안전운전불이행,건조,맑음,단일로 - 기타,승용,남,28세,상해없음,승용,남,47세,경상
2021082800100194,2021년 8월 28일 12시,토요일,대구광역시 달서구 상인동,경상사고,0,0,2,0,차대차 - 측면충돌,안전거리미확보,건조,맑음,단일로 - 기타,승용,남,39세,경상,승용,여,35세,경상
2021082800100195,2021년 8월 28일 12시,토요일,대구광역시 달성군 다사읍,경상사고,0,0,1,0,차대차 - 추돌,안전거리미확보,건조,맑음,교차로 - 교차로부근,화물,남,30세,상해없음,화물,남,69세,경상
2021082800100196,2021년 8월 28일 12시,토요일,대구광역시 서구 평리동,경상사고,0,0,4,0,차대차 - 추돌,안전운전불이행,건조,맑음,교차로 - 교차로부근,화물,남,56세,상해없음,승합,남,56세,경상
2021082800100224,2021년 8월 28일 13시,토요일,대구광역시 남구 봉덕동,중상사고,0,1,3,0,차대차 - 측면충돌,중앙선침범,건조,맑음,교차로 - 교차로부근,이륜,남,72세,중상,승용,남,70세,경상
2021082800100225,2021년 8월 28일 13시,토요일,대구광역시 수성구 범어동,경상사고,0,0,1,0,차대사람 - 보도통행중,기타,건조,맑음,기타 - 기타,승용,남,73세,상해없음,보행자,남,17세,경상
2021082800100226,2021년 8월 28일 13시,토요일,대구광역시 달서구 도원동,경상사고,0,0,2,0,차대차 - 추돌,안전운전불이행,건조,맑음,교차로 - 교차로부근,승용,남,63세,상해없음,승용,남,67세,경상
2021082800100260,2021년 8월 28일 14시,토요일,대구광역시 동구 동호동,경상사고,0,0,1,0,차대차 - 추돌,안전운전불이행,건조,맑음,단일로 - 기타,승합,남,60세,상해없음,승용,여,50세,경상
2021082800100261,2021년 8월 28일 14시,토요일,대구광역시 북구 산격동,경상사고,0,0,1,0,차대차 - 기타,안전운전불이행,건조,맑음,기타 - 기타,승용,남,23세,기타불명,이륜,남,42세,경상
2021082800100262,2021년 8월 28일 14시,토요일,대구광역시 서구 내당동,경상사고,0,0,3,0,차대차 - 추돌,차로위반,건조,맑음,단일로 - 기타,승용,여,52세,경상,승용,여,34세,경상
2021082800100299,2021년 8월 28일 15시,토요일,대구광역시 남구 이천동,중상사고,0,1,0,0,차대차 - 측면충돌,안전운전불이행,건조,맑음,교차로 - 교차로횡단보도내,승용,남,49세,상해없음,자전거,남,67세,중상
2021082800100300,2021년 8월 28일 15시,토요일,대구광역시 남구 대명동,경상사고,0,0,1,0,차대차 - 측면충돌,안전거리미확보,건조,맑음,교차로 - 교차로부근,승용,남,34세,상해없음,승용,남,42세,경상
2021082800100301,2021년 8월 28일 15시,토요일,대구광역시 수성구 두산동,경상사고,0,0,2,0,차대차 - 추돌,안전운전불이행,건조,맑음,단일로 - 기타,승용,남,49세,상해없음,화물,남,54세,경상
2021082800100302,2021년 8월 28일 15시,토요일,대구광역시 수성구 두산동,경상사고,0,0,2,0,차대차 - 기타,안전거리미확보,건조,맑음,단일로 - 기타,승용,남,60세,상해없음,승용,여,33세,경상
2021082800100303,2021년 8월 28일 15시,토요일,대구광역시 달성군 현풍읍,경상사고,0,0,1,0,차대차 - 기타,안전운전불이행,건조,맑음,교차로 - 교차로안,승용,남,75세,경상,건설기계,남,39세,상해없음
2021082800100304,2021년 8월 28일 15시,토요일,대구광역시 북구 칠성동2가,부상신고사고,0,0,0,1,차대차 - 추돌,안전운전불이행,건조,맑음,교차로 - 교차로부근,승용,남,56세,상해없음,승용,남,34세,부상신고
2021082800100305,2021년 8월 28일 15시,토요일,대구광역시 서구 이현동,경상사고,0,0,1,0,차대차 - 추돌,안전거리미확보,건조,맑음,단일로 - 기타,승합,남,58세,상해없음,승용,남,18세,상해없음
2021082800100306,2021년 8월 28일 15시,토요일,대구광역시 북구 서변동,경상사고,0,0,4,0,차대차 - 측면충돌,안전거리미확보,건조,맑음,단일로 - 기타,승용,남,35세,경상,승용,여,25세,경상
2021082800100342,2021년 8월 28일 16시,토요일,대구광역시 북구 노원동1가,경상사고,0,0,1,0,차대사람 - 기타,안전운전불이행,건조,맑음,단일로 - 기타,자전거,남,77세,상해없음,보행자,여,16세,경상
2021082800100343,2021년 8월 28일 16시,토요일,대구광역시 달서구 용산동,중상사고,0,1,0,0,차대차 - 추돌,안전운전불이행,건조,맑음,단일로 - 기타,승용,남,78세,상해없음,이륜,남,37세,중상
2021082800100375,2021년 8월 28일 17시,토요일,대구광역시 서구 평리동,중상사고,0,1,1,0,차대차 - 기타,안전운전불이행,건조,맑음,단일로 - 기타,승용,남,60세,상해없음,승용,남,62세,중상
2021082800100402,2021년 8월 28일 18시,토요일,대구광역시 동구 입석동,경상사고,0,0,2,0,차대차 - 측면충돌,안전거리미확보,건조,맑음,교차로 - 교차로부근,화물,남,63세,상해없음,승용,여,57세,경상
2021082800100403,2021년 8월 28일 18시,토요일,대구광역시 동구 효목동,경상사고,0,0,1,0,차대사람 - 기타,안전운전불이행,건조,맑음,단일로 - 기타,승용,남,81세,상해없음,보행자,여,48세,경상
2021082800100404,2021년 8월 28일 18시,토요일,대구광역시 동구 율하동,경상사고,0,0,3,0,차대차 - 측면충돌,안전거리미확보,건조,맑음,단일로 - 기타,승용,남,59세,상해없음,승용,남,43세,경상
2021082800100405,2021년 8월 28일 18시,토요일,대구광역시 동구 방촌동,경상사고,0,0,2,0,차대차 - 측면충돌,안전거리미확보,건조,맑음,교차로 - 교차로부근,화물,남,19세,상해없음,승용,남,51세,경상
2021082800100443,2021년 8월 28일 19시,토요일,대구광역시 달서구 이곡동,경상사고,0,0,1,0,차대차 - 측면충돌,안전운전불이행,건조,맑음,단일로 - 기타,이륜,남,20세,경상,승용,남,39세,상해없음
2021082800100470,2021년 8월 28일 20시,토요일,대구광역시 수성구 중동,경상사고,0,0,1,0,차대차 - 기타,안전거리미확보,건조,맑음,단일로 - 기타,승용,남,30세,상해없음,승용,남,38세,경상
2021082800100471,2021년 8월 28일 20시,토요일,대구광역시 달서구 이곡동,경상사고,0,0,1,0,차대차 - 기타,안전운전불이행,건조,맑음,교차로 - 교차로안,이륜,남,26세,경상,승용,남,27세,상해없음
2021082800100502,2021년 8월 28일 21시,토요일,대구광역시 수성구 신매동,부상신고사고,0,0,0,1,차량단독 - 공작물충돌,안전운전불이행,젖음/습기,비,교차로 - 교차로안,승용,여,33세,부상신고,,,,
2021082800100503,2021년 8월 28일 21시,토요일,대구광역시 수성구 범어동,경상사고,0,0,1,1,차대차 - 측면충돌,안전운전불이행,건조,맑음,단일로 - 기타,승용,남,46세,부상신고,승용,남,25세,경상
2021082900100020,2021년 8월 29일 04시,일요일,대구광역시 달서구 용산동,중상사고,0,1,0,0,차량단독 - 기타,안전운전불이행,건조,맑음,단일로 - 기타,이륜,남,27세,중상,,,,
2021082900100043,2021년 8월 29일 09시,일요일,대구광역시 달서구 상인동,경상사고,0,0,1,0,차대차 - 측면충돌,교차로운행방법위반,건조,맑음,교차로 - 교차로부근,승용,남,68세,상해없음,승용,남,25세,경상
2021082900100077,2021년 8월 29일 11시,일요일,대구광역시 달성군 현풍읍,경상사고,0,0,3,0,차대차 - 후진중충돌,직진우회전진행방해,건조,흐림,교차로 - 교차로안,승용,남,52세,상해없음,승용,남,64세,경상
2021082900100134,2021년 8월 29일 13시,일요일,대구광역시 서구 내당동,경상사고,0,0,1,0,차대사람 - 횡단중,안전운전불이행,젖음/습기,비,단일로 - 기타,승용,남,49세,상해없음,보행자,남,78세,경상
2021082900100169,2021년 8월 29일 14시,일요일,대구광역시 남구 대명동,경상사고,0,0,1,0,차대차 - 후진중충돌,안전운전불이행,건조,맑음,교차로 - 교차로부근,승용,남,60세,상해없음,승용,남,22세,경상
2021082900100171,2021년 8월 29일 14시,일요일,대구광역시 달성군 다사읍,중상사고,0,1,0,0,차대차 - 기타,보행자보호의무위반,건조,맑음,교차로 - 교차로안,승합,남,62세,상해없음,자전거,남,11세,중상
2021082900100205,2021년 8월 29일 15시,일요일,대구광역시 서구 평리동,경상사고,0,0,1,0,차대차 - 측면충돌,안전운전불이행,건조,맑음,기타 - 기타,승용,남,24세,기타불명,승용,남,42세,경상
2021082900100206,2021년 8월 29일 15시,일요일,대구광역시 달서구 이곡동,경상사고,0,0,1,0,차대차 - 측면충돌,안전운전불이행,건조,맑음,교차로 - 교차로부근,승용,남,41세,상해없음,승용,남,59세,경상
2021082900100237,2021년 8월 29일 16시,일요일,대구광역시 동구 서호동,경상사고,0,0,1,0,차대차 - 측면충돌,직진우회전진행방해,건조,맑음,교차로 - 교차로안,승용,남,23세,상해없음,승용,남,40세,경상
2021082900100238,2021년 8월 29일 16시,일요일,대구광역시 북구 고성동2가,경상사고,0,0,1,0,차대차 - 측면충돌,기타,건조,맑음,교차로 - 교차로부근,이륜,남,61세,상해없음,승용,남,57세,경상
2021082900100239,2021년 8월 29일 16시,일요일,대구광역시 달서구 이곡동,경상사고,0,0,1,0,차대차 - 측면충돌,안전운전불이행,건조,맑음,교차로 - 교차로안,승용,남,41세,상해없음,승용,남,53세,상해없음
2021082900100272,2021년 8월 29일 17시,일요일,대구광역시 달서구 진천동,경상사고,0,0,1,0,차대사람 - 차도통행중,보행자보호의무위반,건조,맑음,단일로 - 기타,승용,여,59세,상해없음,보행자,여,29세,경상
2021082900100273,2021년 8월 29일 17시,일요일,대구광역시 달서구 대곡동,경상사고,0,0,1,0,차량단독 - 기타,안전운전불이행,젖음/습기,비,교차로 - 교차로부근,기타불명,기타불명,미분류,기타불명,,,,
2021082900100310,2021년 8월 29일 18시,일요일,대구광역시 수성구 신매동,경상사고,0,0,1,0,차대사람 - 기타,기타,건조,맑음,단일로 - 기타,개인형이동수단(PM),남,14세,상해없음,보행자,남,65세,경상
2021082900100311,2021년 8월 29일 18시,일요일,대구광역시 수성구 매호동,중상사고,0,1,0,0,차대차 - 측면충돌,교차로운행방법위반,건조,맑음,교차로 - 교차로안,승용,남,65세,상해없음,이륜,남,35세,중상
2021082900100414,2021년 8월 29일 22시,일요일,대구광역시 동구 신천동,경상사고,0,0,2,0,차대차 - 측면충돌,신호위반,건조,맑음,교차로 - 교차로안,승용,남,62세,경상,이륜,남,43세,경상
2021082900100415,2021년 8월 29일 22시,일요일,대구광역시 동구 신암동,부상신고사고,0,0,0,2,차대차 - 측면충돌,안전운전불이행,건조,맑음,교차로 - 교차로안,승용,남,60세,상해없음,승용,남,75세,상해없음
2021082900100416,2021년 8월 29일 22시,일요일,대구광역시 서구 평리동,중상사고,0,1,1,0,차대차 - 기타,직진우회전진행방해,건조,맑음,교차로 - 교차로안,승용,남,20세,상해없음,이륜,남,36세,중상
2021082900100426,2021년 8월 29일 23시,일요일,대구광역시 남구 대명동,경상사고,0,0,1,0,차대차 - 추돌,안전운전불이행,건조,맑음,단일로 - 기타,승용,남,30세,상해없음,승용,남,56세,경상
2021083000100004,2021년 8월 30일 00시,월요일,대구광역시 중구 대봉동,중상사고,0,1,0,1,차대차 - 측면충돌,신호위반,건조,맑음,교차로 - 교차로안,승용,남,33세,부상신고,승용,남,76세,중상
2021083000100012,2021년 8월 30일 03시,월요일,대구광역시 달서구 유천동,중상사고,0,1,1,0,차대차 - 측면충돌,신호위반,건조,맑음,교차로 - 교차로안,화물,남,39세,경상,화물,남,25세,중상
2021083000100022,2021년 8월 30일 05시,월요일,대구광역시 달성군 현풍읍,중상사고,0,1,0,0,차대차 - 측면충돌,안전운전불이행,건조,맑음,단일로 - 기타,승용,여,55세,상해없음,이륜,남,66세,중상
2021083000100050,2021년 8월 30일 07시,월요일,대구광역시 서구 비산동,중상사고,0,1,0,0,차대사람 - 길가장자리구역통행중,안전운전불이행,건조,맑음,단일로 - 기타,승용,여,70세,상해없음,보행자,여,60세,중상
2021083000100051,2021년 8월 30일 07시,월요일,대구광역시 북구 관음동,경상사고,0,0,1,0,차대차 - 측면충돌,안전거리미확보,건조,맑음,단일로 - 기타,승용,여,30세,기타불명,승용,여,51세,경상
2021083000100068,2021년 8월 30일 08시,월요일,대구광역시 수성구 상동,중상사고,0,1,0,0,차대사람 - 차도통행중,안전운전불이행,건조,맑음,단일로 - 기타,승용,여,59세,상해없음,보행자,여,87세,중상
2021083000100069,2021년 8월 30일 08시,월요일,대구광역시 달서구 진천동,경상사고,0,0,1,0,차대차 - 측면충돌,안전운전불이행,건조,맑음,단일로 - 기타,승용,남,40세,상해없음,승용,여,53세,경상
2021083000100070,2021년 8월 30일 08시,월요일,대구광역시 달성군 유가읍,중상사고,0,2,0,0,차대차 - 측면충돌,안전운전불이행,건조,맑음,교차로 - 교차로안,승용,남,26세,중상,승용,여,25세,중상
2021083000100071,2021년 8월 30일 08시,월요일,대구광역시 북구 침산동,경상사고,0,0,1,0,차대차 - 측면충돌,안전운전불이행,젖음/습기,맑음,단일로 - 기타,승용,남,55세,상해없음,화물,남,54세,경상
2021083000100102,2021년 8월 30일 09시,월요일,대구광역시 수성구 상동,중상사고,0,1,0,0,차대차 - 측면충돌,안전운전불이행,건조,맑음,단일로 - 기타,승용,남,49세,상해없음,승용,남,63세,중상
2021083000100103,2021년 8월 30일 09시,월요일,대구광역시 수성구 범어동,중상사고,0,1,0,0,차대차 - 추돌,안전운전불이행,건조,맑음,단일로 - 기타,승용,남,71세,상해없음,승합,남,42세,중상
2021083000100104,2021년 8월 30일 09시,월요일,대구광역시 중구 태평로3가,중상사고,0,1,0,0,차대차 - 기타,안전운전불이행,건조,맑음,단일로 - 기타,이륜,남,72세,중상,승합,남,55세,상해없음
2021083000100105,2021년 8월 30일 09시,월요일,대구광역시 달서구 갈산동,부상신고사고,0,0,0,1,차대차 - 기타,안전운전불이행,젖음/습기,흐림,단일로 - 기타,화물,남,51세,부상신고,화물,남,56세,상해없음
2021083000100106,2021년 8월 30일 09시,월요일,대구광역시 달서구 감삼동,부상신고사고,0,0,0,1,차대사람 - 기타,안전운전불이행,건조,맑음,단일로 - 기타,기타불명,기타불명,미분류,기타불명,보행자,여,59세,부상신고
2021083000100107,2021년 8월 30일 09시,월요일,대구광역시 북구 구암동,부상신고사고,0,0,0,1,차대차 - 측면충돌,안전운전불이행,건조,맑음,교차로 - 교차로안,기타불명,기타불명,미분류,기타불명,승용,남,45세,부상신고
2021083000100134,2021년 8월 30일 10시,월요일,대구광역시 서구 상리동,경상사고,0,0,1,1,차대차 - 추돌,차로위반,건조,맑음,단일로 - 기타,화물,남,45세,부상신고,승용,여,37세,경상
2021083000100180,2021년 8월 30일 11시,월요일,대구광역시 달서구 본동,중상사고,0,1,0,0,차대차 - 기타,차로위반,건조,맑음,단일로 - 기타,승용,남,72세,상해없음,이륜,남,50세,중상
2021083000100181,2021년 8월 30일 11시,월요일,대구광역시 서구 비산동,경상사고,0,0,2,0,차대차 - 추돌,안전운전불이행,건조,맑음,단일로 - 기타,승용,여,47세,상해없음,승용,여,63세,경상
2021083000100182,2021년 8월 30일 11시,월요일,대구광역시 중구 남산동,부상신고사고,0,0,0,1,차대차 - 기타,안전거리미확보,건조,맑음,단일로 - 기타,승용,남,36세,상해없음,이륜,남,31세,부상신고
2021083000100239,2021년 8월 30일 13시,월요일,대구광역시 북구 서변동,경상사고,0,0,2,0,차대차 - 측면충돌,교차로운행방법위반,건조,맑음,교차로 - 교차로안,승용,여,50세,상해없음,승용,여,28세,경상
2021083000100265,2021년 8월 30일 14시,월요일,대구광역시 동구 지묘동,경상사고,0,0,4,0,차대차 - 정면충돌,신호위반,건조,맑음,교차로 - 교차로안,승용,남,57세,상해없음,승용,여,33세,경상
2021083000100266,2021년 8월 30일 14시,월요일,대구광역시 수성구 이천동,경상사고,0,0,1,0,차대차 - 측면충돌,안전운전불이행,건조,맑음,단일로 - 기타,승용,남,56세,상해없음,승용,여,41세,경상
2021083000100267,2021년 8월 30일 14시,월요일,대구광역시 서구 내당동,경상사고,0,0,1,0,차대사람 - 차도통행중,안전운전불이행,건조,맑음,교차로 - 교차로부근,승용,여,60세,상해없음,보행자,여,53세,경상
2021083000100268,2021년 8월 30일 14시,월요일,대구광역시 달서구 본리동,경상사고,0,0,1,0,차대차 - 후진중충돌,불법유턴,건조,맑음,기타 - 기타,승용,여,63세,상해없음,자전거,여,65세,경상
2021083000100269,2021년 8월 30일 14시,월요일,대구광역시 북구 읍내동,경상사고,0,0,1,0,차대차 - 측면충돌,불법유턴,건조,맑음,단일로 - 기타,화물,남,59세,상해없음,이륜,남,32세,경상
2021083000100306,2021년 8월 30일 15시,월요일,대구광역시 남구 대명동,경상사고,0,0,2,0,차대차 - 정면충돌,직진우회전진행방해,건조,맑음,교차로 - 교차로안,승용,여,59세,경상,승용,여,66세,경상
2021083000100307,2021년 8월 30일 15시,월요일,대구광역시 동구 효목동,경상사고,0,0,1,0,차대차 - 측면충돌,안전운전불이행,건조,맑음,단일로 - 기타,화물,남,59세,상해없음,승용,남,75세,경상
2021083000100308,2021년 8월 30일 15시,월요일,대구광역시 달성군 구지면,경상사고,0,0,1,0,차대차 - 기타,안전운전불이행,건조,맑음,교차로 - 교차로안,자전거,남,13세,경상,승용,남,35세,상해없음
2021083000100309,2021년 8월 30일 15시,월요일,대구광역시 중구 계산동2가,경상사고,0,0,1,0,차대차 - 측면충돌,차로위반,건조,맑음,단일로 - 기타,건설기계,남,68세,상해없음,승용,남,54세,경상
2021083000100342,2021년 8월 30일 16시,월요일,대구광역시 달서구 상인동,경상사고,0,0,1,0,차대차 - 측면충돌,교차로운행방법위반,건조,맑음,교차로 - 교차로안,승용,여,21세,상해없음,개인형이동수단(PM),남,79세,경상
2021083000100343,2021년 8월 30일 16시,월요일,대구광역시 북구 복현동,경상사고,0,0,1,0,차대차 - 기타,교차로운행방법위반,건조,맑음,교차로 - 교차로안,승용,남,56세,상해없음,승용,여,42세,경상
2021083000100381,2021년 8월 30일 17시,월요일,대구광역시 남구 대명동,경상사고,0,0,2,0,차대차 - 측면충돌,안전운전불이행,건조,맑음,단일로 - 기타,승용,남,36세,기타불명,승용,여,43세,경상
2021083000100419,2021년 8월 30일 18시,월요일,대구광역시 동구 서호동,경상사고,0,0,3,0,차대차 - 측면충돌,직진우회전진행방해,건조,맑음,교차로 - 교차로안,승용,남,60세,경상,승용,여,47세,경상
2021083000100420,2021년 8월 30일 18시,월요일,대구광역시 달서구 진천동,경상사고,0,0,1,0,차대차 - 측면충돌,중앙선침범,건조,맑음,단일로 - 기타,승용,남,65세,상해없음,승용,남,21세,경상
2021083000100421,2021년 8월 30일 18시,월요일,대구광역시 달서구 본동,부상신고사고,0,0,0,1,차대차 - 측면충돌,안전운전불이행,건조,맑음,단일로 - 기타,원동기,남,44세,부상신고,화물,남,61세,상해없음
2021083000100422,2021년 8월 30일 18시,월요일,대구광역시 달성군 현풍읍,경상사고,0,0,4,0,차대차 - 기타,안전운전불이행,건조,맑음,단일로 - 기타,승용,남,63세,상해없음,승용,남,42세,경상
2021083000100423,2021년 8월 30일 18시,월요일,대구광역시 중구 삼덕동2가,경상사고,0,0,1,0,차대차 - 측면충돌,안전운전불이행,건조,맑음,교차로 - 교차로안,승합,남,35세,상해없음,승용,여,66세,경상
2021083000100467,2021년 8월 30일 19시,월요일,대구광역시 동구 신암동,경상사고,0,0,1,0,차대차 - 측면충돌,안전운전불이행,건조,맑음,단일로 - 기타,승용,여,26세,상해없음,승용,남,44세,경상
2021083000100499,2021년 8월 30일 20시,월요일,대구광역시 달서구 대곡동,경상사고,0,0,3,0,차대차 - 측면충돌,안전거리미확보,건조,맑음,단일로 - 기타,승용,남,55세,경상,화물,남,34세,경상
2021083000100526,2021년 8월 30일 21시,월요일,대구광역시 서구 비산동,경상사고,0,0,2,0,차대차 - 추돌,안전운전불이행,건조,맑음,단일로 - 기타,승용,여,31세,상해없음,승용,남,32세,경상
2021083000100541,2021년 8월 30일 22시,월요일,대구광역시 수성구 범어동,경상사고,0,0,1,0,차대차 - 추돌,안전운전불이행,건조,흐림,교차로 - 교차로부근,승용,남,48세,기타불명,이륜,남,27세,경상
2021083000100542,2021년 8월 30일 22시,월요일,대구광역시 수성구 두산동,중상사고,0,1,0,0,차대차 - 측면충돌,안전운전불이행,건조,맑음,교차로 - 교차로안,승용,남,55세,상해없음,승용,남,47세,중상
2021083000100543,2021년 8월 30일 22시,월요일,대구광역시 달서구 상인동,경상사고,0,0,1,0,차대사람 - 횡단중,안전운전불이행,건조,맑음,교차로 - 교차로부근,승용,여,22세,상해없음,보행자,여,20세,경상
2021083000100544,2021년 8월 30일 22시,월요일,대구광역시 달서구 두류동,경상사고,0,0,1,0,차대사람 - 기타,안전운전불이행,건조,맑음,단일로 - 기타,승용,남,22세,상해없음,보행자,남,19세,경상
2021083000100545,2021년 8월 30일 22시,월요일,대구광역시 달서구 파호동,경상사고,0,0,2,0,차대차 - 정면충돌,안전운전불이행,건조,맑음,교차로 - 교차로안,승용,남,26세,상해없음,승용,여,50세,상해없음
2021083000100546,2021년 8월 30일 22시,월요일,대구광역시 북구 읍내동,중상사고,0,1,0,0,차대차 - 측면충돌,안전운전불이행,건조,맑음,주차장 - 주차장,개인형이동수단(PM),남,23세,중상,승용,남,27세,기타불명