사고번호,사고일시,요일,시군구,사고내용,사망자수,중상자수,경상자수,부상신고자수,사고유형,법규위반,노면상태,기상상태,도로형태,가해운전자 차종,가해운전자 성별,가해운전자 연령,가해운전자 상해정도,피해운전자 차종,피해운전자 성별,피해운전자 연령,피해운전자 상해정도
2021090700100547,2021년 9월 7일 21시,화요일,대구광역시 북구 구암동,경상사고,0,0,1,0,차대차 - 추돌,안전운전불이행,건조,흐림,교차로 - 교차로부근,기타불명,기타불명,미분류,기타불명,승용,남,37세,경상
2021090800100019,2021년 9월 8일 02시,수요일,대구광역시 수성구 사월동,경상사고,0,0,2,0,차대차 - 측면충돌,신호위반,건조,맑음,교차로 - 교차로안,승용,남,21세,상해없음,승용,남,58세,경상
2021090800100069,2021년 9월 8일 07시,수요일,대구광역시 서구 내당동,경상사고,0,0,1,0,차대차 - 추돌,안전운전불이행,건조,맑음,주차장 - 주차장,승용,여,63세,상해없음,승용,여,30세,경상
2021090800100070,2021년 9월 8일 07시,수요일,대구광역시 달서구 월암동,경상사고,0,0,1,0,차대차 - 기타,안전운전불이행,건조,맑음,단일로 - 기타,자전거,남,61세,경상,승용,남,42세,상해없음
2021090800100071,2021년 9월 8일 07시,수요일,대구광역시 북구 읍내동,중상사고,0,1,0,0,차대사람 - 길가장자리구역통행중,안전운전불이행,건조,맑음,단일로 - 기타,화물,여,42세,상해없음,보행자,여,21세,중상
2021090800100113,2021년 9월 8일 08시,수요일,대구광역시 남구 대명동,경상사고,0,0,2,0,차대차 - 측면충돌,안전운전불이행,건조,맑음,교차로 - 교차로안,승용,여,38세,상해없음,승용,남,24세,경상
2021090800100114,2021년 9월 8일 08시,수요일,대구광역시 동구 신암동,경상사고,0,0,1,0,차대사람 - 기타,안전운전불이행,건조,맑음,기타 - 기타,승용,여,56세,상해없음,보행자,남,71세,경상
2021090800100115,2021년 9월 8일 08시,수요일,대구광역시 수성구 매호동,경상사고,0,0,1,0,차대사람 - 횡단중,보행자보호의무위반,건조,맑음,교차로 - 교차로횡단보도내,승용,여,37세,상해없음,보행자,여,81세,경상
2021090800100116,2021년 9월 8일 08시,수요일,대구광역시 달서구 두류동,경상사고,0,0,1,0,차대차 - 기타,안전거리미확보,건조,맑음,단일로 - 기타,화물,남,48세,상해없음,승용,여,63세,경상
2021090800100149,2021년 9월 8일 09시,수요일,대구광역시 서구 상리동,경상사고,0,0,1,0,차대차 - 추돌,안전운전불이행,건조,맑음,단일로 - 기타,화물,남,55세,상해없음,승용,여,30세,경상
2021090800100184,2021년 9월 8일 10시,수요일,대구광역시 동구 신기동,경상사고,0,0,1,0,차대차 - 기타,안전운전불이행,건조,맑음,단일로 - 기타,승용,여,67세,상해없음,자전거,여,74세,경상
2021090800100185,2021년 9월 8일 10시,수요일,대구광역시 달서구 송현동,경상사고,0,0,1,0,차대사람 - 차도통행중,안전운전불이행,건조,맑음,단일로 - 기타,승용,여,23세,상해없음,보행자,여,27세,경상
2021090800100218,2021년 9월 8일 11시,수요일,대구광역시 중구 동인동4가,경상사고,0,0,1,0,차대차 - 기타,기타,건조,맑음,단일로 - 기타,승용,남,33세,상해없음,승용,남,33세,경상
2021090800100219,2021년 9월 8일 11시,수요일,대구광역시 달서구 두류동,경상사고,0,0,1,0,차대사람 - 횡단중,안전운전불이행,건조,맑음,단일로 - 기타,화물,남,69세,상해없음,보행자,여,60세,경상
2021090800100220,2021년 9월 8일 11시,수요일,대구광역시 북구 태전동,경상사고,0,0,1,0,차대사람 - 차도통행중,안전운전불이행,건조,맑음,교차로 - 교차로부근,승용,남,68세,상해없음,보행자,남,28세,경상
2021090800100250,2021년 9월 8일 12시,수요일,대구광역시 수성구 범어동,경상사고,0,0,1,0,차대사람 - 횡단중,안전운전불이행,건조,맑음,교차로 - 교차로안,승용,여,46세,상해없음,보행자,남,23세,경상
2021090800100290,2021년 9월 8일 13시,수요일,대구광역시 수성구 황금동,경상사고,0,0,2,0,차대차 - 추돌,안전거리미확보,건조,맑음,단일로 - 기타,이륜,남,45세,경상,승용,여,41세,경상
2021090800100291,2021년 9월 8일 13시,수요일,대구광역시 북구 노원동3가,중상사고,0,2,0,0,차대차 - 측면충돌,안전거리미확보,건조,맑음,단일로 - 기타,승용,여,63세,상해없음,승용,여,37세,중상
2021090800100331,2021년 9월 8일 14시,수요일,대구광역시 북구 침산동,중상사고,0,3,0,0,차대차 - 추돌,안전거리미확보,건조,맑음,단일로 - 지하차도(도로)내,화물,남,51세,상해없음,승용,남,61세,중상
2021090800100332,2021년 9월 8일 14시,수요일,대구광역시 서구 비산동,경상사고,0,0,1,0,차대차 - 측면충돌,신호위반,건조,맑음,단일로 - 기타,승용,여,28세,상해없음,이륜,남,22세,경상
2021090800100373,2021년 9월 8일 15시,수요일,대구광역시 동구 각산동,경상사고,0,0,1,0,차대사람 - 횡단중,교차로운행방법위반,건조,맑음,교차로 - 교차로안,승용,여,51세,상해없음,보행자,여,66세,경상
2021090800100374,2021년 9월 8일 15시,수요일,대구광역시 동구 신천동,경상사고,0,0,2,0,차대차 - 기타,안전운전불이행,건조,맑음,단일로 - 기타,승용,남,22세,상해없음,승용,여,38세,상해없음
2021090800100375,2021년 9월 8일 15시,수요일,대구광역시 동구 각산동,경상사고,0,0,1,0,차대차 - 기타,안전운전불이행,건조,맑음,단일로 - 기타,승합,남,66세,상해없음,승용,남,43세,경상
2021090800100376,2021년 9월 8일 15시,수요일,대구광역시 달서구 송현동,경상사고,0,0,2,0,차대차 - 측면충돌,안전운전불이행,건조,맑음,교차로 - 교차로안,이륜,남,16세,상해없음,승용,여,44세,경상
2021090800100423,2021년 9월 8일 16시,수요일,대구광역시 남구 대명동,경상사고,0,0,2,0,차대차 - 측면충돌,안전거리미확보,건조,맑음,단일로 - 기타,승용,여,71세,상해없음,승용,남,41세,경상
2021090800100424,2021년 9월 8일 16시,수요일,대구광역시 동구 신기동,경상사고,0,0,1,0,차대차 - 기타,안전운전불이행,건조,맑음,단일로 - 기타,승용,남,63세,상해없음,승용,여,26세,경상
2021090800100425,2021년 9월 8일 16시,수요일,대구광역시 수성구 시지동,경상사고,0,0,2,0,차대차 - 측면충돌,안전거리미확보,건조,맑음,단일로 - 기타,이륜,남,23세,경상,화물,남,48세,상해없음
2021090800100426,2021년 9월 8일 16시,수요일,대구광역시 수성구 가천동,경상사고,0,0,1,0,차대차 - 정면충돌,안전거리미확보,건조,맑음,단일로 - 기타,승용,남,35세,상해없음,승용,여,25세,경상
2021090800100427,2021년 9월 8일 16시,수요일,대구광역시 북구 노원동3가,경상사고,0,0,2,0,차대차 - 측면충돌,안전운전불이행,건조,맑음,교차로 - 교차로안,화물,남,59세,경상,화물,남,58세,경상
2021090800100518,2021년 9월 8일 18시,수요일,대구광역시 북구 금호동,경상사고,0,0,1,0,차대차 - 추돌,안전운전불이행,건조,맑음,단일로 - 기타,특수,남,47세,상해없음,승용,남,29세,경상
2021090800100522,2021년 9월 8일 18시,수요일,대구광역시 달서구 대천동,경상사고,0,0,1,0,차대차 - 추돌,안전거리미확보,건조,맑음,단일로 - 기타,승용,남,34세,상해없음,승용,남,40세,경상
2021090800100523,2021년 9월 8일 18시,수요일,대구광역시 달성군 하빈면,경상사고,0,0,1,0,차대차 - 측면충돌,직진우회전진행방해,건조,맑음,교차로 - 교차로안,승용,남,33세,상해없음,이륜,남,65세,경상
2021090800100524,2021년 9월 8일 18시,수요일,대구광역시 달서구 이곡동,경상사고,0,0,1,0,차대사람 - 보도통행중,안전운전불이행,건조,맑음,단일로 - 기타,승용,여,66세,상해없음,보행자,남,미분류,경상
2021090800100566,2021년 9월 8일 19시,수요일,대구광역시 달서구 본동,경상사고,0,0,2,0,차대차 - 측면충돌,안전운전불이행,건조,맑음,단일로 - 기타,승용,남,70세,상해없음,승용,남,69세,경상
2021090800100593,2021년 9월 8일 20시,수요일,대구광역시 동구 동호동,경상사고,0,0,1,0,차대차 - 측면충돌,교차로운행방법위반,건조,맑음,교차로 - 교차로안,승용,남,37세,상해없음,승용,남,35세,경상
2021090800100594,2021년 9월 8일 20시,수요일,대구광역시 달서구 용산동,경상사고,0,0,5,0,차대차 - 추돌,안전운전불이행,건조,맑음,단일로 - 기타,승합,남,50세,상해없음,건설기계,남,55세,기타불명
2021090900100008,2021년 9월 9일 00시,목요일,대구광역시 서구 내당동,중상사고,0,3,0,0,차대차 - 측면충돌,기타,건조,맑음,교차로 - 교차로부근,승용,남,54세,상해없음,승용,남,63세,상해없음
2021090900100009,2021년 9월 9일 00시,목요일,대구광역시 달서구 장기동,경상사고,0,0,1,0,차대차 - 측면충돌,신호위반,건조,맑음,교차로 - 교차로안,승용,남,35세,상해없음,이륜,남,21세,경상
2021090900100012,2021년 9월 9일 01시,목요일,대구광역시 수성구 상동,경상사고,0,0,1,0,차대사람 - 횡단중,보행자보호의무위반,건조,맑음,단일로 - 기타,이륜,남,35세,상해없음,보행자,남,29세,경상
2021090900100038,2021년 9월 9일 06시,목요일,대구광역시 북구 구암동,경상사고,0,0,1,1,차대차 - 측면충돌,안전거리미확보,건조,맑음,단일로 - 교량,이륜,남,61세,부상신고,건설기계,남,53세,경상
2021090900100060,2021년 9월 9일 07시,목요일,대구광역시 북구 사수동,경상사고,0,0,3,0,차대차 - 측면충돌,직진우회전진행방해,건조,맑음,교차로 - 교차로안,승용,여,55세,기타불명,승용,여,46세,경상
2021090900100101,2021년 9월 9일 08시,목요일,대구광역시 동구 신암동,부상신고사고,0,0,0,1,차대차 - 측면충돌,안전운전불이행,건조,맑음,교차로 - 교차로횡단보도내,자전거,남,79세,부상신고,승합,남,58세,상해없음
2021090900100102,2021년 9월 9일 08시,목요일,대구광역시 달서구 신당동,중상사고,0,1,0,0,차대차 - 정면충돌,안전운전불이행,건조,맑음,교차로 - 교차로횡단보도내,승용,여,31세,상해없음,자전거,남,42세,중상
2021090900100128,2021년 9월 9일 09시,목요일,대구광역시 남구 대명동,경상사고,0,0,1,0,차대차 - 측면충돌,안전운전불이행,건조,맑음,단일로 - 기타,화물,남,62세,상해없음,자전거,남,56세,경상
2021090900100129,2021년 9월 9일 09시,목요일,대구광역시 동구 동호동,중상사고,0,1,1,0,차대차 - 측면충돌,신호위반,건조,맑음,교차로 - 교차로안,승용,여,61세,경상,승용,남,58세,중상
2021090900100130,2021년 9월 9일 09시,목요일,대구광역시 수성구 범어동,경상사고,0,0,1,0,차대차 - 측면충돌,안전운전불이행,건조,맑음,단일로 - 기타,승용,여,61세,상해없음,자전거,여,65세,경상
2021090900100131,2021년 9월 9일 09시,목요일,대구광역시 달서구 송현동,중상사고,0,1,1,1,차대차 - 측면충돌,안전거리미확보,건조,맑음,기타 - 기타,건설기계,남,57세,부상신고,승용,남,59세,중상
2021090900100132,2021년 9월 9일 09시,목요일,대구광역시 달성군 화원읍,중상사고,0,1,0,0,차대사람 - 횡단중,보행자보호의무위반,건조,맑음,교차로 - 교차로안,승용,남,63세,상해없음,보행자,여,48세,중상
2021090900100198,2021년 9월 9일 11시,목요일,대구광역시 서구 평리동,경상사고,0,0,1,0,차대차 - 추돌,안전거리미확보,건조,맑음,교차로 - 교차로부근,승용,여,57세,상해없음,화물,남,63세,경상
2021090900100199,2021년 9월 9일 11시,목요일,대구광역시 중구 봉산동,경상사고,0,0,1,0,차대차 - 측면충돌,차로위반,건조,맑음,단일로 - 기타,승용,남,37세,상해없음,승용,여,46세,경상
2021090900100234,2021년 9월 9일 12시,목요일,대구광역시 남구 대명동,경상사고,0,0,2,0,차대차 - 측면충돌,안전운전불이행,건조,맑음,교차로 - 교차로안,이륜,여,50세,경상,화물,남,45세,경상
2021090900100235,2021년 9월 9일 12시,목요일,대구광역시 달성군 논공읍,경상사고,0,0,1,0,차대차 - 측면충돌,안전운전불이행,건조,맑음,교차로 - 교차로안,이륜,남,34세,경상,승용,남,78세,상해없음
2021090900100236,2021년 9월 9일 12시,목요일,대구광역시 중구 동인동2가,경상사고,0,0,1,1,차대차 - 측면충돌,안전거리미확보,건조,맑음,교차로 - 교차로횡단보도내,승합,남,51세,부상신고,승용,남,54세,경상
2021090900100273,2021년 9월 9일 13시,목요일,대구광역시 달서구 상인동,경상사고,0,0,1,1,차대차 - 추돌,안전운전불이행,건조,맑음,단일로 - 기타,승용,여,62세,부상신고,승용,여,41세,경상
2021090900100274,2021년 9월 9일 13시,목요일,대구광역시 달서구 본동,중상사고,0,1,1,0,차대차 - 측면충돌,교차로운행방법위반,건조,맑음,교차로 - 교차로안,승용,여,47세,경상,이륜,남,23세,중상
2021090900100275,2021년 9월 9일 13시,목요일,대구광역시 서구 내당동,경상사고,0,0,1,0,차대차 - 기타,안전운전불이행,건조,맑음,교차로 - 교차로부근,승용,여,38세,상해없음,자전거,남,25세,경상
2021090900100307,2021년 9월 9일 14시,목요일,대구광역시 달서구 상인동,중상사고,0,1,0,0,차대차 - 측면충돌,직진우회전진행방해,건조,맑음,기타 - 기타,화물,남,65세,상해없음,이륜,남,32세,중상
2021090900100308,2021년 9월 9일 14시,목요일,대구광역시 북구 복현동,경상사고,0,0,1,0,차대사람 - 기타,안전운전불이행,건조,맑음,단일로 - 기타,승합,남,49세,상해없음,보행자,여,77세,경상
2021090900100309,2021년 9월 9일 14시,목요일,대구광역시 중구 동인동2가,부상신고사고,0,0,0,1,차대차 - 측면충돌,안전운전불이행,건조,맑음,교차로 - 교차로안,승용,남,59세,부상신고,승용,여,68세,상해없음
2021090900100347,2021년 9월 9일 15시,목요일,대구광역시 수성구 범어동,경상사고,0,0,1,0,차대차 - 추돌,안전운전불이행,건조,맑음,교차로 - 교차로부근,승용,남,72세,상해없음,이륜,남,41세,경상
2021090900100379,2021년 9월 9일 16시,목요일,대구광역시 달성군 현풍읍,중상사고,0,1,0,0,차대차 - 측면충돌,기타,건조,맑음,단일로 - 기타,화물,남,50세,상해없음,자전거,여,59세,중상
2021090900100384,2021년 9월 9일 16시,목요일,대구광역시 수성구 범어동,중상사고,0,2,0,0,차대차 - 기타,안전운전불이행,건조,맑음,교차로 - 교차로안,승용,여,65세,상해없음,이륜,남,80세,중상
2021090900100385,2021년 9월 9일 16시,목요일,대구광역시 수성구 범어동,경상사고,0,0,2,1,차대차 - 기타,안전거리미확보,건조,맑음,단일로 - 기타,승용,여,62세,상해없음,승용,여,48세,경상
2021090900100413,2021년 9월 9일 17시,목요일,대구광역시 동구 용계동,경상사고,0,0,1,0,차대차 - 측면충돌,안전운전불이행,건조,맑음,교차로 - 교차로부근,승용,남,56세,상해없음,승용,여,56세,경상
2021090900100418,2021년 9월 9일 17시,목요일,대구광역시 수성구 파동,경상사고,0,0,1,0,차대차 - 측면충돌,안전운전불이행,건조,맑음,단일로 - 기타,승용,남,24세,상해없음,승용,여,26세,경상
2021090900100419,2021년 9월 9일 17시,목요일,대구광역시 달서구 월성동,중상사고,0,2,0,0,차대차 - 측면충돌,안전운전불이행,건조,맑음,기타 - 기타,승용,여,52세,중상,승용,여,44세,중상
2021090900100420,2021년 9월 9일 17시,목요일,대구광역시 북구 대현동,중상사고,0,1,0,0,차대차 - 측면충돌,안전운전불이행,건조,맑음,단일로 - 기타,승용,남,58세,상해없음,이륜,남,17세,중상
2021090900100421,2021년 9월 9일 17시,목요일,대구광역시 북구 고성동2가,경상사고,0,0,1,0,차대차 - 추돌,교차로운행방법위반,건조,맑음,교차로 - 교차로부근,화물,남,29세,상해없음,이륜,남,51세,경상
2021090900100422,2021년 9월 9일 17시,목요일,대구광역시 달서구 장기동,중상사고,0,1,0,0,차대차 - 정면충돌,안전운전불이행,건조,맑음,단일로 - 기타,자전거,남,15세,중상,승용,남,58세,상해없음
2021090900100423,2021년 9월 9일 17시,목요일,대구광역시 달서구 용산동,경상사고,0,0,1,0,차대차 - 측면충돌,안전운전불이행,건조,맑음,교차로 - 교차로부근,승용,여,51세,기타불명,승용,여,38세,경상
2021090900100464,2021년 9월 9일 18시,목요일,대구광역시 동구 봉무동,중상사고,0,1,0,0,차량단독 - 기타,기타,건조,맑음,단일로 - 기타,승합,남,51세,상해없음,,,,
2021090900100465,2021년 9월 9일 18시,목요일,대구광역시 수성구 욱수동,경상사고,0,0,1,0,차대차 - 기타,안전운전불이행,건조,맑음,단일로 - 기타,승용,여,32세,상해없음,자전거,남,74세,경상
2021090900100466,2021년 9월 9일 18시,목요일,대구광역시 수성구 연호동,경상사고,0,0,1,0,차대차 - 후진중충돌,안전운전불이행,건조,맑음,교차로 - 교차로부근,승용,여,52세,상해없음,승용,여,26세,경상
2021090900100467,2021년 9월 9일 18시,목요일,대구광역시 달서구 상인동,경상사고,0,0,2,0,차대차 - 측면충돌,교차로운행방법위반,건조,맑음,교차로 - 교차로안,이륜,남,17세,경상,승용,여,26세,경상
2021090900100468,2021년 9월 9일 18시,목요일,대구광역시 달서구 월성동,경상사고,0,0,1,0,차대차 - 추돌,안전운전불이행,건조,맑음,단일로 - 기타,승용,여,25세,상해없음,승용,남,29세,경상
2021090900100469,2021년 9월 9일 18시,목요일,대구광역시 달서구 신당동,경상사고,0,0,2,0,차대차 - 측면충돌,안전거리미확보,건조,맑음,교차로 - 교차로부근,승용,여,44세,경상,승용,남,62세,경상
2021090900100470,2021년 9월 9일 18시,목요일,대구광역시 달서구 감삼동,경상사고,0,0,1,1,차대차 - 추돌,안전거리미확보,건조,맑음,교차로 - 교차로안,이륜,여,29세,부상신고,승용,남,53세,경상
2021090900100502,2021년 9월 9일 19시,목요일,대구광역시 동구 검사동,경상사고,0,0,1,0,차대차 - 정면충돌,신호위반,건조,맑음,교차로 - 교차로안,승용,남,22세,상해없음,승용,남,55세,경상
2021090900100503,2021년 9월 9일 19시,목요일,대구광역시 수성구 범어동,경상사고,0,0,1,0,차대차 - 측면충돌,안전거리미확보,건조,맑음,기타 - 기타,승용,남,28세,상해없음,승용,남,32세,경상
2021090900100504,2021년 9월 9일 19시,목요일,대구광역시 달서구 상인동,경상사고,0,0,1,0,차대차 - 측면충돌,안전거리미확보,건조,맑음,단일로 - 기타,승용,남,55세,상해없음,승용,남,25세,경상
2021090900100505,2021년 9월 9일 19시,목요일,대구광역시 서구 평리동,경상사고,0,0,2,0,차대차 - 측면충돌,안전운전불이행,건조,맑음,교차로 - 교차로안,화물,남,61세,상해없음,승용,남,29세,경상
2021090900100529,2021년 9월 9일 20시,목요일,대구광역시 남구 대명동,경상사고,0,0,2,0,차대차 - 후진중충돌,안전운전불이행,건조,맑음,단일로 - 기타,승용,여,27세,상해없음,승용,남,31세,경상
2021090900100530,2021년 9월 9일 20시,목요일,대구광역시 수성구 두산동,경상사고,0,0,2,0,차량단독 - 공작물충돌,안전운전불이행,건조,맑음,기타 - 기타,승용,남,53세,상해없음,,,,
2021090900100531,2021년 9월 9일 20시,목요일,대구광역시 수성구 두산동,경상사고,0,0,3,0,차대차 - 측면충돌,안전운전불이행,건조,맑음,단일로 - 기타,승용,남,56세,경상,승용,남,46세,경상
2021090900100552,2021년 9월 9일 21시,목요일,대구광역시 달성군 현풍읍,경상사고,0,0,1,0,차대차 - 추돌,안전운전불이행,건조,맑음,교차로 - 교차로부근,승용,남,61세,상해없음,승용,남,33세,경상
2021090900100575,2021년 9월 9일 22시,목요일,대구광역시 동구 방촌동,경상사고,0,0,4,0,차대차 - 측면충돌,안전운전불이행,건조,맑음,교차로 - 교차로부근,승용,남,38세,상해없음,승용,여,25세,경상
2021090900100576,2021년 9월 9일 22시,목요일,대구광역시 동구 신암동,부상신고사고,0,0,0,1,차대차 - 기타,교차로운행방법위반,건조,맑음,교차로 - 교차로부근,이륜,남,18세,부상신고,기타불명,기타불명,미분류,기타불명
2021090900100590,2021년 9월 9일 23시,목요일,대구광역시 달서구 상인동,경상사고,0,0,1,0,차대차 - 측면충돌,안전거리미확보,건조,맑음,단일로 - 기타,승용,여,61세,상해없음,승용,남,42세,경상
2021091000100040,2021년 9월 10일 05시,금요일,대구광역시 달성군 현풍읍,중상사고,0,1,1,0,차량단독 - 전도전복 - 전도,안전운전불이행,건조,맑음,단일로 - 기타,이륜,남,28세,상해없음,,,,
2021091000100051,2021년 9월 10일 06시,금요일,대구광역시 서구 평리동,경상사고,0,0,1,0,차대차 - 측면충돌,안전운전불이행,건조,맑음,단일로 - 기타,승용,남,52세,상해없음,자전거,남,66세,경상
2021091000100069,2021년 9월 10일 07시,금요일,대구광역시 동구 신암동,경상사고,0,0,1,0,차대사람 - 길가장자리구역통행중,안전운전불이행,건조,맑음,단일로 - 기타,원동기,남,40세,상해없음,보행자,남,7세,경상
2021091000100070,2021년 9월 10일 07시,금요일,대구광역시 서구 중리동,경상사고,0,0,1,0,차대차 - 측면충돌,직진우회전진행방해,건조,맑음,교차로 - 교차로안,승용,남,46세,상해없음,이륜,남,61세,경상
2021091000100102,2021년 9월 10일 08시,금요일,대구광역시 서구 비산동,사망사고,1,0,0,0,차대차 - 측면충돌,안전운전불이행,건조,맑음,단일로 - 기타,이륜,남,73세,사망,승용,여,45세,상해없음
2021091000100167,2021년 9월 10일 10시,금요일,대구광역시 북구 서변동,경상사고,0,0,3,0,차대차 - 추돌,안전운전불이행,건조,맑음,기타 - 기타,특수,남,51세,상해없음,승용,남,47세,경상
2021091000100169,2021년 9월 10일 10시,금요일,대구광역시 수성구 수성동1가,중상사고,0,1,0,0,차대차 - 측면충돌,신호위반,건조,맑음,교차로 - 교차로횡단보도내,이륜,남,44세,상해없음,자전거,여,74세,중상
2021091000100204,2021년 9월 10일 11시,금요일,대구광역시 중구 태평로3가,중상사고,0,1,0,0,차대차 - 측면충돌,안전거리미확보,건조,맑음,단일로 - 기타,승용,여,68세,상해없음,승용,남,49세,중상
2021091000100290,2021년 9월 10일 14시,금요일,대구광역시 수성구 파동,경상사고,0,0,1,0,차대차 - 추돌,안전운전불이행,건조,맑음,교차로 - 교차로안,승용,남,64세,상해없음,승용,여,48세,경상
2021091000100291,2021년 9월 10일 14시,금요일,대구광역시 중구 향촌동,경상사고,0,0,1,0,차대차 - 측면충돌,중앙선침범,건조,맑음,교차로 - 교차로부근,승용,남,56세,상해없음,이륜,여,27세,경상
2021091000100331,2021년 9월 10일 15시,금요일,대구광역시 서구 평리동,경상사고,0,0,1,0,차대차 - 기타,직진우회전진행방해,건조,맑음,교차로 - 교차로안,승용,남,69세,상해없음,이륜,남,22세,상해없음
2021091000100332,2021년 9월 10일 15시,금요일,대구광역시 중구 서문로2가,경상사고,0,0,1,0,차대차 - 측면충돌,안전거리미확보,건조,맑음,단일로 - 기타,이륜,남,52세,상해없음,이륜,남,49세,경상
2021091000100377,2021년 9월 10일 16시,금요일,대구광역시 남구 대명동,중상사고,0,1,0,0,차대사람 - 길가장자리구역통행중,보행자보호의무위반,건조,맑음,단일로 - 기타,승용,남,68세,상해없음,보행자,남,14세,중상
2021091000100379,2021년 9월 10일 16시,금요일,대구광역시 수성구 중동,경상사고,0,0,2,0,차대차 - 측면충돌,안전거리미확보,건조,맑음,단일로 - 기타,승용,남,49세,경상,승용,남,54세,경상
2021091000100380,2021년 9월 10일 16시,금요일,대구광역시 수성구 두산동,경상사고,0,0,1,0,차대사람 - 차도통행중,안전운전불이행,건조,맑음,기타 - 기타,승용,남,42세,상해없음,보행자,여,17세,경상
2021091000100430,2021년 9월 10일 17시,금요일,대구광역시 동구 신암동,경상사고,0,0,1,0,차대사람 - 보도통행중,기타,건조,맑음,단일로 - 기타,자전거,여,56세,상해없음,보행자,여,65세,경상
2021091000100431,2021년 9월 10일 17시,금요일,대구광역시 서구 비산동,경상사고,0,0,1,0,차대사람 - 기타,안전운전불이행,건조,맑음,교차로 - 교차로부근,승용,남,72세,상해없음,보행자,여,60세,경상
2021091000100488,2021년 9월 10일 18시,금요일,대구광역시 동구 신암동,경상사고,0,0,1,0,차대차 - 정면충돌,안전운전불이행,건조,맑음,교차로 - 교차로안,이륜,남,21세,상해없음,승용,남,26세,경상
2021091000100489,2021년 9월 10일 18시,금요일,대구광역시 동구 지저동,경상사고,0,0,5,0,차대차 - 추돌,안전운전불이행,건조,흐림,단일로 - 기타,승용,여,42세,기타불명,승용,남,27세,경상
2021091000100490,2021년 9월 10일 18시,금요일,대구광역시 수성구 두산동,경상사고,0,0,2,0,차대차 - 기타,안전운전불이행,건조,맑음,단일로 - 기타,승용,남,46세,상해없음,승용,남,64세,경상
2021091000100491,2021년 9월 10일 18시,금요일,대구광역시 달서구 두류동,경상사고,0,0,1,0,차대차 - 측면충돌,신호위반,건조,흐림,교차로 - 교차로안,승용,남,53세,상해없음,승용,남,33세,경상
2021091000100492,2021년 9월 10일 18시,금요일,대구광역시 북구 태전동,경상사고,0,0,1,0,차대차 - 측면충돌,안전운전불이행,건조,맑음,교차로 - 교차로안,기타불명,기타불명,미분류,기타불명,자전거,남,7세,경상
2021091000100537,2021년 9월 10일 19시,금요일,대구광역시 달서구 대곡동,경상사고,0,0,2,0,차대차 - 추돌,안전거리미확보,건조,맑음,단일로 - 기타,승용,남,48세,상해없음,승용,여,61세,경상
2021091000100538,2021년 9월 10일 19시,금요일,대구광역시 달서구 두류동,중상사고,0,1,0,0,차대사람 - 횡단중,보행자보호의무위반,건조,맑음,단일로 - 기타,화물,남,61세,상해없음,보행자,여,77세,중상
2021091000100570,2021년 9월 10일 20시,금요일,대구광역시 달성군 현풍읍,경상사고,0,0,1,0,차대차 - 측면충돌,안전운전불이행,건조,맑음,단일로 - 기타,승용,남,66세,상해없음,이륜,남,27세,경상
2021091000100571,2021년 9월 10일 20시,금요일,대구광역시 북구 읍내동,경상사고,0,0,1,0,차대차 - 측면충돌,안전운전불이행,건조,맑음,단일로 - 교량,승용,여,56세,상해없음,승용,여,42세,경상
2021091000100643,2021년 9월 10일 22시,금요일,대구광역시 동구 숙천동,경상사고,0,0,1,0,차대차 - 추돌,안전운전불이행,건조,맑음,단일로 - 기타,승용,남,39세,상해없음,승용,남,37세,경상
2021091000100644,2021년 9월 10일 22시,금요일,대구광역시 수성구 파동,중상사고,0,1,0,0,차량단독 - 공작물충돌,안전운전불이행,건조,맑음,단일로 - 터널,승용,남,32세,상해없음,,,,
2021091100100026,2021년 9월 11일 02시,토요일,대구광역시 동구 신암동,경상사고,0,0,1,0,차대사람 - 기타,안전운전불이행,건조,맑음,단일로 - 기타,승용,남,37세,상해없음,보행자,여,25세,경상
2021091100100047,2021년 9월 11일 06시,토요일,대구광역시 북구 서변동,경상사고,0,0,1,0,차대차 - 측면충돌,기타,건조,맑음,기타 - 기타,승용,남,42세,상해없음,화물,남,49세,경상
2021091100100048,2021년 9월 11일 06시,토요일,대구광역시 동구 신암동,부상신고사고,0,0,0,1,차량단독 - 기타,안전운전불이행,건조,흐림,교차로 - 교차로부근,승용,남,54세,상해없음,,,,
2021091100100068,2021년 9월 11일 07시,토요일,대구광역시 달서구 대곡동,경상사고,0,0,1,0,차대차 - 측면충돌,안전운전불이행,건조,맑음,교차로 - 교차로안,화물,남,59세,상해없음,화물,남,58세,경상
2021091100100085,2021년 9월 11일 08시,토요일,대구광역시 수성구 만촌동,중상사고,0,1,0,0,차대차 - 측면충돌,안전운전불이행,건조,맑음,단일로 - 기타,건설기계,남,55세,상해없음,자전거,남,46세,중상
2021091100100145,2021년 9월 11일 10시,토요일,대구광역시 동구 신천동,경상사고,0,0,1,0,차대차 - 측면충돌,교차로운행방법위반,건조,맑음,교차로 - 교차로안,승용,여,72세,상해없음,자전거,남,62세,경상
2021091100100146,2021년 9월 11일 10시,토요일,대구광역시 달서구 감삼동,경상사고,0,0,1,0,차대차 - 후진중충돌,불법유턴,건조,맑음,단일로 - 기타,화물,남,72세,상해없음,자전거,남,23세,경상