사고번호,사고일시,요일,시군구,사고내용,사망자수,중상자수,경상자수,부상신고자수,사고유형,법규위반,노면상태,기상상태,도로형태,가해운전자 차종,가해운전자 성별,가해운전자 연령,가해운전자 상해정도,피해운전자 차종,피해운전자 성별,피해운전자 연령,피해운전자 상해정도
2021091100100191,2021년 9월 11일 11시,토요일,대구광역시 서구 상리동,중상사고,0,5,3,0,차대차 - 측면충돌,안전운전불이행,건조,맑음,단일로 - 기타,승용,남,61세,상해없음,화물,남,61세,중상
2021091100100197,2021년 9월 11일 11시,토요일,대구광역시 수성구 지산동,경상사고,0,0,1,0,차대차 - 측면충돌,안전운전불이행,건조,맑음,단일로 - 기타,승용,남,39세,상해없음,승용,남,24세,경상
2021091100100198,2021년 9월 11일 11시,토요일,대구광역시 중구 동인동2가,중상사고,0,1,0,0,차대차 - 측면충돌,신호위반,건조,맑음,교차로 - 교차로안,승용,여,28세,상해없음,승용,남,44세,중상
2021091100100248,2021년 9월 11일 12시,토요일,대구광역시 동구 신암동,경상사고,0,0,1,0,차대차 - 측면충돌,신호위반,건조,맑음,교차로 - 교차로안,승용,여,39세,상해없음,원동기,남,39세,경상
2021091100100249,2021년 9월 11일 12시,토요일,대구광역시 수성구 만촌동,경상사고,0,0,1,0,차대차 - 측면충돌,안전거리미확보,건조,맑음,단일로 - 기타,승용,남,23세,상해없음,승용,남,30세,경상
2021091100100250,2021년 9월 11일 12시,토요일,대구광역시 서구 비산동,경상사고,0,0,1,0,차대차 - 추돌,안전운전불이행,건조,맑음,교차로 - 교차로부근,승용,남,38세,상해없음,이륜,남,81세,경상
2021091100100251,2021년 9월 11일 12시,토요일,대구광역시 중구 동산동,경상사고,0,0,5,0,차대차 - 측면충돌,안전운전불이행,건조,맑음,교차로 - 교차로안,승용,여,20세,경상,승용,남,52세,경상
2021091100100252,2021년 9월 11일 12시,토요일,대구광역시 달서구 이곡동,경상사고,0,0,1,0,차대차 - 측면충돌,안전운전불이행,건조,맑음,교차로 - 교차로부근,승용,남,31세,상해없음,승용,여,50세,경상
2021091100100253,2021년 9월 11일 12시,토요일,대구광역시 북구 국우동,중상사고,0,1,0,0,차대차 - 추돌,안전거리미확보,건조,맑음,단일로 - 기타,승합,남,61세,상해없음,이륜,남,36세,중상
2021091100100254,2021년 9월 11일 12시,토요일,대구광역시 북구 서변동,경상사고,0,0,2,1,차대차 - 측면충돌,안전운전불이행,건조,맑음,단일로 - 기타,승용,남,28세,기타불명,승용,남,49세,경상
2021091100100255,2021년 9월 11일 12시,토요일,대구광역시 북구 서변동,경상사고,0,0,1,0,차대차 - 측면충돌,기타,건조,맑음,단일로 - 교량,건설기계,남,59세,상해없음,승용,남,48세,경상
2021091100100304,2021년 9월 11일 13시,토요일,대구광역시 달서구 진천동,경상사고,0,0,2,0,차대차 - 측면충돌,차로위반,건조,맑음,단일로 - 기타,승용,남,77세,경상,승용,여,37세,경상
2021091100100305,2021년 9월 11일 13시,토요일,대구광역시 서구 내당동,경상사고,0,0,3,1,차대차 - 측면충돌,안전운전불이행,건조,맑음,교차로 - 교차로부근,이륜,남,54세,부상신고,승용,남,39세,경상
2021091100100306,2021년 9월 11일 13시,토요일,대구광역시 서구 내당동,경상사고,0,0,5,0,차대차 - 추돌,안전운전불이행,건조,맑음,교차로 - 교차로부근,건설기계,남,53세,상해없음,승용,남,43세,경상
2021091100100307,2021년 9월 11일 13시,토요일,대구광역시 달서구 신당동,경상사고,0,0,1,0,차대차 - 추돌,안전운전불이행,건조,맑음,단일로 - 기타,승용,남,43세,상해없음,승용,여,56세,경상
2021091100100347,2021년 9월 11일 14시,토요일,대구광역시 수성구 가천동,경상사고,0,0,3,0,차대차 - 추돌,안전운전불이행,건조,맑음,단일로 - 기타,화물,남,50세,기타불명,승용,남,21세,경상
2021091100100353,2021년 9월 11일 14시,토요일,대구광역시 동구 신천동,경상사고,0,0,2,0,차대차 - 정면충돌,안전운전불이행,건조,맑음,단일로 - 기타,승용,남,72세,상해없음,승용,남,30세,경상
2021091100100354,2021년 9월 11일 14시,토요일,대구광역시 수성구 황금동,경상사고,0,0,1,0,차대차 - 측면충돌,교차로운행방법위반,건조,맑음,교차로 - 교차로안,승용,남,52세,상해없음,화물,남,66세,경상
2021091100100355,2021년 9월 11일 14시,토요일,대구광역시 서구 평리동,경상사고,0,0,1,0,차대차 - 측면충돌,교차로운행방법위반,건조,맑음,교차로 - 교차로안,승용,여,55세,기타불명,이륜,남,24세,경상
2021091100100401,2021년 9월 11일 15시,토요일,대구광역시 중구 봉산동,경상사고,0,0,1,0,차대사람 - 기타,기타,건조,맑음,기타 - 기타,이륜,남,71세,상해없음,보행자,남,16세,경상
2021091100100402,2021년 9월 11일 15시,토요일,대구광역시 중구 삼덕동2가,중상사고,0,3,2,0,차대차 - 추돌,안전거리미확보,건조,맑음,교차로 - 교차로안,승용,여,53세,상해없음,승용,여,47세,경상
2021091100100441,2021년 9월 11일 16시,토요일,대구광역시 북구 서변동,중상사고,0,2,4,1,차대차 - 추돌,안전운전불이행,건조,맑음,단일로 - 기타,승용,남,60세,부상신고,승용,남,37세,경상
2021091100100444,2021년 9월 11일 16시,토요일,대구광역시 동구 신기동,중상사고,0,1,0,0,차대차 - 측면충돌,안전운전불이행,건조,맑음,교차로 - 교차로안,승용,여,52세,상해없음,자전거,남,82세,중상
2021091100100445,2021년 9월 11일 16시,토요일,대구광역시 중구 삼덕동1가,경상사고,0,0,1,0,차대차 - 기타,안전운전불이행,건조,맑음,교차로 - 교차로부근,이륜,남,48세,기타불명,승용,남,66세,상해없음
2021091100100446,2021년 9월 11일 16시,토요일,대구광역시 달서구 감삼동,경상사고,0,0,1,0,차대차 - 측면충돌,안전거리미확보,건조,맑음,단일로 - 기타,승용,남,60세,상해없음,승용,남,63세,상해없음
2021091100100490,2021년 9월 11일 17시,토요일,대구광역시 수성구 수성동2가,경상사고,0,0,2,0,차대차 - 측면충돌,교차로운행방법위반,건조,맑음,교차로 - 교차로부근,승용,남,58세,경상,승용,여,53세,경상
2021091100100491,2021년 9월 11일 17시,토요일,대구광역시 달서구 상인동,경상사고,0,0,1,0,차대차 - 측면충돌,안전운전불이행,건조,맑음,단일로 - 기타,승용,여,49세,상해없음,자전거,여,84세,경상
2021091100100492,2021년 9월 11일 17시,토요일,대구광역시 중구 삼덕동1가,경상사고,0,0,1,0,차대사람 - 길가장자리구역통행중,안전운전불이행,건조,맑음,단일로 - 기타,승용,남,27세,상해없음,보행자,여,53세,경상
2021091100100493,2021년 9월 11일 17시,토요일,대구광역시 북구 관음동,경상사고,0,0,1,0,차대차 - 측면충돌,교차로운행방법위반,건조,맑음,교차로 - 교차로안,승용,여,46세,기타불명,승용,여,56세,경상
2021091100100527,2021년 9월 11일 18시,토요일,대구광역시 동구 신암동,경상사고,0,0,1,0,차대사람 - 기타,보행자보호의무위반,건조,맑음,교차로 - 교차로안,승용,남,70세,상해없음,보행자,남,48세,경상
2021091100100528,2021년 9월 11일 18시,토요일,대구광역시 수성구 신매동,부상신고사고,0,0,0,1,차대사람 - 기타,안전운전불이행,건조,맑음,단일로 - 기타,승용,남,60세,상해없음,보행자,남,21세,부상신고
2021091100100529,2021년 9월 11일 18시,토요일,대구광역시 서구 내당동,경상사고,0,0,2,0,차대차 - 추돌,안전운전불이행,건조,맑음,단일로 - 기타,승용,남,55세,상해없음,화물,여,48세,경상
2021091100100530,2021년 9월 11일 18시,토요일,대구광역시 달서구 용산동,중상사고,0,1,1,0,차대사람 - 횡단중,보행자보호의무위반,건조,맑음,교차로 - 교차로횡단보도내,승용,남,47세,상해없음,보행자,여,34세,중상
2021091100100578,2021년 9월 11일 19시,토요일,대구광역시 남구 봉덕동,경상사고,0,0,1,0,차대차 - 측면충돌,차로위반,건조,맑음,교차로 - 교차로안,승용,여,42세,상해없음,승용,남,28세,경상
2021091100100579,2021년 9월 11일 19시,토요일,대구광역시 달서구 상인동,중상사고,0,1,0,0,차대차 - 추돌,안전거리미확보,건조,맑음,단일로 - 기타,이륜,남,48세,중상,승용,여,25세,상해없음
2021091100100611,2021년 9월 11일 20시,토요일,대구광역시 동구 효목동,경상사고,0,0,1,0,차대차 - 측면충돌,안전운전불이행,건조,맑음,단일로 - 기타,기타불명,기타불명,미분류,기타불명,이륜,남,37세,경상
2021091100100612,2021년 9월 11일 20시,토요일,대구광역시 수성구 지산동,경상사고,0,0,3,0,차대차 - 추돌,안전운전불이행,건조,맑음,기타 - 기타,승용,남,51세,상해없음,승용,남,35세,경상
2021091100100613,2021년 9월 11일 20시,토요일,대구광역시 서구 평리동,중상사고,0,1,1,0,차대차 - 측면충돌,중앙선침범,건조,맑음,교차로 - 교차로부근,이륜,남,60세,중상,승합,남,36세,경상
2021091100100642,2021년 9월 11일 21시,토요일,대구광역시 동구 신암동,중상사고,0,1,0,0,차대사람 - 횡단중,신호위반,건조,맑음,단일로 - 기타,승용,여,58세,상해없음,보행자,여,66세,중상
2021091200100006,2021년 9월 12일 00시,일요일,대구광역시 수성구 두산동,경상사고,0,0,1,0,차대차 - 후진중충돌,안전운전불이행,건조,맑음,기타 - 기타,승용,남,67세,상해없음,승용,남,22세,상해없음
2021091200100007,2021년 9월 12일 00시,일요일,대구광역시 수성구 중동,경상사고,0,0,2,0,차대차 - 정면충돌,신호위반,건조,맑음,교차로 - 교차로안,이륜,남,49세,경상,이륜,남,18세,경상
2021091200100047,2021년 9월 12일 08시,일요일,대구광역시 달성군 논공읍,중상사고,0,1,0,0,차량단독 - 기타,안전운전불이행,건조,맑음,단일로 - 기타,자전거,남,36세,중상,,,,
2021091200100082,2021년 9월 12일 10시,일요일,대구광역시 북구 복현동,경상사고,0,0,4,0,차대차 - 후진중충돌,안전운전불이행,건조,맑음,교차로 - 교차로안,승용,남,23세,상해없음,승용,남,43세,경상
2021091200100099,2021년 9월 12일 11시,일요일,대구광역시 수성구 만촌동,경상사고,0,0,2,0,차대차 - 측면충돌,기타,건조,맑음,단일로 - 기타,승용,여,41세,상해없음,승용,남,47세,경상
2021091200100100,2021년 9월 12일 11시,일요일,대구광역시 북구 침산동,경상사고,0,0,1,0,차대사람 - 횡단중,보행자보호의무위반,건조,맑음,교차로 - 교차로횡단보도내,승용,여,36세,기타불명,보행자,남,33세,경상
2021091200100167,2021년 9월 12일 13시,일요일,대구광역시 달서구 월성동,경상사고,0,0,1,0,차대차 - 측면충돌,안전운전불이행,건조,맑음,교차로 - 교차로안,승용,남,24세,상해없음,이륜,남,27세,경상
2021091200100168,2021년 9월 12일 13시,일요일,대구광역시 달서구 상인동,경상사고,0,0,2,0,차대차 - 추돌,안전운전불이행,건조,맑음,교차로 - 교차로부근,화물,남,54세,상해없음,승용,여,47세,경상
2021091200100169,2021년 9월 12일 13시,일요일,대구광역시 중구 남산동,부상신고사고,0,0,0,1,차대차 - 기타,안전운전불이행,건조,맑음,교차로 - 교차로안,자전거,남,50세,부상신고,승용,남,24세,상해없음
2021091200100170,2021년 9월 12일 13시,일요일,대구광역시 북구 동천동,경상사고,0,0,1,0,차대차 - 측면충돌,안전운전불이행,건조,맑음,단일로 - 교량,자전거,남,14세,상해없음,이륜,남,21세,경상
2021091200100203,2021년 9월 12일 14시,일요일,대구광역시 달서구 도원동,경상사고,0,0,4,1,차대차 - 측면충돌,교차로운행방법위반,건조,맑음,교차로 - 교차로안,승용,남,27세,경상,승용,남,22세,경상
2021091200100204,2021년 9월 12일 14시,일요일,대구광역시 달서구 호산동,경상사고,0,0,3,0,차대차 - 기타,신호위반,건조,맑음,교차로 - 교차로안,승용,남,60세,상해없음,승용,여,40세,경상
2021091200100267,2021년 9월 12일 16시,일요일,대구광역시 달성군 다사읍,경상사고,0,0,1,0,차대차 - 측면충돌,안전운전불이행,건조,맑음,교차로 - 교차로부근,승용,남,56세,상해없음,승용,여,58세,경상
2021091200100349,2021년 9월 12일 18시,일요일,대구광역시 수성구 지산동,부상신고사고,0,0,0,1,차대차 - 정면충돌,안전운전불이행,건조,맑음,교차로 - 교차로안,이륜,남,54세,부상신고,화물,남,72세,상해없음
2021091200100350,2021년 9월 12일 18시,일요일,대구광역시 달서구 유천동,경상사고,0,0,1,0,차대차 - 정면충돌,교차로운행방법위반,건조,맑음,교차로 - 교차로안,승용,남,70세,상해없음,승용,여,49세,경상
2021091200100381,2021년 9월 12일 19시,일요일,대구광역시 수성구 범어동,경상사고,0,0,1,0,차대차 - 추돌,안전운전불이행,건조,맑음,교차로 - 교차로부근,승용,남,42세,상해없음,승용,남,66세,상해없음
2021091200100382,2021년 9월 12일 19시,일요일,대구광역시 북구 산격동,부상신고사고,0,0,0,1,차대사람 - 기타,안전운전불이행,건조,맑음,단일로 - 기타,기타불명,기타불명,미분류,기타불명,보행자,남,53세,부상신고
2021091200100409,2021년 9월 12일 20시,일요일,대구광역시 북구 침산동,경상사고,0,0,2,0,차대차 - 측면충돌,신호위반,건조,맑음,단일로 - 기타,화물,남,67세,상해없음,승용,여,61세,경상
2021091200100425,2021년 9월 12일 21시,일요일,대구광역시 북구 산격동,경상사고,0,0,4,0,차대차 - 기타,안전거리미확보,건조,맑음,단일로 - 기타,승용,여,65세,상해없음,승용,남,29세,경상
2021091200100446,2021년 9월 12일 22시,일요일,대구광역시 달서구 송현동,경상사고,0,0,3,0,차대차 - 추돌,안전운전불이행,건조,맑음,교차로 - 교차로부근,화물,남,42세,상해없음,이륜,남,26세,경상
2021091300100004,2021년 9월 13일 00시,월요일,대구광역시 달서구 호산동,경상사고,0,0,1,0,차대차 - 측면충돌,직진우회전진행방해,건조,흐림,교차로 - 교차로안,승용,남,50세,상해없음,이륜,남,22세,경상
2021091300100009,2021년 9월 13일 01시,월요일,대구광역시 동구 신천동,부상신고사고,0,0,0,1,차량단독 - 공작물충돌,안전운전불이행,건조,맑음,단일로 - 지하차도(도로)내,이륜,남,35세,부상신고,,,,
2021091300100015,2021년 9월 13일 03시,월요일,대구광역시 달성군 화원읍,사망사고,1,1,0,0,차대차 - 추돌,안전운전불이행,건조,맑음,단일로 - 기타,원동기,남,17세,사망,화물,남,53세,기타불명
2021091300100065,2021년 9월 13일 07시,월요일,대구광역시 달서구 월성동,부상신고사고,0,0,0,1,차대사람 - 기타,신호위반,건조,맑음,교차로 - 교차로안,승용,남,47세,상해없음,보행자,남,64세,부상신고
2021091300100095,2021년 9월 13일 08시,월요일,대구광역시 수성구 시지동,경상사고,0,0,1,0,차대차 - 측면충돌,안전운전불이행,건조,맑음,교차로 - 교차로부근,화물,남,73세,상해없음,승용,남,24세,경상
2021091300100136,2021년 9월 13일 09시,월요일,대구광역시 남구 대명동,중상사고,0,1,0,0,차대사람 - 횡단중,보행자보호의무위반,건조,맑음,교차로 - 교차로횡단보도내,승용,남,69세,상해없음,보행자,여,68세,중상
2021091300100137,2021년 9월 13일 09시,월요일,대구광역시 달성군 하빈면,중상사고,0,1,0,0,차대차 - 후진중충돌,안전운전불이행,건조,맑음,교차로 - 교차로안,화물,남,42세,상해없음,승용,여,63세,중상
2021091300100138,2021년 9월 13일 09시,월요일,대구광역시 서구 비산동,경상사고,0,0,1,0,차대사람 - 기타,안전운전불이행,건조,맑음,기타 - 기타,화물,남,66세,상해없음,보행자,여,68세,경상
2021091300100213,2021년 9월 13일 11시,월요일,대구광역시 북구 읍내동,경상사고,0,0,2,0,차대차 - 측면충돌,교차로운행방법위반,건조,맑음,교차로 - 교차로안,이륜,남,47세,경상,승용,여,51세,경상
2021091300100251,2021년 9월 13일 12시,월요일,대구광역시 동구 율하동,중상사고,0,1,0,0,차대사람 - 보도통행중,안전운전불이행,건조,맑음,기타 - 기타,이륜,남,50세,상해없음,보행자,여,64세,중상
2021091300100252,2021년 9월 13일 12시,월요일,대구광역시 동구 신천동,경상사고,0,0,3,0,차대차 - 측면충돌,교차로운행방법위반,건조,맑음,교차로 - 교차로안,승용,남,48세,상해없음,승용,남,28세,경상
2021091300100253,2021년 9월 13일 12시,월요일,대구광역시 수성구 만촌동,경상사고,0,0,1,0,차대사람 - 차도통행중,기타,건조,맑음,단일로 - 기타,화물,남,34세,상해없음,보행자,여,40세,경상
2021091300100254,2021년 9월 13일 12시,월요일,대구광역시 달서구 송현동,경상사고,0,0,1,0,차대차 - 측면충돌,차로위반,건조,맑음,단일로 - 기타,승용,여,28세,상해없음,화물,남,49세,경상
2021091300100255,2021년 9월 13일 12시,월요일,대구광역시 북구 침산동,경상사고,0,0,1,0,차대사람 - 횡단중,보행자보호의무위반,건조,맑음,교차로 - 교차로횡단보도내,화물,남,49세,상해없음,보행자,여,41세,경상
2021091300100304,2021년 9월 13일 13시,월요일,대구광역시 중구 동인동2가,경상사고,0,0,1,0,차대차 - 측면충돌,안전운전불이행,건조,맑음,교차로 - 교차로횡단보도내,화물,남,48세,상해없음,자전거,여,26세,경상
2021091300100350,2021년 9월 13일 14시,월요일,대구광역시 수성구 중동,경상사고,0,0,1,0,차대차 - 기타,안전거리미확보,건조,맑음,단일로 - 기타,화물,남,67세,상해없음,승용,여,46세,경상
2021091300100385,2021년 9월 13일 15시,월요일,대구광역시 달서구 상인동,경상사고,0,0,3,0,차대차 - 추돌,안전운전불이행,건조,맑음,기타 - 기타,승용,여,54세,경상,승용,남,74세,경상
2021091300100425,2021년 9월 13일 16시,월요일,대구광역시 중구 향촌동,경상사고,0,0,1,0,차대사람 - 기타,안전운전불이행,건조,맑음,단일로 - 기타,승용,남,26세,상해없음,보행자,남,74세,경상
2021091300100426,2021년 9월 13일 16시,월요일,대구광역시 달서구 감삼동,경상사고,0,0,1,0,차대차 - 기타,직진우회전진행방해,건조,맑음,교차로 - 교차로안,이륜,남,39세,상해없음,승용,여,43세,경상
2021091300100465,2021년 9월 13일 17시,월요일,대구광역시 달성군 화원읍,중상사고,0,1,0,0,차량단독 - 공작물충돌,안전운전불이행,건조,맑음,단일로 - 기타,승용,남,71세,상해없음,,,,
2021091300100466,2021년 9월 13일 17시,월요일,대구광역시 북구 산격동,부상신고사고,0,0,0,1,차대차 - 측면충돌,안전운전불이행,건조,맑음,단일로 - 기타,승용,남,59세,상해없음,자전거,남,75세,부상신고
2021091300100467,2021년 9월 13일 17시,월요일,대구광역시 북구 태전동,경상사고,0,0,1,0,차대사람 - 기타,안전운전불이행,건조,맑음,단일로 - 기타,승용,남,28세,상해없음,보행자,여,59세,경상
2021091300100518,2021년 9월 13일 18시,월요일,대구광역시 달서구 진천동,경상사고,0,0,1,0,차대차 - 후진중충돌,안전운전불이행,건조,맑음,단일로 - 기타,승용,남,60세,상해없음,승용,여,45세,경상
2021091300100519,2021년 9월 13일 18시,월요일,대구광역시 달서구 본리동,경상사고,0,0,2,0,차대차 - 측면충돌,안전거리미확보,건조,맑음,단일로 - 기타,승용,남,45세,상해없음,승용,여,26세,경상
2021091300100520,2021년 9월 13일 18시,월요일,대구광역시 달서구 두류동,경상사고,0,0,1,0,차대사람 - 기타,안전운전불이행,건조,맑음,교차로 - 교차로안,승용,남,59세,기타불명,보행자,남,23세,경상
2021091300100521,2021년 9월 13일 18시,월요일,대구광역시 북구 태전동,경상사고,0,0,1,0,차대차 - 측면충돌,교차로운행방법위반,건조,맑음,교차로 - 교차로안,승용,남,76세,상해없음,승용,남,41세,경상
2021091300100566,2021년 9월 13일 19시,월요일,대구광역시 동구 지저동,경상사고,0,0,1,0,차대차 - 기타,안전거리미확보,건조,맑음,단일로 - 기타,승용,여,27세,상해없음,승합,남,60세,상해없음
2021091300100567,2021년 9월 13일 19시,월요일,대구광역시 달서구 상인동,부상신고사고,0,0,0,1,차량단독 - 기타,안전운전불이행,건조,맑음,교차로 - 교차로안,승용,남,54세,상해없음,,,,
2021091300100599,2021년 9월 13일 20시,월요일,대구광역시 수성구 수성동4가,경상사고,0,0,1,0,차대사람 - 횡단중,보행자보호의무위반,건조,맑음,교차로 - 교차로부근,승용,남,49세,상해없음,보행자,여,27세,경상
2021091300100600,2021년 9월 13일 20시,월요일,대구광역시 북구 구암동,부상신고사고,0,0,0,1,차대차 - 측면충돌,안전운전불이행,건조,맑음,단일로 - 지하차도(도로)내,승용,여,53세,기타불명,승합,남,44세,상해없음
2021091300100626,2021년 9월 13일 21시,월요일,대구광역시 동구 신천동,경상사고,0,0,1,0,차대차 - 기타,안전거리미확보,건조,맑음,단일로 - 기타,승용,남,57세,상해없음,승용,남,27세,경상
2021091300100627,2021년 9월 13일 21시,월요일,대구광역시 북구 동천동,부상신고사고,0,0,0,1,차대차 - 측면충돌,안전운전불이행,건조,맑음,교차로 - 교차로안,자전거,여,16세,부상신고,승용,여,42세,상해없음
2021091300100652,2021년 9월 13일 22시,월요일,대구광역시 수성구 황금동,중상사고,0,2,0,0,차대차 - 추돌,안전거리미확보,건조,맑음,단일로 - 기타,이륜,남,41세,중상,승용,남,38세,중상
2021091300100653,2021년 9월 13일 22시,월요일,대구광역시 달서구 월성동,경상사고,0,0,4,0,차대차 - 추돌,안전운전불이행,건조,맑음,단일로 - 기타,승용,남,69세,상해없음,승용,남,60세,경상
2021091400100008,2021년 9월 14일 00시,화요일,대구광역시 북구 태전동,경상사고,0,0,1,0,차대차 - 추돌,안전운전불이행,젖음/습기,흐림,단일로 - 고가도로위,화물,남,50세,경상,승용,남,28세,상해없음
2021091400100020,2021년 9월 14일 02시,화요일,대구광역시 달서구 두류동,경상사고,0,0,1,0,차대차 - 기타,안전운전불이행,건조,맑음,교차로 - 교차로안,승용,남,33세,상해없음,이륜,남,24세,경상
2021091400100034,2021년 9월 14일 05시,화요일,대구광역시 수성구 시지동,경상사고,0,0,1,0,차량단독 - 공작물충돌,기타,건조,맑음,단일로 - 기타,승용,남,59세,경상,,,,
2021091400100077,2021년 9월 14일 07시,화요일,대구광역시 북구 읍내동,경상사고,0,0,1,0,차대차 - 측면충돌,신호위반,건조,맑음,교차로 - 교차로안,화물,남,65세,상해없음,승용,여,47세,경상
2021091400100163,2021년 9월 14일 09시,화요일,대구광역시 남구 이천동,경상사고,0,0,1,0,차대차 - 측면충돌,교차로운행방법위반,건조,맑음,교차로 - 교차로안,승용,남,48세,상해없음,승용,여,42세,경상
2021091400100164,2021년 9월 14일 09시,화요일,대구광역시 수성구 두산동,경상사고,0,0,1,0,차대차 - 측면충돌,안전거리미확보,건조,맑음,단일로 - 기타,승용,남,55세,상해없음,승용,남,28세,경상
2021091400100165,2021년 9월 14일 09시,화요일,대구광역시 달서구 진천동,경상사고,0,0,1,0,차대사람 - 보도통행중,기타,건조,맑음,단일로 - 기타,승용,남,52세,상해없음,보행자,여,25세,경상
2021091400100202,2021년 9월 14일 10시,화요일,대구광역시 달서구 이곡동,경상사고,0,0,1,0,차대차 - 추돌,안전운전불이행,건조,맑음,단일로 - 기타,화물,남,47세,상해없음,개인형이동수단(PM),남,38세,경상
2021091400100246,2021년 9월 14일 11시,화요일,대구광역시 달서구 본동,경상사고,0,0,1,0,차대차 - 측면충돌,안전운전불이행,건조,맑음,교차로 - 교차로부근,승용,남,24세,상해없음,화물,남,42세,경상
2021091400100292,2021년 9월 14일 12시,화요일,대구광역시 달성군 화원읍,경상사고,0,0,1,0,차대차 - 기타,안전운전불이행,건조,맑음,교차로 - 교차로부근,건설기계,남,41세,상해없음,특수,남,52세,경상
2021091400100293,2021년 9월 14일 12시,화요일,대구광역시 북구 침산동,경상사고,0,0,1,0,차대사람 - 횡단중,안전운전불이행,건조,맑음,교차로 - 교차로부근,승용,남,37세,상해없음,보행자,남,8세,경상
2021091400100294,2021년 9월 14일 12시,화요일,대구광역시 달서구 용산동,경상사고,0,0,1,0,차대차 - 측면충돌,안전운전불이행,건조,맑음,교차로 - 교차로부근,승용,남,36세,기타불명,화물,남,50세,상해없음
2021091400100328,2021년 9월 14일 13시,화요일,대구광역시 수성구 수성동1가,경상사고,0,0,1,0,차대사람 - 기타,안전운전불이행,건조,맑음,교차로 - 교차로부근,승합,남,50세,상해없음,보행자,여,28세,경상
2021091400100375,2021년 9월 14일 14시,화요일,대구광역시 달서구 이곡동,경상사고,0,0,1,0,차대차 - 기타,신호위반,건조,맑음,교차로 - 교차로안,승용,여,60세,상해없음,이륜,남,49세,경상
2021091400100376,2021년 9월 14일 14시,화요일,대구광역시 북구 서변동,중상사고,0,1,1,0,차대차 - 측면충돌,안전운전불이행,건조,맑음,단일로 - 고가도로위,이륜,남,35세,중상,승용,여,64세,경상
2021091400100418,2021년 9월 14일 15시,화요일,대구광역시 북구 관음동,중상사고,0,1,0,0,차대차 - 측면충돌,안전운전불이행,건조,맑음,단일로 - 지하차도(도로)내,승용,남,48세,상해없음,자전거,남,77세,중상
2021091400100482,2021년 9월 14일 16시,화요일,대구광역시 남구 대명동,경상사고,0,0,1,0,차대차 - 후진중충돌,안전운전불이행,건조,맑음,교차로 - 교차로안,승용,남,57세,상해없음,승용,남,44세,경상
2021091400100483,2021년 9월 14일 16시,화요일,대구광역시 달서구 송현동,경상사고,0,0,1,0,차대사람 - 차도통행중,보행자보호의무위반,건조,맑음,단일로 - 기타,승용,남,73세,상해없음,보행자,남,31세,경상
2021091400100527,2021년 9월 14일 17시,화요일,대구광역시 달서구 대곡동,경상사고,0,0,1,0,차대사람 - 횡단중,신호위반,건조,맑음,단일로 - 기타,승용,남,79세,상해없음,보행자,여,10세,경상
2021091400100567,2021년 9월 14일 18시,화요일,대구광역시 수성구 파동,중상사고,0,1,1,0,차대차 - 기타,교차로운행방법위반,건조,맑음,기타 - 기타,승용,여,57세,상해없음,승합,남,62세,경상
2021091400100568,2021년 9월 14일 18시,화요일,대구광역시 서구 평리동,중상사고,0,1,0,0,차대차 - 측면충돌,안전운전불이행,건조,맑음,기타 - 기타,승용,여,46세,상해없음,이륜,남,52세,중상
2021091400100613,2021년 9월 14일 19시,화요일,대구광역시 동구 신천동,경상사고,0,0,5,1,차대차 - 측면충돌,안전거리미확보,건조,맑음,단일로 - 기타,승용,남,24세,상해없음,승합,남,61세,경상
2021091400100614,2021년 9월 14일 19시,화요일,대구광역시 수성구 만촌동,경상사고,0,0,1,0,차대차 - 기타,안전거리미확보,건조,맑음,단일로 - 기타,승용,남,21세,상해없음,승용,남,69세,경상
2021091400100615,2021년 9월 14일 19시,화요일,대구광역시 북구 구암동,중상사고,0,1,0,0,차대사람 - 횡단중,신호위반,건조,맑음,교차로 - 교차로횡단보도내,이륜,남,18세,상해없음,보행자,여,75세,중상
2021091400100695,2021년 9월 14일 21시,화요일,대구광역시 달서구 본리동,중상사고,0,1,1,0,차대차 - 추돌,안전거리미확보,건조,맑음,교차로 - 교차로안,승용,남,68세,상해없음,화물,남,45세,경상
2021091400100696,2021년 9월 14일 21시,화요일,대구광역시 달서구 두류동,중상사고,0,1,0,0,차대차 - 측면충돌,안전운전불이행,건조,맑음,단일로 - 기타,승용,남,27세,상해없음,이륜,여,29세,중상
2021091400100716,2021년 9월 14일 22시,화요일,대구광역시 달서구 송현동,경상사고,0,0,1,0,차대차 - 추돌,안전운전불이행,건조,맑음,기타 - 기타,승용,남,49세,상해없음,승용,여,47세,경상
2021091400100729,2021년 9월 14일 23시,화요일,대구광역시 서구 상리동,경상사고,0,0,1,0,차대차 - 측면충돌,안전운전불이행,건조,맑음,단일로 - 기타,승용,여,60세,경상,승용,여,50세,상해없음
2021091500100006,2021년 9월 15일 00시,수요일,대구광역시 북구 동천동,중상사고,0,1,0,0,차대차 - 측면충돌,안전운전불이행,건조,맑음,단일로 - 기타,승용,남,51세,상해없음,자전거,남,15세,중상
2021091500100013,2021년 9월 15일 01시,수요일,대구광역시 달서구 이곡동,경상사고,0,0,2,0,차대차 - 후진중충돌,안전운전불이행,건조,맑음,교차로 - 교차로부근,승용,남,40세,상해없음,승용,남,60세,경상