사고번호,사고일시,요일,시군구,사고내용,사망자수,중상자수,경상자수,부상신고자수,사고유형,법규위반,노면상태,기상상태,도로형태,가해운전자 차종,가해운전자 성별,가해운전자 연령,가해운전자 상해정도,피해운전자 차종,피해운전자 성별,피해운전자 연령,피해운전자 상해정도
2021091500100023,2021년 9월 15일 04시,수요일,대구광역시 북구 산격동,경상사고,0,0,1,0,차대차 - 측면충돌,안전거리미확보,건조,맑음,단일로 - 기타,특수,남,60세,상해없음,승용,남,58세,경상
2021091500100073,2021년 9월 15일 07시,수요일,대구광역시 달서구 진천동,경상사고,0,0,1,0,차대차 - 측면충돌,안전거리미확보,건조,맑음,단일로 - 기타,승용,여,50세,상해없음,승용,여,45세,경상
2021091500100124,2021년 9월 15일 08시,수요일,대구광역시 동구 신암동,경상사고,0,0,1,0,차대차 - 기타,기타,건조,맑음,단일로 - 기타,승용,남,72세,상해없음,이륜,여,32세,경상
2021091500100125,2021년 9월 15일 08시,수요일,대구광역시 달서구 진천동,경상사고,0,0,1,0,차대사람 - 차도통행중,기타,건조,맑음,단일로 - 기타,기타불명,기타불명,미분류,기타불명,보행자,여,10세,경상
2021091500100170,2021년 9월 15일 09시,수요일,대구광역시 달성군 유가읍,경상사고,0,0,1,0,차대차 - 측면충돌,직진우회전진행방해,건조,맑음,교차로 - 교차로안,승용,남,60세,상해없음,자전거,남,38세,경상
2021091500100214,2021년 9월 15일 10시,수요일,대구광역시 동구 신천동,경상사고,0,0,1,0,차대차 - 측면충돌,안전운전불이행,건조,맑음,교차로 - 교차로부근,승용,남,57세,상해없음,승용,남,67세,경상
2021091500100215,2021년 9월 15일 10시,수요일,대구광역시 수성구 시지동,중상사고,0,1,0,0,차대차 - 추돌,안전운전불이행,건조,맑음,단일로 - 기타,화물,여,46세,상해없음,자전거,남,67세,중상
2021091500100216,2021년 9월 15일 10시,수요일,대구광역시 달서구 본동,경상사고,0,0,2,0,차대차 - 측면충돌,안전거리미확보,건조,맑음,단일로 - 기타,승용,여,34세,상해없음,승용,여,40세,경상
2021091500100256,2021년 9월 15일 11시,수요일,대구광역시 서구 내당동,경상사고,0,0,1,0,차대차 - 기타,기타,건조,맑음,단일로 - 기타,화물,남,59세,상해없음,이륜,남,74세,경상
2021091500100257,2021년 9월 15일 11시,수요일,대구광역시 남구 대명동,경상사고,0,0,1,0,차대차 - 측면충돌,안전거리미확보,건조,맑음,단일로 - 기타,화물,남,46세,상해없음,승용,남,44세,경상
2021091500100287,2021년 9월 15일 12시,수요일,대구광역시 남구 봉덕동,경상사고,0,0,1,0,차대사람 - 횡단중,안전운전불이행,건조,맑음,단일로 - 기타,이륜,남,24세,상해없음,보행자,여,56세,경상
2021091500100288,2021년 9월 15일 12시,수요일,대구광역시 북구 칠성동1가,부상신고사고,0,0,0,1,차대차 - 추돌,안전운전불이행,건조,맑음,단일로 - 기타,이륜,남,75세,상해없음,승용,남,46세,상해없음
2021091500100289,2021년 9월 15일 12시,수요일,대구광역시 북구 대현동,부상신고사고,0,0,0,1,차대차 - 기타,안전운전불이행,건조,맑음,교차로 - 교차로안,승용,남,22세,부상신고,승용,여,47세,상해없음
2021091500100328,2021년 9월 15일 13시,수요일,대구광역시 달성군 다사읍,경상사고,0,0,1,0,차대차 - 기타,안전거리미확보,건조,맑음,교차로 - 교차로부근,승용,여,56세,상해없음,건설기계,남,63세,상해없음
2021091500100423,2021년 9월 15일 15시,수요일,대구광역시 동구 신천동,경상사고,0,0,1,0,차대차 - 측면충돌,안전운전불이행,건조,맑음,단일로 - 기타,특수,남,48세,상해없음,승용,여,57세,경상
2021091500100475,2021년 9월 15일 16시,수요일,대구광역시 달성군 다사읍,경상사고,0,0,1,0,차대차 - 기타,안전운전불이행,건조,맑음,교차로 - 교차로안,승용,남,80세,상해없음,화물,남,35세,경상
2021091500100476,2021년 9월 15일 16시,수요일,대구광역시 서구 평리동,경상사고,0,0,2,0,차대차 - 측면충돌,안전운전불이행,건조,맑음,교차로 - 교차로부근,화물,남,55세,경상,화물,남,69세,경상
2021091500100531,2021년 9월 15일 17시,수요일,대구광역시 수성구 만촌동,경상사고,0,0,1,0,차대차 - 추돌,안전운전불이행,건조,맑음,단일로 - 기타,승용,남,71세,상해없음,승용,여,32세,경상
2021091500100532,2021년 9월 15일 17시,수요일,대구광역시 서구 비산동,경상사고,0,0,2,0,차대차 - 측면충돌,안전운전불이행,건조,맑음,단일로 - 지하차도(도로)내,화물,남,61세,상해없음,승용,남,39세,경상
2021091500100533,2021년 9월 15일 17시,수요일,대구광역시 달서구 용산동,경상사고,0,0,1,0,차대차 - 정면충돌,안전운전불이행,건조,맑음,교차로 - 교차로횡단보도내,승용,남,34세,상해없음,자전거,남,13세,경상
2021091500100594,2021년 9월 15일 18시,수요일,대구광역시 수성구 수성동4가,경상사고,0,0,1,0,차대차 - 추돌,안전운전불이행,건조,맑음,단일로 - 기타,승용,남,57세,상해없음,승용,여,39세,경상
2021091500100595,2021년 9월 15일 18시,수요일,대구광역시 수성구 범어동,경상사고,0,0,3,0,차대차 - 측면충돌,안전거리미확보,건조,맑음,교차로 - 교차로안,승용,여,39세,경상,승용,남,66세,경상
2021091500100596,2021년 9월 15일 18시,수요일,대구광역시 북구 산격동,중상사고,0,1,0,0,차대사람 - 횡단중,보행자보호의무위반,건조,맑음,단일로 - 기타,승용,여,50세,상해없음,보행자,여,66세,중상
2021091500100597,2021년 9월 15일 18시,수요일,대구광역시 북구 서변동,중상사고,0,1,0,0,차대차 - 측면충돌,차로위반,건조,맑음,단일로 - 지하차도(도로)내,승용,남,57세,상해없음,승용,남,51세,중상
2021091500100642,2021년 9월 15일 19시,수요일,대구광역시 서구 중리동,경상사고,0,0,1,0,차대차 - 측면충돌,안전거리미확보,건조,맑음,단일로 - 기타,승용,여,62세,상해없음,승용,남,34세,경상
2021091500100643,2021년 9월 15일 19시,수요일,대구광역시 북구 관음동,경상사고,0,0,1,0,차대차 - 측면충돌,안전운전불이행,건조,맑음,단일로 - 고가도로위,자전거,남,24세,경상,승용,남,21세,상해없음
2021091500100644,2021년 9월 15일 19시,수요일,대구광역시 북구 사수동,경상사고,0,0,2,0,차대차 - 추돌,안전운전불이행,건조,맑음,교차로 - 교차로부근,승용,여,65세,상해없음,승용,남,48세,경상
2021091500100678,2021년 9월 15일 20시,수요일,대구광역시 달서구 송현동,경상사고,0,0,1,0,차대사람 - 차도통행중,보행자보호의무위반,건조,맑음,교차로 - 교차로부근,승용,남,60세,상해없음,보행자,남,54세,경상
2021091500100679,2021년 9월 15일 20시,수요일,대구광역시 서구 비산동,사망사고,1,0,0,0,차대사람 - 기타,안전운전불이행,건조,맑음,단일로 - 기타,승용,남,62세,상해없음,보행자,남,66세,사망
2021091500100680,2021년 9월 15일 20시,수요일,대구광역시 서구 비산동,부상신고사고,0,0,0,2,차대차 - 기타,불법유턴,건조,맑음,단일로 - 기타,이륜,여,38세,부상신고,화물,남,52세,상해없음
2021091500100712,2021년 9월 15일 21시,수요일,대구광역시 달성군 다사읍,경상사고,0,0,1,0,차대사람 - 길가장자리구역통행중,안전운전불이행,건조,맑음,단일로 - 기타,화물,남,69세,상해없음,보행자,여,50세,경상
2021091500100738,2021년 9월 15일 22시,수요일,대구광역시 서구 비산동,중상사고,0,1,0,0,차대차 - 측면충돌,중앙선침범,건조,맑음,단일로 - 기타,승용,여,42세,상해없음,이륜,남,31세,중상
2021091500100739,2021년 9월 15일 22시,수요일,대구광역시 서구 내당동,경상사고,0,0,1,0,차대사람 - 횡단중,신호위반,건조,맑음,교차로 - 교차로안,승용,남,25세,상해없음,보행자,여,35세,경상
2021091500100760,2021년 9월 15일 23시,수요일,대구광역시 중구 대봉동,경상사고,0,0,1,0,차대차 - 측면충돌,안전거리미확보,건조,맑음,단일로 - 기타,이륜,남,23세,상해없음,이륜,남,30세,경상
2021091600100005,2021년 9월 16일 00시,목요일,대구광역시 달서구 유천동,경상사고,0,0,1,0,차대차 - 측면충돌,차로위반,건조,맑음,교차로 - 교차로부근,기타불명,기타불명,미분류,기타불명,승용,남,40세,경상
2021091600100006,2021년 9월 16일 00시,목요일,대구광역시 서구 상리동,경상사고,0,0,3,0,차대차 - 추돌,안전운전불이행,건조,맑음,단일로 - 기타,승용,남,23세,상해없음,승용,남,22세,경상
2021091600100061,2021년 9월 16일 07시,목요일,대구광역시 달성군 다사읍,경상사고,0,0,3,0,차대차 - 측면충돌,안전운전불이행,건조,맑음,교차로 - 교차로부근,화물,남,65세,상해없음,승용,남,27세,경상
2021091600100062,2021년 9월 16일 07시,목요일,대구광역시 달서구 이곡동,중상사고,0,1,1,0,차대차 - 기타,안전운전불이행,건조,맑음,단일로 - 기타,승용,여,28세,상해없음,승용,여,54세,중상
2021091600100063,2021년 9월 16일 07시,목요일,대구광역시 북구 매천동,중상사고,0,1,0,0,차대차 - 측면충돌,안전운전불이행,건조,맑음,교차로 - 교차로안,승용,여,50세,상해없음,자전거,여,69세,중상
2021091600100110,2021년 9월 16일 08시,목요일,대구광역시 달서구 대천동,경상사고,0,0,1,0,차대차 - 측면충돌,안전운전불이행,건조,맑음,단일로 - 기타,승용,남,19세,상해없음,승용,남,38세,경상
2021091600100111,2021년 9월 16일 08시,목요일,대구광역시 달서구 신당동,중상사고,0,1,0,0,차대차 - 기타,교차로운행방법위반,건조,맑음,기타 - 기타,승용,남,33세,상해없음,자전거,남,14세,중상
2021091600100112,2021년 9월 16일 08시,목요일,대구광역시 북구 태전동,경상사고,0,0,1,0,차대차 - 측면충돌,안전운전불이행,건조,맑음,단일로 - 기타,화물,남,47세,상해없음,승용,여,41세,경상
2021091600100212,2021년 9월 16일 11시,목요일,대구광역시 수성구 지산동,경상사고,0,0,1,0,차대차 - 기타,안전운전불이행,기타,맑음,기타 - 기타,자전거,남,76세,경상,승용,여,48세,상해없음
2021091600100213,2021년 9월 16일 11시,목요일,대구광역시 달서구 이곡동,경상사고,0,0,1,0,차대차 - 기타,교차로운행방법위반,건조,맑음,교차로 - 교차로안,이륜,남,26세,경상,승용,남,63세,상해없음
2021091600100214,2021년 9월 16일 11시,목요일,대구광역시 달서구 신당동,경상사고,0,0,2,0,차대차 - 측면충돌,안전운전불이행,건조,맑음,단일로 - 기타,승용,남,42세,경상,승용,여,65세,경상
2021091600100255,2021년 9월 16일 12시,목요일,대구광역시 수성구 범어동,경상사고,0,0,1,0,차대차 - 추돌,안전운전불이행,건조,맑음,기타 - 기타,승용,남,64세,상해없음,승합,남,61세,경상
2021091600100256,2021년 9월 16일 12시,목요일,대구광역시 수성구 지산동,경상사고,0,0,5,0,차대차 - 측면충돌,안전거리미확보,건조,맑음,단일로 - 기타,승용,여,49세,상해없음,승용,남,34세,경상
2021091600100290,2021년 9월 16일 13시,목요일,대구광역시 동구 도동,경상사고,0,0,2,0,차대차 - 추돌,안전운전불이행,건조,맑음,단일로 - 기타,승합,남,70세,상해없음,승용,여,30세,경상
2021091600100293,2021년 9월 16일 13시,목요일,대구광역시 북구 산격동,경상사고,0,0,1,0,차대차 - 추돌,안전운전불이행,건조,흐림,교차로 - 교차로부근,승용,남,63세,상해없음,화물,남,49세,경상
2021091600100348,2021년 9월 16일 14시,목요일,대구광역시 달서구 본리동,경상사고,0,0,1,0,차대차 - 측면충돌,안전거리미확보,건조,맑음,단일로 - 기타,승용,남,42세,상해없음,승용,남,25세,경상
2021091600100349,2021년 9월 16일 14시,목요일,대구광역시 북구 노원동3가,경상사고,0,0,1,0,차대차 - 기타,안전운전불이행,건조,맑음,교차로 - 교차로안,화물,남,59세,상해없음,승용,남,33세,경상
2021091600100350,2021년 9월 16일 14시,목요일,대구광역시 북구 침산동,경상사고,0,0,1,0,차대차 - 측면충돌,차로위반,건조,맑음,교차로 - 교차로부근,승합,여,41세,기타불명,승용,남,61세,경상
2021091600100351,2021년 9월 16일 14시,목요일,대구광역시 중구 덕산동,경상사고,0,0,2,0,차대차 - 측면충돌,안전거리미확보,건조,맑음,단일로 - 기타,화물,남,51세,상해없음,이륜,남,25세,경상
2021091600100352,2021년 9월 16일 14시,목요일,대구광역시 북구 서변동,경상사고,0,0,1,0,차대차 - 측면충돌,안전거리미확보,건조,맑음,단일로 - 교량,승용,여,52세,상해없음,승용,여,73세,경상
2021091600100392,2021년 9월 16일 15시,목요일,대구광역시 동구 효목동,중상사고,0,1,0,0,차대차 - 기타,중앙선침범,건조,맑음,단일로 - 기타,이륜,남,70세,상해없음,이륜,남,38세,중상
2021091600100393,2021년 9월 16일 15시,목요일,대구광역시 달서구 장기동,경상사고,0,0,1,0,차대사람 - 차도통행중,안전운전불이행,건조,맑음,교차로 - 교차로부근,화물,남,31세,상해없음,보행자,여,77세,경상
2021091600100439,2021년 9월 16일 16시,목요일,대구광역시 동구 입석동,중상사고,0,1,0,0,차대차 - 추돌,안전거리미확보,건조,맑음,단일로 - 기타,승용,여,36세,상해없음,승용,남,59세,중상
2021091600100441,2021년 9월 16일 16시,목요일,대구광역시 달서구 월암동,경상사고,0,0,1,0,차대차 - 측면충돌,안전운전불이행,건조,맑음,단일로 - 기타,승용,남,34세,상해없음,승용,남,57세,경상
2021091600100480,2021년 9월 16일 17시,목요일,대구광역시 달서구 유천동,경상사고,0,0,1,0,차대차 - 측면충돌,안전운전불이행,건조,맑음,단일로 - 기타,승용,여,40세,상해없음,자전거,남,8세,경상
2021091600100481,2021년 9월 16일 17시,목요일,대구광역시 달서구 본리동,경상사고,0,0,2,1,차대차 - 측면충돌,차로위반,건조,맑음,단일로 - 기타,승용,여,36세,부상신고,승용,남,58세,경상
2021091600100527,2021년 9월 16일 18시,목요일,대구광역시 남구 봉덕동,경상사고,0,0,1,0,차대차 - 측면충돌,안전운전불이행,건조,맑음,교차로 - 교차로부근,승용,남,66세,상해없음,승용,남,67세,경상
2021091600100574,2021년 9월 16일 19시,목요일,대구광역시 수성구 지산동,경상사고,0,0,1,0,차대차 - 기타,안전운전불이행,건조,맑음,기타 - 기타,자전거,남,41세,경상,승용,남,64세,상해없음
2021091600100575,2021년 9월 16일 19시,목요일,대구광역시 달서구 상인동,부상신고사고,0,0,0,1,차대차 - 측면충돌,안전운전불이행,건조,맑음,단일로 - 기타,개인형이동수단(PM),남,49세,부상신고,승용,여,33세,상해없음
2021091600100576,2021년 9월 16일 19시,목요일,대구광역시 북구 산격동,부상신고사고,0,0,0,1,차대차 - 기타,안전운전불이행,건조,맑음,단일로 - 기타,이륜,남,31세,부상신고,승용,여,32세,상해없음
2021091600100577,2021년 9월 16일 19시,목요일,대구광역시 달서구 신당동,경상사고,0,0,1,0,차대사람 - 기타,안전운전불이행,건조,맑음,단일로 - 기타,승용,남,53세,상해없음,보행자,남,32세,경상
2021091600100622,2021년 9월 16일 20시,목요일,대구광역시 서구 내당동,중상사고,0,1,0,0,차대사람 - 횡단중,안전운전불이행,건조,맑음,단일로 - 기타,승용,남,43세,상해없음,보행자,여,61세,중상
2021091600100680,2021년 9월 16일 22시,목요일,대구광역시 남구 대명동,중상사고,0,1,0,0,차대사람 - 횡단중,안전운전불이행,젖음/습기,비,단일로 - 기타,승용,남,54세,상해없음,보행자,남,45세,중상
2021091600100681,2021년 9월 16일 22시,목요일,대구광역시 달서구 이곡동,경상사고,0,0,1,0,차대차 - 기타,안전거리미확보,건조,맑음,단일로 - 기타,승용,남,31세,상해없음,승용,남,62세,상해없음
2021091600100696,2021년 9월 16일 23시,목요일,대구광역시 달서구 용산동,경상사고,0,0,2,0,차대차 - 추돌,안전운전불이행,젖음/습기,비,단일로 - 기타,승용,남,44세,상해없음,승용,여,39세,경상
2021091700100016,2021년 9월 17일 01시,금요일,대구광역시 달서구 상인동,경상사고,0,0,1,0,차대차 - 측면충돌,교차로운행방법위반,건조,맑음,교차로 - 교차로안,이륜,남,38세,경상,승용,남,29세,상해없음
2021091700100017,2021년 9월 17일 01시,금요일,대구광역시 중구 남산동,경상사고,0,0,2,0,차대차 - 추돌,안전운전불이행,건조,맑음,교차로 - 교차로부근,승용,남,19세,상해없음,승용,남,62세,경상
2021091700100109,2021년 9월 17일 08시,금요일,대구광역시 동구 효목동,경상사고,0,0,1,0,차대차 - 측면충돌,기타,젖음/습기,비,단일로 - 기타,승용,남,83세,기타불명,이륜,남,25세,경상
2021091700100110,2021년 9월 17일 08시,금요일,대구광역시 북구 관음동,경상사고,0,0,1,0,차대차 - 측면충돌,안전거리미확보,젖음/습기,비,단일로 - 기타,특수,남,47세,상해없음,승용,여,29세,경상
2021091700100151,2021년 9월 17일 09시,금요일,대구광역시 중구 서문로1가,중상사고,0,1,0,0,차대사람 - 기타,보행자보호의무위반,젖음/습기,비,교차로 - 교차로횡단보도내,승용,남,57세,상해없음,보행자,여,26세,중상
2021091700100152,2021년 9월 17일 09시,금요일,대구광역시 달서구 감삼동,경상사고,0,0,1,0,차대사람 - 기타,안전운전불이행,건조,맑음,단일로 - 기타,화물,남,62세,상해없음,보행자,여,83세,경상
2021091700100153,2021년 9월 17일 09시,금요일,대구광역시 북구 국우동,경상사고,0,0,2,0,차대차 - 추돌,안전거리미확보,건조,맑음,단일로 - 기타,화물,남,77세,상해없음,화물,남,51세,경상
2021091700100237,2021년 9월 17일 11시,금요일,대구광역시 동구 신기동,경상사고,0,0,1,0,차대차 - 측면충돌,안전운전불이행,건조,맑음,교차로 - 교차로안,승합,여,47세,상해없음,원동기,남,59세,경상
2021091700100238,2021년 9월 17일 11시,금요일,대구광역시 달서구 본동,경상사고,0,0,1,0,차량단독 - 기타,신호위반,건조,맑음,교차로 - 교차로안,승합,남,56세,상해없음,,,,
2021091700100293,2021년 9월 17일 12시,금요일,대구광역시 동구 지저동,경상사고,0,0,5,0,차대차 - 추돌,안전운전불이행,건조,맑음,단일로 - 기타,승용,여,51세,상해없음,승용,남,34세,경상
2021091700100294,2021년 9월 17일 12시,금요일,대구광역시 수성구 상동,경상사고,0,0,2,0,차대차 - 기타,안전운전불이행,건조,맑음,기타 - 기타,승합,남,65세,경상,승용,여,52세,경상
2021091700100295,2021년 9월 17일 12시,금요일,대구광역시 서구 상리동,경상사고,0,0,1,0,차대차 - 측면충돌,중앙선침범,건조,맑음,단일로 - 기타,화물,남,60세,상해없음,승용,남,26세,경상
2021091700100340,2021년 9월 17일 13시,금요일,대구광역시 남구 대명동,경상사고,0,0,1,0,차대차 - 후진중충돌,안전운전불이행,건조,맑음,단일로 - 기타,승용,남,35세,상해없음,승용,남,38세,경상
2021091700100341,2021년 9월 17일 13시,금요일,대구광역시 동구 신기동,경상사고,0,0,1,0,차대차 - 측면충돌,안전운전불이행,건조,맑음,교차로 - 교차로부근,승용,남,61세,상해없음,자전거,남,36세,경상
2021091700100395,2021년 9월 17일 14시,금요일,대구광역시 남구 대명동,경상사고,0,0,1,0,차대차 - 측면충돌,안전운전불이행,건조,맑음,교차로 - 교차로안,승용,남,71세,상해없음,이륜,남,18세,경상
2021091700100445,2021년 9월 17일 15시,금요일,대구광역시 동구 용계동,중상사고,0,1,0,0,차대차 - 후진중충돌,안전운전불이행,건조,맑음,단일로 - 기타,승용,남,32세,상해없음,승용,남,24세,중상
2021091700100449,2021년 9월 17일 15시,금요일,대구광역시 수성구 만촌동,중상사고,0,1,0,0,차대사람 - 횡단중,보행자보호의무위반,건조,맑음,단일로 - 기타,승용,남,58세,상해없음,보행자,남,13세,중상
2021091700100450,2021년 9월 17일 15시,금요일,대구광역시 수성구 두산동,경상사고,0,0,1,0,차대차 - 측면충돌,안전운전불이행,건조,맑음,교차로 - 교차로부근,기타불명,기타불명,미분류,기타불명,이륜,여,27세,경상
2021091700100451,2021년 9월 17일 15시,금요일,대구광역시 중구 인교동,중상사고,0,1,0,0,차대사람 - 횡단중,안전운전불이행,건조,흐림,기타 - 기타,화물,남,52세,상해없음,보행자,여,60세,중상
2021091700100452,2021년 9월 17일 15시,금요일,대구광역시 북구 태전동,경상사고,0,0,1,0,차대차 - 측면충돌,기타,건조,맑음,교차로 - 교차로부근,승용,남,40세,기타불명,승용,남,28세,경상
2021091700100501,2021년 9월 17일 16시,금요일,대구광역시 동구 각산동,경상사고,0,0,1,0,차대차 - 후진중충돌,안전운전불이행,건조,맑음,단일로 - 기타,승용,여,49세,상해없음,승용,남,38세,경상
2021091700100502,2021년 9월 17일 16시,금요일,대구광역시 북구 침산동,경상사고,0,0,1,0,차대차 - 측면충돌,신호위반,건조,맑음,단일로 - 기타,승용,남,46세,기타불명,승용,여,44세,경상
2021091700100503,2021년 9월 17일 16시,금요일,대구광역시 달서구 죽전동,경상사고,0,0,1,0,차대차 - 측면충돌,안전운전불이행,건조,맑음,단일로 - 기타,승용,여,51세,상해없음,승용,남,48세,경상
2021091700100570,2021년 9월 17일 17시,금요일,대구광역시 동구 동호동,경상사고,0,0,1,1,차대차 - 측면충돌,신호위반,건조,맑음,단일로 - 기타,승용,여,44세,부상신고,승용,여,50세,경상
2021091700100571,2021년 9월 17일 17시,금요일,대구광역시 달성군 화원읍,중상사고,0,1,0,0,차대차 - 기타,안전운전불이행,건조,맑음,단일로 - 기타,승용,남,63세,상해없음,승용,남,51세,중상
2021091700100572,2021년 9월 17일 17시,금요일,대구광역시 달성군 다사읍,경상사고,0,0,1,0,차대차 - 기타,안전운전불이행,건조,맑음,단일로 - 기타,이륜,남,24세,경상,승용,남,46세,상해없음
2021091700100573,2021년 9월 17일 17시,금요일,대구광역시 달성군 논공읍,경상사고,0,0,1,0,차대차 - 기타,안전운전불이행,건조,맑음,단일로 - 기타,승용,남,56세,상해없음,승용,여,41세,경상
2021091700100574,2021년 9월 17일 17시,금요일,대구광역시 달서구 신당동,경상사고,0,0,2,0,차대차 - 추돌,안전운전불이행,건조,맑음,단일로 - 기타,승용,남,58세,상해없음,승용,여,55세,경상
2021091700100575,2021년 9월 17일 17시,금요일,대구광역시 달서구 본리동,경상사고,0,0,1,0,차대사람 - 길가장자리구역통행중,안전운전불이행,건조,맑음,교차로 - 교차로안,승용,남,47세,상해없음,보행자,남,28세,경상
2021091700100626,2021년 9월 17일 18시,금요일,대구광역시 서구 원대동1가,부상신고사고,0,0,0,1,차대차 - 측면충돌,안전운전불이행,건조,맑음,교차로 - 교차로부근,자전거,남,61세,부상신고,이륜,남,40세,상해없음
2021091700100627,2021년 9월 17일 18시,금요일,대구광역시 중구 남산동,경상사고,0,0,1,0,차대차 - 측면충돌,기타,건조,흐림,단일로 - 기타,승용,남,42세,기타불명,승용,남,54세,경상
2021091700100681,2021년 9월 17일 19시,금요일,대구광역시 남구 봉덕동,경상사고,0,0,1,0,차대차 - 측면충돌,안전운전불이행,건조,맑음,단일로 - 기타,승용,남,58세,상해없음,승용,여,61세,경상
2021091700100682,2021년 9월 17일 19시,금요일,대구광역시 동구 동호동,경상사고,0,0,1,0,차대차 - 추돌,안전거리미확보,건조,맑음,단일로 - 기타,승용,여,45세,상해없음,승용,여,59세,경상
2021091700100683,2021년 9월 17일 19시,금요일,대구광역시 동구 신천동,중상사고,0,1,0,0,차량단독 - 기타,안전운전불이행,건조,맑음,교차로 - 교차로부근,승합,남,61세,상해없음,,,,
2021091700100684,2021년 9월 17일 19시,금요일,대구광역시 수성구 범어동,중상사고,0,1,0,0,차대사람 - 횡단중,보행자보호의무위반,건조,맑음,단일로 - 기타,이륜,남,38세,상해없음,보행자,남,79세,중상
2021091700100685,2021년 9월 17일 19시,금요일,대구광역시 달서구 송현동,경상사고,0,0,1,0,차대차 - 추돌,안전운전불이행,건조,맑음,교차로 - 교차로안,승용,남,62세,상해없음,승용,남,26세,경상
2021091700100686,2021년 9월 17일 19시,금요일,대구광역시 달서구 대곡동,경상사고,0,0,4,0,차대차 - 기타,교차로운행방법위반,건조,맑음,교차로 - 교차로안,승용,남,73세,경상,승용,남,64세,경상
2021091700100687,2021년 9월 17일 19시,금요일,대구광역시 달서구 본동,경상사고,0,0,1,0,차대차 - 추돌,안전운전불이행,건조,맑음,단일로 - 기타,화물,남,47세,기타불명,승용,남,25세,경상
2021091700100688,2021년 9월 17일 19시,금요일,대구광역시 중구 덕산동,경상사고,0,0,1,1,차대차 - 측면충돌,안전거리미확보,건조,맑음,단일로 - 기타,승용,남,29세,부상신고,승용,남,68세,경상
2021091700100729,2021년 9월 17일 20시,금요일,대구광역시 수성구 수성동2가,경상사고,0,0,1,0,차대차 - 추돌,안전운전불이행,건조,맑음,단일로 - 기타,승용,남,25세,상해없음,이륜,남,33세,경상
2021091700100793,2021년 9월 17일 22시,금요일,대구광역시 남구 대명동,경상사고,0,0,1,0,차대차 - 측면충돌,중앙선침범,건조,맑음,단일로 - 기타,승용,남,30세,상해없음,승용,남,68세,경상
2021091700100794,2021년 9월 17일 22시,금요일,대구광역시 달서구 상인동,경상사고,0,0,1,0,차대차 - 측면충돌,안전거리미확보,건조,맑음,단일로 - 기타,승용,남,60세,상해없음,승용,남,55세,경상
2021091700100810,2021년 9월 17일 23시,금요일,대구광역시 수성구 두산동,경상사고,0,0,1,0,차대차 - 측면충돌,신호위반,건조,맑음,교차로 - 교차로부근,승용,남,60세,상해없음,이륜,남,18세,경상
2021091800100041,2021년 9월 18일 06시,토요일,대구광역시 달서구 진천동,경상사고,0,0,2,0,차대차 - 측면충돌,차로위반,건조,맑음,단일로 - 기타,승용,여,34세,경상,승합,남,47세,경상
2021091800100054,2021년 9월 18일 07시,토요일,대구광역시 달서구 월암동,경상사고,0,0,1,0,차대차 - 측면충돌,안전운전불이행,건조,맑음,교차로 - 교차로부근,승용,남,25세,상해없음,이륜,남,39세,경상
2021091800100076,2021년 9월 18일 08시,토요일,대구광역시 달성군 논공읍,경상사고,0,0,1,0,차대차 - 정면충돌,신호위반,기타,맑음,교차로 - 교차로안,승용,남,60세,상해없음,승용,남,52세,경상
2021091800100107,2021년 9월 18일 09시,토요일,대구광역시 동구 신천동,중상사고,0,1,0,0,차대사람 - 횡단중,안전운전불이행,건조,맑음,교차로 - 교차로부근,승용,남,64세,상해없음,보행자,여,57세,중상
2021091800100108,2021년 9월 18일 09시,토요일,대구광역시 동구 율하동,경상사고,0,0,1,0,차대차 - 측면충돌,불법유턴,건조,맑음,교차로 - 교차로안,승용,남,69세,상해없음,승용,남,40세,경상
2021091800100169,2021년 9월 18일 10시,토요일,대구광역시 남구 대명동,경상사고,0,0,1,0,차대차 - 측면충돌,안전운전불이행,건조,맑음,교차로 - 교차로부근,승용,남,68세,상해없음,승용,남,62세,경상
2021091800100170,2021년 9월 18일 10시,토요일,대구광역시 달서구 파호동,경상사고,0,0,3,0,차대차 - 기타,안전운전불이행,건조,맑음,교차로 - 교차로안,승용,여,42세,경상,승용,남,28세,경상
2021091800100171,2021년 9월 18일 10시,토요일,대구광역시 북구 동천동,중상사고,0,1,0,1,차대차 - 측면충돌,안전거리미확보,건조,맑음,교차로 - 교차로안,승용,남,42세,부상신고,이륜,남,44세,중상
2021091800100264,2021년 9월 18일 12시,토요일,대구광역시 수성구 신매동,경상사고,0,0,1,0,차대차 - 기타,안전운전불이행,건조,맑음,단일로 - 기타,승용,남,76세,상해없음,승용,여,58세,경상
2021091800100265,2021년 9월 18일 12시,토요일,대구광역시 달서구 진천동,경상사고,0,0,1,0,차대차 - 측면충돌,안전거리미확보,건조,맑음,단일로 - 기타,승용,남,40세,상해없음,승용,남,54세,경상
2021091800100266,2021년 9월 18일 12시,토요일,대구광역시 달성군 다사읍,중상사고,0,1,1,0,차대차 - 측면충돌,안전운전불이행,건조,맑음,단일로 - 기타,자전거,남,12세,중상,자전거,남,51세,경상