사고번호,사고일시,요일,시군구,사고내용,사망자수,중상자수,경상자수,부상신고자수,사고유형,법규위반,노면상태,기상상태,도로형태,가해운전자 차종,가해운전자 성별,가해운전자 연령,가해운전자 상해정도,피해운전자 차종,피해운전자 성별,피해운전자 연령,피해운전자 상해정도
2021091800100267,2021년 9월 18일 12시,토요일,대구광역시 북구 침산동,중상사고,0,3,1,0,차대차 - 측면충돌,신호위반,건조,맑음,교차로 - 교차로안,승용,남,61세,경상,승용,남,73세,중상
2021091800100316,2021년 9월 18일 13시,토요일,대구광역시 동구 효목동,경상사고,0,0,1,0,차대차 - 기타,안전운전불이행,건조,맑음,교차로 - 교차로안,승용,남,28세,상해없음,화물,남,29세,상해없음
2021091800100317,2021년 9월 18일 13시,토요일,대구광역시 수성구 범어동,중상사고,0,1,0,0,차대차 - 기타,기타,건조,맑음,단일로 - 기타,승용,남,43세,상해없음,이륜,남,44세,중상
2021091800100318,2021년 9월 18일 13시,토요일,대구광역시 수성구 만촌동,부상신고사고,0,0,0,1,차대사람 - 횡단중,안전운전불이행,건조,맑음,기타 - 기타,승용,남,33세,상해없음,보행자,여,35세,부상신고
2021091800100319,2021년 9월 18일 13시,토요일,대구광역시 달서구 죽전동,중상사고,0,1,0,0,차량단독 - 기타,안전운전불이행,건조,맑음,교차로 - 교차로안,승합,남,41세,상해없음,,,,
2021091800100357,2021년 9월 18일 14시,토요일,대구광역시 중구 남산동,경상사고,0,0,1,0,차대차 - 측면충돌,차로위반,건조,맑음,단일로 - 기타,승용,여,40세,상해없음,승용,남,27세,경상
2021091800100393,2021년 9월 18일 15시,토요일,대구광역시 동구 봉무동,경상사고,0,0,2,0,차대차 - 추돌,안전운전불이행,건조,맑음,교차로 - 교차로부근,승용,남,40세,상해없음,화물,남,52세,경상
2021091800100394,2021년 9월 18일 15시,토요일,대구광역시 서구 중리동,중상사고,0,1,0,0,차대차 - 기타,안전운전불이행,건조,맑음,교차로 - 교차로횡단보도내,승용,여,55세,상해없음,원동기,남,32세,중상
2021091800100395,2021년 9월 18일 15시,토요일,대구광역시 서구 평리동,중상사고,0,1,0,0,차대차 - 측면충돌,교차로운행방법위반,건조,맑음,교차로 - 교차로안,승용,여,68세,상해없음,이륜,남,71세,중상
2021091800100396,2021년 9월 18일 15시,토요일,대구광역시 서구 중리동,경상사고,0,0,1,0,차대사람 - 기타,안전운전불이행,건조,맑음,단일로 - 기타,승용,남,33세,상해없음,보행자,남,78세,경상
2021091800100397,2021년 9월 18일 15시,토요일,대구광역시 북구 태전동,경상사고,0,0,1,0,차대차 - 측면충돌,불법유턴,건조,맑음,단일로 - 고가도로위,승용,남,23세,상해없음,화물,남,39세,경상
2021091800100437,2021년 9월 18일 16시,토요일,대구광역시 동구 검사동,경상사고,0,0,1,0,차대차 - 측면충돌,중앙선침범,건조,맑음,단일로 - 기타,이륜,남,17세,상해없음,승용,남,48세,경상
2021091800100438,2021년 9월 18일 16시,토요일,대구광역시 달서구 월성동,경상사고,0,0,2,1,차대차 - 측면충돌,안전거리미확보,건조,맑음,단일로 - 기타,승용,여,50세,부상신고,승용,남,30세,경상
2021091800100439,2021년 9월 18일 16시,토요일,대구광역시 북구 침산동,부상신고사고,0,0,0,1,차대차 - 측면충돌,교차로운행방법위반,건조,맑음,교차로 - 교차로안,이륜,남,53세,부상신고,승용,남,49세,상해없음
2021091800100497,2021년 9월 18일 17시,토요일,대구광역시 수성구 상동,경상사고,0,0,1,0,차대차 - 기타,안전거리미확보,건조,맑음,단일로 - 기타,승용,남,39세,상해없음,승용,남,62세,경상
2021091800100498,2021년 9월 18일 17시,토요일,대구광역시 달성군 다사읍,경상사고,0,0,1,0,차대차 - 기타,안전운전불이행,건조,맑음,교차로 - 교차로안,승용,남,45세,상해없음,승용,남,27세,경상
2021091800100499,2021년 9월 18일 17시,토요일,대구광역시 북구 산격동,중상사고,0,1,0,0,차대사람 - 기타,안전운전불이행,건조,맑음,교차로 - 교차로안,승용,여,61세,상해없음,보행자,여,72세,중상
2021091800100539,2021년 9월 18일 18시,토요일,대구광역시 달서구 본동,경상사고,0,0,3,0,차대차 - 추돌,안전운전불이행,건조,맑음,단일로 - 기타,승용,여,30세,상해없음,승용,남,62세,경상
2021091800100540,2021년 9월 18일 18시,토요일,대구광역시 달서구 상인동,경상사고,0,0,1,0,차대차 - 측면충돌,안전거리미확보,건조,맑음,단일로 - 기타,이륜,남,19세,경상,승용,남,66세,상해없음
2021091800100541,2021년 9월 18일 18시,토요일,대구광역시 중구 인교동,경상사고,0,0,2,0,차대차 - 기타,안전운전불이행,건조,맑음,단일로 - 기타,기타불명,기타불명,미분류,기타불명,승용,남,23세,상해없음
2021091800100571,2021년 9월 18일 19시,토요일,대구광역시 동구 신암동,경상사고,0,0,1,0,차대차 - 기타,신호위반,건조,맑음,단일로 - 기타,기타불명,기타불명,미분류,기타불명,개인형이동수단(PM),남,25세,경상
2021091800100572,2021년 9월 18일 19시,토요일,대구광역시 북구 복현동,경상사고,0,0,1,0,차대차 - 기타,안전운전불이행,건조,맑음,단일로 - 기타,이륜,남,36세,경상,승용,남,67세,상해없음
2021091800100573,2021년 9월 18일 19시,토요일,대구광역시 달서구 감삼동,경상사고,0,0,1,0,차대차 - 기타,안전운전불이행,건조,맑음,단일로 - 기타,기타불명,기타불명,미분류,기타불명,승합,남,59세,상해없음
2021091800100611,2021년 9월 18일 20시,토요일,대구광역시 서구 비산동,부상신고사고,0,0,0,1,차대사람 - 기타,안전운전불이행,건조,맑음,단일로 - 기타,승용,남,49세,상해없음,보행자,여,8세,부상신고
2021091800100612,2021년 9월 18일 20시,토요일,대구광역시 북구 태전동,경상사고,0,0,1,0,차대차 - 추돌,안전운전불이행,건조,맑음,단일로 - 지하차도(도로)내,승용,여,24세,상해없음,승용,남,58세,경상
2021091800100645,2021년 9월 18일 21시,토요일,대구광역시 동구 지묘동,중상사고,0,1,0,0,차대사람 - 길가장자리구역통행중,안전운전불이행,건조,맑음,단일로 - 기타,승용,남,55세,상해없음,보행자,남,81세,중상
2021091800100646,2021년 9월 18일 21시,토요일,대구광역시 수성구 두산동,경상사고,0,0,2,0,차대차 - 측면충돌,안전운전불이행,건조,맑음,교차로 - 교차로횡단보도내,이륜,남,41세,경상,승용,남,38세,상해없음
2021091800100647,2021년 9월 18일 21시,토요일,대구광역시 달서구 호산동,경상사고,0,0,1,0,차대차 - 기타,안전운전불이행,건조,맑음,교차로 - 교차로안,화물,남,51세,상해없음,이륜,남,52세,경상
2021091800100673,2021년 9월 18일 22시,토요일,대구광역시 달서구 상인동,경상사고,0,0,1,0,차대사람 - 길가장자리구역통행중,안전운전불이행,건조,맑음,단일로 - 기타,승용,남,24세,상해없음,보행자,남,26세,경상
2021091800100699,2021년 9월 18일 23시,토요일,대구광역시 북구 읍내동,중상사고,0,1,0,0,차대차 - 추돌,안전운전불이행,건조,맑음,교차로 - 교차로부근,승합,남,71세,상해없음,이륜,남,32세,중상
2021091900100004,2021년 9월 19일 00시,일요일,대구광역시 동구 입석동,경상사고,0,0,2,0,차대차 - 추돌,안전운전불이행,건조,맑음,교차로 - 교차로부근,승용,남,31세,상해없음,승용,여,24세,경상
2021091900100013,2021년 9월 19일 01시,일요일,대구광역시 중구 동인동4가,중상사고,0,1,1,0,차대차 - 측면충돌,안전운전불이행,건조,맑음,단일로 - 기타,이륜,남,31세,중상,승용,남,59세,경상
2021091900100018,2021년 9월 19일 02시,일요일,대구광역시 동구 신암동,경상사고,0,0,1,0,차대사람 - 기타,안전운전불이행,건조,맑음,교차로 - 교차로부근,승용,여,30세,상해없음,보행자,여,23세,경상
2021091900100019,2021년 9월 19일 02시,일요일,대구광역시 중구 동인동4가,경상사고,0,0,2,0,차대차 - 측면충돌,신호위반,건조,맑음,교차로 - 교차로안,승용,남,29세,상해없음,승용,남,61세,경상
2021091900100020,2021년 9월 19일 02시,일요일,대구광역시 북구 사수동,경상사고,0,0,3,0,차대차 - 추돌,안전운전불이행,건조,맑음,교차로 - 교차로부근,승용,여,50세,상해없음,승용,남,52세,경상
2021091900100059,2021년 9월 19일 08시,일요일,대구광역시 달서구 상인동,경상사고,0,0,1,0,차대차 - 측면충돌,안전운전불이행,건조,맑음,교차로 - 교차로부근,개인형이동수단(PM),남,34세,경상,승합,남,65세,상해없음
2021091900100075,2021년 9월 19일 09시,일요일,대구광역시 북구 산격동,경상사고,0,0,3,0,차대차 - 측면충돌,안전운전불이행,건조,맑음,단일로 - 기타,승용,여,52세,상해없음,승용,여,44세,상해없음
2021091900100101,2021년 9월 19일 10시,일요일,대구광역시 달서구 대곡동,중상사고,0,1,0,0,차대차 - 측면충돌,차로위반,건조,맑음,교차로 - 교차로안,승용,여,35세,상해없음,승용,여,60세,중상
2021091900100102,2021년 9월 19일 10시,일요일,대구광역시 달서구 신당동,경상사고,0,0,1,0,차대차 - 기타,안전운전불이행,건조,맑음,교차로 - 교차로부근,승용,남,46세,상해없음,승용,남,58세,경상
2021091900100132,2021년 9월 19일 11시,일요일,대구광역시 수성구 신매동,중상사고,0,1,0,0,차대사람 - 횡단중,보행자보호의무위반,건조,맑음,교차로 - 교차로안,승용,남,34세,상해없음,보행자,여,72세,중상
2021091900100133,2021년 9월 19일 11시,일요일,대구광역시 중구 남산동,경상사고,0,0,2,0,차대사람 - 기타,안전운전불이행,건조,맑음,단일로 - 기타,승용,남,50세,상해없음,보행자,남,41세,경상
2021091900100181,2021년 9월 19일 13시,일요일,대구광역시 동구 효목동,경상사고,0,0,1,0,차대차 - 측면충돌,기타,건조,맑음,단일로 - 기타,승용,남,64세,상해없음,이륜,남,32세,경상
2021091900100182,2021년 9월 19일 13시,일요일,대구광역시 북구 대현동,부상신고사고,0,0,0,1,차대사람 - 기타,안전운전불이행,건조,맑음,교차로 - 교차로횡단보도내,승용,남,68세,상해없음,보행자,남,75세,부상신고
2021091900100183,2021년 9월 19일 13시,일요일,대구광역시 서구 비산동,중상사고,0,1,0,0,차대사람 - 기타,안전운전불이행,건조,맑음,단일로 - 기타,승합,남,56세,상해없음,보행자,여,82세,중상
2021091900100184,2021년 9월 19일 13시,일요일,대구광역시 서구 내당동,경상사고,0,0,1,0,차대사람 - 길가장자리구역통행중,안전운전불이행,건조,맑음,단일로 - 기타,승용,남,65세,상해없음,보행자,여,59세,경상
2021091900100217,2021년 9월 19일 14시,일요일,대구광역시 수성구 만촌동,경상사고,0,0,1,0,차대차 - 측면충돌,안전거리미확보,건조,맑음,단일로 - 기타,승용,남,52세,상해없음,승용,남,42세,상해없음
2021091900100218,2021년 9월 19일 14시,일요일,대구광역시 북구 칠성동2가,경상사고,0,0,1,0,차대차 - 기타,안전운전불이행,건조,맑음,단일로 - 기타,이륜,남,26세,상해없음,승합,남,51세,상해없음
2021091900100250,2021년 9월 19일 15시,일요일,대구광역시 동구 신천동,경상사고,0,0,2,0,차대차 - 측면충돌,안전거리미확보,건조,맑음,교차로 - 교차로부근,승용,남,26세,상해없음,화물,남,33세,경상
2021091900100281,2021년 9월 19일 16시,일요일,대구광역시 수성구 사월동,경상사고,0,0,4,0,차대차 - 측면충돌,안전거리미확보,건조,맑음,단일로 - 기타,승용,여,49세,경상,승용,남,34세,경상
2021091900100282,2021년 9월 19일 16시,일요일,대구광역시 달성군 논공읍,경상사고,0,0,2,0,차대차 - 추돌,안전운전불이행,건조,맑음,단일로 - 기타,승용,남,57세,상해없음,승용,남,25세,경상
2021091900100328,2021년 9월 19일 17시,일요일,대구광역시 동구 율하동,경상사고,0,0,1,0,차대차 - 기타,안전거리미확보,건조,맑음,단일로 - 기타,승용,남,63세,상해없음,승용,여,65세,경상
2021091900100329,2021년 9월 19일 17시,일요일,대구광역시 수성구 범물동,경상사고,0,0,6,0,차대차 - 추돌,안전운전불이행,건조,맑음,단일로 - 기타,승용,남,20세,상해없음,승용,남,41세,경상
2021091900100358,2021년 9월 19일 18시,일요일,대구광역시 달서구 송현동,중상사고,0,1,0,0,차대차 - 측면충돌,차로위반,건조,맑음,단일로 - 기타,승용,남,56세,상해없음,이륜,남,31세,중상
2021091900100359,2021년 9월 19일 18시,일요일,대구광역시 북구 침산동,경상사고,0,0,1,0,차대차 - 측면충돌,안전운전불이행,건조,맑음,단일로 - 기타,승용,남,30세,상해없음,자전거,남,45세,경상
2021091900100360,2021년 9월 19일 18시,일요일,대구광역시 북구 태전동,중상사고,0,1,0,0,차대차 - 측면충돌,안전운전불이행,건조,맑음,교차로 - 교차로안,이륜,남,53세,중상,특수,남,49세,상해없음
2021091900100432,2021년 9월 19일 21시,일요일,대구광역시 달서구 본리동,경상사고,0,0,1,0,차대사람 - 차도통행중,안전운전불이행,건조,맑음,단일로 - 기타,기타불명,기타불명,미분류,기타불명,보행자,남,52세,경상
2021091900100452,2021년 9월 19일 22시,일요일,대구광역시 서구 내당동,경상사고,0,0,1,0,차대사람 - 횡단중,보행자보호의무위반,건조,맑음,단일로 - 기타,이륜,남,22세,상해없음,보행자,남,55세,경상
2021091900100466,2021년 9월 19일 23시,일요일,대구광역시 동구 도학동,중상사고,0,1,1,0,차대차 - 측면충돌,중앙선침범,건조,맑음,단일로 - 기타,승용,남,18세,상해없음,승용,여,51세,중상
2021091900100467,2021년 9월 19일 23시,일요일,대구광역시 중구 대신동,경상사고,0,0,1,0,차대사람 - 기타,기타,건조,맑음,기타 - 기타,개인형이동수단(PM),남,20세,기타불명,보행자,여,21세,경상
2021091900100468,2021년 9월 19일 23시,일요일,대구광역시 달서구 죽전동,경상사고,0,0,1,0,차대차 - 후진중충돌,안전운전불이행,건조,맑음,단일로 - 기타,승합,남,27세,상해없음,이륜,남,52세,경상
2021092000100018,2021년 9월 20일 01시,월요일,대구광역시 수성구 지산동,경상사고,0,0,1,0,차대차 - 측면충돌,안전운전불이행,건조,맑음,단일로 - 기타,승용,남,65세,상해없음,승용,남,46세,기타불명
2021092000100019,2021년 9월 20일 01시,월요일,대구광역시 달성군 화원읍,경상사고,0,0,2,0,차대차 - 기타,안전운전불이행,건조,맑음,단일로 - 기타,승용,남,24세,상해없음,승용,남,20세,경상
2021092000100020,2021년 9월 20일 01시,월요일,대구광역시 북구 산격동,경상사고,0,0,1,0,차대차 - 추돌,안전거리미확보,건조,맑음,교차로 - 교차로안,승용,남,27세,상해없음,승용,남,62세,경상
2021092000100027,2021년 9월 20일 03시,월요일,대구광역시 북구 산격동,경상사고,0,0,1,0,차대차 - 측면충돌,중앙선침범,건조,맑음,단일로 - 기타,승용,남,58세,상해없음,이륜,남,16세,경상
2021092000100071,2021년 9월 20일 09시,월요일,대구광역시 수성구 만촌동,경상사고,0,0,1,0,차대차 - 측면충돌,신호위반,건조,맑음,단일로 - 기타,승합,남,40세,상해없음,자전거,여,46세,경상
2021092000100094,2021년 9월 20일 10시,월요일,대구광역시 남구 이천동,경상사고,0,0,1,0,차대차 - 측면충돌,안전운전불이행,건조,맑음,단일로 - 기타,승용,여,21세,상해없음,승용,여,45세,경상
2021092000100163,2021년 9월 20일 12시,월요일,대구광역시 달성군 유가읍,경상사고,0,0,2,0,차대차 - 추돌,안전운전불이행,건조,맑음,교차로 - 교차로부근,승용,남,54세,상해없음,승용,남,54세,경상
2021092000100164,2021년 9월 20일 12시,월요일,대구광역시 서구 평리동,중상사고,0,1,1,0,차대차 - 측면충돌,직진우회전진행방해,건조,맑음,교차로 - 교차로안,승용,여,30세,경상,이륜,남,33세,중상
2021092000100198,2021년 9월 20일 13시,월요일,대구광역시 동구 불로동,경상사고,0,0,1,0,차대차 - 기타,안전운전불이행,건조,맑음,기타 - 기타,승용,여,54세,상해없음,자전거,남,57세,경상
2021092000100199,2021년 9월 20일 13시,월요일,대구광역시 북구 읍내동,부상신고사고,0,0,0,1,차대차 - 기타,안전운전불이행,건조,맑음,단일로 - 기타,이륜,남,24세,상해없음,자전거,남,22세,부상신고
2021092000100261,2021년 9월 20일 15시,월요일,대구광역시 남구 대명동,경상사고,0,0,1,0,차대차 - 추돌,안전운전불이행,건조,맑음,단일로 - 기타,화물,남,59세,상해없음,승용,여,30세,경상
2021092000100262,2021년 9월 20일 15시,월요일,대구광역시 달서구 상인동,경상사고,0,0,1,0,차대차 - 정면충돌,안전운전불이행,건조,맑음,교차로 - 교차로부근,승용,남,53세,상해없음,승용,남,38세,경상
2021092000100384,2021년 9월 20일 19시,월요일,대구광역시 남구 대명동,경상사고,0,0,2,0,차대차 - 추돌,안전거리미확보,건조,맑음,단일로 - 기타,승용,남,68세,상해없음,승용,여,37세,경상
2021092000100385,2021년 9월 20일 19시,월요일,대구광역시 달서구 상인동,경상사고,0,0,2,0,차대차 - 기타,중앙선침범,건조,맑음,교차로 - 교차로횡단보도내,이륜,남,66세,경상,이륜,남,21세,경상
2021092000100386,2021년 9월 20일 19시,월요일,대구광역시 달성군 다사읍,경상사고,0,0,3,1,차대차 - 기타,안전운전불이행,건조,맑음,기타 - 기타,이륜,남,51세,상해없음,승용,남,35세,부상신고
2021092000100401,2021년 9월 20일 20시,월요일,대구광역시 남구 대명동,경상사고,0,0,1,0,차대사람 - 차도통행중,안전운전불이행,건조,맑음,단일로 - 기타,승용,남,80세,상해없음,보행자,남,54세,경상
2021092000100445,2021년 9월 20일 22시,월요일,대구광역시 달서구 두류동,중상사고,0,1,2,0,차대차 - 측면충돌,안전거리미확보,건조,맑음,교차로 - 교차로부근,이륜,남,23세,중상,승용,남,25세,경상
2021092100100047,2021년 9월 21일 09시,화요일,대구광역시 수성구 욱수동,경상사고,0,0,2,1,차대차 - 추돌,안전거리미확보,건조,맑음,교차로 - 교차로부근,화물,남,56세,상해없음,승용,남,48세,상해없음
2021092100100058,2021년 9월 21일 10시,화요일,대구광역시 달서구 상인동,경상사고,0,0,1,0,차대차 - 후진중충돌,안전운전불이행,젖음/습기,비,주차장 - 주차장,승용,여,59세,상해없음,승용,남,29세,경상
2021092100100059,2021년 9월 21일 10시,화요일,대구광역시 중구 동산동,경상사고,0,0,3,0,차대차 - 측면충돌,안전거리미확보,건조,흐림,기타 - 기타,승용,남,32세,상해없음,승용,남,55세,경상
2021092100100077,2021년 9월 21일 11시,화요일,대구광역시 수성구 범어동,경상사고,0,0,1,0,차대차 - 기타,안전운전불이행,건조,맑음,단일로 - 기타,기타불명,기타불명,미분류,기타불명,이륜,남,33세,경상
2021092100100100,2021년 9월 21일 12시,화요일,대구광역시 달서구 도원동,경상사고,0,0,1,0,차대차 - 측면충돌,신호위반,젖음/습기,비,단일로 - 기타,승용,남,64세,상해없음,이륜,남,41세,경상
2021092100100155,2021년 9월 21일 14시,화요일,대구광역시 달서구 상인동,경상사고,0,0,1,0,차대차 - 기타,안전운전불이행,젖음/습기,흐림,단일로 - 기타,승용,남,26세,상해없음,이륜,남,42세,경상
2021092100100156,2021년 9월 21일 14시,화요일,대구광역시 북구 침산동,중상사고,0,1,2,0,차대차 - 추돌,안전거리미확보,젖음/습기,비,단일로 - 기타,승용,남,53세,기타불명,승용,남,48세,경상
2021092100100157,2021년 9월 21일 14시,화요일,대구광역시 서구 비산동,부상신고사고,0,0,0,1,차대차 - 기타,기타,건조,맑음,단일로 - 기타,승용,남,56세,상해없음,승용,남,68세,부상신고
2021092100100181,2021년 9월 21일 15시,화요일,대구광역시 수성구 연호동,경상사고,0,0,3,0,차대차 - 추돌,안전운전불이행,젖음/습기,비,단일로 - 기타,승용,남,31세,상해없음,승용,남,41세,상해없음
2021092100100182,2021년 9월 21일 15시,화요일,대구광역시 중구 삼덕동3가,경상사고,0,0,1,0,차대차 - 추돌,안전운전불이행,건조,맑음,단일로 - 기타,승용,남,33세,상해없음,승용,남,26세,경상
2021092100100215,2021년 9월 21일 16시,화요일,대구광역시 남구 이천동,경상사고,0,0,1,0,차대차 - 측면충돌,안전운전불이행,젖음/습기,맑음,단일로 - 기타,이륜,남,44세,상해없음,이륜,남,36세,경상
2021092100100216,2021년 9월 21일 16시,화요일,대구광역시 북구 도남동,경상사고,0,0,1,2,차량단독 - 전도전복 - 전도,안전운전불이행,젖음/습기,비,단일로 - 기타,승용,남,30세,상해없음,,,,
2021092100100247,2021년 9월 21일 17시,화요일,대구광역시 동구 효목동,경상사고,0,0,1,0,차대차 - 측면충돌,안전거리미확보,젖음/습기,맑음,단일로 - 기타,승용,남,52세,상해없음,이륜,남,17세,경상
2021092100100248,2021년 9월 21일 17시,화요일,대구광역시 달서구 대곡동,경상사고,0,0,4,0,차대차 - 추돌,신호위반,건조,맑음,교차로 - 교차로부근,승용,남,24세,경상,승용,여,60세,경상
2021092100100249,2021년 9월 21일 17시,화요일,대구광역시 서구 상리동,경상사고,0,0,1,1,차대차 - 측면충돌,안전거리미확보,건조,맑음,단일로 - 기타,승용,남,49세,상해없음,승용,남,57세,경상
2021092100100250,2021년 9월 21일 17시,화요일,대구광역시 북구 팔달동,경상사고,0,0,2,0,차대차 - 추돌,안전운전불이행,건조,맑음,교차로 - 교차로부근,화물,남,66세,상해없음,승용,여,60세,경상
2021092100100309,2021년 9월 21일 20시,화요일,대구광역시 동구 신천동,경상사고,0,0,1,0,차대차 - 측면충돌,신호위반,건조,맑음,교차로 - 교차로안,승용,여,25세,상해없음,이륜,남,30세,경상
2021092100100310,2021년 9월 21일 20시,화요일,대구광역시 중구 삼덕동2가,중상사고,0,1,0,1,차대차 - 측면충돌,안전운전불이행,건조,맑음,단일로 - 기타,화물,남,24세,부상신고,이륜,남,34세,중상
2021092100100336,2021년 9월 21일 21시,화요일,대구광역시 북구 침산동,경상사고,0,0,1,0,차량단독 - 공작물충돌,안전운전불이행,건조,맑음,단일로 - 기타,승용,남,24세,상해없음,,,,
2021092100100352,2021년 9월 21일 22시,화요일,대구광역시 동구 신천동,부상신고사고,0,0,0,1,차대사람 - 횡단중,보행자보호의무위반,건조,맑음,교차로 - 교차로부근,개인형이동수단(PM),여,28세,부상신고,보행자,남,30세,상해없음
2021092100100353,2021년 9월 21일 22시,화요일,대구광역시 동구 신암동,경상사고,0,0,1,0,차대차 - 측면충돌,안전운전불이행,건조,맑음,교차로 - 교차로부근,승용,남,70세,상해없음,승용,남,43세,경상
2021092100100354,2021년 9월 21일 22시,화요일,대구광역시 달서구 월성동,경상사고,0,0,2,0,차대차 - 추돌,안전운전불이행,건조,맑음,교차로 - 교차로부근,승용,남,34세,상해없음,승용,여,47세,경상
2021092200100028,2021년 9월 22일 02시,수요일,대구광역시 달서구 두류동,경상사고,0,0,1,0,차대차 - 기타,안전운전불이행,건조,맑음,교차로 - 교차로부근,화물,남,62세,상해없음,승용,남,52세,경상
2021092200100081,2021년 9월 22일 10시,수요일,대구광역시 서구 비산동,경상사고,0,0,1,0,차대사람 - 길가장자리구역통행중,안전운전불이행,건조,맑음,기타 - 기타,승용,남,60세,상해없음,보행자,남,53세,경상
2021092200100125,2021년 9월 22일 12시,수요일,대구광역시 중구 남산동,경상사고,0,0,6,0,차대차 - 측면충돌,교차로운행방법위반,건조,흐림,교차로 - 교차로안,승용,남,41세,경상,승용,남,45세,경상
2021092200100126,2021년 9월 22일 12시,수요일,대구광역시 달서구 죽전동,부상신고사고,0,0,0,1,차대차 - 측면충돌,안전운전불이행,건조,맑음,단일로 - 기타,자전거,남,41세,부상신고,승용,여,24세,상해없음
2021092200100158,2021년 9월 22일 13시,수요일,대구광역시 동구 율하동,경상사고,0,0,2,0,차대차 - 기타,안전거리미확보,건조,맑음,교차로 - 교차로부근,승용,여,50세,상해없음,화물,남,69세,경상
2021092200100159,2021년 9월 22일 13시,수요일,대구광역시 달성군 가창면,경상사고,0,0,1,0,차대차 - 측면충돌,안전운전불이행,건조,맑음,교차로 - 교차로부근,승용,남,48세,상해없음,승용,남,25세,경상
2021092200100190,2021년 9월 22일 14시,수요일,대구광역시 동구 불로동,경상사고,0,0,6,0,차대차 - 추돌,안전운전불이행,건조,맑음,단일로 - 기타,화물,남,65세,상해없음,승용,여,32세,경상
2021092200100191,2021년 9월 22일 14시,수요일,대구광역시 수성구 범물동,경상사고,0,0,3,0,차대차 - 추돌,안전운전불이행,건조,맑음,단일로 - 기타,승용,여,62세,상해없음,승용,남,45세,경상
2021092200100192,2021년 9월 22일 14시,수요일,대구광역시 서구 비산동,중상사고,0,1,0,0,차대사람 - 기타,안전운전불이행,건조,맑음,교차로 - 교차로부근,개인형이동수단(PM),여,34세,상해없음,보행자,여,79세,중상
2021092200100224,2021년 9월 22일 15시,수요일,대구광역시 달성군 다사읍,중상사고,0,1,0,0,차대차 - 정면충돌,안전운전불이행,건조,맑음,단일로 - 교량,개인형이동수단(PM),남,15세,상해없음,개인형이동수단(PM),남,11세,중상
2021092200100225,2021년 9월 22일 15시,수요일,대구광역시 중구 남산동,중상사고,0,1,0,0,차대사람 - 횡단중,보행자보호의무위반,건조,맑음,단일로 - 기타,승용,남,29세,상해없음,보행자,여,78세,중상
2021092200100283,2021년 9월 22일 17시,수요일,대구광역시 동구 입석동,경상사고,0,0,1,0,차대차 - 측면충돌,불법유턴,건조,맑음,교차로 - 교차로부근,이륜,남,38세,기타불명,승용,남,36세,경상
2021092200100284,2021년 9월 22일 17시,수요일,대구광역시 달서구 상인동,경상사고,0,0,1,0,차대차 - 측면충돌,안전거리미확보,건조,맑음,단일로 - 기타,승용,남,63세,상해없음,승용,남,27세,경상
2021092200100285,2021년 9월 22일 17시,수요일,대구광역시 서구 비산동,경상사고,0,0,3,0,차대차 - 측면충돌,안전거리미확보,건조,맑음,단일로 - 기타,승용,여,62세,경상,승용,여,34세,경상
2021092200100304,2021년 9월 22일 18시,수요일,대구광역시 중구 동산동,경상사고,0,0,1,0,차대차 - 측면충돌,안전운전불이행,건조,맑음,단일로 - 기타,이륜,남,78세,기타불명,승용,남,34세,경상
2021092200100305,2021년 9월 22일 18시,수요일,대구광역시 달서구 용산동,중상사고,0,1,1,0,차대차 - 기타,신호위반,건조,맑음,단일로 - 기타,승용,여,54세,상해없음,승용,남,40세,중상
2021092200100331,2021년 9월 22일 19시,수요일,대구광역시 달성군 다사읍,경상사고,0,0,1,0,차대차 - 정면충돌,안전운전불이행,기타,맑음,단일로 - 기타,승용,남,41세,상해없음,승용,여,27세,경상
2021092200100356,2021년 9월 22일 20시,수요일,대구광역시 수성구 수성동3가,부상신고사고,0,0,0,2,차대차 - 추돌,안전거리미확보,건조,맑음,단일로 - 기타,승합,남,51세,상해없음,승용,남,57세,부상신고
2021092200100357,2021년 9월 22일 20시,수요일,대구광역시 달서구 월성동,부상신고사고,0,0,0,1,차대차 - 정면충돌,안전운전불이행,건조,맑음,교차로 - 교차로부근,승용,남,65세,부상신고,승용,여,64세,상해없음
2021092200100377,2021년 9월 22일 21시,수요일,대구광역시 수성구 수성동1가,경상사고,0,0,1,0,차대사람 - 기타,안전운전불이행,건조,맑음,기타 - 기타,기타불명,기타불명,미분류,기타불명,보행자,여,39세,경상
2021092200100378,2021년 9월 22일 21시,수요일,대구광역시 수성구 신매동,경상사고,0,0,1,0,차대차 - 추돌,안전운전불이행,건조,맑음,교차로 - 교차로부근,승용,여,53세,상해없음,이륜,남,47세,경상
2021092200100379,2021년 9월 22일 21시,수요일,대구광역시 서구 비산동,경상사고,0,0,1,0,차대차 - 추돌,안전운전불이행,건조,맑음,교차로 - 교차로부근,승용,남,29세,상해없음,승용,여,46세,경상
2021092200100406,2021년 9월 22일 22시,수요일,대구광역시 수성구 범어동,경상사고,0,0,1,0,차대차 - 측면충돌,안전운전불이행,건조,맑음,교차로 - 교차로안,승용,남,64세,상해없음,자전거,남,16세,경상