사고번호,사고일시,요일,시군구,사고내용,사망자수,중상자수,경상자수,부상신고자수,사고유형,법규위반,노면상태,기상상태,도로형태,가해운전자 차종,가해운전자 성별,가해운전자 연령,가해운전자 상해정도,피해운전자 차종,피해운전자 성별,피해운전자 연령,피해운전자 상해정도
2021092200100407,2021년 9월 22일 22시,수요일,대구광역시 중구 삼덕동1가,경상사고,0,0,1,0,차대사람 - 기타,안전운전불이행,건조,흐림,단일로 - 기타,승용,남,43세,상해없음,보행자,여,19세,경상
2021092200100408,2021년 9월 22일 22시,수요일,대구광역시 북구 팔달동,경상사고,0,0,1,0,차대차 - 측면충돌,안전운전불이행,건조,맑음,단일로 - 기타,이륜,남,24세,경상,승합,남,50세,상해없음
2021092200100423,2021년 9월 22일 23시,수요일,대구광역시 수성구 수성동2가,경상사고,0,0,1,0,차대차 - 측면충돌,안전운전불이행,건조,맑음,단일로 - 기타,승용,남,73세,상해없음,승용,남,26세,경상
2021092300100005,2021년 9월 23일 00시,목요일,대구광역시 달서구 본동,경상사고,0,0,2,0,차대차 - 추돌,안전운전불이행,건조,맑음,단일로 - 기타,이륜,남,36세,경상,승용,남,63세,경상
2021092300100051,2021년 9월 23일 07시,목요일,대구광역시 달서구 이곡동,경상사고,0,0,1,0,차대차 - 기타,안전거리미확보,건조,맑음,단일로 - 기타,승용,남,30세,상해없음,화물,남,53세,경상
2021092300100052,2021년 9월 23일 07시,목요일,대구광역시 북구 서변동,경상사고,0,0,1,0,차대사람 - 차도통행중,안전운전불이행,건조,맑음,단일로 - 고가도로위,승용,여,31세,상해없음,보행자,남,65세,경상
2021092300100089,2021년 9월 23일 08시,목요일,대구광역시 남구 이천동,경상사고,0,0,1,0,차대차 - 추돌,안전거리미확보,건조,맑음,단일로 - 기타,승용,남,33세,상해없음,승용,남,24세,경상
2021092300100128,2021년 9월 23일 09시,목요일,대구광역시 수성구 범어동,경상사고,0,0,1,0,차대차 - 측면충돌,중앙선침범,건조,맑음,단일로 - 기타,승용,남,75세,상해없음,이륜,남,44세,경상
2021092300100163,2021년 9월 23일 10시,목요일,대구광역시 북구 산격동,중상사고,0,1,0,0,차대사람 - 횡단중,보행자보호의무위반,건조,맑음,단일로 - 기타,화물,남,64세,상해없음,보행자,여,81세,중상
2021092300100200,2021년 9월 23일 11시,목요일,대구광역시 달성군 다사읍,경상사고,0,0,2,0,차대차 - 측면충돌,교차로운행방법위반,건조,맑음,교차로 - 교차로안,승용,여,64세,경상,건설기계,남,61세,경상
2021092300100224,2021년 9월 23일 12시,목요일,대구광역시 수성구 사월동,경상사고,0,0,1,0,차대차 - 측면충돌,기타,건조,맑음,단일로 - 기타,승용,남,59세,상해없음,이륜,남,38세,경상
2021092300100225,2021년 9월 23일 12시,목요일,대구광역시 달서구 두류동,경상사고,0,0,1,0,차대차 - 측면충돌,안전운전불이행,건조,맑음,단일로 - 기타,승용,남,72세,상해없음,이륜,남,27세,경상
2021092300100226,2021년 9월 23일 12시,목요일,대구광역시 서구 중리동,경상사고,0,0,1,0,차대차 - 측면충돌,안전거리미확보,건조,맑음,교차로 - 교차로부근,승용,남,59세,상해없음,승용,여,33세,경상
2021092300100270,2021년 9월 23일 13시,목요일,대구광역시 동구 율하동,경상사고,0,0,1,0,차대차 - 기타,안전운전불이행,건조,맑음,단일로 - 기타,승용,남,33세,상해없음,자전거,남,10세,경상
2021092300100304,2021년 9월 23일 14시,목요일,대구광역시 동구 신천동,부상신고사고,0,0,0,1,차대사람 - 차도통행중,안전운전불이행,건조,맑음,단일로 - 기타,이륜,남,24세,상해없음,보행자,여,29세,부상신고
2021092300100342,2021년 9월 23일 15시,목요일,대구광역시 달서구 본리동,부상신고사고,0,0,0,1,차대차 - 추돌,안전거리미확보,건조,맑음,단일로 - 기타,이륜,여,54세,부상신고,승용,남,46세,상해없음
2021092300100343,2021년 9월 23일 15시,목요일,대구광역시 북구 읍내동,경상사고,0,0,1,0,차대차 - 기타,안전운전불이행,건조,맑음,단일로 - 기타,화물,남,60세,상해없음,자전거,여,46세,경상
2021092300100344,2021년 9월 23일 15시,목요일,대구광역시 북구 서변동,사망사고,1,0,0,0,차량단독 - 도로외이탈 - 추락,안전운전불이행,건조,맑음,단일로 - 기타,이륜,남,68세,사망,,,,
2021092300100386,2021년 9월 23일 16시,목요일,대구광역시 남구 봉덕동,중상사고,0,1,0,0,차대차 - 측면충돌,신호위반,건조,맑음,교차로 - 교차로안,승용,여,25세,상해없음,이륜,남,61세,중상
2021092300100387,2021년 9월 23일 16시,목요일,대구광역시 동구 능성동,경상사고,0,0,5,0,차대차 - 측면충돌,중앙선침범,건조,맑음,단일로 - 기타,승용,남,69세,경상,승용,남,63세,경상
2021092300100388,2021년 9월 23일 16시,목요일,대구광역시 달서구 이곡동,중상사고,0,1,0,0,차대차 - 측면충돌,신호위반,건조,맑음,단일로 - 기타,승용,여,45세,상해없음,자전거,남,89세,중상
2021092300100428,2021년 9월 23일 17시,목요일,대구광역시 동구 지묘동,경상사고,0,0,1,0,차대차 - 추돌,안전운전불이행,건조,맑음,단일로 - 기타,화물,남,66세,상해없음,승용,남,28세,경상
2021092300100429,2021년 9월 23일 17시,목요일,대구광역시 달서구 송현동,경상사고,0,0,1,0,차대차 - 기타,안전운전불이행,건조,맑음,단일로 - 기타,승용,남,60세,상해없음,승용,남,56세,경상
2021092300100430,2021년 9월 23일 17시,목요일,대구광역시 북구 읍내동,경상사고,0,0,1,0,차대차 - 측면충돌,안전운전불이행,건조,맑음,단일로 - 지하차도(도로)내,자전거,남,76세,경상,승합,여,44세,상해없음
2021092300100470,2021년 9월 23일 18시,목요일,대구광역시 동구 지묘동,경상사고,0,0,1,0,차대차 - 기타,신호위반,건조,맑음,교차로 - 교차로부근,기타불명,기타불명,미분류,기타불명,승용,남,63세,상해없음
2021092300100471,2021년 9월 23일 18시,목요일,대구광역시 달서구 도원동,경상사고,0,0,1,0,차대차 - 기타,교차로운행방법위반,건조,맑음,교차로 - 교차로안,승용,여,52세,상해없음,개인형이동수단(PM),남,21세,경상
2021092300100472,2021년 9월 23일 18시,목요일,대구광역시 서구 내당동,중상사고,0,1,0,0,차대차 - 측면충돌,기타,건조,맑음,교차로 - 교차로안,이륜,남,36세,상해없음,자전거,남,68세,중상
2021092300100473,2021년 9월 23일 18시,목요일,대구광역시 중구 대봉동,경상사고,0,0,1,0,차대사람 - 길가장자리구역통행중,기타,건조,맑음,단일로 - 기타,화물,남,34세,상해없음,보행자,남,54세,경상
2021092300100474,2021년 9월 23일 18시,목요일,대구광역시 달서구 본리동,경상사고,0,0,1,0,차대차 - 기타,교차로운행방법위반,건조,맑음,교차로 - 교차로안,자전거,남,85세,경상,자전거,남,6세,상해없음
2021092300100522,2021년 9월 23일 19시,목요일,대구광역시 중구 대봉동,경상사고,0,0,1,0,차대차 - 측면충돌,안전거리미확보,건조,흐림,단일로 - 기타,승용,여,56세,상해없음,승용,남,41세,경상
2021092300100587,2021년 9월 23일 22시,목요일,대구광역시 북구 복현동,경상사고,0,0,2,0,차대사람 - 횡단중,안전운전불이행,건조,흐림,단일로 - 기타,이륜,남,51세,경상,보행자,여,24세,경상
2021092300100588,2021년 9월 23일 22시,목요일,대구광역시 달서구 두류동,중상사고,0,2,2,0,차대차 - 측면충돌,신호위반,건조,맑음,교차로 - 교차로안,승용,남,61세,상해없음,승용,남,25세,중상
2021092300100607,2021년 9월 23일 23시,목요일,대구광역시 북구 산격동,중상사고,0,1,0,0,차대차 - 기타,기타,건조,맑음,단일로 - 기타,화물,남,38세,상해없음,이륜,남,39세,중상
2021092400100004,2021년 9월 24일 00시,금요일,대구광역시 수성구 수성동2가,경상사고,0,0,4,0,차대차 - 측면충돌,신호위반,건조,맑음,교차로 - 교차로안,승용,남,40세,상해없음,승용,남,22세,경상
2021092400100009,2021년 9월 24일 01시,금요일,대구광역시 남구 봉덕동,경상사고,0,0,2,0,차대차 - 측면충돌,신호위반,건조,맑음,교차로 - 교차로안,승용,남,32세,상해없음,승용,여,19세,경상
2021092400100023,2021년 9월 24일 05시,금요일,대구광역시 북구 노원동3가,경상사고,0,0,3,0,차대차 - 측면충돌,중앙선침범,건조,맑음,교차로 - 교차로부근,승용,남,65세,상해없음,승용,남,72세,경상
2021092400100031,2021년 9월 24일 06시,금요일,대구광역시 남구 이천동,중상사고,0,1,0,0,차대차 - 추돌,안전운전불이행,건조,맑음,교차로 - 교차로안,승용,남,60세,상해없음,승용,남,76세,중상
2021092400100053,2021년 9월 24일 07시,금요일,대구광역시 달성군 구지면,부상신고사고,0,0,0,3,차대차 - 추돌,안전거리미확보,건조,맑음,단일로 - 기타,화물,남,57세,부상신고,화물,남,63세,부상신고
2021092400100054,2021년 9월 24일 07시,금요일,대구광역시 달성군 화원읍,경상사고,0,0,2,0,차대차 - 기타,안전운전불이행,건조,맑음,단일로 - 기타,승용,여,47세,상해없음,개인형이동수단(PM),남,20세,경상
2021092400100055,2021년 9월 24일 07시,금요일,대구광역시 북구 매천동,경상사고,0,0,1,0,차대차 - 측면충돌,안전운전불이행,건조,맑음,교차로 - 교차로횡단보도내,승용,남,75세,상해없음,자전거,여,59세,경상
2021092400100091,2021년 9월 24일 08시,금요일,대구광역시 남구 봉덕동,경상사고,0,0,1,0,차대차 - 측면충돌,안전운전불이행,건조,맑음,교차로 - 교차로안,승용,남,58세,상해없음,승용,여,39세,경상
2021092400100092,2021년 9월 24일 08시,금요일,대구광역시 동구 신기동,경상사고,0,0,1,0,차대사람 - 보도통행중,기타,건조,맑음,단일로 - 기타,기타불명,기타불명,미분류,기타불명,보행자,여,23세,경상
2021092400100093,2021년 9월 24일 08시,금요일,대구광역시 북구 칠성동2가,중상사고,0,1,0,0,차대사람 - 횡단중,안전운전불이행,건조,맑음,단일로 - 기타,화물,남,73세,상해없음,보행자,여,74세,중상
2021092400100094,2021년 9월 24일 08시,금요일,대구광역시 북구 침산동,중상사고,0,1,0,0,차대차 - 추돌,안전운전불이행,건조,맑음,단일로 - 기타,화물,남,58세,상해없음,승용,여,35세,중상
2021092400100095,2021년 9월 24일 08시,금요일,대구광역시 달서구 감삼동,경상사고,0,0,1,0,차대차 - 측면충돌,안전거리미확보,건조,맑음,교차로 - 교차로안,승용,여,48세,상해없음,승용,여,37세,경상
2021092400100114,2021년 9월 24일 09시,금요일,대구광역시 동구 효목동,경상사고,0,0,1,0,차대차 - 추돌,안전운전불이행,건조,맑음,단일로 - 기타,승용,여,43세,상해없음,승용,남,71세,경상
2021092400100115,2021년 9월 24일 09시,금요일,대구광역시 달성군 화원읍,중상사고,0,1,0,0,차대차 - 기타,안전운전불이행,건조,맑음,단일로 - 기타,자전거,남,81세,중상,승용,남,49세,상해없음
2021092400100287,2021년 9월 24일 14시,금요일,대구광역시 동구 신암동,경상사고,0,0,1,0,차대차 - 측면충돌,안전운전불이행,건조,맑음,교차로 - 교차로부근,승용,여,54세,상해없음,승용,남,43세,경상
2021092400100288,2021년 9월 24일 14시,금요일,대구광역시 북구 복현동,경상사고,0,0,1,0,차대차 - 기타,교차로운행방법위반,건조,맑음,단일로 - 기타,자전거,여,74세,경상,자전거,남,65세,상해없음
2021092400100289,2021년 9월 24일 14시,금요일,대구광역시 달서구 이곡동,경상사고,0,0,1,0,차대차 - 기타,교차로운행방법위반,건조,맑음,교차로 - 교차로안,승용,여,42세,상해없음,이륜,여,34세,경상
2021092400100322,2021년 9월 24일 15시,금요일,대구광역시 달성군 화원읍,경상사고,0,0,1,0,차대사람 - 횡단중,보행자보호의무위반,건조,맑음,교차로 - 교차로부근,승용,남,58세,상해없음,보행자,여,13세,경상
2021092400100324,2021년 9월 24일 15시,금요일,대구광역시 북구 태전동,경상사고,0,0,1,0,차대차 - 추돌,안전거리미확보,건조,맑음,교차로 - 교차로부근,승합,남,69세,상해없음,승용,남,30세,경상
2021092400100353,2021년 9월 24일 16시,금요일,대구광역시 남구 대명동,경상사고,0,0,1,0,차대차 - 측면충돌,안전운전불이행,건조,맑음,교차로 - 교차로안,이륜,남,25세,상해없음,승용,여,55세,경상
2021092400100354,2021년 9월 24일 16시,금요일,대구광역시 남구 이천동,경상사고,0,0,1,0,차대차 - 측면충돌,안전거리미확보,건조,맑음,단일로 - 기타,승용,남,60세,상해없음,승용,남,38세,경상
2021092400100355,2021년 9월 24일 16시,금요일,대구광역시 서구 내당동,경상사고,0,0,1,0,차대차 - 측면충돌,신호위반,건조,맑음,교차로 - 교차로안,승용,남,50세,상해없음,승용,남,60세,경상
2021092400100356,2021년 9월 24일 16시,금요일,대구광역시 달서구 본리동,경상사고,0,0,3,0,차대차 - 기타,안전거리미확보,건조,맑음,단일로 - 기타,승합,남,54세,경상,화물,남,27세,경상
2021092400100405,2021년 9월 24일 17시,금요일,대구광역시 동구 각산동,부상신고사고,0,0,0,1,차대차 - 기타,안전운전불이행,건조,맑음,단일로 - 기타,원동기,남,18세,부상신고,승용,남,59세,상해없음
2021092400100406,2021년 9월 24일 17시,금요일,대구광역시 동구 방촌동,경상사고,0,0,1,0,차대차 - 추돌,안전운전불이행,건조,맑음,단일로 - 기타,승용,여,35세,상해없음,승용,남,53세,경상
2021092400100407,2021년 9월 24일 17시,금요일,대구광역시 수성구 범물동,중상사고,0,1,0,0,차대사람 - 기타,안전운전불이행,건조,맑음,단일로 - 기타,기타불명,기타불명,미분류,기타불명,보행자,여,84세,중상
2021092400100447,2021년 9월 24일 18시,금요일,대구광역시 동구 신기동,중상사고,0,1,0,0,차대차 - 측면충돌,교차로운행방법위반,건조,맑음,교차로 - 교차로안,승용,남,71세,상해없음,자전거,남,60세,중상
2021092400100448,2021년 9월 24일 18시,금요일,대구광역시 수성구 지산동,경상사고,0,0,1,0,차대차 - 기타,안전거리미확보,건조,맑음,단일로 - 기타,승용,여,33세,상해없음,승합,남,43세,상해없음
2021092400100449,2021년 9월 24일 18시,금요일,대구광역시 달서구 본동,경상사고,0,0,1,0,차대차 - 측면충돌,안전거리미확보,건조,맑음,단일로 - 기타,화물,남,49세,상해없음,승용,여,47세,경상
2021092400100450,2021년 9월 24일 18시,금요일,대구광역시 북구 칠성동2가,경상사고,0,0,1,0,차대차 - 추돌,기타,건조,맑음,교차로 - 교차로부근,승용,남,61세,상해없음,승합,남,38세,경상
2021092400100451,2021년 9월 24일 18시,금요일,대구광역시 달서구 월암동,경상사고,0,0,1,0,차대차 - 기타,안전운전불이행,건조,맑음,교차로 - 교차로부근,승용,남,55세,상해없음,이륜,남,59세,경상
2021092400100488,2021년 9월 24일 19시,금요일,대구광역시 북구 금호동,경상사고,0,0,2,0,차대차 - 추돌,안전운전불이행,건조,맑음,단일로 - 기타,승용,남,65세,상해없음,승용,남,28세,경상
2021092400100494,2021년 9월 24일 19시,금요일,대구광역시 남구 대명동,중상사고,0,1,1,0,차대사람 - 차도통행중,안전운전불이행,건조,맑음,교차로 - 교차로횡단보도내,화물,여,60세,상해없음,보행자,여,72세,중상
2021092400100495,2021년 9월 24일 19시,금요일,대구광역시 달성군 다사읍,경상사고,0,0,1,0,차대차 - 추돌,안전운전불이행,건조,맑음,교차로 - 교차로부근,승용,여,59세,상해없음,승용,남,45세,경상
2021092400100496,2021년 9월 24일 19시,금요일,대구광역시 달서구 용산동,경상사고,0,0,1,0,차대사람 - 기타,안전운전불이행,건조,맑음,교차로 - 교차로부근,승용,여,33세,상해없음,보행자,남,57세,경상
2021092400100497,2021년 9월 24일 19시,금요일,대구광역시 달서구 용산동,경상사고,0,0,3,0,차대차 - 측면충돌,안전거리미확보,건조,흐림,단일로 - 기타,승용,여,38세,경상,승용,남,64세,경상
2021092400100520,2021년 9월 24일 20시,금요일,대구광역시 수성구 범어동,경상사고,0,0,1,0,차대차 - 추돌,신호위반,건조,맑음,교차로 - 교차로횡단보도내,이륜,남,21세,상해없음,자전거,여,30세,경상
2021092400100521,2021년 9월 24일 20시,금요일,대구광역시 중구 삼덕동1가,경상사고,0,0,1,0,차대사람 - 기타,안전운전불이행,건조,맑음,단일로 - 기타,승용,남,26세,상해없음,보행자,남,23세,경상
2021092400100565,2021년 9월 24일 22시,금요일,대구광역시 수성구 황금동,경상사고,0,0,2,0,차대차 - 추돌,안전운전불이행,건조,맑음,교차로 - 교차로부근,승용,남,56세,상해없음,승용,남,56세,경상
2021092400100581,2021년 9월 24일 23시,금요일,대구광역시 수성구 만촌동,경상사고,0,0,1,0,차대사람 - 횡단중,안전운전불이행,건조,맑음,교차로 - 교차로안,화물,남,66세,상해없음,보행자,남,23세,경상
2021092400100582,2021년 9월 24일 23시,금요일,대구광역시 달서구 도원동,경상사고,0,0,2,0,차대차 - 추돌,안전운전불이행,건조,맑음,교차로 - 교차로부근,승용,남,40세,상해없음,승용,남,62세,경상
2021092500100025,2021년 9월 25일 04시,토요일,대구광역시 남구 대명동,사망사고,1,0,0,0,차대사람 - 횡단중,신호위반,젖음/습기,비,교차로 - 교차로횡단보도내,화물,남,62세,상해없음,보행자,여,28세,사망
2021092500100039,2021년 9월 25일 07시,토요일,대구광역시 동구 신천동,중상사고,0,1,0,0,차대차 - 기타,안전운전불이행,건조,맑음,교차로 - 교차로안,이륜,남,37세,상해없음,승용,남,60세,중상
2021092500100067,2021년 9월 25일 09시,토요일,대구광역시 북구 조야동,경상사고,0,0,2,0,차대차 - 추돌,안전운전불이행,건조,맑음,단일로 - 기타,특수,남,48세,상해없음,화물,남,61세,상해없음
2021092500100069,2021년 9월 25일 09시,토요일,대구광역시 동구 효목동,경상사고,0,0,1,0,차대차 - 기타,안전거리미확보,건조,맑음,단일로 - 기타,승용,남,67세,상해없음,승합,남,51세,상해없음
2021092500100133,2021년 9월 25일 11시,토요일,대구광역시 동구 불로동,경상사고,0,0,1,0,차대차 - 측면충돌,기타,젖음/습기,흐림,단일로 - 지하차도(도로)내,승용,여,37세,상해없음,승용,남,58세,경상
2021092500100134,2021년 9월 25일 11시,토요일,대구광역시 달서구 송현동,경상사고,0,0,1,0,차대차 - 측면충돌,신호위반,건조,흐림,교차로 - 교차로안,승용,남,61세,상해없음,이륜,남,46세,경상
2021092500100135,2021년 9월 25일 11시,토요일,대구광역시 북구 산격동,부상신고사고,0,0,0,1,차대차 - 기타,안전운전불이행,젖음/습기,흐림,교차로 - 교차로안,이륜,남,39세,부상신고,승용,남,42세,상해없음
2021092500100156,2021년 9월 25일 12시,토요일,대구광역시 달성군 다사읍,경상사고,0,0,4,0,차대차 - 추돌,안전거리미확보,건조,맑음,교차로 - 교차로부근,화물,남,31세,상해없음,승용,여,37세,경상
2021092500100179,2021년 9월 25일 13시,토요일,대구광역시 동구 방촌동,경상사고,0,0,2,0,차대차 - 추돌,안전운전불이행,건조,맑음,교차로 - 교차로부근,승용,여,27세,상해없음,승용,남,42세,경상
2021092500100180,2021년 9월 25일 13시,토요일,대구광역시 달서구 유천동,경상사고,0,0,3,0,차대차 - 추돌,안전거리미확보,건조,맑음,교차로 - 교차로부근,승용,남,64세,상해없음,승용,남,50세,경상
2021092500100181,2021년 9월 25일 13시,토요일,대구광역시 달서구 이곡동,경상사고,0,0,2,0,차대차 - 측면충돌,불법유턴,건조,맑음,단일로 - 기타,승용,남,27세,경상,이륜,여,19세,경상
2021092500100182,2021년 9월 25일 13시,토요일,대구광역시 북구 읍내동,경상사고,0,0,1,0,차대차 - 기타,교차로운행방법위반,젖음/습기,비,단일로 - 기타,승용,남,78세,상해없음,이륜,남,52세,경상
2021092500100183,2021년 9월 25일 13시,토요일,대구광역시 북구 태전동,경상사고,0,0,1,0,차대차 - 정면충돌,불법유턴,건조,맑음,단일로 - 기타,이륜,남,27세,상해없음,승용,남,53세,상해없음
2021092500100221,2021년 9월 25일 14시,토요일,대구광역시 수성구 지산동,경상사고,0,0,1,0,차대차 - 기타,안전운전불이행,건조,맑음,기타 - 기타,승용,여,50세,상해없음,승용,여,59세,경상
2021092500100222,2021년 9월 25일 14시,토요일,대구광역시 달성군 다사읍,경상사고,0,0,1,0,차대사람 - 보도통행중,기타,건조,맑음,단일로 - 기타,개인형이동수단(PM),남,53세,상해없음,보행자,남,55세,경상
2021092500100223,2021년 9월 25일 14시,토요일,대구광역시 서구 비산동,경상사고,0,0,1,0,차량단독 - 기타,안전운전불이행,건조,맑음,단일로 - 기타,승용,남,67세,상해없음,,,,
2021092500100256,2021년 9월 25일 15시,토요일,대구광역시 수성구 수성동2가,경상사고,0,0,1,0,차대차 - 측면충돌,안전운전불이행,건조,맑음,단일로 - 기타,자전거,남,13세,경상,승용,남,62세,상해없음
2021092500100257,2021년 9월 25일 15시,토요일,대구광역시 수성구 범어동,경상사고,0,0,1,0,차대차 - 기타,안전운전불이행,건조,맑음,기타 - 기타,승용,남,64세,상해없음,승합,남,54세,상해없음
2021092500100258,2021년 9월 25일 15시,토요일,대구광역시 달서구 도원동,중상사고,0,1,2,0,차대차 - 측면충돌,신호위반,젖음/습기,비,교차로 - 교차로안,이륜,남,30세,중상,승용,여,32세,경상
2021092500100259,2021년 9월 25일 15시,토요일,대구광역시 달서구 본동,경상사고,0,0,2,0,차대차 - 추돌,안전운전불이행,건조,맑음,교차로 - 교차로부근,승용,남,55세,상해없음,승용,남,48세,경상
2021092500100289,2021년 9월 25일 16시,토요일,대구광역시 북구 태전동,중상사고,0,1,0,0,차대차 - 측면충돌,안전운전불이행,건조,맑음,단일로 - 기타,기타불명,기타불명,미분류,기타불명,자전거,여,65세,중상
2021092500100321,2021년 9월 25일 17시,토요일,대구광역시 동구 도동,경상사고,0,0,2,0,차대차 - 측면충돌,안전운전불이행,건조,맑음,단일로 - 기타,승용,남,25세,상해없음,승용,남,25세,경상
2021092500100322,2021년 9월 25일 17시,토요일,대구광역시 동구 불로동,중상사고,0,2,4,0,차대차 - 추돌,교차로운행방법위반,건조,맑음,교차로 - 교차로안,이륜,남,19세,기타불명,승용,여,68세,중상
2021092500100323,2021년 9월 25일 17시,토요일,대구광역시 서구 비산동,부상신고사고,0,0,0,1,차대사람 - 기타,안전운전불이행,건조,맑음,단일로 - 기타,자전거,남,72세,상해없음,보행자,여,74세,부상신고
2021092500100324,2021년 9월 25일 17시,토요일,대구광역시 중구 남산동,경상사고,0,0,1,0,차대차 - 기타,안전운전불이행,건조,맑음,단일로 - 기타,승용,여,56세,기타불명,승용,여,47세,경상
2021092500100357,2021년 9월 25일 18시,토요일,대구광역시 동구 검사동,경상사고,0,0,1,0,차대차 - 측면충돌,안전운전불이행,건조,맑음,교차로 - 교차로횡단보도내,승용,남,63세,상해없음,이륜,남,40세,경상
2021092500100358,2021년 9월 25일 18시,토요일,대구광역시 달서구 진천동,경상사고,0,0,3,0,차대차 - 추돌,안전운전불이행,건조,맑음,기타 - 기타,승용,남,58세,상해없음,승용,남,25세,경상
2021092500100385,2021년 9월 25일 19시,토요일,대구광역시 달서구 송현동,경상사고,0,0,1,0,차대차 - 측면충돌,안전거리미확보,건조,맑음,교차로 - 교차로안,화물,여,62세,상해없음,승용,여,65세,경상
2021092500100386,2021년 9월 25일 19시,토요일,대구광역시 서구 비산동,부상신고사고,0,0,0,1,차대차 - 측면충돌,안전운전불이행,건조,맑음,교차로 - 교차로부근,이륜,남,20세,부상신고,승용,남,48세,상해없음
2021092500100387,2021년 9월 25일 19시,토요일,대구광역시 북구 침산동,경상사고,0,0,2,0,차대차 - 기타,안전운전불이행,건조,맑음,단일로 - 기타,자전거,여,28세,경상,자전거,여,55세,경상
2021092500100410,2021년 9월 25일 20시,토요일,대구광역시 달서구 죽전동,경상사고,0,0,1,0,차대차 - 측면충돌,안전운전불이행,건조,맑음,교차로 - 교차로안,승용,남,30세,상해없음,승용,남,62세,경상
2021092500100411,2021년 9월 25일 20시,토요일,대구광역시 북구 금호동,경상사고,0,0,2,1,차대차 - 측면충돌,안전운전불이행,건조,맑음,교차로 - 교차로부근,승용,남,61세,기타불명,승용,여,27세,경상
2021092500100433,2021년 9월 25일 21시,토요일,대구광역시 달서구 송현동,경상사고,0,0,1,0,차대사람 - 기타,안전운전불이행,건조,맑음,교차로 - 교차로안,승용,남,48세,상해없음,보행자,남,29세,경상
2021092500100434,2021년 9월 25일 21시,토요일,대구광역시 서구 중리동,부상신고사고,0,0,0,1,차대차 - 측면충돌,직진우회전진행방해,건조,맑음,교차로 - 교차로안,원동기,남,20세,부상신고,화물,남,53세,상해없음
2021092500100435,2021년 9월 25일 21시,토요일,대구광역시 서구 비산동,경상사고,0,0,1,0,차대사람 - 기타,안전운전불이행,건조,맑음,단일로 - 기타,승용,남,63세,상해없음,보행자,남,28세,경상
2021092500100466,2021년 9월 25일 22시,토요일,대구광역시 달서구 진천동,경상사고,0,0,1,0,차대차 - 측면충돌,안전거리미확보,건조,맑음,단일로 - 기타,승용,여,55세,상해없음,승용,여,53세,경상
2021092500100467,2021년 9월 25일 22시,토요일,대구광역시 달서구 이곡동,경상사고,0,0,1,0,차대차 - 기타,안전운전불이행,건조,맑음,단일로 - 기타,승용,남,28세,상해없음,이륜,남,21세,경상
2021092600100006,2021년 9월 26일 00시,일요일,대구광역시 동구 방촌동,경상사고,0,0,1,0,차대차 - 추돌,안전운전불이행,건조,맑음,단일로 - 기타,승용,남,27세,상해없음,승용,남,44세,경상
2021092600100007,2021년 9월 26일 00시,일요일,대구광역시 달성군 논공읍,경상사고,0,0,1,0,차대차 - 기타,안전운전불이행,건조,맑음,단일로 - 기타,승용,여,38세,상해없음,이륜,남,29세,경상
2021092600100008,2021년 9월 26일 00시,일요일,대구광역시 북구 침산동,부상신고사고,0,0,0,1,차대차 - 기타,안전운전불이행,건조,맑음,단일로 - 기타,이륜,남,27세,부상신고,승용,남,38세,기타불명
2021092600100027,2021년 9월 26일 04시,일요일,대구광역시 중구 태평로3가,경상사고,0,0,2,0,차대차 - 추돌,안전운전불이행,건조,맑음,교차로 - 교차로부근,승용,남,52세,상해없음,승용,남,68세,경상
2021092600100054,2021년 9월 26일 08시,일요일,대구광역시 동구 신서동,경상사고,0,0,1,0,차대차 - 측면충돌,안전거리미확보,건조,맑음,교차로 - 교차로안,승합,남,67세,상해없음,승용,남,61세,경상
2021092600100084,2021년 9월 26일 10시,일요일,대구광역시 서구 비산동,경상사고,0,0,1,1,차대차 - 측면충돌,직진우회전진행방해,건조,맑음,교차로 - 교차로안,화물,남,60세,부상신고,승용,남,59세,경상
2021092600100106,2021년 9월 26일 11시,일요일,대구광역시 북구 산격동,경상사고,0,0,1,0,차대사람 - 차도통행중,안전운전불이행,건조,맑음,단일로 - 기타,승용,남,53세,상해없음,보행자,남,73세,경상
2021092600100159,2021년 9월 26일 13시,일요일,대구광역시 달서구 용산동,경상사고,0,0,1,0,차대차 - 측면충돌,교차로운행방법위반,건조,맑음,교차로 - 교차로안,승용,여,52세,기타불명,이륜,남,34세,경상
2021092600100191,2021년 9월 26일 14시,일요일,대구광역시 동구 효목동,경상사고,0,0,1,0,차대차 - 추돌,안전운전불이행,건조,맑음,단일로 - 기타,승용,남,62세,상해없음,이륜,남,35세,경상
2021092600100219,2021년 9월 26일 15시,일요일,대구광역시 동구 신기동,경상사고,0,0,1,0,차대차 - 추돌,안전운전불이행,건조,맑음,단일로 - 기타,승용,남,71세,상해없음,승용,남,33세,경상
2021092600100220,2021년 9월 26일 15시,일요일,대구광역시 수성구 대흥동,경상사고,0,0,1,0,차대사람 - 기타,안전운전불이행,건조,맑음,기타 - 기타,개인형이동수단(PM),남,37세,상해없음,보행자,남,6세,경상
2021092600100221,2021년 9월 26일 15시,일요일,대구광역시 북구 산격동,경상사고,0,0,2,0,차대차 - 측면충돌,안전거리미확보,건조,맑음,단일로 - 기타,승용,남,60세,상해없음,승용,남,29세,경상