사고번호,사고일시,요일,시군구,사고내용,사망자수,중상자수,경상자수,부상신고자수,사고유형,법규위반,노면상태,기상상태,도로형태,가해운전자 차종,가해운전자 성별,가해운전자 연령,가해운전자 상해정도,피해운전자 차종,피해운전자 성별,피해운전자 연령,피해운전자 상해정도
2021100600100471,2021년 10월 6일 18시,수요일,대구광역시 남구 대명동,경상사고,0,0,2,0,차대차 - 측면충돌,안전운전불이행,건조,맑음,교차로 - 교차로안,승용,남,27세,경상,승용,남,44세,경상
2021100600100512,2021년 10월 6일 19시,수요일,대구광역시 남구 대명동,경상사고,0,0,1,0,차대차 - 기타,안전운전불이행,건조,맑음,단일로 - 기타,자전거,여,19세,경상,승합,여,60세,상해없음
2021100600100513,2021년 10월 6일 19시,수요일,대구광역시 동구 신천동,경상사고,0,0,1,0,차대차 - 기타,안전운전불이행,건조,맑음,교차로 - 교차로안,승용,남,42세,상해없음,승용,남,63세,상해없음
2021100600100514,2021년 10월 6일 19시,수요일,대구광역시 동구 신서동,중상사고,0,1,0,0,차대사람 - 횡단중,보행자보호의무위반,건조,맑음,교차로 - 교차로횡단보도내,승용,남,36세,상해없음,보행자,남,18세,중상
2021100600100515,2021년 10월 6일 19시,수요일,대구광역시 달성군 화원읍,경상사고,0,0,1,0,차대차 - 기타,안전운전불이행,건조,맑음,단일로 - 기타,승용,여,21세,상해없음,승용,남,28세,경상
2021100600100516,2021년 10월 6일 19시,수요일,대구광역시 달서구 본리동,경상사고,0,0,1,0,차대차 - 측면충돌,안전거리미확보,건조,맑음,단일로 - 기타,승용,여,51세,상해없음,이륜,남,36세,경상
2021100600100562,2021년 10월 6일 21시,수요일,대구광역시 동구 서호동,중상사고,0,1,2,0,차대차 - 측면충돌,기타,건조,맑음,단일로 - 기타,화물,남,22세,경상,승용,남,66세,중상
2021100600100590,2021년 10월 6일 22시,수요일,대구광역시 달서구 용산동,경상사고,0,0,2,0,차대차 - 측면충돌,기타,건조,맑음,단일로 - 기타,승용,남,26세,경상,승용,남,55세,경상
2021100700100006,2021년 10월 7일 01시,목요일,대구광역시 북구 침산동,부상신고사고,0,0,0,1,차대차 - 기타,안전운전불이행,건조,맑음,단일로 - 기타,자전거,남,54세,부상신고,승용,남,39세,상해없음
2021100700100014,2021년 10월 7일 03시,목요일,대구광역시 달서구 죽전동,경상사고,0,0,3,0,차대차 - 측면충돌,교차로운행방법위반,건조,맑음,교차로 - 교차로안,승용,남,38세,상해없음,승용,남,21세,경상
2021100700100025,2021년 10월 7일 05시,목요일,대구광역시 남구 대명동,경상사고,0,0,1,0,차대사람 - 기타,안전운전불이행,건조,맑음,교차로 - 교차로부근,승용,남,60세,상해없음,보행자,남,23세,경상
2021100700100040,2021년 10월 7일 06시,목요일,대구광역시 북구 서변동,중상사고,0,1,0,0,차대차 - 측면충돌,안전운전불이행,건조,맑음,단일로 - 지하차도(도로)내,승용,남,40세,상해없음,자전거,남,81세,중상
2021100700100131,2021년 10월 7일 09시,목요일,대구광역시 남구 대명동,경상사고,0,0,5,1,차대차 - 후진중충돌,안전운전불이행,건조,맑음,단일로 - 기타,승용,여,62세,부상신고,승용,여,34세,경상
2021100700100204,2021년 10월 7일 11시,목요일,대구광역시 수성구 이천동,경상사고,0,0,1,0,차대차 - 기타,안전운전불이행,건조,맑음,단일로 - 기타,기타불명,기타불명,미분류,기타불명,승용,여,27세,경상
2021100700100205,2021년 10월 7일 11시,목요일,대구광역시 북구 침산동,경상사고,0,0,1,0,차대차 - 정면충돌,안전운전불이행,건조,맑음,단일로 - 기타,승용,여,70세,상해없음,자전거,여,47세,경상
2021100700100206,2021년 10월 7일 11시,목요일,대구광역시 달서구 장동,경상사고,0,0,2,0,차대차 - 측면충돌,차로위반,건조,맑음,단일로 - 기타,승용,남,20세,경상,화물,남,50세,경상
2021100700100236,2021년 10월 7일 12시,목요일,대구광역시 북구 매천동,중상사고,0,1,0,0,차대차 - 기타,안전거리미확보,건조,맑음,단일로 - 기타,승용,남,29세,상해없음,이륜,남,49세,중상
2021100700100268,2021년 10월 7일 13시,목요일,대구광역시 달서구 월암동,중상사고,0,2,1,0,차대차 - 정면충돌,신호위반,건조,맑음,기타 - 기타,승용,여,42세,경상,화물,남,42세,중상
2021100700100269,2021년 10월 7일 13시,목요일,대구광역시 달서구 상인동,경상사고,0,0,2,0,차대차 - 측면충돌,안전운전불이행,건조,맑음,단일로 - 기타,승용,여,65세,경상,이륜,남,26세,경상
2021100700100305,2021년 10월 7일 14시,목요일,대구광역시 달서구 성당동,경상사고,0,0,1,0,차대차 - 추돌,안전운전불이행,건조,맑음,단일로 - 기타,승용,여,32세,상해없음,승용,남,62세,경상
2021100700100340,2021년 10월 7일 15시,목요일,대구광역시 수성구 수성동1가,부상신고사고,0,0,0,1,차대사람 - 기타,안전운전불이행,건조,맑음,기타 - 기타,기타불명,기타불명,미분류,기타불명,보행자,여,82세,부상신고
2021100700100341,2021년 10월 7일 15시,목요일,대구광역시 수성구 범어동,경상사고,0,0,2,0,차대차 - 기타,안전거리미확보,건조,맑음,단일로 - 기타,기타불명,기타불명,미분류,기타불명,승용,여,39세,경상
2021100700100342,2021년 10월 7일 15시,목요일,대구광역시 달성군 다사읍,경상사고,0,0,1,0,차대차 - 추돌,안전운전불이행,건조,맑음,교차로 - 교차로부근,승용,남,61세,상해없음,승용,여,30세,경상
2021100700100343,2021년 10월 7일 15시,목요일,대구광역시 달서구 신당동,경상사고,0,0,1,0,차대사람 - 횡단중,신호위반,건조,맑음,단일로 - 기타,승용,남,60세,상해없음,보행자,남,22세,경상
2021100700100372,2021년 10월 7일 16시,목요일,대구광역시 달서구 송현동,경상사고,0,0,1,0,차대차 - 측면충돌,직진우회전진행방해,건조,맑음,교차로 - 교차로안,화물,남,72세,상해없음,이륜,남,44세,경상
2021100700100373,2021년 10월 7일 16시,목요일,대구광역시 달서구 두류동,경상사고,0,0,2,0,차대차 - 측면충돌,안전거리미확보,건조,맑음,단일로 - 기타,승용,여,27세,상해없음,승합,남,55세,경상
2021100700100405,2021년 10월 7일 17시,목요일,대구광역시 수성구 성동,경상사고,0,0,1,0,차대차 - 측면충돌,신호위반,건조,맑음,교차로 - 교차로안,승용,여,21세,상해없음,이륜,남,34세,경상
2021100700100452,2021년 10월 7일 18시,목요일,대구광역시 남구 대명동,경상사고,0,0,1,0,차대차 - 측면충돌,안전운전불이행,건조,맑음,기타 - 기타,승용,여,33세,상해없음,승용,여,50세,경상
2021100700100453,2021년 10월 7일 18시,목요일,대구광역시 수성구 범어동,경상사고,0,0,1,0,차대사람 - 횡단중,보행자보호의무위반,건조,맑음,교차로 - 교차로부근,승용,남,77세,상해없음,보행자,남,72세,경상
2021100700100454,2021년 10월 7일 18시,목요일,대구광역시 달서구 월암동,경상사고,0,0,1,0,차대차 - 측면충돌,안전거리미확보,건조,맑음,기타 - 기타,화물,남,48세,상해없음,승용,남,40세,경상
2021100700100455,2021년 10월 7일 18시,목요일,대구광역시 서구 내당동,경상사고,0,0,1,0,차대차 - 추돌,안전운전불이행,건조,맑음,단일로 - 기타,이륜,남,46세,상해없음,승용,남,54세,경상
2021100700100456,2021년 10월 7일 18시,목요일,대구광역시 달서구 이곡동,경상사고,0,0,1,0,차대차 - 측면충돌,안전운전불이행,건조,맑음,단일로 - 기타,승용,여,43세,상해없음,승합,남,60세,경상
2021100700100457,2021년 10월 7일 18시,목요일,대구광역시 달서구 성당동,중상사고,0,1,0,0,차량단독 - 기타,안전운전불이행,건조,맑음,단일로 - 기타,승합,남,56세,상해없음,,,,
2021100700100514,2021년 10월 7일 19시,목요일,대구광역시 동구 봉무동,중상사고,0,2,0,0,차대차 - 측면충돌,신호위반,건조,맑음,교차로 - 교차로안,이륜,남,36세,중상,승용,남,38세,중상
2021100700100541,2021년 10월 7일 20시,목요일,대구광역시 수성구 사월동,경상사고,0,0,1,0,차대차 - 기타,안전운전불이행,건조,맑음,단일로 - 기타,승용,남,34세,상해없음,자전거,여,42세,경상
2021100700100542,2021년 10월 7일 20시,목요일,대구광역시 달서구 용산동,경상사고,0,0,1,0,차대차 - 기타,안전운전불이행,건조,맑음,기타 - 기타,승용,여,61세,상해없음,자전거,남,8세,경상
2021100700100561,2021년 10월 7일 21시,목요일,대구광역시 북구 산격동,중상사고,0,1,0,0,차대사람 - 기타,안전운전불이행,건조,맑음,기타 - 기타,개인형이동수단(PM),여,22세,상해없음,보행자,여,25세,중상
2021100700100585,2021년 10월 7일 22시,목요일,대구광역시 수성구 상동,부상신고사고,0,0,0,1,차대차 - 측면충돌,안전운전불이행,건조,맑음,단일로 - 기타,승합,남,48세,상해없음,자전거,여,60세,부상신고
2021100700100586,2021년 10월 7일 22시,목요일,대구광역시 북구 산격동,경상사고,0,0,1,0,차대차 - 기타,안전운전불이행,건조,맑음,단일로 - 기타,이륜,남,29세,상해없음,자전거,남,40세,경상
2021100700100587,2021년 10월 7일 22시,목요일,대구광역시 중구 계산동2가,부상신고사고,0,0,0,1,차대사람 - 기타,안전운전불이행,건조,맑음,단일로 - 기타,승용,남,28세,기타불명,보행자,여,53세,부상신고
2021100700100603,2021년 10월 7일 23시,목요일,대구광역시 달서구 월성동,중상사고,0,1,0,0,차대차 - 추돌,안전운전불이행,건조,맑음,단일로 - 기타,승용,남,36세,상해없음,화물,남,49세,중상
2021100700100604,2021년 10월 7일 23시,목요일,대구광역시 수성구 노변동,중상사고,0,1,1,0,차대차 - 추돌,안전운전불이행,건조,맑음,교차로 - 교차로부근,승용,남,44세,상해없음,화물,남,21세,경상
2021100700100605,2021년 10월 7일 23시,목요일,대구광역시 달서구 송현동,경상사고,0,0,1,0,차대차 - 측면충돌,신호위반,건조,맑음,교차로 - 교차로부근,이륜,남,29세,상해없음,이륜,남,32세,경상
2021100800100006,2021년 10월 8일 00시,금요일,대구광역시 달서구 월성동,경상사고,0,0,1,0,차대차 - 정면충돌,기타,건조,맑음,교차로 - 교차로안,승용,남,39세,상해없음,승용,남,29세,경상
2021100800100103,2021년 10월 8일 08시,금요일,대구광역시 달성군 화원읍,경상사고,0,0,1,0,차대사람 - 보도통행중,보행자보호의무위반,건조,맑음,단일로 - 기타,화물,남,61세,상해없음,보행자,여,38세,경상
2021100800100166,2021년 10월 8일 10시,금요일,대구광역시 수성구 두산동,경상사고,0,0,1,0,차대차 - 측면충돌,안전운전불이행,건조,맑음,단일로 - 기타,승용,남,68세,상해없음,자전거,남,22세,경상
2021100800100194,2021년 10월 8일 11시,금요일,대구광역시 서구 상리동,경상사고,0,0,1,0,차대차 - 측면충돌,안전운전불이행,건조,맑음,단일로 - 기타,화물,남,46세,상해없음,승용,남,55세,경상
2021100800100230,2021년 10월 8일 12시,금요일,대구광역시 달성군 현풍읍,경상사고,0,0,4,0,차대차 - 추돌,안전운전불이행,건조,맑음,단일로 - 기타,승합,남,53세,상해없음,화물,남,55세,경상
2021100800100233,2021년 10월 8일 12시,금요일,대구광역시 수성구 범어동,경상사고,0,0,1,0,차대차 - 측면충돌,안전운전불이행,건조,맑음,교차로 - 교차로안,자전거,여,64세,경상,승용,남,64세,상해없음
2021100800100234,2021년 10월 8일 12시,금요일,대구광역시 달서구 본리동,경상사고,0,0,1,0,차대사람 - 횡단중,안전운전불이행,건조,맑음,교차로 - 교차로횡단보도내,이륜,남,23세,상해없음,보행자,남,8세,경상
2021100800100235,2021년 10월 8일 12시,금요일,대구광역시 북구 태전동,경상사고,0,0,1,0,차대차 - 측면충돌,신호위반,건조,맑음,교차로 - 교차로안,승용,남,25세,기타불명,이륜,남,32세,경상
2021100800100272,2021년 10월 8일 13시,금요일,대구광역시 수성구 범어동,경상사고,0,0,1,0,차대차 - 추돌,안전운전불이행,건조,맑음,교차로 - 교차로부근,승용,남,21세,상해없음,승용,남,63세,상해없음
2021100800100273,2021년 10월 8일 13시,금요일,대구광역시 달서구 월성동,경상사고,0,0,1,0,차대차 - 측면충돌,신호위반,건조,맑음,교차로 - 교차로부근,승용,남,81세,상해없음,자전거,남,10세,경상
2021100800100316,2021년 10월 8일 14시,금요일,대구광역시 남구 대명동,중상사고,0,1,0,0,차대사람 - 기타,안전운전불이행,건조,맑음,단일로 - 기타,승용,여,61세,기타불명,보행자,여,63세,중상
2021100800100317,2021년 10월 8일 14시,금요일,대구광역시 북구 침산동,경상사고,0,0,3,0,차대차 - 측면충돌,교차로운행방법위반,건조,맑음,교차로 - 교차로안,건설기계,남,64세,상해없음,승용,남,51세,경상
2021100800100318,2021년 10월 8일 14시,금요일,대구광역시 북구 산격동,경상사고,0,0,1,0,차대차 - 추돌,안전거리미확보,건조,맑음,교차로 - 교차로안,화물,남,49세,상해없음,승용,남,42세,경상
2021100800100319,2021년 10월 8일 14시,금요일,대구광역시 달서구 장기동,경상사고,0,0,1,0,차대차 - 측면충돌,교차로운행방법위반,건조,맑음,교차로 - 교차로안,승용,여,57세,상해없음,승용,남,35세,경상
2021100800100353,2021년 10월 8일 15시,금요일,대구광역시 동구 검사동,경상사고,0,0,2,1,차대차 - 측면충돌,교차로운행방법위반,건조,맑음,교차로 - 교차로안,승용,여,60세,부상신고,화물,남,30세,경상
2021100800100354,2021년 10월 8일 15시,금요일,대구광역시 수성구 중동,경상사고,0,0,1,0,차대차 - 추돌,안전운전불이행,건조,맑음,기타 - 기타,승용,남,55세,상해없음,승용,여,28세,경상
2021100800100355,2021년 10월 8일 15시,금요일,대구광역시 수성구 범어동,경상사고,0,0,3,0,차대차 - 측면충돌,안전거리미확보,건조,맑음,기타 - 기타,승용,여,34세,경상,승합,남,45세,경상
2021100800100387,2021년 10월 8일 16시,금요일,대구광역시 동구 효목동,중상사고,0,1,0,0,차대사람 - 기타,기타,건조,맑음,단일로 - 기타,승합,남,56세,상해없음,보행자,남,54세,중상
2021100800100388,2021년 10월 8일 16시,금요일,대구광역시 서구 비산동,경상사고,0,0,1,0,차대차 - 기타,안전운전불이행,건조,맑음,단일로 - 기타,승용,남,41세,상해없음,개인형이동수단(PM),남,46세,경상
2021100800100389,2021년 10월 8일 16시,금요일,대구광역시 달서구 죽전동,경상사고,0,0,1,0,차대차 - 추돌,안전운전불이행,건조,맑음,단일로 - 기타,승용,여,56세,상해없음,이륜,남,36세,경상
2021100800100434,2021년 10월 8일 17시,금요일,대구광역시 서구 상리동,경상사고,0,0,2,1,차대차 - 측면충돌,차로위반,건조,맑음,단일로 - 기타,승용,여,59세,부상신고,승용,남,37세,경상
2021100800100439,2021년 10월 8일 17시,금요일,대구광역시 동구 지저동,중상사고,0,1,0,0,차대차 - 기타,교차로운행방법위반,건조,맑음,교차로 - 교차로부근,화물,남,41세,상해없음,자전거,여,53세,중상
2021100800100516,2021년 10월 8일 18시,금요일,대구광역시 북구 읍내동,경상사고,0,0,1,0,차대차 - 측면충돌,안전거리미확보,젖음/습기,비,단일로 - 지하차도(도로)내,승용,남,39세,상해없음,이륜,남,23세,경상
2021100800100581,2021년 10월 8일 19시,금요일,대구광역시 남구 대명동,경상사고,0,0,1,0,차대차 - 정면충돌,신호위반,건조,맑음,교차로 - 교차로안,이륜,남,22세,상해없음,이륜,남,43세,경상
2021100800100582,2021년 10월 8일 19시,금요일,대구광역시 북구 산격동,부상신고사고,0,0,0,1,차대차 - 측면충돌,중앙선침범,젖음/습기,비,기타 - 기타,개인형이동수단(PM),여,39세,부상신고,승용,남,56세,상해없음
2021100800100583,2021년 10월 8일 19시,금요일,대구광역시 북구 구암동,중상사고,0,1,0,0,차대차 - 측면충돌,안전운전불이행,젖음/습기,흐림,교차로 - 교차로안,승용,남,20세,상해없음,이륜,남,59세,중상
2021100800100619,2021년 10월 8일 20시,금요일,대구광역시 수성구 상동,경상사고,0,0,1,0,차대차 - 기타,안전운전불이행,건조,맑음,기타 - 기타,승용,남,48세,상해없음,이륜,남,18세,경상
2021100800100620,2021년 10월 8일 20시,금요일,대구광역시 달서구 두류동,경상사고,0,0,1,0,차대차 - 측면충돌,안전운전불이행,건조,맑음,단일로 - 기타,승용,남,38세,상해없음,승용,여,49세,경상
2021100800100621,2021년 10월 8일 20시,금요일,대구광역시 북구 매천동,경상사고,0,0,1,0,차대차 - 측면충돌,교차로운행방법위반,건조,맑음,교차로 - 교차로안,승용,남,34세,상해없음,원동기,남,20세,경상
2021100800100622,2021년 10월 8일 20시,금요일,대구광역시 북구 태전동,경상사고,0,0,1,0,차대차 - 후진중충돌,안전운전불이행,건조,맑음,단일로 - 기타,승용,남,54세,상해없음,자전거,남,57세,경상
2021100800100649,2021년 10월 8일 21시,금요일,대구광역시 남구 대명동,경상사고,0,0,1,0,차대차 - 측면충돌,신호위반,건조,맑음,교차로 - 교차로안,승용,남,73세,상해없음,이륜,남,28세,경상
2021100800100650,2021년 10월 8일 21시,금요일,대구광역시 수성구 상동,경상사고,0,0,1,0,차대사람 - 기타,기타,건조,맑음,단일로 - 기타,승용,남,22세,상해없음,보행자,남,48세,경상
2021100800100651,2021년 10월 8일 21시,금요일,대구광역시 북구 서변동,경상사고,0,0,3,0,차대차 - 측면충돌,안전거리미확보,건조,맑음,단일로 - 교량,승용,여,29세,경상,승용,여,23세,경상
2021100800100707,2021년 10월 8일 23시,금요일,대구광역시 동구 신천동,경상사고,0,0,3,0,차대차 - 추돌,안전운전불이행,건조,맑음,교차로 - 교차로부근,승용,여,49세,상해없음,승용,남,26세,경상
2021100800100708,2021년 10월 8일 23시,금요일,대구광역시 북구 산격동,경상사고,0,0,2,0,차대차 - 측면충돌,안전운전불이행,건조,맑음,단일로 - 기타,승용,남,57세,상해없음,승용,남,31세,경상
2021100900100025,2021년 10월 9일 05시,토요일,대구광역시 달성군 현풍읍,경상사고,0,0,1,0,차대차 - 측면충돌,신호위반,건조,맑음,단일로 - 기타,승용,남,49세,상해없음,승용,남,34세,경상
2021100900100026,2021년 10월 9일 05시,토요일,대구광역시 북구 관음동,중상사고,0,1,0,0,차대차 - 측면충돌,교차로운행방법위반,건조,맑음,교차로 - 교차로안,자전거,여,67세,중상,승용,여,62세,상해없음
2021100900100049,2021년 10월 9일 07시,토요일,대구광역시 중구 달성동,중상사고,0,1,0,0,차대사람 - 보도통행중,기타,건조,맑음,단일로 - 기타,자전거,남,59세,상해없음,보행자,여,68세,중상
2021100900100077,2021년 10월 9일 09시,토요일,대구광역시 달서구 송현동,경상사고,0,0,1,0,차대차 - 측면충돌,안전거리미확보,건조,맑음,단일로 - 지하차도(도로)내,승용,여,38세,상해없음,승용,여,59세,경상
2021100900100096,2021년 10월 9일 10시,토요일,대구광역시 남구 봉덕동,경상사고,0,0,2,0,차대차 - 측면충돌,안전거리미확보,건조,맑음,단일로 - 기타,화물,남,71세,상해없음,승용,남,60세,경상
2021100900100097,2021년 10월 9일 10시,토요일,대구광역시 수성구 범어동,경상사고,0,0,1,0,차대사람 - 횡단중,안전운전불이행,건조,맑음,단일로 - 기타,승용,여,52세,기타불명,보행자,여,70세,경상
2021100900100098,2021년 10월 9일 10시,토요일,대구광역시 달서구 유천동,경상사고,0,0,1,0,차대차 - 측면충돌,안전운전불이행,건조,맑음,단일로 - 기타,승용,남,62세,기타불명,자전거,남,60세,경상
2021100900100198,2021년 10월 9일 13시,토요일,대구광역시 서구 내당동,경상사고,0,0,1,0,차대차 - 기타,안전운전불이행,건조,맑음,교차로 - 교차로부근,승용,남,68세,상해없음,기타불명,남,47세,경상
2021100900100199,2021년 10월 9일 13시,토요일,대구광역시 중구 전동,중상사고,0,1,0,0,차대차 - 기타,안전운전불이행,건조,맑음,단일로 - 기타,승합,남,51세,상해없음,승용,남,62세,상해없음
2021100900100240,2021년 10월 9일 14시,토요일,대구광역시 동구 각산동,경상사고,0,0,1,1,차대차 - 측면충돌,안전운전불이행,건조,맑음,교차로 - 교차로안,승용,여,60세,부상신고,승용,여,48세,경상
2021100900100241,2021년 10월 9일 14시,토요일,대구광역시 수성구 범어동,경상사고,0,0,1,0,차대차 - 측면충돌,안전운전불이행,건조,맑음,단일로 - 기타,승용,남,35세,상해없음,이륜,남,36세,경상
2021100900100242,2021년 10월 9일 14시,토요일,대구광역시 북구 칠성동1가,중상사고,0,1,0,0,차대차 - 기타,안전운전불이행,건조,맑음,단일로 - 기타,화물,남,62세,상해없음,이륜,남,56세,중상
2021100900100267,2021년 10월 9일 15시,토요일,대구광역시 남구 봉덕동,경상사고,0,0,1,0,차대차 - 측면충돌,안전운전불이행,건조,맑음,단일로 - 기타,승용,여,60세,상해없음,승용,남,34세,경상
2021100900100268,2021년 10월 9일 15시,토요일,대구광역시 북구 금호동,경상사고,0,0,1,0,차대차 - 추돌,교차로운행방법위반,건조,맑음,교차로 - 교차로부근,승용,여,64세,상해없음,승용,남,41세,경상
2021100900100302,2021년 10월 9일 16시,토요일,대구광역시 북구 산격동,경상사고,0,0,1,0,차대차 - 후진중충돌,안전운전불이행,건조,맑음,주차장 - 주차장,화물,남,62세,상해없음,승용,남,30세,경상
2021100900100303,2021년 10월 9일 16시,토요일,대구광역시 중구 남산동,부상신고사고,0,0,0,1,차대차 - 측면충돌,교차로운행방법위반,건조,맑음,교차로 - 교차로안,이륜,남,46세,부상신고,이륜,남,24세,상해없음
2021100900100343,2021년 10월 9일 17시,토요일,대구광역시 수성구 수성동1가,경상사고,0,0,1,0,차대차 - 측면충돌,신호위반,건조,맑음,교차로 - 교차로안,승용,남,38세,상해없음,승용,남,57세,경상
2021100900100344,2021년 10월 9일 17시,토요일,대구광역시 북구 구암동,경상사고,0,0,1,0,차대차 - 측면충돌,기타,건조,맑음,단일로 - 지하차도(도로)내,승용,남,47세,상해없음,이륜,남,53세,경상
2021100900100401,2021년 10월 9일 18시,토요일,대구광역시 달서구 신당동,경상사고,0,0,1,0,차대차 - 기타,안전거리미확보,건조,맑음,단일로 - 기타,승용,남,47세,상해없음,승합,남,53세,경상
2021100900100453,2021년 10월 9일 19시,토요일,대구광역시 동구 신암동,경상사고,0,0,1,0,차대차 - 측면충돌,안전운전불이행,건조,맑음,교차로 - 교차로안,승용,남,51세,상해없음,승용,여,45세,경상
2021100900100454,2021년 10월 9일 19시,토요일,대구광역시 달서구 용산동,경상사고,0,0,1,0,차대사람 - 기타,안전운전불이행,건조,맑음,교차로 - 교차로안,승용,여,59세,상해없음,보행자,남,39세,경상
2021100900100551,2021년 10월 9일 22시,토요일,대구광역시 수성구 노변동,중상사고,0,1,0,0,차대사람 - 횡단중,신호위반,건조,맑음,기타 - 기타,기타불명,기타불명,미분류,기타불명,보행자,여,20세,중상
2021100900100552,2021년 10월 9일 22시,토요일,대구광역시 서구 내당동,경상사고,0,0,1,0,차대차 - 추돌,안전운전불이행,건조,맑음,교차로 - 교차로부근,승용,여,47세,상해없음,승용,남,43세,상해없음
2021100900100580,2021년 10월 9일 23시,토요일,대구광역시 달서구 죽전동,경상사고,0,0,2,0,차대차 - 측면충돌,안전운전불이행,건조,맑음,교차로 - 교차로부근,승용,남,58세,경상,승용,여,51세,경상
2021101000100013,2021년 10월 10일 00시,일요일,대구광역시 남구 대명동,부상신고사고,0,0,0,1,차대차 - 측면충돌,안전운전불이행,건조,맑음,교차로 - 교차로안,기타불명,기타불명,미분류,기타불명,승용,남,27세,부상신고
2021101000100014,2021년 10월 10일 00시,일요일,대구광역시 동구 신천동,경상사고,0,0,1,0,차대차 - 정면충돌,안전운전불이행,건조,맑음,교차로 - 교차로안,승용,남,31세,상해없음,승용,남,31세,경상
2021101000100075,2021년 10월 10일 09시,일요일,대구광역시 동구 용계동,경상사고,0,0,1,0,차량단독 - 기타,안전운전불이행,건조,맑음,단일로 - 기타,승합,남,57세,상해없음,,,,
2021101000100076,2021년 10월 10일 09시,일요일,대구광역시 동구 신천동,경상사고,0,0,2,0,차대차 - 정면충돌,직진우회전진행방해,건조,맑음,교차로 - 교차로안,승용,여,40세,경상,승용,남,43세,경상
2021101000100092,2021년 10월 10일 10시,일요일,대구광역시 서구 비산동,경상사고,0,0,4,0,차대차 - 측면충돌,안전운전불이행,건조,맑음,단일로 - 기타,승용,여,36세,상해없음,승용,남,52세,경상
2021101000100151,2021년 10월 10일 12시,일요일,대구광역시 동구 신천동,중상사고,0,1,0,0,차대사람 - 횡단중,보행자보호의무위반,건조,맑음,단일로 - 기타,화물,남,49세,상해없음,보행자,여,79세,중상
2021101000100152,2021년 10월 10일 12시,일요일,대구광역시 달서구 상인동,경상사고,0,0,1,0,차대차 - 측면충돌,중앙선침범,건조,맑음,단일로 - 기타,승용,남,43세,상해없음,승용,남,53세,경상
2021101000100183,2021년 10월 10일 13시,일요일,대구광역시 달서구 송현동,경상사고,0,0,1,0,차대차 - 측면충돌,신호위반,건조,맑음,교차로 - 교차로안,승합,남,56세,상해없음,승용,남,39세,경상
2021101000100224,2021년 10월 10일 14시,일요일,대구광역시 남구 대명동,경상사고,0,0,1,0,차대차 - 기타,안전운전불이행,건조,맑음,단일로 - 기타,승용,남,36세,상해없음,이륜,남,25세,경상
2021101000100225,2021년 10월 10일 14시,일요일,대구광역시 동구 불로동,경상사고,0,0,1,0,차대차 - 후진중충돌,안전운전불이행,건조,맑음,단일로 - 기타,승용,여,69세,상해없음,승용,남,56세,경상
2021101000100226,2021년 10월 10일 14시,일요일,대구광역시 서구 비산동,경상사고,0,0,1,0,차대차 - 기타,안전운전불이행,건조,맑음,단일로 - 기타,화물,남,70세,상해없음,승용,남,30세,경상
2021101000100253,2021년 10월 10일 15시,일요일,대구광역시 수성구 만촌동,경상사고,0,0,4,0,차대차 - 추돌,안전운전불이행,건조,맑음,단일로 - 기타,승용,남,36세,상해없음,승용,남,38세,경상
2021101000100289,2021년 10월 10일 16시,일요일,대구광역시 수성구 두산동,중상사고,0,1,0,0,차대사람 - 횡단중,보행자보호의무위반,건조,맑음,단일로 - 기타,승용,여,26세,상해없음,보행자,여,29세,중상
2021101000100290,2021년 10월 10일 16시,일요일,대구광역시 중구 공평동,경상사고,0,0,1,0,차대사람 - 횡단중,보행자보호의무위반,건조,맑음,교차로 - 교차로횡단보도내,승용,남,18세,상해없음,보행자,남,27세,경상
2021101000100291,2021년 10월 10일 16시,일요일,대구광역시 달서구 용산동,경상사고,0,0,2,0,차대차 - 측면충돌,안전운전불이행,건조,맑음,교차로 - 교차로안,이륜,남,21세,상해없음,승용,남,30세,상해없음
2021101000100331,2021년 10월 10일 17시,일요일,대구광역시 서구 이현동,경상사고,0,0,1,0,차대차 - 측면충돌,직진우회전진행방해,건조,맑음,교차로 - 교차로부근,승용,남,62세,상해없음,이륜,남,54세,경상
2021101000100332,2021년 10월 10일 17시,일요일,대구광역시 달서구 두류동,경상사고,0,0,1,0,차대사람 - 기타,안전운전불이행,건조,맑음,단일로 - 기타,승용,여,52세,상해없음,보행자,남,22세,경상
2021101000100375,2021년 10월 10일 18시,일요일,대구광역시 서구 평리동,사망사고,1,0,2,0,차대차 - 측면충돌,신호위반,건조,맑음,교차로 - 교차로안,승용,남,41세,경상,이륜,남,53세,사망
2021101000100376,2021년 10월 10일 18시,일요일,대구광역시 북구 관음동,경상사고,0,0,2,0,차대차 - 측면충돌,안전거리미확보,건조,맑음,교차로 - 교차로부근,승용,남,66세,상해없음,승용,여,49세,경상
2021101000100409,2021년 10월 10일 19시,일요일,대구광역시 동구 신암동,경상사고,0,0,2,0,차대차 - 측면충돌,안전운전불이행,건조,맑음,단일로 - 교량,승용,남,38세,상해없음,승용,남,60세,경상