사고번호,사고일시,요일,시군구,사고내용,사망자수,중상자수,경상자수,부상신고자수,사고유형,법규위반,노면상태,기상상태,도로형태,가해운전자 차종,가해운전자 성별,가해운전자 연령,가해운전자 상해정도,피해운전자 차종,피해운전자 성별,피해운전자 연령,피해운전자 상해정도
2021101300100624,2021년 10월 13일 23시,수요일,대구광역시 수성구 성동,경상사고,0,0,2,0,차대차 - 추돌,안전운전불이행,건조,맑음,기타 - 기타,승용,남,53세,상해없음,승용,여,20세,경상
2021101400100009,2021년 10월 14일 00시,목요일,대구광역시 달성군 화원읍,중상사고,0,1,0,0,차대사람 - 횡단중,보행자보호의무위반,건조,맑음,교차로 - 교차로횡단보도내,화물,남,50세,상해없음,보행자,여,64세,중상
2021101400100023,2021년 10월 14일 02시,목요일,대구광역시 서구 비산동,경상사고,0,0,1,1,차대차 - 측면충돌,안전운전불이행,건조,맑음,교차로 - 교차로안,이륜,남,52세,부상신고,승용,남,59세,상해없음
2021101400100038,2021년 10월 14일 05시,목요일,대구광역시 중구 남일동,중상사고,0,1,0,0,차대사람 - 차도통행중,안전운전불이행,건조,맑음,교차로 - 교차로횡단보도내,승용,남,63세,상해없음,보행자,남,81세,중상
2021101400100079,2021년 10월 14일 07시,목요일,대구광역시 달서구 성당동,경상사고,0,0,1,0,차대사람 - 보도통행중,안전운전불이행,건조,맑음,단일로 - 기타,승용,여,37세,상해없음,보행자,여,16세,경상
2021101400100080,2021년 10월 14일 07시,목요일,대구광역시 북구 동변동,부상신고사고,0,0,0,1,차대차 - 측면충돌,안전거리미확보,건조,맑음,단일로 - 고가도로위,승합,남,67세,상해없음,승합,남,66세,상해없음
2021101400100124,2021년 10월 14일 08시,목요일,대구광역시 달서구 이곡동,경상사고,0,0,1,0,차대사람 - 기타,안전운전불이행,건조,맑음,단일로 - 기타,승용,남,62세,상해없음,보행자,남,41세,경상
2021101400100165,2021년 10월 14일 09시,목요일,대구광역시 남구 대명동,경상사고,0,0,1,0,차대차 - 측면충돌,안전운전불이행,건조,맑음,단일로 - 기타,화물,남,46세,상해없음,승용,여,41세,경상
2021101400100166,2021년 10월 14일 09시,목요일,대구광역시 수성구 두산동,부상신고사고,0,0,0,1,차대차 - 측면충돌,안전운전불이행,건조,맑음,기타 - 기타,자전거,남,41세,부상신고,승용,남,31세,상해없음
2021101400100195,2021년 10월 14일 10시,목요일,대구광역시 동구 불로동,부상신고사고,0,0,0,1,차대차 - 기타,신호위반,건조,맑음,교차로 - 교차로안,승용,여,37세,상해없음,자전거,남,38세,부상신고
2021101400100196,2021년 10월 14일 10시,목요일,대구광역시 수성구 시지동,경상사고,0,0,1,0,차대사람 - 횡단중,보행자보호의무위반,건조,맑음,교차로 - 교차로횡단보도내,화물,남,47세,상해없음,보행자,여,78세,경상
2021101400100197,2021년 10월 14일 10시,목요일,대구광역시 수성구 황금동,경상사고,0,0,1,0,차대차 - 추돌,안전운전불이행,건조,맑음,교차로 - 교차로부근,승용,여,36세,상해없음,승용,여,55세,경상
2021101400100198,2021년 10월 14일 10시,목요일,대구광역시 달서구 대천동,경상사고,0,0,1,0,차대차 - 추돌,안전운전불이행,건조,맑음,단일로 - 기타,승용,남,58세,상해없음,승용,여,42세,경상
2021101400100199,2021년 10월 14일 10시,목요일,대구광역시 달성군 화원읍,경상사고,0,0,1,0,차대차 - 측면충돌,안전거리미확보,건조,맑음,기타 - 기타,화물,남,31세,상해없음,승용,남,55세,경상
2021101400100233,2021년 10월 14일 11시,목요일,대구광역시 동구 지저동,부상신고사고,0,0,0,1,차대사람 - 기타,안전운전불이행,건조,맑음,기타 - 기타,기타불명,여,79세,상해없음,보행자,여,80세,부상신고
2021101400100234,2021년 10월 14일 11시,목요일,대구광역시 수성구 범물동,경상사고,0,0,3,0,차대차 - 추돌,안전운전불이행,건조,맑음,교차로 - 교차로안,승용,남,67세,상해없음,승용,남,70세,경상
2021101400100235,2021년 10월 14일 11시,목요일,대구광역시 달서구 송현동,경상사고,0,0,1,0,차대차 - 측면충돌,중앙선침범,건조,맑음,단일로 - 기타,승용,남,72세,상해없음,승용,남,38세,경상
2021101400100236,2021년 10월 14일 11시,목요일,대구광역시 달서구 대천동,경상사고,0,0,1,0,차대차 - 추돌,안전거리미확보,건조,맑음,단일로 - 기타,승용,여,41세,상해없음,화물,남,48세,경상
2021101400100237,2021년 10월 14일 11시,목요일,대구광역시 달성군 구지면,중상사고,0,1,1,0,차대차 - 기타,신호위반,건조,맑음,교차로 - 교차로안,이륜,남,36세,경상,승용,남,72세,상해없음
2021101400100238,2021년 10월 14일 11시,목요일,대구광역시 북구 동천동,중상사고,0,1,0,1,차대차 - 측면충돌,안전거리미확보,건조,맑음,교차로 - 교차로부근,승용,남,73세,부상신고,승용,여,77세,중상
2021101400100269,2021년 10월 14일 12시,목요일,대구광역시 달서구 송현동,중상사고,0,1,0,0,차대차 - 측면충돌,신호위반,건조,맑음,교차로 - 교차로안,화물,남,23세,상해없음,이륜,남,80세,중상
2021101400100270,2021년 10월 14일 12시,목요일,대구광역시 북구 산격동,경상사고,0,0,1,0,차대차 - 추돌,안전운전불이행,건조,맑음,단일로 - 기타,승용,남,39세,상해없음,승용,남,45세,경상
2021101400100306,2021년 10월 14일 13시,목요일,대구광역시 북구 칠성동1가,부상신고사고,0,0,0,1,차대차 - 측면충돌,신호위반,건조,맑음,단일로 - 기타,자전거,남,88세,부상신고,승용,남,66세,상해없음
2021101400100344,2021년 10월 14일 14시,목요일,대구광역시 동구 불로동,중상사고,0,1,0,0,차대차 - 측면충돌,직진우회전진행방해,건조,맑음,교차로 - 교차로안,승용,여,66세,상해없음,자전거,남,77세,중상
2021101400100345,2021년 10월 14일 14시,목요일,대구광역시 수성구 수성동1가,경상사고,0,0,1,0,차대차 - 추돌,안전운전불이행,건조,맑음,단일로 - 기타,승용,남,74세,상해없음,승용,여,44세,경상
2021101400100346,2021년 10월 14일 14시,목요일,대구광역시 달서구 본동,경상사고,0,0,2,0,차대차 - 측면충돌,안전운전불이행,건조,맑음,교차로 - 교차로부근,승용,남,27세,상해없음,승용,여,28세,경상
2021101400100348,2021년 10월 14일 14시,목요일,대구광역시 북구 읍내동,경상사고,0,0,1,0,차대사람 - 차도통행중,안전운전불이행,건조,맑음,단일로 - 교량,승용,남,42세,상해없음,보행자,여,58세,경상
2021101400100349,2021년 10월 14일 14시,목요일,대구광역시 북구 사수동,경상사고,0,0,1,0,차대차 - 후진중충돌,안전운전불이행,건조,맑음,교차로 - 교차로안,승용,남,70세,상해없음,이륜,남,36세,경상
2021101400100409,2021년 10월 14일 16시,목요일,대구광역시 수성구 범어동,경상사고,0,0,1,0,차대사람 - 횡단중,중앙선침범,건조,맑음,단일로 - 기타,이륜,남,30세,상해없음,보행자,남,13세,경상
2021101400100461,2021년 10월 14일 17시,목요일,대구광역시 달성군 유가읍,경상사고,0,0,1,0,차대사람 - 보도통행중,기타,건조,맑음,단일로 - 기타,승용,여,33세,상해없음,보행자,여,51세,경상
2021101400100462,2021년 10월 14일 17시,목요일,대구광역시 북구 침산동,경상사고,0,0,1,0,차대사람 - 기타,안전운전불이행,건조,맑음,기타 - 기타,화물,남,44세,상해없음,보행자,여,50세,경상
2021101400100463,2021년 10월 14일 17시,목요일,대구광역시 북구 동천동,경상사고,0,0,1,0,차대차 - 추돌,교차로운행방법위반,건조,맑음,교차로 - 교차로부근,승용,여,52세,상해없음,승용,남,31세,경상
2021101400100516,2021년 10월 14일 18시,목요일,대구광역시 수성구 가천동,경상사고,0,0,2,0,차대차 - 추돌,안전거리미확보,건조,맑음,단일로 - 기타,승용,남,49세,상해없음,승용,여,36세,상해없음
2021101400100517,2021년 10월 14일 18시,목요일,대구광역시 달서구 월성동,경상사고,0,0,1,0,차대차 - 측면충돌,안전거리미확보,건조,맑음,기타 - 기타,승용,남,57세,상해없음,승용,남,54세,경상
2021101400100518,2021년 10월 14일 18시,목요일,대구광역시 달성군 현풍읍,경상사고,0,0,1,0,차대차 - 기타,안전운전불이행,건조,맑음,교차로 - 교차로안,승용,여,25세,상해없음,승용,여,38세,경상
2021101400100519,2021년 10월 14일 18시,목요일,대구광역시 서구 내당동,경상사고,0,0,4,0,차대차 - 추돌,안전거리미확보,건조,맑음,단일로 - 기타,승합,남,52세,상해없음,화물,남,46세,경상
2021101400100520,2021년 10월 14일 18시,목요일,대구광역시 달서구 두류동,경상사고,0,0,2,0,차대사람 - 횡단중,안전운전불이행,건조,맑음,기타 - 기타,이륜,남,70세,경상,보행자,여,80세,경상
2021101400100521,2021년 10월 14일 18시,목요일,대구광역시 달서구 두류동,부상신고사고,0,0,0,1,차대차 - 측면충돌,안전운전불이행,건조,맑음,단일로 - 기타,승용,남,70세,부상신고,승용,여,57세,기타불명
2021101400100559,2021년 10월 14일 19시,목요일,대구광역시 수성구 범어동,중상사고,0,1,0,0,차대차 - 측면충돌,안전운전불이행,건조,맑음,단일로 - 기타,승용,남,56세,상해없음,이륜,남,40세,중상
2021101400100560,2021년 10월 14일 19시,목요일,대구광역시 달서구 도원동,경상사고,0,0,1,0,차대차 - 측면충돌,안전거리미확보,건조,맑음,단일로 - 기타,승용,남,41세,상해없음,이륜,남,21세,경상
2021101400100561,2021년 10월 14일 19시,목요일,대구광역시 달서구 상인동,부상신고사고,0,0,0,1,차대차 - 기타,안전운전불이행,건조,맑음,단일로 - 기타,기타불명,기타불명,미분류,기타불명,승용,여,42세,부상신고
2021101400100607,2021년 10월 14일 21시,목요일,대구광역시 동구 신암동,중상사고,0,1,1,0,차대차 - 기타,불법유턴,건조,맑음,단일로 - 기타,이륜,남,25세,경상,이륜,남,46세,중상
2021101400100652,2021년 10월 14일 23시,목요일,대구광역시 달서구 두류동,경상사고,0,0,1,0,차대차 - 추돌,안전운전불이행,건조,맑음,기타 - 기타,이륜,남,27세,상해없음,승용,남,49세,경상
2021101500100024,2021년 10월 15일 05시,금요일,대구광역시 수성구 시지동,중상사고,0,1,0,1,차대차 - 측면충돌,안전거리미확보,건조,맑음,교차로 - 교차로안,승용,남,61세,부상신고,승용,남,39세,중상
2021101500100035,2021년 10월 15일 06시,금요일,대구광역시 북구 침산동,경상사고,0,0,1,0,차대차 - 추돌,안전운전불이행,건조,맑음,교차로 - 교차로부근,승용,남,22세,상해없음,승용,남,42세,경상
2021101500100054,2021년 10월 15일 07시,금요일,대구광역시 서구 내당동,경상사고,0,0,3,0,차대차 - 추돌,안전운전불이행,건조,맑음,단일로 - 기타,승용,남,27세,기타불명,승합,남,61세,경상
2021101500100099,2021년 10월 15일 08시,금요일,대구광역시 동구 방촌동,경상사고,0,0,1,0,차대차 - 후진중충돌,안전운전불이행,건조,맑음,단일로 - 기타,승용,남,69세,상해없음,승용,남,53세,경상
2021101500100100,2021년 10월 15일 08시,금요일,대구광역시 달서구 본동,경상사고,0,0,3,0,차대차 - 측면충돌,안전거리미확보,건조,맑음,기타 - 기타,승용,남,66세,상해없음,승용,남,27세,경상
2021101500100139,2021년 10월 15일 09시,금요일,대구광역시 달서구 상인동,경상사고,0,0,1,0,차대사람 - 횡단중,보행자보호의무위반,건조,맑음,교차로 - 교차로횡단보도내,승용,남,23세,상해없음,보행자,여,28세,경상
2021101500100140,2021년 10월 15일 09시,금요일,대구광역시 달서구 죽전동,중상사고,0,1,0,0,차대사람 - 기타,안전운전불이행,건조,맑음,단일로 - 기타,건설기계,남,66세,상해없음,보행자,여,71세,중상
2021101500100141,2021년 10월 15일 09시,금요일,대구광역시 북구 동천동,중상사고,0,1,0,0,차대사람 - 횡단중,신호위반,젖음/습기,비,교차로 - 교차로횡단보도내,이륜,남,25세,상해없음,보행자,남,23세,중상
2021101500100178,2021년 10월 15일 10시,금요일,대구광역시 수성구 황금동,경상사고,0,0,1,0,차대차 - 측면충돌,안전운전불이행,건조,맑음,교차로 - 교차로안,화물,남,61세,상해없음,이륜,남,25세,경상
2021101500100179,2021년 10월 15일 10시,금요일,대구광역시 북구 산격동,경상사고,0,0,1,0,차대사람 - 차도통행중,안전운전불이행,건조,맑음,단일로 - 기타,승용,남,77세,상해없음,보행자,여,61세,경상
2021101500100222,2021년 10월 15일 11시,금요일,대구광역시 달서구 진천동,중상사고,0,1,0,0,차대차 - 추돌,안전운전불이행,건조,맑음,기타 - 기타,이륜,남,26세,중상,승합,남,58세,상해없음
2021101500100259,2021년 10월 15일 12시,금요일,대구광역시 달서구 신당동,경상사고,0,0,1,0,차대사람 - 보도통행중,기타,건조,흐림,단일로 - 기타,이륜,남,26세,상해없음,보행자,남,48세,경상
2021101500100260,2021년 10월 15일 12시,금요일,대구광역시 달서구 장기동,경상사고,0,0,1,0,차대차 - 측면충돌,교차로운행방법위반,건조,맑음,교차로 - 교차로안,화물,남,72세,상해없음,승용,남,50세,경상
2021101500100261,2021년 10월 15일 12시,금요일,대구광역시 북구 태전동,경상사고,0,0,1,0,차대차 - 측면충돌,교차로운행방법위반,건조,맑음,교차로 - 교차로안,화물,남,66세,상해없음,승용,남,45세,경상
2021101500100349,2021년 10월 15일 15시,금요일,대구광역시 달서구 도원동,경상사고,0,0,1,0,차대차 - 측면충돌,안전운전불이행,건조,흐림,단일로 - 기타,개인형이동수단(PM),여,65세,경상,승용,남,63세,상해없음
2021101500100350,2021년 10월 15일 15시,금요일,대구광역시 달서구 월성동,경상사고,0,0,1,0,차대사람 - 횡단중,보행자보호의무위반,건조,흐림,교차로 - 교차로횡단보도내,승용,여,65세,상해없음,보행자,남,56세,경상
2021101500100351,2021년 10월 15일 15시,금요일,대구광역시 달서구 송현동,경상사고,0,0,1,0,차대차 - 후진중충돌,안전운전불이행,건조,맑음,단일로 - 기타,승용,남,86세,상해없음,이륜,남,30세,경상
2021101500100352,2021년 10월 15일 15시,금요일,대구광역시 달서구 월성동,경상사고,0,0,1,0,차대차 - 기타,안전운전불이행,건조,맑음,교차로 - 교차로횡단보도내,승용,남,48세,상해없음,자전거,남,11세,경상
2021101500100387,2021년 10월 15일 16시,금요일,대구광역시 동구 신암동,경상사고,0,0,1,0,차대차 - 추돌,안전운전불이행,건조,맑음,단일로 - 기타,승합,남,56세,상해없음,승용,여,40세,경상
2021101500100388,2021년 10월 15일 16시,금요일,대구광역시 달서구 신당동,경상사고,0,0,1,0,차대사람 - 횡단중,보행자보호의무위반,건조,맑음,교차로 - 교차로횡단보도내,승용,남,55세,상해없음,보행자,남,22세,경상
2021101500100423,2021년 10월 15일 17시,금요일,대구광역시 동구 신천동,경상사고,0,0,1,0,차대차 - 기타,안전거리미확보,건조,맑음,단일로 - 기타,기타불명,기타불명,미분류,기타불명,승합,남,47세,상해없음
2021101500100424,2021년 10월 15일 17시,금요일,대구광역시 수성구 두산동,경상사고,0,0,2,0,차대차 - 측면충돌,안전운전불이행,젖음/습기,비,단일로 - 기타,이륜,남,18세,경상,승용,남,54세,경상
2021101500100425,2021년 10월 15일 17시,금요일,대구광역시 북구 칠성동2가,경상사고,0,0,1,0,차대차 - 측면충돌,안전운전불이행,젖음/습기,비,단일로 - 기타,화물,남,55세,상해없음,이륜,남,65세,경상
2021101500100426,2021년 10월 15일 17시,금요일,대구광역시 달서구 용산동,경상사고,0,0,1,0,차대차 - 측면충돌,안전운전불이행,젖음/습기,비,단일로 - 기타,승용,여,64세,상해없음,승용,여,53세,경상
2021101500100487,2021년 10월 15일 18시,금요일,대구광역시 남구 봉덕동,중상사고,0,1,0,0,차대차 - 측면충돌,안전운전불이행,건조,맑음,교차로 - 교차로부근,승용,남,64세,상해없음,이륜,남,45세,중상
2021101500100488,2021년 10월 15일 18시,금요일,대구광역시 수성구 시지동,경상사고,0,0,1,0,차대차 - 기타,안전운전불이행,건조,맑음,단일로 - 기타,승용,여,51세,상해없음,이륜,남,50세,경상
2021101500100489,2021년 10월 15일 18시,금요일,대구광역시 수성구 수성동2가,경상사고,0,0,2,0,차대차 - 측면충돌,안전거리미확보,건조,맑음,단일로 - 기타,승용,남,28세,상해없음,승용,남,68세,경상
2021101500100490,2021년 10월 15일 18시,금요일,대구광역시 달서구 대곡동,경상사고,0,0,2,0,차대사람 - 횡단중,안전운전불이행,젖음/습기,비,교차로 - 교차로안,승용,남,44세,상해없음,보행자,남,45세,경상
2021101500100491,2021년 10월 15일 18시,금요일,대구광역시 달서구 본동,경상사고,0,0,1,0,차대차 - 후진중충돌,안전운전불이행,건조,맑음,교차로 - 교차로안,승용,남,56세,상해없음,승용,여,64세,경상
2021101500100492,2021년 10월 15일 18시,금요일,대구광역시 달성군 다사읍,경상사고,0,0,1,0,차대차 - 측면충돌,안전운전불이행,건조,맑음,교차로 - 교차로안,승용,남,33세,상해없음,이륜,남,18세,경상
2021101500100493,2021년 10월 15일 18시,금요일,대구광역시 중구 남일동,중상사고,0,1,0,0,차대사람 - 기타,안전운전불이행,젖음/습기,비,교차로 - 교차로안,승용,남,58세,상해없음,보행자,남,83세,중상
2021101500100539,2021년 10월 15일 19시,금요일,대구광역시 달서구 월성동,경상사고,0,0,2,0,차대차 - 추돌,안전운전불이행,건조,맑음,기타 - 기타,승용,남,20세,상해없음,승용,여,40세,경상
2021101500100541,2021년 10월 15일 19시,금요일,대구광역시 달서구 죽전동,경상사고,0,0,1,0,차대사람 - 횡단중,신호위반,젖음/습기,비,기타 - 기타,승용,남,51세,상해없음,보행자,여,26세,경상
2021101500100542,2021년 10월 15일 19시,금요일,대구광역시 달서구 호산동,경상사고,0,0,1,0,차대차 - 기타,교차로운행방법위반,젖음/습기,비,교차로 - 교차로횡단보도내,승용,남,57세,상해없음,자전거,남,48세,경상
2021101500100543,2021년 10월 15일 19시,금요일,대구광역시 달서구 용산동,경상사고,0,0,1,0,차대차 - 추돌,안전운전불이행,젖음/습기,비,단일로 - 기타,승용,남,64세,상해없음,화물,여,49세,경상
2021101500100613,2021년 10월 15일 21시,금요일,대구광역시 수성구 범어동,경상사고,0,0,2,0,차대사람 - 횡단중,보행자보호의무위반,젖음/습기,비,교차로 - 교차로부근,승용,남,62세,상해없음,보행자,남,26세,경상
2021101500100614,2021년 10월 15일 21시,금요일,대구광역시 서구 평리동,경상사고,0,0,5,0,차대차 - 기타,안전운전불이행,젖음/습기,비,교차로 - 교차로안,승용,남,45세,경상,승용,여,56세,경상
2021101500100648,2021년 10월 15일 22시,금요일,대구광역시 수성구 수성동3가,경상사고,0,0,4,0,차대차 - 추돌,안전운전불이행,젖음/습기,비,교차로 - 교차로부근,승용,남,34세,상해없음,승합,남,35세,경상
2021101500100649,2021년 10월 15일 22시,금요일,대구광역시 달서구 장기동,경상사고,0,0,1,0,차대차 - 기타,안전운전불이행,젖음/습기,비,단일로 - 기타,화물,남,53세,상해없음,승용,여,52세,경상
2021101500100650,2021년 10월 15일 22시,금요일,대구광역시 북구 관음동,중상사고,0,1,0,0,차대사람 - 횡단중,보행자보호의무위반,젖음/습기,비,교차로 - 교차로부근,승용,남,49세,기타불명,보행자,남,56세,중상
2021101500100651,2021년 10월 15일 22시,금요일,대구광역시 북구 동천동,중상사고,0,1,0,0,차대사람 - 횡단중,신호위반,젖음/습기,비,교차로 - 교차로안,승용,여,48세,상해없음,보행자,남,19세,중상
2021101600100019,2021년 10월 16일 00시,토요일,대구광역시 북구 산격동,경상사고,0,0,1,0,차대사람 - 횡단중,신호위반,젖음/습기,비,단일로 - 기타,이륜,남,19세,상해없음,보행자,여,26세,경상
2021101600100026,2021년 10월 16일 01시,토요일,대구광역시 북구 태전동,경상사고,0,0,2,0,차대차 - 측면충돌,신호위반,젖음/습기,비,교차로 - 교차로안,승용,여,44세,경상,승용,남,57세,경상
2021101600100043,2021년 10월 16일 04시,토요일,대구광역시 북구 복현동,중상사고,0,1,0,0,차대사람 - 횡단중,교차로운행방법위반,건조,맑음,교차로 - 교차로안,화물,남,24세,상해없음,보행자,여,89세,중상
2021101600100095,2021년 10월 16일 08시,토요일,대구광역시 달서구 갈산동,중상사고,0,1,0,0,차대사람 - 기타,안전운전불이행,건조,맑음,단일로 - 기타,승합,남,49세,상해없음,보행자,여,64세,중상
2021101600100146,2021년 10월 16일 10시,토요일,대구광역시 북구 금호동,경상사고,0,0,1,0,차대차 - 측면충돌,안전운전불이행,건조,맑음,단일로 - 기타,건설기계,남,63세,상해없음,승용,남,50세,경상
2021101600100147,2021년 10월 16일 10시,토요일,대구광역시 북구 산격동,경상사고,0,0,5,0,차대차 - 기타,중앙선침범,젖음/습기,흐림,교차로 - 교차로부근,승합,남,42세,상해없음,승용,여,79세,경상
2021101600100172,2021년 10월 16일 11시,토요일,대구광역시 동구 신암동,중상사고,0,1,0,0,차대차 - 측면충돌,안전운전불이행,건조,맑음,교차로 - 교차로횡단보도내,승용,남,51세,상해없음,자전거,남,54세,중상
2021101600100211,2021년 10월 16일 12시,토요일,대구광역시 동구 방촌동,경상사고,0,0,1,0,차대차 - 기타,교차로운행방법위반,건조,맑음,교차로 - 교차로안,승용,남,71세,상해없음,자전거,여,59세,경상
2021101600100244,2021년 10월 16일 13시,토요일,대구광역시 수성구 상동,경상사고,0,0,2,0,차대차 - 기타,안전운전불이행,건조,맑음,단일로 - 기타,승용,남,25세,상해없음,승용,여,43세,경상
2021101600100245,2021년 10월 16일 13시,토요일,대구광역시 달서구 대곡동,경상사고,0,0,1,0,차대차 - 기타,교차로운행방법위반,건조,맑음,교차로 - 교차로부근,승용,남,23세,상해없음,승용,남,29세,경상
2021101600100314,2021년 10월 16일 15시,토요일,대구광역시 동구 신천동,경상사고,0,0,1,0,차대차 - 기타,안전운전불이행,건조,맑음,단일로 - 기타,이륜,남,18세,경상,승용,남,49세,상해없음
2021101600100315,2021년 10월 16일 15시,토요일,대구광역시 수성구 신매동,경상사고,0,0,2,0,차대차 - 측면충돌,안전거리미확보,건조,맑음,기타 - 기타,승용,남,65세,상해없음,이륜,남,16세,경상
2021101600100316,2021년 10월 16일 15시,토요일,대구광역시 수성구 신매동,경상사고,0,0,2,0,차대차 - 후진중충돌,안전운전불이행,건조,맑음,단일로 - 기타,승용,여,62세,경상,이륜,남,24세,경상
2021101600100368,2021년 10월 16일 17시,토요일,대구광역시 남구 대명동,경상사고,0,0,1,0,차대사람 - 보도통행중,기타,건조,맑음,기타 - 기타,화물,남,43세,상해없음,보행자,여,18세,경상
2021101600100411,2021년 10월 16일 18시,토요일,대구광역시 수성구 황금동,경상사고,0,0,1,0,차대차 - 측면충돌,안전거리미확보,건조,맑음,단일로 - 기타,승용,남,36세,상해없음,이륜,남,24세,경상
2021101600100447,2021년 10월 16일 19시,토요일,대구광역시 달서구 이곡동,경상사고,0,0,1,0,차대차 - 측면충돌,안전운전불이행,건조,맑음,교차로 - 교차로부근,승용,남,59세,기타불명,승용,남,29세,경상
2021101600100461,2021년 10월 16일 20시,토요일,대구광역시 남구 봉덕동,경상사고,0,0,1,0,차대차 - 후진중충돌,안전운전불이행,건조,맑음,단일로 - 기타,승용,남,36세,상해없음,승용,남,32세,경상
2021101600100462,2021년 10월 16일 20시,토요일,대구광역시 수성구 두산동,경상사고,0,0,1,0,차대차 - 기타,안전운전불이행,건조,맑음,교차로 - 교차로안,승용,남,39세,상해없음,이륜,남,48세,경상
2021101600100482,2021년 10월 16일 21시,토요일,대구광역시 수성구 중동,경상사고,0,0,1,0,차대차 - 기타,안전운전불이행,건조,맑음,기타 - 기타,기타불명,기타불명,미분류,기타불명,자전거,남,17세,경상
2021101700100013,2021년 10월 17일 00시,일요일,대구광역시 수성구 범어동,경상사고,0,0,1,0,차대차 - 측면충돌,안전거리미확보,건조,맑음,교차로 - 교차로안,승용,남,59세,상해없음,이륜,남,36세,경상
2021101700100071,2021년 10월 17일 09시,일요일,대구광역시 북구 산격동,중상사고,0,1,0,0,차대사람 - 횡단중,안전운전불이행,건조,맑음,단일로 - 기타,이륜,남,72세,상해없음,보행자,여,51세,중상
2021101700100091,2021년 10월 17일 10시,일요일,대구광역시 달성군 다사읍,경상사고,0,0,1,0,차대차 - 기타,안전운전불이행,건조,맑음,단일로 - 기타,승용,여,66세,상해없음,승용,남,26세,경상
2021101700100117,2021년 10월 17일 11시,일요일,대구광역시 동구 효목동,경상사고,0,0,3,0,차대차 - 측면충돌,안전운전불이행,건조,맑음,교차로 - 교차로안,승용,남,55세,상해없음,승용,남,68세,경상
2021101700100118,2021년 10월 17일 11시,일요일,대구광역시 서구 비산동,중상사고,0,1,0,0,차대차 - 측면충돌,신호위반,건조,맑음,교차로 - 교차로횡단보도내,승용,남,65세,상해없음,자전거,남,66세,중상
2021101700100140,2021년 10월 17일 12시,일요일,대구광역시 달성군 현풍읍,경상사고,0,0,1,0,차대차 - 후진중충돌,안전운전불이행,건조,맑음,단일로 - 기타,승용,남,44세,상해없음,승용,여,23세,경상
2021101700100164,2021년 10월 17일 13시,일요일,대구광역시 수성구 범어동,중상사고,0,1,2,0,차대차 - 측면충돌,안전운전불이행,건조,맑음,기타 - 기타,이륜,남,39세,경상,승용,남,37세,중상
2021101700100165,2021년 10월 17일 13시,일요일,대구광역시 수성구 고모동,경상사고,0,0,1,0,차대차 - 추돌,신호위반,건조,맑음,교차로 - 교차로안,승용,남,68세,상해없음,승용,남,53세,경상
2021101700100166,2021년 10월 17일 13시,일요일,대구광역시 달서구 이곡동,경상사고,0,0,1,0,차대차 - 추돌,안전운전불이행,건조,맑음,단일로 - 기타,승용,남,56세,상해없음,승용,남,26세,경상
2021101700100225,2021년 10월 17일 15시,일요일,대구광역시 동구 지저동,중상사고,0,1,0,1,차대차 - 측면충돌,신호위반,건조,맑음,단일로 - 기타,이륜,남,17세,부상신고,자전거,여,41세,중상
2021101700100226,2021년 10월 17일 15시,일요일,대구광역시 중구 동문동,경상사고,0,0,2,0,차대차 - 측면충돌,교차로운행방법위반,건조,맑음,교차로 - 교차로안,승용,남,21세,상해없음,승용,남,65세,상해없음
2021101700100252,2021년 10월 17일 16시,일요일,대구광역시 북구 서변동,중상사고,0,1,7,0,차대차 - 추돌,안전운전불이행,건조,맑음,단일로 - 기타,승용,남,66세,상해없음,승용,남,30세,경상
2021101700100253,2021년 10월 17일 16시,일요일,대구광역시 중구 인교동,중상사고,0,1,0,0,차대차 - 기타,안전운전불이행,건조,맑음,단일로 - 기타,승용,남,25세,상해없음,자전거,여,53세,중상
2021101700100334,2021년 10월 17일 18시,일요일,대구광역시 동구 효목동,경상사고,0,0,2,0,차대차 - 추돌,안전운전불이행,건조,맑음,단일로 - 기타,승용,남,39세,상해없음,승용,남,55세,경상
2021101700100335,2021년 10월 17일 18시,일요일,대구광역시 서구 이현동,경상사고,0,0,4,3,차대차 - 측면충돌,안전거리미확보,건조,맑음,교차로 - 교차로부근,승용,여,64세,부상신고,승용,남,41세,경상
2021101700100336,2021년 10월 17일 18시,일요일,대구광역시 중구 동인동2가,중상사고,0,1,0,0,차대차 - 측면충돌,안전운전불이행,건조,맑음,교차로 - 교차로안,승용,남,54세,상해없음,자전거,여,30세,중상
2021101700100337,2021년 10월 17일 18시,일요일,대구광역시 중구 동성로3가,경상사고,0,0,1,0,차대사람 - 횡단중,안전운전불이행,건조,맑음,단일로 - 기타,이륜,남,29세,기타불명,보행자,남,22세,경상
2021101700100338,2021년 10월 17일 18시,일요일,대구광역시 남구 대명동,경상사고,0,0,1,0,차대차 - 측면충돌,안전운전불이행,건조,맑음,단일로 - 기타,자전거,남,9세,경상,승용,남,70세,상해없음