사고번호,사고일시,요일,시군구,사고내용,사망자수,중상자수,경상자수,부상신고자수,사고유형,법규위반,노면상태,기상상태,도로형태,가해운전자 차종,가해운전자 성별,가해운전자 연령,가해운전자 상해정도,피해운전자 차종,피해운전자 성별,피해운전자 연령,피해운전자 상해정도
2021101700100400,2021년 10월 17일 20시,일요일,대구광역시 달서구 진천동,경상사고,0,0,3,0,차대차 - 측면충돌,교차로운행방법위반,건조,맑음,교차로 - 교차로안,승용,남,29세,경상,승용,남,57세,경상
2021101700100401,2021년 10월 17일 20시,일요일,대구광역시 서구 중리동,경상사고,0,0,1,0,차대차 - 측면충돌,불법유턴,건조,맑음,교차로 - 교차로횡단보도내,이륜,남,52세,상해없음,승용,남,30세,경상
2021101700100440,2021년 10월 17일 22시,일요일,대구광역시 달서구 본리동,경상사고,0,0,1,0,차대차 - 측면충돌,안전운전불이행,건조,맑음,교차로 - 교차로횡단보도내,승용,여,48세,상해없음,개인형이동수단(PM),여,20세,경상
2021101800100010,2021년 10월 18일 01시,월요일,대구광역시 달성군 현풍읍,부상신고사고,0,0,0,1,차량단독 - 공작물충돌,안전운전불이행,건조,맑음,교차로 - 교차로안,이륜,남,18세,부상신고,,,,
2021101800100023,2021년 10월 18일 05시,월요일,대구광역시 북구 침산동,경상사고,0,0,2,1,차대차 - 정면충돌,안전운전불이행,건조,맑음,단일로 - 기타,화물,남,32세,부상신고,화물,남,65세,상해없음
2021101800100042,2021년 10월 18일 06시,월요일,대구광역시 북구 칠성동2가,경상사고,0,0,1,0,차대차 - 기타,중앙선침범,건조,맑음,단일로 - 기타,자전거,남,32세,경상,승용,남,39세,상해없음
2021101800100071,2021년 10월 18일 07시,월요일,대구광역시 북구 서변동,경상사고,0,0,1,0,차대차 - 추돌,안전운전불이행,건조,맑음,단일로 - 기타,승용,남,47세,상해없음,승용,남,57세,경상
2021101800100074,2021년 10월 18일 07시,월요일,대구광역시 달서구 대곡동,중상사고,0,1,0,0,차대사람 - 차도통행중,보행자보호의무위반,건조,맑음,단일로 - 기타,승용,남,41세,상해없음,보행자,남,22세,중상
2021101800100075,2021년 10월 18일 07시,월요일,대구광역시 북구 산격동,경상사고,0,0,1,0,차대사람 - 길가장자리구역통행중,안전운전불이행,건조,맑음,단일로 - 기타,승용,남,71세,상해없음,보행자,여,31세,경상
2021101800100128,2021년 10월 18일 08시,월요일,대구광역시 남구 대명동,중상사고,0,1,0,0,차대차 - 기타,안전운전불이행,건조,맑음,교차로 - 교차로부근,자전거,남,68세,중상,승합,남,38세,상해없음
2021101800100129,2021년 10월 18일 08시,월요일,대구광역시 동구 신암동,경상사고,0,0,2,0,차대차 - 추돌,안전거리미확보,건조,맑음,단일로 - 기타,승용,여,59세,경상,이륜,남,25세,경상
2021101800100130,2021년 10월 18일 08시,월요일,대구광역시 달성군 다사읍,부상신고사고,0,0,0,1,차대사람 - 보도통행중,기타,건조,맑음,단일로 - 기타,자전거,기타불명,미분류,기타불명,보행자,남,7세,부상신고
2021101800100131,2021년 10월 18일 08시,월요일,대구광역시 북구 국우동,경상사고,0,0,1,0,차대차 - 측면충돌,안전운전불이행,건조,맑음,교차로 - 교차로안,승용,여,42세,기타불명,자전거,여,63세,경상
2021101800100171,2021년 10월 18일 09시,월요일,대구광역시 서구 내당동,경상사고,0,0,1,0,차대차 - 측면충돌,중앙선침범,건조,맑음,교차로 - 교차로부근,승합,남,35세,상해없음,승용,여,38세,경상
2021101800100208,2021년 10월 18일 10시,월요일,대구광역시 동구 신천동,경상사고,0,0,1,0,차대사람 - 기타,기타,건조,맑음,단일로 - 기타,자전거,남,61세,상해없음,보행자,남,48세,경상
2021101800100244,2021년 10월 18일 11시,월요일,대구광역시 동구 백안동,중상사고,0,2,2,0,차대차 - 기타,신호위반,건조,맑음,교차로 - 교차로안,승용,남,54세,상해없음,승용,남,36세,중상
2021101800100245,2021년 10월 18일 11시,월요일,대구광역시 달성군 하빈면,경상사고,0,0,2,0,차대차 - 측면충돌,안전운전불이행,건조,맑음,단일로 - 기타,화물,남,40세,상해없음,승용,남,75세,경상
2021101800100246,2021년 10월 18일 11시,월요일,대구광역시 중구 남성로,중상사고,0,1,0,0,차대차 - 측면충돌,안전운전불이행,건조,맑음,교차로 - 교차로안,승용,남,51세,상해없음,자전거,남,69세,중상
2021101800100247,2021년 10월 18일 11시,월요일,대구광역시 북구 팔달동,경상사고,0,0,3,0,차대차 - 측면충돌,안전거리미확보,건조,맑음,단일로 - 고가도로위,승용,남,45세,경상,화물,남,37세,경상
2021101800100277,2021년 10월 18일 12시,월요일,대구광역시 남구 봉덕동,경상사고,0,0,1,0,차대차 - 측면충돌,안전운전불이행,건조,맑음,교차로 - 교차로안,이륜,남,26세,기타불명,승용,남,73세,경상
2021101800100278,2021년 10월 18일 12시,월요일,대구광역시 남구 대명동,경상사고,0,0,1,0,차대사람 - 기타,보행자보호의무위반,건조,맑음,단일로 - 기타,이륜,남,74세,상해없음,보행자,남,19세,경상
2021101800100279,2021년 10월 18일 12시,월요일,대구광역시 동구 신천동,중상사고,0,1,0,0,차대차 - 추돌,안전거리미확보,건조,맑음,단일로 - 기타,승용,남,61세,상해없음,승용,여,46세,중상
2021101800100280,2021년 10월 18일 12시,월요일,대구광역시 달서구 송현동,경상사고,0,0,1,0,차대차 - 측면충돌,신호위반,건조,맑음,교차로 - 교차로횡단보도내,승용,여,31세,상해없음,승용,남,26세,경상
2021101800100281,2021년 10월 18일 12시,월요일,대구광역시 달서구 죽전동,경상사고,0,0,1,0,차대사람 - 횡단중,안전운전불이행,건조,맑음,기타 - 기타,승용,남,30세,상해없음,보행자,남,53세,경상
2021101800100282,2021년 10월 18일 12시,월요일,대구광역시 달서구 죽전동,경상사고,0,0,1,0,차대차 - 추돌,안전운전불이행,건조,맑음,교차로 - 교차로부근,원동기,남,39세,경상,승용,여,38세,상해없음
2021101800100312,2021년 10월 18일 13시,월요일,대구광역시 동구 동호동,경상사고,0,0,1,0,차대사람 - 기타,안전운전불이행,건조,맑음,단일로 - 기타,승합,남,49세,상해없음,보행자,남,48세,경상
2021101800100313,2021년 10월 18일 13시,월요일,대구광역시 동구 서호동,부상신고사고,0,0,0,1,차대사람 - 기타,안전운전불이행,건조,맑음,단일로 - 기타,기타불명,기타불명,미분류,기타불명,보행자,여,8세,부상신고
2021101800100314,2021년 10월 18일 13시,월요일,대구광역시 동구 효목동,경상사고,0,0,1,0,차대차 - 추돌,안전운전불이행,건조,맑음,단일로 - 기타,화물,남,62세,상해없음,건설기계,남,49세,경상
2021101800100315,2021년 10월 18일 13시,월요일,대구광역시 북구 읍내동,경상사고,0,0,1,1,차대차 - 측면충돌,신호위반,건조,맑음,교차로 - 교차로안,이륜,남,24세,부상신고,승용,여,58세,경상
2021101800100352,2021년 10월 18일 14시,월요일,대구광역시 남구 대명동,경상사고,0,0,2,0,차대차 - 후진중충돌,중앙선침범,건조,맑음,단일로 - 기타,승용,남,56세,상해없음,승용,남,35세,경상
2021101800100353,2021년 10월 18일 14시,월요일,대구광역시 동구 효목동,경상사고,0,0,1,0,차대차 - 측면충돌,안전운전불이행,건조,맑음,단일로 - 기타,승용,남,72세,상해없음,자전거,남,73세,경상
2021101800100354,2021년 10월 18일 14시,월요일,대구광역시 달성군 화원읍,중상사고,0,1,0,0,차대차 - 기타,중앙선침범,건조,맑음,단일로 - 기타,승용,여,55세,상해없음,화물,남,60세,중상
2021101800100421,2021년 10월 18일 16시,월요일,대구광역시 동구 불로동,중상사고,0,1,0,0,차대차 - 기타,기타,건조,맑음,단일로 - 기타,승용,여,63세,상해없음,이륜,남,23세,중상
2021101800100422,2021년 10월 18일 16시,월요일,대구광역시 동구 신암동,경상사고,0,0,1,0,차대차 - 기타,신호위반,건조,맑음,교차로 - 교차로안,승용,남,34세,상해없음,이륜,남,26세,경상
2021101800100423,2021년 10월 18일 16시,월요일,대구광역시 수성구 지산동,중상사고,0,1,1,0,차대사람 - 횡단중,보행자보호의무위반,건조,맑음,교차로 - 교차로부근,승용,여,69세,상해없음,보행자,여,67세,중상
2021101800100424,2021년 10월 18일 16시,월요일,대구광역시 달서구 대천동,경상사고,0,0,1,0,차대차 - 기타,차로위반,건조,맑음,단일로 - 기타,화물,남,75세,상해없음,승용,남,49세,경상
2021101800100425,2021년 10월 18일 16시,월요일,대구광역시 북구 대현동,경상사고,0,0,1,0,차대차 - 기타,안전운전불이행,건조,맑음,단일로 - 기타,기타불명,기타불명,미분류,기타불명,자전거,남,73세,경상
2021101800100467,2021년 10월 18일 17시,월요일,대구광역시 수성구 만촌동,경상사고,0,0,1,0,차대차 - 측면충돌,안전거리미확보,건조,맑음,단일로 - 기타,승용,여,51세,상해없음,승용,남,67세,경상
2021101800100538,2021년 10월 18일 18시,월요일,대구광역시 동구 신암동,경상사고,0,0,1,0,차대차 - 측면충돌,직진우회전진행방해,건조,맑음,교차로 - 교차로안,승용,남,52세,상해없음,이륜,남,42세,경상
2021101800100539,2021년 10월 18일 18시,월요일,대구광역시 수성구 범어동,부상신고사고,0,0,0,1,차대차 - 기타,안전운전불이행,건조,맑음,단일로 - 기타,이륜,남,20세,부상신고,승용,여,24세,상해없음
2021101800100540,2021년 10월 18일 18시,월요일,대구광역시 달성군 다사읍,중상사고,0,1,0,0,차대차 - 기타,안전거리미확보,건조,맑음,단일로 - 기타,승용,남,59세,상해없음,이륜,남,47세,중상
2021101800100541,2021년 10월 18일 18시,월요일,대구광역시 서구 내당동,중상사고,0,1,0,0,차대차 - 측면충돌,기타,건조,맑음,교차로 - 교차로부근,승용,남,31세,상해없음,승용,남,69세,상해없음
2021101800100542,2021년 10월 18일 18시,월요일,대구광역시 서구 비산동,중상사고,0,1,0,0,차대차 - 측면충돌,안전운전불이행,건조,맑음,기타 - 기타,승용,남,58세,상해없음,이륜,남,30세,중상
2021101800100543,2021년 10월 18일 18시,월요일,대구광역시 달서구 갈산동,경상사고,0,0,1,0,차대차 - 기타,안전운전불이행,건조,맑음,단일로 - 기타,승용,여,27세,상해없음,자전거,남,67세,경상
2021101800100544,2021년 10월 18일 18시,월요일,대구광역시 달서구 용산동,경상사고,0,0,2,0,차대차 - 추돌,교차로운행방법위반,건조,맑음,교차로 - 교차로안,화물,남,63세,상해없음,승용,남,42세,경상
2021101800100545,2021년 10월 18일 18시,월요일,대구광역시 북구 관음동,경상사고,0,0,1,0,차대차 - 측면충돌,안전거리미확보,건조,맑음,단일로 - 기타,승용,여,53세,상해없음,승합,남,42세,경상
2021101800100587,2021년 10월 18일 19시,월요일,대구광역시 달성군 화원읍,경상사고,0,0,1,0,차대차 - 추돌,안전운전불이행,건조,맑음,단일로 - 터널,승용,여,34세,상해없음,승용,여,38세,경상
2021101800100617,2021년 10월 18일 20시,월요일,대구광역시 북구 태전동,경상사고,0,0,1,1,차대차 - 측면충돌,안전운전불이행,건조,맑음,단일로 - 지하차도(도로)내,원동기,남,44세,부상신고,원동기,남,20세,경상
2021101800100679,2021년 10월 18일 22시,월요일,대구광역시 북구 동천동,경상사고,0,0,1,0,차대차 - 추돌,안전운전불이행,건조,맑음,단일로 - 지하차도(도로)내,승용,남,40세,상해없음,승용,남,24세,경상
2021101800100698,2021년 10월 18일 23시,월요일,대구광역시 달서구 이곡동,중상사고,0,2,2,0,차대차 - 추돌,안전거리미확보,건조,맑음,교차로 - 교차로부근,승용,남,52세,상해없음,승용,남,23세,경상
2021101900100008,2021년 10월 19일 00시,화요일,대구광역시 달서구 두류동,경상사고,0,0,1,0,차대차 - 기타,안전운전불이행,건조,맑음,단일로 - 기타,승용,남,41세,상해없음,화물,남,42세,기타불명
2021101900100018,2021년 10월 19일 01시,화요일,대구광역시 달서구 갈산동,중상사고,0,1,2,0,차대차 - 측면충돌,안전운전불이행,건조,맑음,교차로 - 교차로안,승용,남,49세,기타불명,특수,남,38세,경상
2021101900100024,2021년 10월 19일 03시,화요일,대구광역시 북구 복현동,부상신고사고,0,0,0,1,차대차 - 추돌,교차로운행방법위반,건조,맑음,교차로 - 교차로안,승용,남,18세,상해없음,이륜,남,19세,부상신고
2021101900100060,2021년 10월 19일 07시,화요일,대구광역시 동구 검사동,중상사고,0,1,0,0,차대차 - 기타,안전운전불이행,건조,맑음,교차로 - 교차로안,화물,남,58세,상해없음,자전거,남,71세,중상
2021101900100087,2021년 10월 19일 08시,화요일,대구광역시 달성군 구지면,경상사고,0,0,1,0,차대차 - 측면충돌,신호위반,건조,맑음,교차로 - 교차로안,승용,남,44세,상해없음,승용,남,37세,경상
2021101900100116,2021년 10월 19일 09시,화요일,대구광역시 달서구 월성동,경상사고,0,0,2,0,차대차 - 추돌,안전운전불이행,건조,맑음,기타 - 기타,승용,여,31세,상해없음,승용,여,38세,경상
2021101900100163,2021년 10월 19일 11시,화요일,대구광역시 동구 신기동,경상사고,0,0,1,0,차대차 - 기타,교차로운행방법위반,건조,맑음,교차로 - 교차로안,승용,남,25세,상해없음,승용,여,74세,경상
2021101900100164,2021년 10월 19일 11시,화요일,대구광역시 달서구 상인동,중상사고,0,1,4,0,차대차 - 추돌,안전운전불이행,건조,맑음,단일로 - 기타,화물,남,43세,상해없음,승용,남,70세,중상
2021101900100165,2021년 10월 19일 11시,화요일,대구광역시 북구 칠성동1가,경상사고,0,0,1,0,차대차 - 측면충돌,교차로운행방법위반,건조,맑음,교차로 - 교차로안,건설기계,남,40세,상해없음,승용,남,78세,경상
2021101900100166,2021년 10월 19일 11시,화요일,대구광역시 달서구 호산동,경상사고,0,0,1,0,차대차 - 측면충돌,안전거리미확보,건조,맑음,단일로 - 기타,승용,여,35세,상해없음,승용,남,65세,경상
2021101900100194,2021년 10월 19일 12시,화요일,대구광역시 북구 태전동,경상사고,0,0,1,0,차대차 - 측면충돌,안전운전불이행,건조,맑음,단일로 - 기타,이륜,남,61세,경상,화물,남,44세,상해없음
2021101900100263,2021년 10월 19일 14시,화요일,대구광역시 중구 동성로3가,중상사고,0,1,0,0,차대사람 - 횡단중,보행자보호의무위반,건조,맑음,단일로 - 기타,이륜,남,50세,상해없음,보행자,남,21세,중상
2021101900100292,2021년 10월 19일 15시,화요일,대구광역시 동구 지저동,경상사고,0,0,2,0,차대차 - 추돌,안전운전불이행,건조,맑음,단일로 - 기타,승용,남,68세,상해없음,승용,남,64세,경상
2021101900100293,2021년 10월 19일 15시,화요일,대구광역시 수성구 범어동,경상사고,0,0,1,0,차대사람 - 차도통행중,안전운전불이행,건조,맑음,단일로 - 기타,승용,여,37세,상해없음,보행자,남,8세,경상
2021101900100294,2021년 10월 19일 15시,화요일,대구광역시 달서구 송현동,경상사고,0,0,5,0,차대차 - 측면충돌,교차로운행방법위반,건조,맑음,교차로 - 교차로안,승용,여,40세,경상,승용,남,37세,경상
2021101900100340,2021년 10월 19일 16시,화요일,대구광역시 달서구 상인동,부상신고사고,0,0,0,1,차량단독 - 공작물충돌,안전운전불이행,건조,맑음,단일로 - 기타,개인형이동수단(PM),여,24세,부상신고,,,,
2021101900100341,2021년 10월 19일 16시,화요일,대구광역시 북구 관음동,경상사고,0,0,3,0,차대차 - 측면충돌,안전거리미확보,건조,맑음,단일로 - 지하차도(도로)내,승용,여,70세,상해없음,승용,여,61세,경상
2021101900100375,2021년 10월 19일 17시,화요일,대구광역시 동구 율하동,중상사고,0,1,0,0,차대차 - 측면충돌,교차로운행방법위반,건조,맑음,단일로 - 기타,원동기,남,46세,중상,승용,남,48세,상해없음
2021101900100440,2021년 10월 19일 18시,화요일,대구광역시 남구 대명동,경상사고,0,0,5,0,차대차 - 기타,교차로운행방법위반,건조,맑음,교차로 - 교차로부근,화물,남,42세,상해없음,승합,남,39세,상해없음
2021101900100441,2021년 10월 19일 18시,화요일,대구광역시 수성구 범어동,경상사고,0,0,1,0,차대사람 - 기타,안전운전불이행,건조,맑음,단일로 - 기타,승용,여,47세,상해없음,보행자,남,21세,경상
2021101900100442,2021년 10월 19일 18시,화요일,대구광역시 서구 상리동,경상사고,0,0,3,0,차대차 - 측면충돌,교차로운행방법위반,건조,맑음,교차로 - 교차로안,승용,여,61세,상해없음,승용,여,27세,경상
2021101900100443,2021년 10월 19일 18시,화요일,대구광역시 달서구 장기동,경상사고,0,0,1,0,차대차 - 추돌,안전운전불이행,건조,맑음,교차로 - 교차로부근,승용,여,27세,상해없음,승용,남,34세,경상
2021101900100444,2021년 10월 19일 18시,화요일,대구광역시 달서구 이곡동,경상사고,0,0,1,0,차대차 - 측면충돌,안전운전불이행,건조,맑음,단일로 - 기타,승용,여,40세,상해없음,이륜,남,26세,경상
2021101900100496,2021년 10월 19일 19시,화요일,대구광역시 달서구 본리동,경상사고,0,0,1,0,차대차 - 측면충돌,안전운전불이행,건조,맑음,교차로 - 교차로부근,승용,여,61세,상해없음,승용,여,66세,경상
2021101900100497,2021년 10월 19일 19시,화요일,대구광역시 달서구 신당동,중상사고,0,1,0,0,차대차 - 측면충돌,신호위반,건조,맑음,교차로 - 교차로안,이륜,남,22세,중상,승용,남,40세,상해없음
2021101900100518,2021년 10월 19일 20시,화요일,대구광역시 달서구 이곡동,경상사고,0,0,1,0,차대차 - 측면충돌,안전거리미확보,건조,맑음,교차로 - 교차로부근,승용,여,33세,기타불명,이륜,남,38세,경상
2021101900100546,2021년 10월 19일 21시,화요일,대구광역시 동구 신천동,중상사고,0,1,0,0,차대차 - 측면충돌,안전운전불이행,건조,맑음,교차로 - 교차로안,승용,남,55세,상해없음,이륜,남,52세,중상
2021101900100547,2021년 10월 19일 21시,화요일,대구광역시 수성구 범어동,중상사고,0,1,0,0,차대차 - 측면충돌,신호위반,건조,맑음,교차로 - 교차로부근,승용,여,28세,상해없음,승용,여,56세,중상
2021101900100573,2021년 10월 19일 22시,화요일,대구광역시 달서구 성당동,중상사고,0,1,0,0,차대사람 - 기타,안전운전불이행,건조,맑음,교차로 - 교차로안,승용,남,32세,상해없음,보행자,여,57세,중상
2021102000100006,2021년 10월 20일 00시,수요일,대구광역시 수성구 수성동4가,경상사고,0,0,1,0,차대차 - 기타,안전운전불이행,건조,맑음,단일로 - 기타,기타불명,기타불명,미분류,기타불명,자전거,남,43세,경상
2021102000100007,2021년 10월 20일 00시,수요일,대구광역시 달서구 신당동,중상사고,0,1,0,0,차량단독 - 전도전복 - 전도,안전운전불이행,건조,맑음,단일로 - 기타,개인형이동수단(PM),남,27세,중상,,,,
2021102000100012,2021년 10월 20일 01시,수요일,대구광역시 북구 칠성동1가,경상사고,0,0,1,0,차대차 - 기타,신호위반,건조,맑음,교차로 - 교차로안,기타불명,기타불명,미분류,기타불명,승용,남,61세,경상
2021102000100047,2021년 10월 20일 07시,수요일,대구광역시 달성군 논공읍,경상사고,0,0,1,0,차대차 - 측면충돌,안전운전불이행,건조,맑음,교차로 - 교차로안,승용,남,61세,상해없음,승용,여,47세,경상
2021102000100048,2021년 10월 20일 07시,수요일,대구광역시 서구 내당동,중상사고,0,1,0,0,차대차 - 측면충돌,안전운전불이행,건조,맑음,교차로 - 교차로안,승용,여,59세,상해없음,자전거,남,41세,중상
2021102000100081,2021년 10월 20일 08시,수요일,대구광역시 서구 평리동,부상신고사고,0,0,0,1,차대차 - 측면충돌,교차로운행방법위반,건조,맑음,교차로 - 교차로부근,승용,남,60세,상해없음,승용,남,55세,부상신고
2021102000100151,2021년 10월 20일 10시,수요일,대구광역시 동구 효목동,중상사고,0,2,0,0,차대차 - 측면충돌,직진우회전진행방해,건조,맑음,교차로 - 교차로안,화물,남,65세,상해없음,이륜,남,62세,중상
2021102000100152,2021년 10월 20일 10시,수요일,대구광역시 수성구 황금동,경상사고,0,0,3,0,차대차 - 기타,안전운전불이행,건조,맑음,단일로 - 기타,건설기계,남,53세,상해없음,승용,여,48세,경상
2021102000100153,2021년 10월 20일 10시,수요일,대구광역시 북구 칠성동2가,중상사고,0,1,0,0,차대차 - 기타,안전운전불이행,건조,맑음,교차로 - 교차로안,승용,남,62세,상해없음,자전거,남,68세,중상
2021102000100180,2021년 10월 20일 11시,수요일,대구광역시 동구 신천동,경상사고,0,0,1,0,차대차 - 기타,신호위반,건조,맑음,교차로 - 교차로안,승용,여,55세,상해없음,승용,남,28세,경상
2021102000100181,2021년 10월 20일 11시,수요일,대구광역시 달서구 본동,경상사고,0,0,1,0,차대차 - 측면충돌,안전거리미확보,건조,맑음,단일로 - 기타,승용,남,80세,상해없음,이륜,남,31세,경상
2021102000100219,2021년 10월 20일 12시,수요일,대구광역시 북구 금호동,경상사고,0,0,1,0,차대차 - 추돌,안전거리미확보,건조,맑음,단일로 - 기타,승용,여,21세,상해없음,승용,여,48세,경상
2021102000100222,2021년 10월 20일 12시,수요일,대구광역시 수성구 두산동,경상사고,0,0,1,1,차대차 - 측면충돌,직진우회전진행방해,건조,맑음,교차로 - 교차로안,이륜,남,63세,부상신고,이륜,남,44세,경상
2021102000100223,2021년 10월 20일 12시,수요일,대구광역시 달서구 송현동,중상사고,0,1,0,0,차대사람 - 기타,보행자보호의무위반,건조,맑음,교차로 - 교차로안,승용,남,28세,상해없음,보행자,여,70세,중상
2021102000100264,2021년 10월 20일 13시,수요일,대구광역시 수성구 지산동,중상사고,0,1,0,0,차대사람 - 길가장자리구역통행중,안전운전불이행,건조,맑음,단일로 - 기타,승용,남,33세,상해없음,보행자,여,59세,중상
2021102000100265,2021년 10월 20일 13시,수요일,대구광역시 서구 평리동,부상신고사고,0,0,0,1,차대차 - 측면충돌,불법유턴,건조,맑음,교차로 - 교차로안,자전거,여,60세,부상신고,승용,여,50세,상해없음
2021102000100334,2021년 10월 20일 15시,수요일,대구광역시 동구 신서동,경상사고,0,0,2,0,차대차 - 기타,안전운전불이행,건조,맑음,단일로 - 기타,승용,남,19세,상해없음,화물,남,64세,경상
2021102000100335,2021년 10월 20일 15시,수요일,대구광역시 북구 검단동,경상사고,0,0,1,0,차대차 - 추돌,안전운전불이행,건조,맑음,단일로 - 기타,자전거,기타불명,미분류,기타불명,자전거,남,78세,경상
2021102000100384,2021년 10월 20일 16시,수요일,대구광역시 달서구 상인동,경상사고,0,0,1,0,차대차 - 측면충돌,교차로운행방법위반,건조,맑음,교차로 - 교차로부근,승용,여,56세,상해없음,이륜,남,45세,경상
2021102000100385,2021년 10월 20일 16시,수요일,대구광역시 북구 대현동,부상신고사고,0,0,0,1,차대차 - 측면충돌,중앙선침범,건조,맑음,기타 - 기타,개인형이동수단(PM),남,69세,부상신고,승용,여,49세,상해없음
2021102000100386,2021년 10월 20일 16시,수요일,대구광역시 북구 복현동,경상사고,0,0,1,0,차대사람 - 기타,안전운전불이행,건조,맑음,단일로 - 기타,승용,여,33세,기타불명,보행자,여,24세,경상
2021102000100423,2021년 10월 20일 17시,수요일,대구광역시 남구 대명동,경상사고,0,0,1,0,차대차 - 측면충돌,안전운전불이행,건조,맑음,교차로 - 교차로안,승용,여,71세,기타불명,승용,남,53세,경상
2021102000100424,2021년 10월 20일 17시,수요일,대구광역시 수성구 두산동,경상사고,0,0,2,0,차대차 - 추돌,안전운전불이행,건조,맑음,단일로 - 기타,이륜,남,58세,경상,승용,남,77세,경상
2021102000100425,2021년 10월 20일 17시,수요일,대구광역시 수성구 신매동,경상사고,0,0,1,0,차대차 - 측면충돌,안전거리미확보,건조,맑음,단일로 - 기타,승용,남,72세,상해없음,승용,여,28세,경상
2021102000100426,2021년 10월 20일 17시,수요일,대구광역시 달성군 다사읍,경상사고,0,0,1,0,차대차 - 기타,안전운전불이행,건조,맑음,단일로 - 기타,승용,여,40세,상해없음,승용,여,40세,경상
2021102000100427,2021년 10월 20일 17시,수요일,대구광역시 서구 원대동2가,사망사고,1,0,0,0,차대차 - 측면충돌,안전거리미확보,건조,맑음,단일로 - 기타,이륜,남,58세,상해없음,이륜,남,25세,사망
2021102000100428,2021년 10월 20일 17시,수요일,대구광역시 북구 매천동,경상사고,0,0,1,0,차대차 - 측면충돌,안전운전불이행,건조,맑음,교차로 - 교차로부근,승용,남,70세,상해없음,자전거,남,9세,경상
2021102000100429,2021년 10월 20일 17시,수요일,대구광역시 북구 학정동,경상사고,0,0,1,0,차대차 - 측면충돌,안전거리미확보,건조,맑음,단일로 - 기타,승용,남,20세,상해없음,승용,여,59세,경상
2021102000100489,2021년 10월 20일 18시,수요일,대구광역시 달서구 대천동,경상사고,0,0,2,0,차대차 - 측면충돌,직진우회전진행방해,건조,맑음,교차로 - 교차로안,승용,여,54세,경상,승용,남,55세,경상
2021102000100490,2021년 10월 20일 18시,수요일,대구광역시 서구 비산동,경상사고,0,0,2,0,차대차 - 측면충돌,안전거리미확보,건조,맑음,교차로 - 교차로부근,승합,남,72세,상해없음,승용,남,52세,경상
2021102000100491,2021년 10월 20일 18시,수요일,대구광역시 북구 태전동,경상사고,0,0,1,0,차대사람 - 횡단중,안전운전불이행,건조,맑음,단일로 - 지하차도(도로)내,승용,남,44세,상해없음,보행자,여,67세,경상
2021102000100547,2021년 10월 20일 19시,수요일,대구광역시 서구 비산동,중상사고,0,1,1,0,차대차 - 후진중충돌,안전운전불이행,건조,맑음,단일로 - 기타,화물,남,56세,중상,원동기,남,66세,경상
2021102000100548,2021년 10월 20일 19시,수요일,대구광역시 북구 동천동,경상사고,0,0,1,0,차대차 - 추돌,안전거리미확보,건조,맑음,단일로 - 기타,승용,남,36세,기타불명,승용,여,28세,경상
2021102000100598,2021년 10월 20일 21시,수요일,대구광역시 동구 신천동,중상사고,0,1,0,0,차대차 - 측면충돌,안전거리미확보,건조,맑음,단일로 - 기타,승용,남,68세,상해없음,자전거,남,57세,중상
2021102000100599,2021년 10월 20일 21시,수요일,대구광역시 수성구 만촌동,중상사고,0,1,0,0,차대사람 - 기타,신호위반,건조,맑음,단일로 - 기타,승용,남,53세,상해없음,보행자,남,39세,중상
2021102000100629,2021년 10월 20일 22시,수요일,대구광역시 달서구 본동,중상사고,0,1,0,0,차대차 - 측면충돌,안전운전불이행,건조,맑음,교차로 - 교차로안,이륜,남,28세,중상,승용,남,54세,상해없음
2021102000100630,2021년 10월 20일 22시,수요일,대구광역시 중구 삼덕동1가,경상사고,0,0,1,0,차대사람 - 기타,안전운전불이행,건조,맑음,단일로 - 기타,승용,남,22세,상해없음,보행자,남,20세,경상
2021102000100646,2021년 10월 20일 23시,수요일,대구광역시 동구 방촌동,경상사고,0,0,2,0,차대차 - 측면충돌,안전거리미확보,건조,맑음,단일로 - 기타,승용,남,32세,상해없음,승용,남,32세,경상
2021102100100007,2021년 10월 21일 00시,목요일,대구광역시 남구 대명동,경상사고,0,0,1,0,차대차 - 기타,신호위반,건조,맑음,교차로 - 교차로부근,승용,남,39세,기타불명,승용,남,52세,경상
2021102100100008,2021년 10월 21일 00시,목요일,대구광역시 달서구 신당동,경상사고,0,0,1,0,차대차 - 추돌,안전거리미확보,건조,맑음,단일로 - 기타,이륜,남,35세,상해없음,승용,남,68세,상해없음
2021102100100022,2021년 10월 21일 02시,목요일,대구광역시 북구 구암동,부상신고사고,0,0,0,1,차대차 - 측면충돌,안전거리미확보,건조,맑음,교차로 - 교차로부근,이륜,남,19세,부상신고,승용,남,61세,상해없음
2021102100100031,2021년 10월 21일 04시,목요일,대구광역시 북구 태전동,경상사고,0,0,1,0,차대차 - 측면충돌,기타,건조,맑음,교차로 - 교차로횡단보도내,자전거,남,21세,경상,화물,남,50세,상해없음
2021102100100049,2021년 10월 21일 06시,목요일,대구광역시 달서구 장동,경상사고,0,0,1,0,차대차 - 측면충돌,안전운전불이행,건조,맑음,단일로 - 기타,승용,여,60세,상해없음,개인형이동수단(PM),남,24세,경상