사고번호,사고일시,요일,시군구,사고내용,사망자수,중상자수,경상자수,부상신고자수,사고유형,법규위반,노면상태,기상상태,도로형태,가해운전자 차종,가해운전자 성별,가해운전자 연령,가해운전자 상해정도,피해운전자 차종,피해운전자 성별,피해운전자 연령,피해운전자 상해정도
2021102100100063,2021년 10월 21일 07시,목요일,대구광역시 북구 침산동,경상사고,0,0,1,0,차대차 - 측면충돌,안전운전불이행,건조,맑음,기타 - 기타,승용,남,74세,상해없음,자전거,남,46세,경상
2021102100100098,2021년 10월 21일 08시,목요일,대구광역시 동구 용계동,경상사고,0,0,3,0,차대차 - 측면충돌,안전거리미확보,건조,맑음,단일로 - 기타,승용,여,60세,경상,승용,여,36세,경상
2021102100100099,2021년 10월 21일 08시,목요일,대구광역시 달성군 유가읍,경상사고,0,0,1,0,차대차 - 측면충돌,신호위반,기타,맑음,단일로 - 기타,승용,여,61세,상해없음,승용,남,40세,경상
2021102100100123,2021년 10월 21일 09시,목요일,대구광역시 동구 방촌동,중상사고,0,1,0,0,차대사람 - 기타,안전운전불이행,건조,맑음,단일로 - 기타,화물,남,58세,상해없음,보행자,남,44세,중상
2021102100100180,2021년 10월 21일 11시,목요일,대구광역시 남구 봉덕동,경상사고,0,0,1,0,차대차 - 기타,안전운전불이행,건조,맑음,단일로 - 기타,승용,여,51세,상해없음,승용,남,63세,상해없음
2021102100100181,2021년 10월 21일 11시,목요일,대구광역시 서구 이현동,중상사고,0,1,1,0,차대차 - 측면충돌,교차로운행방법위반,건조,맑음,교차로 - 교차로안,화물,남,76세,상해없음,승용,남,29세,경상
2021102100100218,2021년 10월 21일 12시,목요일,대구광역시 남구 봉덕동,중상사고,0,1,0,0,차대사람 - 기타,안전운전불이행,건조,맑음,기타 - 기타,기타불명,기타불명,미분류,기타불명,보행자,여,81세,중상
2021102100100219,2021년 10월 21일 12시,목요일,대구광역시 중구 동문동,경상사고,0,0,1,0,차대차 - 기타,중앙선침범,건조,맑음,단일로 - 기타,승용,남,67세,상해없음,승용,남,28세,경상
2021102100100249,2021년 10월 21일 13시,목요일,대구광역시 수성구 수성동4가,경상사고,0,0,3,0,차대차 - 기타,안전운전불이행,건조,맑음,교차로 - 교차로안,이륜,남,67세,경상,승용,여,66세,경상
2021102100100250,2021년 10월 21일 13시,목요일,대구광역시 북구 검단동,경상사고,0,0,1,0,차대차 - 기타,교차로운행방법위반,건조,맑음,교차로 - 교차로안,승용,남,32세,상해없음,승용,남,56세,경상
2021102100100251,2021년 10월 21일 13시,목요일,대구광역시 북구 태전동,중상사고,0,1,0,0,차대사람 - 횡단중,신호위반,건조,맑음,교차로 - 교차로횡단보도내,승용,남,53세,상해없음,보행자,남,11세,중상
2021102100100296,2021년 10월 21일 14시,목요일,대구광역시 수성구 시지동,경상사고,0,0,2,0,차대차 - 기타,안전거리미확보,건조,맑음,단일로 - 기타,승용,여,21세,상해없음,승용,여,44세,경상
2021102100100350,2021년 10월 21일 16시,목요일,대구광역시 수성구 시지동,경상사고,0,0,1,0,차대차 - 기타,안전운전불이행,건조,맑음,단일로 - 기타,승용,남,72세,상해없음,승용,남,27세,경상
2021102100100351,2021년 10월 21일 16시,목요일,대구광역시 달성군 화원읍,경상사고,0,0,1,0,차대차 - 기타,차로위반,건조,맑음,단일로 - 기타,화물,남,66세,기타불명,승합,남,52세,상해없음
2021102100100395,2021년 10월 21일 17시,목요일,대구광역시 남구 봉덕동,경상사고,0,0,2,0,차대차 - 추돌,안전운전불이행,건조,맑음,단일로 - 교량,승용,여,62세,상해없음,승용,여,49세,경상
2021102100100396,2021년 10월 21일 17시,목요일,대구광역시 수성구 지산동,경상사고,0,0,1,0,차대차 - 측면충돌,안전운전불이행,건조,맑음,교차로 - 교차로부근,승용,남,77세,상해없음,이륜,남,56세,경상
2021102100100397,2021년 10월 21일 17시,목요일,대구광역시 달서구 상인동,경상사고,0,0,1,0,차대차 - 측면충돌,안전운전불이행,건조,맑음,교차로 - 교차로부근,이륜,남,24세,경상,승합,남,61세,상해없음
2021102100100398,2021년 10월 21일 17시,목요일,대구광역시 달서구 월성동,경상사고,0,0,1,0,차대차 - 기타,안전운전불이행,건조,맑음,단일로 - 기타,개인형이동수단(PM),남,19세,상해없음,자전거,남,10세,경상
2021102100100457,2021년 10월 21일 18시,목요일,대구광역시 북구 금호동,경상사고,0,0,3,0,차대차 - 측면충돌,안전운전불이행,건조,맑음,단일로 - 기타,승용,여,31세,경상,승용,남,55세,경상
2021102100100463,2021년 10월 21일 18시,목요일,대구광역시 달서구 상인동,경상사고,0,0,2,1,차대차 - 추돌,안전운전불이행,건조,맑음,단일로 - 기타,승용,남,19세,상해없음,승용,남,37세,경상
2021102100100464,2021년 10월 21일 18시,목요일,대구광역시 달서구 진천동,경상사고,0,0,1,0,차대사람 - 횡단중,교차로운행방법위반,건조,맑음,교차로 - 교차로안,화물,남,51세,상해없음,보행자,여,52세,경상
2021102100100465,2021년 10월 21일 18시,목요일,대구광역시 북구 침산동,경상사고,0,0,1,0,차대차 - 추돌,안전거리미확보,건조,맑음,교차로 - 교차로부근,승용,남,42세,기타불명,승용,여,56세,경상
2021102100100516,2021년 10월 21일 19시,목요일,대구광역시 동구 율하동,경상사고,0,0,1,0,차대사람 - 횡단중,신호위반,건조,맑음,교차로 - 교차로횡단보도내,자전거,남,22세,상해없음,보행자,여,61세,경상
2021102100100517,2021년 10월 21일 19시,목요일,대구광역시 달성군 하빈면,경상사고,0,0,2,0,차대차 - 기타,중앙선침범,건조,맑음,단일로 - 기타,화물,남,61세,상해없음,화물,남,67세,경상
2021102100100572,2021년 10월 21일 21시,목요일,대구광역시 남구 대명동,중상사고,0,1,0,1,차대사람 - 횡단중,안전운전불이행,건조,맑음,단일로 - 기타,자전거,남,52세,부상신고,보행자,여,28세,중상
2021102100100573,2021년 10월 21일 21시,목요일,대구광역시 동구 신천동,경상사고,0,0,1,0,차대사람 - 차도통행중,안전운전불이행,건조,맑음,단일로 - 기타,승용,여,57세,상해없음,보행자,남,22세,경상
2021102100100574,2021년 10월 21일 21시,목요일,대구광역시 수성구 사월동,경상사고,0,0,1,0,차대사람 - 횡단중,보행자보호의무위반,건조,맑음,단일로 - 기타,승용,남,45세,상해없음,보행자,남,55세,경상
2021102100100575,2021년 10월 21일 21시,목요일,대구광역시 북구 산격동,중상사고,0,1,0,0,차대차 - 추돌,안전거리미확보,건조,맑음,단일로 - 기타,이륜,남,42세,상해없음,승용,여,44세,상해없음
2021102100100632,2021년 10월 21일 23시,목요일,대구광역시 북구 산격동,중상사고,0,1,0,0,차대사람 - 기타,안전운전불이행,건조,맑음,교차로 - 교차로부근,승용,남,63세,상해없음,보행자,남,55세,중상
2021102200100007,2021년 10월 22일 00시,금요일,대구광역시 달서구 대천동,중상사고,0,1,0,0,차대차 - 정면충돌,중앙선침범,건조,맑음,단일로 - 기타,승용,남,66세,상해없음,승용,남,44세,중상
2021102200100015,2021년 10월 22일 01시,금요일,대구광역시 수성구 만촌동,부상신고사고,0,0,0,1,차대사람 - 횡단중,신호위반,건조,맑음,교차로 - 교차로횡단보도내,이륜,남,17세,상해없음,보행자,남,68세,부상신고
2021102200100046,2021년 10월 22일 06시,금요일,대구광역시 달서구 신당동,경상사고,0,0,1,0,차대차 - 측면충돌,안전거리미확보,건조,맑음,단일로 - 기타,승용,남,74세,상해없음,승용,남,74세,경상
2021102200100063,2021년 10월 22일 07시,금요일,대구광역시 달서구 월성동,경상사고,0,0,1,0,차대차 - 측면충돌,교차로운행방법위반,건조,맑음,교차로 - 교차로안,승용,여,44세,상해없음,승용,여,31세,경상
2021102200100110,2021년 10월 22일 08시,금요일,대구광역시 달성군 옥포읍,경상사고,0,0,1,0,차대차 - 측면충돌,안전운전불이행,적설,맑음,단일로 - 기타,승용,남,76세,상해없음,승용,여,32세,경상
2021102200100147,2021년 10월 22일 09시,금요일,대구광역시 동구 신암동,경상사고,0,0,1,0,차대차 - 기타,안전운전불이행,건조,맑음,단일로 - 기타,건설기계,남,44세,상해없음,승용,여,55세,기타불명
2021102200100188,2021년 10월 22일 10시,금요일,대구광역시 수성구 범물동,부상신고사고,0,0,0,1,차대사람 - 기타,교차로운행방법위반,건조,맑음,교차로 - 교차로안,자전거,여,62세,부상신고,보행자,남,83세,상해없음
2021102200100224,2021년 10월 22일 11시,금요일,대구광역시 남구 대명동,경상사고,0,0,1,0,차대차 - 측면충돌,안전운전불이행,건조,맑음,교차로 - 교차로안,승용,남,65세,상해없음,이륜,남,42세,경상
2021102200100225,2021년 10월 22일 11시,금요일,대구광역시 수성구 지산동,경상사고,0,0,1,0,차대차 - 측면충돌,안전운전불이행,건조,맑음,교차로 - 교차로안,승용,남,56세,상해없음,이륜,남,52세,경상
2021102200100295,2021년 10월 22일 13시,금요일,대구광역시 수성구 사월동,경상사고,0,0,1,0,차대차 - 측면충돌,안전운전불이행,건조,맑음,교차로 - 교차로안,승용,남,47세,상해없음,이륜,남,38세,경상
2021102200100296,2021년 10월 22일 13시,금요일,대구광역시 수성구 수성동3가,경상사고,0,0,1,0,차대차 - 측면충돌,안전운전불이행,건조,맑음,교차로 - 교차로부근,승용,여,41세,상해없음,자전거,여,59세,경상
2021102200100297,2021년 10월 22일 13시,금요일,대구광역시 달성군 다사읍,경상사고,0,0,1,0,차대차 - 기타,안전거리미확보,건조,맑음,단일로 - 기타,건설기계,남,47세,상해없음,승용,남,55세,경상
2021102200100298,2021년 10월 22일 13시,금요일,대구광역시 달서구 두류동,경상사고,0,0,1,0,차대차 - 측면충돌,안전운전불이행,건조,맑음,단일로 - 기타,이륜,남,22세,상해없음,승용,여,32세,경상
2021102200100345,2021년 10월 22일 14시,금요일,대구광역시 달성군 구지면,중상사고,0,1,0,0,차대차 - 측면충돌,중앙선침범,건조,맑음,단일로 - 기타,화물,남,66세,상해없음,화물,남,77세,중상
2021102200100433,2021년 10월 22일 16시,금요일,대구광역시 동구 방촌동,중상사고,0,1,0,0,차대사람 - 기타,교차로운행방법위반,건조,맑음,교차로 - 교차로부근,이륜,남,48세,상해없음,보행자,여,11세,중상
2021102200100434,2021년 10월 22일 16시,금요일,대구광역시 동구 신암동,중상사고,0,1,0,0,차대차 - 기타,교차로운행방법위반,건조,맑음,교차로 - 교차로안,이륜,남,74세,중상,화물,남,39세,상해없음
2021102200100435,2021년 10월 22일 16시,금요일,대구광역시 달서구 대천동,경상사고,0,0,2,0,차대차 - 측면충돌,중앙선침범,건조,맑음,단일로 - 기타,승용,남,28세,기타불명,승용,여,43세,경상
2021102200100436,2021년 10월 22일 16시,금요일,대구광역시 달서구 대곡동,경상사고,0,0,3,0,차대차 - 추돌,안전운전불이행,건조,맑음,단일로 - 터널,승용,여,36세,상해없음,승용,남,34세,경상
2021102200100437,2021년 10월 22일 16시,금요일,대구광역시 달서구 감삼동,중상사고,0,1,0,0,차대차 - 기타,신호위반,건조,맑음,단일로 - 기타,승용,여,44세,상해없음,자전거,남,65세,중상
2021102200100486,2021년 10월 22일 17시,금요일,대구광역시 남구 대명동,경상사고,0,0,1,0,차대차 - 후진중충돌,안전운전불이행,건조,맑음,주차장 - 주차장,승용,남,32세,상해없음,승용,남,49세,경상
2021102200100487,2021년 10월 22일 17시,금요일,대구광역시 동구 신암동,경상사고,0,0,1,0,차대차 - 측면충돌,차로위반,건조,맑음,교차로 - 교차로부근,승용,여,71세,상해없음,승용,남,54세,경상
2021102200100488,2021년 10월 22일 17시,금요일,대구광역시 수성구 지산동,경상사고,0,0,1,0,차대사람 - 횡단중,보행자보호의무위반,건조,맑음,단일로 - 기타,화물,남,61세,상해없음,보행자,남,10세,경상
2021102200100489,2021년 10월 22일 17시,금요일,대구광역시 수성구 만촌동,경상사고,0,0,1,0,차대차 - 후진중충돌,안전운전불이행,건조,맑음,교차로 - 교차로부근,승용,남,76세,상해없음,승용,남,45세,경상
2021102200100490,2021년 10월 22일 17시,금요일,대구광역시 달성군 다사읍,경상사고,0,0,2,2,차대차 - 측면충돌,안전운전불이행,건조,맑음,단일로 - 기타,승용,여,64세,상해없음,승용,남,39세,경상
2021102200100491,2021년 10월 22일 17시,금요일,대구광역시 서구 내당동,경상사고,0,0,1,0,차대차 - 추돌,안전운전불이행,건조,맑음,교차로 - 교차로부근,승용,남,29세,상해없음,승용,여,28세,경상
2021102200100492,2021년 10월 22일 17시,금요일,대구광역시 서구 상리동,경상사고,0,0,1,0,차대차 - 추돌,안전거리미확보,건조,맑음,기타 - 기타,화물,남,66세,상해없음,승용,여,59세,상해없음
2021102200100493,2021년 10월 22일 17시,금요일,대구광역시 달서구 장기동,중상사고,0,1,0,0,차대차 - 기타,안전거리미확보,건조,맑음,단일로 - 기타,승용,남,49세,상해없음,이륜,남,34세,중상
2021102200100494,2021년 10월 22일 17시,금요일,대구광역시 북구 관음동,경상사고,0,0,1,0,차대차 - 측면충돌,안전운전불이행,건조,맑음,교차로 - 교차로부근,승용,남,58세,기타불명,이륜,남,27세,경상
2021102200100558,2021년 10월 22일 18시,금요일,대구광역시 동구 신기동,경상사고,0,0,4,0,차대차 - 측면충돌,교차로운행방법위반,건조,맑음,교차로 - 교차로안,화물,남,61세,경상,승용,여,26세,경상
2021102200100559,2021년 10월 22일 18시,금요일,대구광역시 동구 신암동,중상사고,0,1,0,0,차대차 - 기타,안전운전불이행,건조,맑음,단일로 - 기타,승합,남,42세,상해없음,기타불명,기타불명,미분류,기타불명
2021102200100560,2021년 10월 22일 18시,금요일,대구광역시 북구 매천동,경상사고,0,0,1,0,차대차 - 추돌,안전거리미확보,건조,맑음,교차로 - 교차로부근,승용,남,52세,상해없음,승용,여,49세,경상
2021102200100617,2021년 10월 22일 19시,금요일,대구광역시 북구 동호동,경상사고,0,0,2,0,차대차 - 측면충돌,안전거리미확보,건조,맑음,단일로 - 기타,승용,여,26세,경상,승용,여,64세,경상
2021102200100716,2021년 10월 22일 22시,금요일,대구광역시 중구 남산동,부상신고사고,0,0,0,1,차대차 - 측면충돌,안전운전불이행,건조,맑음,교차로 - 교차로안,자전거,남,59세,부상신고,이륜,남,48세,상해없음
2021102200100744,2021년 10월 22일 23시,금요일,대구광역시 동구 지저동,경상사고,0,0,1,0,차대차 - 측면충돌,안전운전불이행,건조,맑음,교차로 - 교차로안,승용,남,19세,상해없음,승용,남,59세,경상
2021102200100745,2021년 10월 22일 23시,금요일,대구광역시 동구 신암동,부상신고사고,0,0,0,1,차대차 - 추돌,안전운전불이행,건조,맑음,단일로 - 기타,승용,남,24세,기타불명,화물,남,58세,부상신고
2021102200100746,2021년 10월 22일 23시,금요일,대구광역시 달서구 월성동,경상사고,0,0,1,0,차대차 - 측면충돌,안전운전불이행,건조,맑음,단일로 - 기타,승용,남,58세,상해없음,이륜,남,23세,경상
2021102300100018,2021년 10월 23일 01시,토요일,대구광역시 동구 신암동,경상사고,0,0,1,0,차대차 - 추돌,안전운전불이행,건조,맑음,단일로 - 기타,이륜,남,25세,상해없음,승용,남,30세,경상
2021102300100019,2021년 10월 23일 01시,토요일,대구광역시 달서구 본리동,경상사고,0,0,1,0,차대차 - 측면충돌,안전운전불이행,건조,맑음,단일로 - 기타,승용,남,62세,상해없음,이륜,남,26세,경상
2021102300100025,2021년 10월 23일 02시,토요일,대구광역시 달서구 감삼동,중상사고,0,1,1,0,차대차 - 측면충돌,신호위반,건조,맑음,교차로 - 교차로안,이륜,여,20세,기타불명,승용,남,67세,경상
2021102300100072,2021년 10월 23일 08시,토요일,대구광역시 달서구 장동,경상사고,0,0,2,0,차대차 - 측면충돌,안전거리미확보,건조,맑음,단일로 - 기타,승용,남,59세,경상,승용,남,24세,경상
2021102300100096,2021년 10월 23일 09시,토요일,대구광역시 동구 신암동,중상사고,0,1,0,0,차대사람 - 횡단중,안전운전불이행,건조,맑음,교차로 - 교차로부근,화물,남,35세,상해없음,보행자,여,73세,중상
2021102300100097,2021년 10월 23일 09시,토요일,대구광역시 수성구 황금동,경상사고,0,0,1,0,차대차 - 측면충돌,안전운전불이행,건조,맑음,교차로 - 교차로안,승용,여,67세,상해없음,승용,남,44세,경상
2021102300100098,2021년 10월 23일 09시,토요일,대구광역시 달성군 유가읍,사망사고,1,0,0,0,차대사람 - 기타,안전운전불이행,건조,맑음,교차로 - 교차로부근,승용,여,59세,상해없음,보행자,여,81세,사망
2021102300100099,2021년 10월 23일 09시,토요일,대구광역시 달서구 용산동,중상사고,0,1,0,0,차대사람 - 기타,안전운전불이행,건조,맑음,단일로 - 기타,승용,남,47세,상해없음,보행자,남,38세,중상
2021102300100130,2021년 10월 23일 10시,토요일,대구광역시 북구 복현동,경상사고,0,0,1,0,차대차 - 측면충돌,안전운전불이행,건조,맑음,단일로 - 기타,승용,여,52세,상해없음,자전거,여,56세,경상
2021102300100131,2021년 10월 23일 10시,토요일,대구광역시 북구 관음동,경상사고,0,0,3,0,차대차 - 추돌,안전거리미확보,건조,맑음,단일로 - 교량,승용,남,36세,상해없음,승용,남,32세,경상
2021102300100166,2021년 10월 23일 11시,토요일,대구광역시 동구 방촌동,부상신고사고,0,0,0,1,차대차 - 측면충돌,안전운전불이행,건조,맑음,교차로 - 교차로부근,자전거,남,80세,부상신고,승용,남,30세,상해없음
2021102300100167,2021년 10월 23일 11시,토요일,대구광역시 달성군 다사읍,부상신고사고,0,0,0,1,차대차 - 추돌,안전운전불이행,건조,맑음,교차로 - 교차로부근,이륜,남,74세,부상신고,승용,남,42세,상해없음
2021102300100168,2021년 10월 23일 11시,토요일,대구광역시 서구 평리동,경상사고,0,0,1,0,차대차 - 기타,기타,건조,맑음,교차로 - 교차로안,승용,여,21세,기타불명,승용,여,64세,경상
2021102300100169,2021년 10월 23일 11시,토요일,대구광역시 서구 비산동,경상사고,0,0,1,0,차대차 - 측면충돌,안전운전불이행,건조,맑음,단일로 - 기타,승용,남,61세,상해없음,원동기,남,46세,경상
2021102300100221,2021년 10월 23일 12시,토요일,대구광역시 동구 봉무동,부상신고사고,0,0,0,1,차대차 - 측면충돌,직진우회전진행방해,건조,맑음,교차로 - 교차로안,원동기,남,37세,부상신고,승용,여,63세,상해없음
2021102300100222,2021년 10월 23일 12시,토요일,대구광역시 수성구 신매동,경상사고,0,0,2,0,차대차 - 기타,안전운전불이행,건조,맑음,교차로 - 교차로부근,승용,여,69세,상해없음,승용,여,50세,경상
2021102300100223,2021년 10월 23일 12시,토요일,대구광역시 북구 산격동,경상사고,0,0,1,0,차대차 - 측면충돌,안전운전불이행,건조,맑음,단일로 - 기타,승용,남,32세,기타불명,이륜,남,58세,경상
2021102300100263,2021년 10월 23일 13시,토요일,대구광역시 동구 방촌동,경상사고,0,0,2,0,차대차 - 기타,교차로운행방법위반,건조,맑음,교차로 - 교차로안,승합,남,53세,상해없음,승용,남,56세,경상
2021102300100264,2021년 10월 23일 13시,토요일,대구광역시 수성구 수성동2가,경상사고,0,0,2,0,차대차 - 후진중충돌,안전운전불이행,건조,맑음,단일로 - 기타,승용,남,62세,상해없음,화물,남,29세,경상
2021102300100312,2021년 10월 23일 14시,토요일,대구광역시 동구 동호동,중상사고,0,1,0,0,차대사람 - 기타,안전운전불이행,건조,맑음,단일로 - 기타,승합,남,55세,상해없음,보행자,남,55세,중상
2021102300100357,2021년 10월 23일 15시,토요일,대구광역시 수성구 만촌동,경상사고,0,0,1,0,차대차 - 기타,안전운전불이행,건조,맑음,단일로 - 기타,승용,남,50세,상해없음,이륜,남,25세,경상
2021102300100358,2021년 10월 23일 15시,토요일,대구광역시 북구 칠성동1가,경상사고,0,0,1,0,차대차 - 측면충돌,안전거리미확보,건조,맑음,교차로 - 교차로부근,승용,남,37세,상해없음,승용,남,49세,경상
2021102300100359,2021년 10월 23일 15시,토요일,대구광역시 중구 대신동,경상사고,0,0,1,0,차대사람 - 기타,안전운전불이행,건조,흐림,기타 - 기타,승용,남,59세,상해없음,보행자,남,30세,경상
2021102300100360,2021년 10월 23일 15시,토요일,대구광역시 달서구 감삼동,경상사고,0,0,1,0,차대사람 - 보도통행중,기타,건조,맑음,기타 - 기타,이륜,남,22세,상해없음,보행자,남,6세,경상
2021102300100361,2021년 10월 23일 15시,토요일,대구광역시 북구 사수동,경상사고,0,0,1,0,차대차 - 측면충돌,안전거리미확보,건조,맑음,단일로 - 기타,승용,여,47세,상해없음,이륜,남,35세,경상
2021102300100441,2021년 10월 23일 17시,토요일,대구광역시 북구 읍내동,경상사고,0,0,1,0,차대차 - 측면충돌,안전운전불이행,건조,맑음,단일로 - 기타,승용,여,67세,상해없음,이륜,남,70세,경상
2021102300100474,2021년 10월 23일 18시,토요일,대구광역시 동구 신평동,경상사고,0,0,1,0,차대차 - 측면충돌,안전운전불이행,건조,맑음,단일로 - 기타,승용,여,52세,상해없음,화물,남,44세,경상
2021102300100479,2021년 10월 23일 18시,토요일,대구광역시 동구 신암동,경상사고,0,0,3,0,차대차 - 기타,신호위반,건조,맑음,교차로 - 교차로안,승용,여,23세,상해없음,특수,남,33세,경상
2021102300100529,2021년 10월 23일 19시,토요일,대구광역시 남구 봉덕동,경상사고,0,0,2,0,차대차 - 추돌,안전운전불이행,건조,맑음,교차로 - 교차로부근,승용,남,49세,상해없음,승용,남,45세,경상
2021102300100530,2021년 10월 23일 19시,토요일,대구광역시 수성구 범어동,경상사고,0,0,1,0,차대사람 - 길가장자리구역통행중,안전운전불이행,건조,맑음,기타 - 기타,승용,남,45세,상해없음,보행자,여,17세,경상
2021102300100547,2021년 10월 23일 20시,토요일,대구광역시 남구 대명동,경상사고,0,0,1,0,차대차 - 기타,안전운전불이행,건조,맑음,기타 - 기타,이륜,남,29세,상해없음,자전거,여,22세,경상
2021102300100548,2021년 10월 23일 20시,토요일,대구광역시 수성구 시지동,중상사고,0,1,0,0,차대차 - 측면충돌,차로위반,건조,맑음,단일로 - 기타,승용,남,48세,상해없음,승용,남,64세,중상
2021102300100620,2021년 10월 23일 23시,토요일,대구광역시 동구 신암동,중상사고,0,1,0,0,차대사람 - 차도통행중,안전운전불이행,건조,맑음,단일로 - 기타,이륜,남,22세,상해없음,보행자,남,29세,중상
2021102300100621,2021년 10월 23일 23시,토요일,대구광역시 중구 동인동4가,경상사고,0,0,1,0,차대차 - 측면충돌,안전거리미확보,건조,맑음,교차로 - 교차로부근,승용,남,19세,상해없음,승용,여,30세,경상
2021102400100014,2021년 10월 24일 00시,일요일,대구광역시 달성군 옥포읍,경상사고,0,0,2,0,차대차 - 기타,안전운전불이행,건조,맑음,단일로 - 기타,승용,남,30세,상해없음,승용,남,63세,경상
2021102400100015,2021년 10월 24일 00시,일요일,대구광역시 중구 삼덕동1가,경상사고,0,0,1,0,차대사람 - 기타,안전운전불이행,건조,맑음,단일로 - 기타,승용,여,20세,상해없음,보행자,여,30세,경상
2021102400100036,2021년 10월 24일 02시,일요일,대구광역시 달성군 현풍읍,중상사고,0,1,0,1,차량단독 - 기타,안전운전불이행,건조,맑음,단일로 - 기타,승용,남,24세,부상신고,,,,
2021102400100041,2021년 10월 24일 04시,일요일,대구광역시 동구 신천동,경상사고,0,0,1,0,차량단독 - 공작물충돌,안전운전불이행,건조,맑음,단일로 - 기타,이륜,남,26세,경상,,,,
2021102400100052,2021년 10월 24일 06시,일요일,대구광역시 수성구 범어동,중상사고,0,1,0,0,차대차 - 측면충돌,안전거리미확보,건조,맑음,교차로 - 교차로부근,승용,남,49세,상해없음,이륜,남,31세,중상
2021102400100110,2021년 10월 24일 10시,일요일,대구광역시 수성구 수성동2가,중상사고,0,1,0,0,차대차 - 측면충돌,안전운전불이행,건조,맑음,교차로 - 교차로부근,승용,여,70세,상해없음,이륜,남,50세,중상
2021102400100111,2021년 10월 24일 10시,일요일,대구광역시 달서구 대천동,경상사고,0,0,2,0,차대차 - 측면충돌,신호위반,건조,맑음,교차로 - 교차로안,승용,여,53세,상해없음,승용,남,56세,경상
2021102400100138,2021년 10월 24일 11시,일요일,대구광역시 북구 노원동3가,경상사고,0,0,1,1,차대차 - 측면충돌,안전운전불이행,건조,맑음,교차로 - 교차로안,승용,남,57세,부상신고,승용,남,39세,경상
2021102400100173,2021년 10월 24일 12시,일요일,대구광역시 북구 침산동,경상사고,0,0,1,0,차대차 - 후진중충돌,안전운전불이행,건조,맑음,단일로 - 기타,승용,남,64세,상해없음,이륜,남,27세,경상
2021102400100174,2021년 10월 24일 12시,일요일,대구광역시 서구 내당동,경상사고,0,0,1,0,차대차 - 기타,안전거리미확보,건조,맑음,교차로 - 교차로안,승용,남,62세,상해없음,이륜,남,48세,경상
2021102400100175,2021년 10월 24일 12시,일요일,대구광역시 달서구 장기동,중상사고,0,1,0,0,차대차 - 측면충돌,안전운전불이행,건조,맑음,단일로 - 기타,승용,남,41세,상해없음,자전거,남,78세,중상
2021102400100208,2021년 10월 24일 13시,일요일,대구광역시 달서구 진천동,경상사고,0,0,1,0,차대차 - 기타,직진우회전진행방해,건조,맑음,교차로 - 교차로안,승용,남,74세,상해없음,이륜,남,26세,경상
2021102400100209,2021년 10월 24일 13시,일요일,대구광역시 북구 산격동,경상사고,0,0,1,0,차대차 - 측면충돌,신호위반,건조,맑음,교차로 - 교차로안,승용,남,54세,상해없음,승용,여,37세,상해없음
2021102400100210,2021년 10월 24일 13시,일요일,대구광역시 북구 구암동,부상신고사고,0,0,0,1,차대차 - 측면충돌,안전운전불이행,건조,맑음,단일로 - 기타,승용,남,41세,상해없음,승용,남,23세,부상신고
2021102400100245,2021년 10월 24일 14시,일요일,대구광역시 수성구 중동,경상사고,0,0,1,0,차대차 - 기타,직진우회전진행방해,건조,맑음,교차로 - 교차로안,원동기,남,54세,경상,승용,남,51세,상해없음
2021102400100274,2021년 10월 24일 15시,일요일,대구광역시 달성군 화원읍,경상사고,0,0,1,0,차대차 - 측면충돌,안전거리미확보,건조,맑음,단일로 - 기타,승용,남,70세,상해없음,이륜,남,37세,경상
2021102400100275,2021년 10월 24일 15시,일요일,대구광역시 북구 복현동,경상사고,0,0,1,0,차대사람 - 횡단중,보행자보호의무위반,건조,맑음,교차로 - 교차로횡단보도내,승용,남,86세,상해없음,보행자,남,29세,경상
2021102400100391,2021년 10월 24일 18시,일요일,대구광역시 남구 대명동,경상사고,0,0,2,0,차대차 - 추돌,안전운전불이행,건조,맑음,교차로 - 교차로부근,승용,남,60세,상해없음,승용,남,27세,경상
2021102400100392,2021년 10월 24일 18시,일요일,대구광역시 달서구 본리동,경상사고,0,0,1,0,차대차 - 기타,안전운전불이행,건조,맑음,교차로 - 교차로안,이륜,남,26세,경상,승용,남,61세,상해없음
2021102400100423,2021년 10월 24일 19시,일요일,대구광역시 북구 고성동3가,중상사고,0,2,2,0,차대차 - 측면충돌,신호위반,건조,맑음,교차로 - 교차로안,승합,남,61세,상해없음,승합,남,43세,경상
2021102400100424,2021년 10월 24일 19시,일요일,대구광역시 서구 평리동,경상사고,0,0,2,0,차대차 - 후진중충돌,안전운전불이행,건조,맑음,교차로 - 교차로부근,승용,남,67세,상해없음,승용,남,55세,경상
2021102400100425,2021년 10월 24일 19시,일요일,대구광역시 달서구 두류동,경상사고,0,0,1,0,차대사람 - 길가장자리구역통행중,안전운전불이행,건조,맑음,단일로 - 기타,승용,여,54세,상해없음,보행자,남,27세,경상