사고번호,사고일시,요일,시군구,사고내용,사망자수,중상자수,경상자수,부상신고자수,사고유형,법규위반,노면상태,기상상태,도로형태,가해운전자 차종,가해운전자 성별,가해운전자 연령,가해운전자 상해정도,피해운전자 차종,피해운전자 성별,피해운전자 연령,피해운전자 상해정도
2021110800100342,2021년 11월 8일 14시,월요일,대구광역시 서구 중리동,경상사고,0,0,1,1,차대차 - 추돌,안전운전불이행,건조,맑음,단일로 - 지하차도(도로)내,화물,남,66세,상해없음,화물,남,33세,경상
2021110800100374,2021년 11월 8일 15시,월요일,대구광역시 동구 율하동,중상사고,0,1,0,0,차대사람 - 보도통행중,안전운전불이행,건조,맑음,교차로 - 교차로횡단보도내,승용,여,43세,상해없음,보행자,여,76세,중상
2021110800100375,2021년 11월 8일 15시,월요일,대구광역시 동구 신암동,중상사고,0,1,3,1,차대차 - 측면충돌,신호위반,건조,맑음,교차로 - 교차로안,승용,여,68세,부상신고,승용,남,64세,경상
2021110800100376,2021년 11월 8일 15시,월요일,대구광역시 동구 지묘동,경상사고,0,0,1,0,차대차 - 측면충돌,신호위반,젖음/습기,흐림,교차로 - 교차로부근,승용,남,55세,상해없음,승용,여,27세,경상
2021110800100377,2021년 11월 8일 15시,월요일,대구광역시 수성구 수성동4가,경상사고,0,0,1,0,차대차 - 측면충돌,안전운전불이행,건조,맑음,교차로 - 교차로횡단보도내,승용,여,43세,상해없음,자전거,남,65세,경상
2021110800100415,2021년 11월 8일 16시,월요일,대구광역시 동구 동호동,경상사고,0,0,1,0,차대사람 - 보도통행중,안전운전불이행,건조,맑음,단일로 - 기타,원동기,여,66세,상해없음,보행자,남,41세,경상
2021110800100416,2021년 11월 8일 16시,월요일,대구광역시 달서구 성당동,경상사고,0,0,1,0,차대차 - 추돌,안전운전불이행,젖음/습기,흐림,단일로 - 기타,승용,남,32세,상해없음,승용,여,34세,경상
2021110800100536,2021년 11월 8일 18시,월요일,대구광역시 달서구 상인동,경상사고,0,0,1,0,차대차 - 추돌,안전운전불이행,건조,맑음,기타 - 기타,승용,여,21세,상해없음,승용,남,28세,경상
2021110800100537,2021년 11월 8일 18시,월요일,대구광역시 중구 남산동,경상사고,0,0,1,0,차대사람 - 기타,안전운전불이행,건조,흐림,교차로 - 교차로안,승용,남,29세,상해없음,보행자,남,51세,경상
2021110800100583,2021년 11월 8일 19시,월요일,대구광역시 동구 효목동,경상사고,0,0,3,0,차대차 - 측면충돌,안전운전불이행,건조,맑음,교차로 - 교차로안,승용,남,58세,기타불명,승용,여,53세,경상
2021110800100584,2021년 11월 8일 19시,월요일,대구광역시 수성구 만촌동,경상사고,0,0,1,0,차대차 - 측면충돌,안전운전불이행,건조,맑음,기타 - 기타,화물,남,60세,상해없음,승용,여,53세,경상
2021110800100585,2021년 11월 8일 19시,월요일,대구광역시 북구 노원동1가,경상사고,0,0,1,0,차대차 - 정면충돌,불법유턴,건조,맑음,교차로 - 교차로부근,승용,남,41세,상해없음,승용,남,51세,경상
2021110800100586,2021년 11월 8일 19시,월요일,대구광역시 달서구 신당동,경상사고,0,0,1,0,차대사람 - 횡단중,신호위반,건조,맑음,교차로 - 교차로횡단보도내,승용,여,60세,상해없음,보행자,남,44세,경상
2021110800100619,2021년 11월 8일 20시,월요일,대구광역시 동구 효목동,경상사고,0,0,2,0,차대차 - 측면충돌,안전거리미확보,건조,맑음,교차로 - 교차로부근,승용,여,53세,기타불명,이륜,남,16세,경상
2021110800100620,2021년 11월 8일 20시,월요일,대구광역시 동구 효목동,경상사고,0,0,1,0,차대차 - 기타,교차로운행방법위반,건조,맑음,단일로 - 기타,승용,남,48세,상해없음,이륜,남,33세,경상
2021110800100651,2021년 11월 8일 21시,월요일,대구광역시 동구 백안동,중상사고,0,1,0,0,차대차 - 추돌,안전운전불이행,건조,맑음,단일로 - 기타,승용,남,60세,상해없음,이륜,여,28세,중상
2021110800100671,2021년 11월 8일 22시,월요일,대구광역시 북구 동천동,중상사고,0,1,0,0,차대사람 - 횡단중,안전운전불이행,건조,맑음,교차로 - 교차로횡단보도내,승용,여,48세,상해없음,보행자,여,42세,중상
2021110900100014,2021년 11월 9일 00시,화요일,대구광역시 동구 신천동,경상사고,0,0,1,0,차대차 - 측면충돌,안전운전불이행,건조,맑음,단일로 - 기타,기타불명,기타불명,미분류,기타불명,승용,남,47세,상해없음
2021110900100015,2021년 11월 9일 00시,화요일,대구광역시 달성군 구지면,경상사고,0,0,1,0,차대사람 - 기타,안전운전불이행,건조,맑음,단일로 - 기타,승용,남,27세,상해없음,보행자,여,25세,경상
2021110900100021,2021년 11월 9일 01시,화요일,대구광역시 서구 평리동,중상사고,0,1,0,0,차대사람 - 기타,기타,건조,맑음,교차로 - 교차로부근,승용,남,72세,상해없음,보행자,남,66세,중상
2021110900100108,2021년 11월 9일 08시,화요일,대구광역시 수성구 매호동,경상사고,0,0,1,0,차대차 - 측면충돌,안전거리미확보,건조,맑음,교차로 - 교차로부근,승용,여,61세,상해없음,승용,여,30세,경상
2021110900100109,2021년 11월 9일 08시,화요일,대구광역시 북구 동천동,중상사고,0,2,3,0,차대차 - 측면충돌,신호위반,건조,맑음,교차로 - 교차로안,승용,여,51세,경상,승용,여,53세,경상
2021110900100220,2021년 11월 9일 11시,화요일,대구광역시 동구 율하동,중상사고,0,1,0,0,차대사람 - 횡단중,보행자보호의무위반,건조,맑음,교차로 - 교차로안,승용,여,46세,상해없음,보행자,남,37세,중상
2021110900100221,2021년 11월 9일 11시,화요일,대구광역시 수성구 두산동,중상사고,0,1,0,0,차대사람 - 기타,안전운전불이행,건조,맑음,주차장 - 주차장,화물,남,44세,상해없음,보행자,남,57세,중상
2021110900100222,2021년 11월 9일 11시,화요일,대구광역시 북구 노원동3가,중상사고,0,1,0,0,차대차 - 측면충돌,안전운전불이행,건조,맑음,교차로 - 교차로안,승용,남,51세,상해없음,자전거,남,70세,중상
2021110900100223,2021년 11월 9일 11시,화요일,대구광역시 북구 팔달동,중상사고,0,1,0,0,차량단독 - 전도전복 - 전도,안전운전불이행,건조,맑음,단일로 - 교량,자전거,여,65세,중상,,,,
2021110900100250,2021년 11월 9일 12시,화요일,대구광역시 북구 침산동,중상사고,0,1,0,0,차대차 - 측면충돌,교차로운행방법위반,건조,맑음,교차로 - 교차로안,화물,남,55세,상해없음,자전거,여,54세,중상
2021110900100251,2021년 11월 9일 12시,화요일,대구광역시 중구 동인동3가,중상사고,0,1,0,0,차대사람 - 횡단중,안전운전불이행,건조,맑음,단일로 - 기타,자전거,남,16세,상해없음,보행자,남,62세,중상
2021110900100281,2021년 11월 9일 13시,화요일,대구광역시 남구 대명동,부상신고사고,0,0,0,2,차대차 - 측면충돌,안전운전불이행,건조,맑음,단일로 - 기타,승용,남,77세,상해없음,승용,여,29세,부상신고
2021110900100282,2021년 11월 9일 13시,화요일,대구광역시 동구 효목동,경상사고,0,0,3,0,차대차 - 정면충돌,직진우회전진행방해,건조,맑음,교차로 - 교차로안,승용,남,53세,경상,승용,여,68세,경상
2021110900100348,2021년 11월 9일 15시,화요일,대구광역시 동구 신암동,경상사고,0,0,1,0,차대차 - 기타,안전운전불이행,건조,맑음,교차로 - 교차로부근,승용,여,38세,기타불명,승용,여,63세,기타불명
2021110900100349,2021년 11월 9일 15시,화요일,대구광역시 달서구 신당동,경상사고,0,0,1,0,차대사람 - 기타,안전운전불이행,건조,맑음,주차장 - 주차장,승용,남,46세,상해없음,보행자,남,25세,경상
2021110900100391,2021년 11월 9일 16시,화요일,대구광역시 동구 신암동,경상사고,0,0,2,0,차대차 - 기타,교차로운행방법위반,건조,맑음,교차로 - 교차로안,승용,남,27세,상해없음,승용,남,66세,경상
2021110900100447,2021년 11월 9일 17시,화요일,대구광역시 서구 내당동,경상사고,0,0,1,0,차대사람 - 횡단중,안전운전불이행,건조,맑음,교차로 - 교차로안,승용,여,53세,상해없음,보행자,여,80세,경상
2021110900100448,2021년 11월 9일 17시,화요일,대구광역시 북구 매천동,부상신고사고,0,0,0,1,차대사람 - 길가장자리구역통행중,안전운전불이행,건조,맑음,교차로 - 교차로부근,승용,남,62세,상해없음,보행자,여,57세,부상신고
2021110900100508,2021년 11월 9일 18시,화요일,대구광역시 수성구 두산동,중상사고,0,1,0,0,차대차 - 측면충돌,안전운전불이행,건조,맑음,교차로 - 교차로안,승용,남,60세,기타불명,승용,남,48세,중상
2021110900100509,2021년 11월 9일 18시,화요일,대구광역시 수성구 연호동,부상신고사고,0,0,0,2,차대차 - 기타,안전거리미확보,건조,맑음,단일로 - 기타,승용,남,37세,상해없음,승용,남,25세,부상신고
2021110900100510,2021년 11월 9일 18시,화요일,대구광역시 수성구 황금동,경상사고,0,0,1,0,차대차 - 측면충돌,안전운전불이행,건조,맑음,교차로 - 교차로안,승용,여,65세,상해없음,승용,여,46세,경상
2021110900100511,2021년 11월 9일 18시,화요일,대구광역시 달서구 두류동,경상사고,0,0,1,0,차대사람 - 기타,안전운전불이행,건조,맑음,단일로 - 기타,화물,남,55세,상해없음,보행자,남,22세,경상
2021110900100512,2021년 11월 9일 18시,화요일,대구광역시 달서구 감삼동,중상사고,0,1,0,0,차대사람 - 차도통행중,안전운전불이행,건조,맑음,교차로 - 교차로안,승용,남,57세,상해없음,보행자,여,7세,중상
2021110900100568,2021년 11월 9일 19시,화요일,대구광역시 북구 팔달동,중상사고,0,1,0,0,차대차 - 측면충돌,차로위반,건조,맑음,단일로 - 지하차도(도로)내,승용,남,47세,상해없음,이륜,남,60세,중상
2021110900100569,2021년 11월 9일 19시,화요일,대구광역시 북구 태전동,경상사고,0,0,1,0,차대사람 - 횡단중,보행자보호의무위반,건조,맑음,교차로 - 교차로횡단보도내,승용,여,28세,상해없음,보행자,여,21세,경상
2021110900100604,2021년 11월 9일 20시,화요일,대구광역시 달성군 현풍읍,부상신고사고,0,0,0,1,차대사람 - 기타,안전운전불이행,건조,맑음,기타 - 기타,승용,남,62세,상해없음,보행자,남,38세,부상신고
2021110900100629,2021년 11월 9일 21시,화요일,대구광역시 수성구 수성동1가,경상사고,0,0,2,0,차대차 - 측면충돌,안전운전불이행,건조,맑음,교차로 - 교차로부근,승용,여,27세,기타불명,승용,남,29세,경상
2021110900100630,2021년 11월 9일 21시,화요일,대구광역시 수성구 중동,경상사고,0,0,1,0,차대차 - 측면충돌,안전거리미확보,건조,맑음,단일로 - 기타,승용,남,52세,상해없음,승용,남,33세,경상
2021110900100631,2021년 11월 9일 21시,화요일,대구광역시 서구 비산동,경상사고,0,0,1,0,차대차 - 기타,신호위반,건조,맑음,교차로 - 교차로안,승용,남,72세,기타불명,승용,여,30세,경상
2021110900100655,2021년 11월 9일 22시,화요일,대구광역시 달성군 구지면,경상사고,0,0,1,0,차대차 - 측면충돌,안전운전불이행,건조,맑음,단일로 - 기타,승용,남,67세,상해없음,특수,남,55세,경상
2021110900100659,2021년 11월 9일 22시,화요일,대구광역시 수성구 만촌동,경상사고,0,0,1,0,차대차 - 측면충돌,안전운전불이행,건조,맑음,교차로 - 교차로부근,승용,여,48세,상해없음,승용,여,49세,경상
2021111000100011,2021년 11월 10일 00시,수요일,대구광역시 북구 복현동,중상사고,0,1,0,0,차량단독 - 기타,안전운전불이행,건조,맑음,단일로 - 기타,이륜,남,18세,중상,,,,
2021111000100021,2021년 11월 10일 01시,수요일,대구광역시 북구 금호동,경상사고,0,0,1,0,차대차 - 측면충돌,안전운전불이행,젖음/습기,비,단일로 - 기타,승용,남,56세,기타불명,화물,남,38세,경상
2021111000100051,2021년 11월 10일 05시,수요일,대구광역시 달서구 송현동,중상사고,0,1,0,0,차대사람 - 기타,안전운전불이행,젖음/습기,흐림,단일로 - 기타,승용,남,34세,상해없음,보행자,남,56세,중상
2021111000100067,2021년 11월 10일 06시,수요일,대구광역시 북구 고성동2가,중상사고,0,1,0,0,차대사람 - 횡단중,안전운전불이행,건조,맑음,단일로 - 기타,승합,남,58세,상해없음,보행자,여,69세,중상
2021111000100096,2021년 11월 10일 07시,수요일,대구광역시 달서구 대곡동,경상사고,0,0,1,0,차량단독 - 공작물충돌,안전운전불이행,건조,맑음,단일로 - 기타,승합,남,56세,상해없음,,,,
2021111000100097,2021년 11월 10일 07시,수요일,대구광역시 달서구 진천동,경상사고,0,0,3,0,차대차 - 측면충돌,안전거리미확보,건조,맑음,단일로 - 기타,승용,여,30세,경상,승용,여,61세,경상
2021111000100098,2021년 11월 10일 07시,수요일,대구광역시 북구 산격동,경상사고,0,0,1,0,차대차 - 추돌,안전운전불이행,건조,맑음,단일로 - 기타,승용,남,34세,상해없음,화물,남,31세,경상
2021111000100138,2021년 11월 10일 08시,수요일,대구광역시 동구 신암동,경상사고,0,0,1,0,차대차 - 측면충돌,안전운전불이행,건조,맑음,단일로 - 기타,승용,여,73세,상해없음,승용,남,40세,경상
2021111000100139,2021년 11월 10일 08시,수요일,대구광역시 달서구 유천동,경상사고,0,0,1,0,차대차 - 측면충돌,신호위반,건조,맑음,교차로 - 교차로안,승용,여,54세,기타불명,자전거,남,26세,경상
2021111000100140,2021년 11월 10일 08시,수요일,대구광역시 달서구 송현동,경상사고,0,0,2,0,차대차 - 측면충돌,안전운전불이행,건조,맑음,단일로 - 기타,승용,여,37세,상해없음,승용,남,46세,경상
2021111000100141,2021년 11월 10일 08시,수요일,대구광역시 달서구 두류동,경상사고,0,0,1,0,차대차 - 측면충돌,안전운전불이행,건조,맑음,교차로 - 교차로안,화물,남,60세,상해없음,승용,여,41세,경상
2021111000100190,2021년 11월 10일 10시,수요일,대구광역시 수성구 대흥동,경상사고,0,0,1,0,차대차 - 추돌,안전운전불이행,건조,맑음,단일로 - 기타,승용,남,38세,상해없음,승용,남,66세,경상
2021111000100215,2021년 11월 10일 11시,수요일,대구광역시 달서구 송현동,부상신고사고,0,0,0,1,차대차 - 기타,안전운전불이행,건조,맑음,교차로 - 교차로안,기타불명,기타불명,미분류,기타불명,이륜,남,31세,부상신고
2021111000100216,2021년 11월 10일 11시,수요일,대구광역시 달서구 갈산동,중상사고,0,1,1,0,차대차 - 측면충돌,신호위반,건조,맑음,교차로 - 교차로안,승합,남,46세,상해없음,승용,여,41세,경상
2021111000100241,2021년 11월 10일 12시,수요일,대구광역시 북구 산격동,경상사고,0,0,3,0,차대차 - 측면충돌,안전운전불이행,건조,맑음,교차로 - 교차로부근,승용,남,19세,상해없음,승용,남,19세,경상
2021111000100268,2021년 11월 10일 13시,수요일,대구광역시 북구 침산동,중상사고,0,1,0,0,차대차 - 측면충돌,안전운전불이행,건조,맑음,교차로 - 교차로부근,화물,남,50세,상해없음,자전거,남,63세,중상
2021111000100269,2021년 11월 10일 13시,수요일,대구광역시 북구 검단동,경상사고,0,0,1,0,차대차 - 측면충돌,교차로운행방법위반,건조,맑음,교차로 - 교차로안,승용,여,32세,상해없음,승용,여,31세,경상
2021111000100295,2021년 11월 10일 14시,수요일,대구광역시 동구 효목동,중상사고,0,1,0,0,차대사람 - 차도통행중,안전운전불이행,건조,맑음,단일로 - 기타,승용,남,81세,상해없음,보행자,여,60세,중상
2021111000100296,2021년 11월 10일 14시,수요일,대구광역시 달서구 상인동,경상사고,0,0,1,0,차대사람 - 기타,안전운전불이행,건조,맑음,단일로 - 기타,기타불명,기타불명,미분류,기타불명,보행자,남,68세,경상
2021111000100297,2021년 11월 10일 14시,수요일,대구광역시 달성군 유가읍,부상신고사고,0,0,0,1,차대차 - 기타,안전운전불이행,건조,맑음,주차장 - 주차장,승용,여,70세,상해없음,승용,남,23세,부상신고
2021111000100298,2021년 11월 10일 14시,수요일,대구광역시 달서구 호림동,경상사고,0,0,1,0,차대사람 - 차도통행중,안전운전불이행,건조,맑음,단일로 - 기타,승용,남,47세,상해없음,보행자,여,19세,경상
2021111000100299,2021년 11월 10일 14시,수요일,대구광역시 달서구 성당동,경상사고,0,0,1,0,차대차 - 기타,안전거리미확보,건조,맑음,단일로 - 기타,승용,남,30세,상해없음,승용,남,41세,경상
2021111000100337,2021년 11월 10일 15시,수요일,대구광역시 수성구 상동,경상사고,0,0,1,0,차대차 - 측면충돌,안전거리미확보,건조,맑음,단일로 - 기타,승용,여,37세,상해없음,승용,여,43세,경상
2021111000100338,2021년 11월 10일 15시,수요일,대구광역시 달서구 성당동,중상사고,0,1,0,0,차대사람 - 차도통행중,안전운전불이행,건조,맑음,단일로 - 기타,승용,남,62세,상해없음,보행자,여,53세,중상
2021111000100339,2021년 11월 10일 15시,수요일,대구광역시 달서구 신당동,중상사고,0,1,0,0,차대사람 - 횡단중,안전운전불이행,건조,맑음,단일로 - 기타,이륜,남,24세,상해없음,보행자,여,11세,중상
2021111000100340,2021년 11월 10일 15시,수요일,대구광역시 달서구 장기동,경상사고,0,0,1,0,차대차 - 측면충돌,안전운전불이행,건조,맑음,기타 - 기타,승용,여,25세,기타불명,승용,여,57세,경상
2021111000100341,2021년 11월 10일 15시,수요일,대구광역시 북구 서변동,경상사고,0,0,1,0,차대차 - 측면충돌,안전운전불이행,건조,맑음,단일로 - 기타,승용,남,70세,기타불명,승용,남,23세,경상
2021111000100377,2021년 11월 10일 16시,수요일,대구광역시 수성구 지산동,경상사고,0,0,1,0,차대사람 - 길가장자리구역통행중,안전운전불이행,건조,맑음,단일로 - 기타,승용,남,43세,상해없음,보행자,남,13세,경상
2021111000100415,2021년 11월 10일 17시,수요일,대구광역시 수성구 범어동,경상사고,0,0,1,0,차대차 - 추돌,안전운전불이행,건조,맑음,단일로 - 기타,승용,여,47세,상해없음,이륜,남,58세,경상
2021111000100416,2021년 11월 10일 17시,수요일,대구광역시 수성구 범어동,경상사고,0,0,1,0,차대사람 - 보도통행중,기타,건조,맑음,단일로 - 기타,승용,여,71세,상해없음,보행자,남,70세,경상
2021111000100417,2021년 11월 10일 17시,수요일,대구광역시 달서구 월암동,경상사고,0,0,2,0,차대차 - 측면충돌,교차로운행방법위반,건조,맑음,교차로 - 교차로안,승용,남,69세,경상,승용,남,35세,경상
2021111000100418,2021년 11월 10일 17시,수요일,대구광역시 북구 침산동,부상신고사고,0,0,0,2,차대차 - 측면충돌,안전거리미확보,건조,맑음,단일로 - 기타,승용,여,60세,부상신고,승용,여,41세,부상신고
2021111000100419,2021년 11월 10일 17시,수요일,대구광역시 달서구 성당동,경상사고,0,0,1,0,차대차 - 측면충돌,안전거리미확보,건조,맑음,단일로 - 기타,승용,남,71세,상해없음,원동기,남,23세,경상
2021111000100473,2021년 11월 10일 18시,수요일,대구광역시 동구 동호동,경상사고,0,0,1,0,차대차 - 측면충돌,안전운전불이행,건조,맑음,단일로 - 기타,승용,여,21세,상해없음,승용,여,28세,경상
2021111000100474,2021년 11월 10일 18시,수요일,대구광역시 수성구 만촌동,경상사고,0,0,2,0,차대차 - 측면충돌,교차로운행방법위반,건조,맑음,교차로 - 교차로안,승용,남,67세,경상,승용,남,39세,경상
2021111000100475,2021년 11월 10일 18시,수요일,대구광역시 달서구 도원동,중상사고,0,1,0,0,차대사람 - 횡단중,보행자보호의무위반,건조,맑음,단일로 - 기타,승용,남,72세,상해없음,보행자,여,63세,중상
2021111000100476,2021년 11월 10일 18시,수요일,대구광역시 중구 달성동,경상사고,0,0,1,0,차대차 - 추돌,안전운전불이행,건조,흐림,기타 - 기타,승용,남,70세,상해없음,승용,남,33세,경상
2021111000100477,2021년 11월 10일 18시,수요일,대구광역시 달서구 본리동,경상사고,0,0,1,0,차대차 - 기타,안전거리미확보,젖음/습기,흐림,교차로 - 교차로부근,승용,남,68세,상해없음,승용,남,25세,경상
2021111000100523,2021년 11월 10일 19시,수요일,대구광역시 달성군 다사읍,경상사고,0,0,1,0,차대차 - 측면충돌,안전운전불이행,건조,맑음,교차로 - 교차로안,승용,여,32세,기타불명,승용,남,40세,경상
2021111000100558,2021년 11월 10일 20시,수요일,대구광역시 수성구 범어동,경상사고,0,0,1,0,차대차 - 추돌,안전운전불이행,건조,맑음,교차로 - 교차로안,이륜,남,27세,경상,승합,남,61세,상해없음
2021111000100559,2021년 11월 10일 20시,수요일,대구광역시 북구 산격동,경상사고,0,0,1,0,차대차 - 추돌,안전거리미확보,건조,맑음,단일로 - 기타,승용,남,22세,상해없음,승용,남,36세,경상
2021111000100560,2021년 11월 10일 20시,수요일,대구광역시 중구 남산동,경상사고,0,0,1,0,차대차 - 측면충돌,교차로운행방법위반,건조,맑음,교차로 - 교차로안,승합,남,40세,상해없음,승용,남,52세,경상
2021111000100611,2021년 11월 10일 22시,수요일,대구광역시 달성군 다사읍,중상사고,0,1,0,0,차대사람 - 기타,안전운전불이행,건조,맑음,교차로 - 교차로안,승용,남,62세,상해없음,보행자,남,27세,중상
2021111000100612,2021년 11월 10일 22시,수요일,대구광역시 달성군 현풍읍,중상사고,0,1,0,0,차대차 - 추돌,안전운전불이행,건조,맑음,단일로 - 기타,승용,남,32세,상해없음,이륜,남,26세,중상
2021111000100635,2021년 11월 10일 23시,수요일,대구광역시 남구 대명동,경상사고,0,0,4,0,차대차 - 측면충돌,신호위반,건조,맑음,교차로 - 교차로안,이륜,남,31세,경상,승용,남,43세,경상
2021111000100636,2021년 11월 10일 23시,수요일,대구광역시 북구 산격동,경상사고,0,0,2,0,차대차 - 추돌,안전운전불이행,건조,맑음,교차로 - 교차로부근,승용,여,51세,상해없음,승용,남,35세,경상
2021111100100018,2021년 11월 11일 01시,목요일,대구광역시 중구 삼덕동1가,경상사고,0,0,1,0,차대사람 - 기타,안전운전불이행,건조,맑음,단일로 - 기타,승용,남,28세,상해없음,보행자,남,24세,경상
2021111100100032,2021년 11월 11일 03시,목요일,대구광역시 서구 내당동,중상사고,0,2,2,0,차대차 - 기타,신호위반,건조,흐림,교차로 - 교차로안,승용,남,30세,경상,이륜,남,19세,중상
2021111100100058,2021년 11월 11일 06시,목요일,대구광역시 달성군 다사읍,경상사고,0,0,1,0,차대차 - 기타,안전운전불이행,건조,맑음,단일로 - 기타,화물,남,65세,상해없음,승용,남,72세,경상
2021111100100059,2021년 11월 11일 06시,목요일,대구광역시 서구 비산동,부상신고사고,0,0,0,1,차대차 - 측면충돌,중앙선침범,건조,맑음,교차로 - 교차로안,자전거,남,75세,부상신고,승용,남,48세,상해없음
2021111100100098,2021년 11월 11일 07시,목요일,대구광역시 달서구 진천동,경상사고,0,0,1,0,차대차 - 측면충돌,안전운전불이행,건조,맑음,단일로 - 기타,승용,남,19세,상해없음,승용,남,37세,경상
2021111100100099,2021년 11월 11일 07시,목요일,대구광역시 달서구 본동,중상사고,0,1,0,0,차대차 - 측면충돌,신호위반,건조,맑음,교차로 - 교차로안,승용,남,29세,상해없음,승용,남,50세,중상
2021111100100100,2021년 11월 11일 07시,목요일,대구광역시 서구 중리동,경상사고,0,0,1,0,차대차 - 측면충돌,안전운전불이행,건조,맑음,단일로 - 기타,화물,남,29세,상해없음,개인형이동수단(PM),남,51세,경상
2021111100100140,2021년 11월 11일 08시,목요일,대구광역시 달서구 대천동,부상신고사고,0,0,0,1,차량단독 - 공작물충돌,안전운전불이행,건조,맑음,단일로 - 기타,승용,여,38세,부상신고,,,,
2021111100100141,2021년 11월 11일 08시,목요일,대구광역시 달서구 대천동,경상사고,0,0,2,0,차대차 - 측면충돌,안전운전불이행,건조,맑음,교차로 - 교차로부근,승용,남,62세,상해없음,승용,여,26세,경상
2021111100100142,2021년 11월 11일 08시,목요일,대구광역시 달성군 다사읍,경상사고,0,0,1,0,차대차 - 측면충돌,안전운전불이행,건조,맑음,교차로 - 교차로안,화물,남,47세,상해없음,승용,남,26세,경상
2021111100100143,2021년 11월 11일 08시,목요일,대구광역시 서구 이현동,중상사고,0,1,0,0,차대차 - 추돌,안전운전불이행,건조,맑음,단일로 - 기타,화물,남,27세,상해없음,화물,남,64세,중상
2021111100100176,2021년 11월 11일 09시,목요일,대구광역시 동구 효목동,중상사고,0,1,0,0,차대차 - 측면충돌,안전운전불이행,건조,맑음,교차로 - 교차로안,자전거,남,78세,중상,승용,남,45세,상해없음
2021111100100177,2021년 11월 11일 09시,목요일,대구광역시 북구 복현동,경상사고,0,0,1,0,차대차 - 측면충돌,안전거리미확보,건조,맑음,단일로 - 교량,화물,남,71세,상해없음,승용,남,45세,경상
2021111100100178,2021년 11월 11일 09시,목요일,대구광역시 북구 관음동,경상사고,0,0,1,0,차대사람 - 횡단중,안전운전불이행,건조,맑음,단일로 - 기타,승용,여,60세,상해없음,보행자,여,26세,경상
2021111100100200,2021년 11월 11일 10시,목요일,대구광역시 남구 대명동,경상사고,0,0,1,0,차대사람 - 차도통행중,안전운전불이행,건조,맑음,단일로 - 기타,승용,여,53세,상해없음,보행자,남,43세,경상
2021111100100201,2021년 11월 11일 10시,목요일,대구광역시 수성구 만촌동,경상사고,0,0,1,0,차대차 - 측면충돌,안전거리미확보,건조,맑음,단일로 - 기타,건설기계,남,60세,상해없음,승용,여,71세,경상
2021111100100202,2021년 11월 11일 10시,목요일,대구광역시 중구 대봉동,경상사고,0,0,3,6,차대차 - 측면충돌,안전거리미확보,건조,맑음,단일로 - 기타,승용,여,49세,상해없음,승합,남,52세,부상신고
2021111100100203,2021년 11월 11일 10시,목요일,대구광역시 달서구 신당동,중상사고,0,1,1,1,차대차 - 기타,안전운전불이행,건조,맑음,교차로 - 교차로안,화물,남,71세,부상신고,화물,남,50세,중상
2021111100100241,2021년 11월 11일 11시,목요일,대구광역시 동구 입석동,경상사고,0,0,2,0,차대차 - 기타,안전운전불이행,건조,맑음,교차로 - 교차로안,승용,여,60세,경상,승용,남,21세,경상
2021111100100242,2021년 11월 11일 11시,목요일,대구광역시 달서구 감삼동,경상사고,0,0,1,0,차대차 - 추돌,안전운전불이행,건조,맑음,단일로 - 기타,승용,남,71세,상해없음,승용,여,64세,경상
2021111100100270,2021년 11월 11일 12시,목요일,대구광역시 남구 대명동,중상사고,0,1,0,0,차대사람 - 기타,안전운전불이행,건조,맑음,단일로 - 기타,화물,남,50세,상해없음,보행자,여,1세,중상
2021111100100271,2021년 11월 11일 12시,목요일,대구광역시 동구 신암동,경상사고,0,0,1,0,차대차 - 추돌,안전거리미확보,건조,맑음,교차로 - 교차로부근,승용,여,30세,상해없음,승용,남,56세,경상
2021111100100298,2021년 11월 11일 13시,목요일,대구광역시 남구 대명동,경상사고,0,0,2,0,차대차 - 측면충돌,안전운전불이행,건조,맑음,교차로 - 교차로안,건설기계,남,66세,경상,승용,여,48세,경상
2021111100100299,2021년 11월 11일 13시,목요일,대구광역시 달서구 유천동,중상사고,0,1,0,0,차대차 - 측면충돌,중앙선침범,건조,맑음,단일로 - 기타,화물,남,60세,상해없음,화물,남,63세,중상
2021111100100327,2021년 11월 11일 14시,목요일,대구광역시 달서구 신당동,경상사고,0,0,2,0,차대차 - 기타,안전운전불이행,건조,맑음,교차로 - 교차로안,이륜,남,41세,경상,승용,여,61세,경상
2021111100100360,2021년 11월 11일 15시,목요일,대구광역시 서구 원대동1가,경상사고,0,0,1,0,차대차 - 측면충돌,중앙선침범,건조,맑음,단일로 - 기타,자전거,남,52세,경상,승용,남,54세,상해없음
2021111100100361,2021년 11월 11일 15시,목요일,대구광역시 달서구 본리동,중상사고,0,1,0,0,차대차 - 기타,신호위반,건조,맑음,교차로 - 교차로횡단보도내,이륜,남,81세,상해없음,자전거,남,72세,중상
2021111100100394,2021년 11월 11일 16시,목요일,대구광역시 서구 상리동,경상사고,0,0,1,0,차대차 - 측면충돌,안전운전불이행,건조,맑음,단일로 - 기타,화물,남,37세,상해없음,승용,남,52세,경상