사고번호,사고일시,요일,시군구,사고내용,사망자수,중상자수,경상자수,부상신고자수,사고유형,법규위반,노면상태,기상상태,도로형태,가해운전자 차종,가해운전자 성별,가해운전자 연령,가해운전자 상해정도,피해운전자 차종,피해운전자 성별,피해운전자 연령,피해운전자 상해정도
2021111100100398,2021년 11월 11일 16시,목요일,대구광역시 동구 신천동,경상사고,0,0,1,0,차대차 - 측면충돌,안전운전불이행,건조,맑음,교차로 - 교차로부근,승용,남,36세,경상,승용,여,57세,상해없음
2021111100100399,2021년 11월 11일 16시,목요일,대구광역시 중구 남산동,경상사고,0,0,1,0,차대차 - 기타,안전운전불이행,건조,맑음,단일로 - 기타,승용,여,26세,상해없음,승용,남,65세,상해없음
2021111100100400,2021년 11월 11일 16시,목요일,대구광역시 북구 동천동,경상사고,0,0,2,0,차대차 - 측면충돌,안전운전불이행,건조,맑음,단일로 - 교량,승용,여,44세,상해없음,개인형이동수단(PM),여,25세,경상
2021111100100445,2021년 11월 11일 17시,목요일,대구광역시 북구 관음동,경상사고,0,0,1,1,차대차 - 측면충돌,안전운전불이행,건조,맑음,단일로 - 기타,화물,남,63세,부상신고,승용,남,34세,경상
2021111100100454,2021년 11월 11일 17시,목요일,대구광역시 달서구 이곡동,중상사고,0,1,0,0,차대차 - 기타,안전운전불이행,건조,맑음,단일로 - 기타,화물,남,29세,상해없음,승용,남,42세,중상
2021111100100508,2021년 11월 11일 18시,목요일,대구광역시 남구 대명동,경상사고,0,0,2,0,차대차 - 후진중충돌,안전운전불이행,건조,맑음,교차로 - 교차로안,승용,여,32세,상해없음,승용,남,27세,경상
2021111100100509,2021년 11월 11일 18시,목요일,대구광역시 동구 방촌동,중상사고,0,1,0,0,차대차 - 측면충돌,안전운전불이행,건조,맑음,단일로 - 기타,자전거,남,72세,중상,화물,남,61세,상해없음
2021111100100510,2021년 11월 11일 18시,목요일,대구광역시 달성군 다사읍,중상사고,0,1,0,0,차대사람 - 차도통행중,안전운전불이행,건조,맑음,단일로 - 기타,이륜,남,16세,상해없음,보행자,남,47세,중상
2021111100100557,2021년 11월 11일 19시,목요일,대구광역시 달성군 유가읍,경상사고,0,0,1,0,차대사람 - 횡단중,보행자보호의무위반,건조,맑음,교차로 - 교차로횡단보도내,이륜,남,54세,상해없음,보행자,남,12세,경상
2021111100100558,2021년 11월 11일 19시,목요일,대구광역시 서구 비산동,경상사고,0,0,1,0,차대차 - 측면충돌,안전운전불이행,건조,맑음,단일로 - 기타,승용,남,47세,상해없음,승용,남,63세,경상
2021111100100583,2021년 11월 11일 20시,목요일,대구광역시 중구 삼덕동1가,경상사고,0,0,1,0,차대사람 - 길가장자리구역통행중,안전운전불이행,건조,맑음,단일로 - 기타,승용,남,56세,상해없음,보행자,남,20세,경상
2021111100100606,2021년 11월 11일 21시,목요일,대구광역시 달서구 신당동,경상사고,0,0,1,0,차대차 - 측면충돌,안전거리미확보,건조,흐림,단일로 - 기타,승용,남,29세,상해없음,승용,남,27세,경상
2021111100100632,2021년 11월 11일 22시,목요일,대구광역시 수성구 중동,중상사고,0,1,2,0,차대차 - 추돌,안전거리미확보,건조,맑음,단일로 - 기타,이륜,남,46세,중상,승용,남,59세,상해없음
2021111100100633,2021년 11월 11일 22시,목요일,대구광역시 달서구 진천동,경상사고,0,0,1,0,차대차 - 측면충돌,안전운전불이행,건조,맑음,단일로 - 기타,승용,남,59세,상해없음,이륜,남,17세,경상
2021111100100634,2021년 11월 11일 22시,목요일,대구광역시 달서구 두류동,경상사고,0,0,1,0,차대차 - 기타,안전운전불이행,건조,맑음,단일로 - 기타,승용,여,52세,상해없음,개인형이동수단(PM),남,36세,경상
2021111200100011,2021년 11월 12일 00시,금요일,대구광역시 중구 삼덕동1가,경상사고,0,0,2,1,차대차 - 추돌,안전거리미확보,건조,맑음,단일로 - 기타,승용,남,28세,상해없음,승용,남,40세,부상신고
2021111200100019,2021년 11월 12일 01시,금요일,대구광역시 동구 신천동,중상사고,0,1,2,0,차대차 - 기타,안전운전불이행,건조,맑음,교차로 - 교차로안,이륜,남,23세,중상,승용,남,23세,경상
2021111200100050,2021년 11월 12일 05시,금요일,대구광역시 수성구 황금동,중상사고,0,1,0,0,차대사람 - 기타,보행자보호의무위반,건조,맑음,단일로 - 기타,화물,남,62세,상해없음,보행자,남,82세,중상
2021111200100117,2021년 11월 12일 08시,금요일,대구광역시 동구 금강동,경상사고,0,0,3,0,차대차 - 측면충돌,안전운전불이행,건조,맑음,교차로 - 교차로안,승용,남,42세,상해없음,승용,여,46세,경상
2021111200100118,2021년 11월 12일 08시,금요일,대구광역시 북구 산격동,경상사고,0,0,1,0,차량단독 - 기타,안전운전불이행,건조,맑음,단일로 - 기타,승합,남,50세,상해없음,,,,
2021111200100119,2021년 11월 12일 08시,금요일,대구광역시 서구 평리동,부상신고사고,0,0,0,1,차대차 - 측면충돌,교차로운행방법위반,건조,맑음,교차로 - 교차로안,이륜,여,53세,부상신고,승용,남,27세,상해없음
2021111200100120,2021년 11월 12일 08시,금요일,대구광역시 달서구 장동,중상사고,0,1,0,0,차대차 - 측면충돌,교차로운행방법위반,건조,맑음,교차로 - 교차로안,화물,남,65세,상해없음,화물,남,71세,중상
2021111200100157,2021년 11월 12일 09시,금요일,대구광역시 달서구 월성동,중상사고,0,1,0,1,차대차 - 측면충돌,신호위반,건조,맑음,단일로 - 기타,승용,남,64세,부상신고,승용,남,73세,중상
2021111200100186,2021년 11월 12일 10시,금요일,대구광역시 북구 고성동3가,경상사고,0,0,1,0,차대차 - 기타,차로위반,건조,맑음,교차로 - 교차로부근,승용,여,36세,상해없음,승합,남,52세,상해없음
2021111200100187,2021년 11월 12일 10시,금요일,대구광역시 중구 인교동,중상사고,0,1,0,0,차대차 - 측면충돌,직진우회전진행방해,건조,맑음,교차로 - 교차로안,이륜,남,68세,중상,승용,남,45세,상해없음
2021111200100188,2021년 11월 12일 10시,금요일,대구광역시 북구 학정동,경상사고,0,0,1,0,차대차 - 측면충돌,직진우회전진행방해,건조,맑음,교차로 - 교차로안,이륜,남,41세,경상,승용,여,40세,상해없음
2021111200100221,2021년 11월 12일 11시,금요일,대구광역시 달서구 장동,경상사고,0,0,1,1,차대차 - 측면충돌,안전거리미확보,건조,맑음,단일로 - 기타,화물,남,67세,부상신고,승용,여,43세,경상
2021111200100222,2021년 11월 12일 11시,금요일,대구광역시 북구 산격동,경상사고,0,0,1,0,차대사람 - 기타,안전운전불이행,건조,맑음,교차로 - 교차로안,승용,여,27세,상해없음,보행자,여,31세,경상
2021111200100223,2021년 11월 12일 11시,금요일,대구광역시 서구 내당동,경상사고,0,0,1,0,차대차 - 추돌,안전거리미확보,건조,맑음,교차로 - 교차로안,승용,남,45세,상해없음,승용,남,64세,경상
2021111200100256,2021년 11월 12일 12시,금요일,대구광역시 동구 검사동,경상사고,0,0,1,0,차대차 - 측면충돌,교차로운행방법위반,건조,맑음,교차로 - 교차로안,승용,남,49세,상해없음,이륜,남,64세,경상
2021111200100257,2021년 11월 12일 12시,금요일,대구광역시 동구 방촌동,경상사고,0,0,1,0,차대사람 - 길가장자리구역통행중,안전운전불이행,건조,맑음,교차로 - 교차로안,승용,여,64세,상해없음,보행자,여,62세,경상
2021111200100258,2021년 11월 12일 12시,금요일,대구광역시 동구 진인동,중상사고,0,1,0,0,차대사람 - 기타,안전운전불이행,건조,맑음,단일로 - 기타,승합,남,39세,상해없음,보행자,여,78세,중상
2021111200100259,2021년 11월 12일 12시,금요일,대구광역시 수성구 범어동,경상사고,0,0,1,0,차대차 - 기타,안전운전불이행,건조,맑음,단일로 - 기타,승용,여,30세,상해없음,이륜,남,36세,경상
2021111200100260,2021년 11월 12일 12시,금요일,대구광역시 북구 읍내동,경상사고,0,0,1,0,차대차 - 측면충돌,불법유턴,건조,맑음,단일로 - 기타,승용,남,71세,상해없음,자전거,여,81세,경상
2021111200100294,2021년 11월 12일 13시,금요일,대구광역시 수성구 두산동,경상사고,0,0,2,0,차대차 - 추돌,안전운전불이행,건조,맑음,교차로 - 교차로부근,화물,남,51세,상해없음,승용,여,31세,경상
2021111200100295,2021년 11월 12일 13시,금요일,대구광역시 달서구 상인동,경상사고,0,0,1,0,차대차 - 측면충돌,안전거리미확보,건조,맑음,기타 - 기타,승용,여,60세,상해없음,승용,남,62세,경상
2021111200100296,2021년 11월 12일 13시,금요일,대구광역시 달서구 본리동,경상사고,0,0,1,0,차대차 - 측면충돌,안전운전불이행,건조,맑음,단일로 - 기타,화물,남,30세,상해없음,승용,남,33세,경상
2021111200100327,2021년 11월 12일 14시,금요일,대구광역시 수성구 중동,경상사고,0,0,1,0,차대차 - 추돌,안전운전불이행,건조,맑음,단일로 - 기타,승용,남,65세,상해없음,승용,남,45세,경상
2021111200100328,2021년 11월 12일 14시,금요일,대구광역시 달성군 화원읍,중상사고,0,1,0,0,차대차 - 기타,교차로운행방법위반,건조,맑음,교차로 - 교차로부근,승용,남,63세,상해없음,자전거,남,53세,중상
2021111200100371,2021년 11월 12일 15시,금요일,대구광역시 동구 용계동,경상사고,0,0,1,0,차대차 - 측면충돌,신호위반,건조,맑음,교차로 - 교차로안,승용,남,48세,상해없음,승용,남,50세,경상
2021111200100372,2021년 11월 12일 15시,금요일,대구광역시 북구 산격동,경상사고,0,0,1,0,차대차 - 기타,안전운전불이행,건조,맑음,교차로 - 교차로부근,승용,남,65세,상해없음,승합,남,43세,상해없음
2021111200100409,2021년 11월 12일 16시,금요일,대구광역시 남구 이천동,경상사고,0,0,1,0,차대차 - 측면충돌,불법유턴,건조,맑음,교차로 - 교차로횡단보도내,이륜,남,60세,상해없음,자전거,남,69세,경상
2021111200100410,2021년 11월 12일 16시,금요일,대구광역시 동구 신천동,경상사고,0,0,1,0,차대차 - 측면충돌,교차로운행방법위반,건조,맑음,교차로 - 교차로부근,이륜,남,23세,기타불명,승용,남,69세,경상
2021111200100411,2021년 11월 12일 16시,금요일,대구광역시 수성구 범어동,경상사고,0,0,1,0,차대사람 - 길가장자리구역통행중,안전운전불이행,건조,맑음,단일로 - 기타,승용,여,55세,상해없음,보행자,여,33세,경상
2021111200100412,2021년 11월 12일 16시,금요일,대구광역시 북구 산격동,중상사고,0,1,1,0,차대차 - 측면충돌,교차로운행방법위반,건조,맑음,교차로 - 교차로안,승용,여,41세,경상,승용,남,20세,중상
2021111200100453,2021년 11월 12일 17시,금요일,대구광역시 달서구 대천동,경상사고,0,0,1,0,차대사람 - 횡단중,보행자보호의무위반,건조,맑음,기타 - 기타,승용,여,31세,상해없음,보행자,남,10세,경상
2021111200100510,2021년 11월 12일 18시,금요일,대구광역시 동구 도동,경상사고,0,0,1,0,차대차 - 추돌,안전거리미확보,건조,맑음,단일로 - 기타,승합,남,37세,상해없음,승용,여,50세,경상
2021111200100513,2021년 11월 12일 18시,금요일,대구광역시 수성구 두산동,경상사고,0,0,1,1,차대차 - 기타,안전운전불이행,건조,맑음,교차로 - 교차로부근,승용,여,68세,상해없음,승용,여,39세,경상
2021111200100514,2021년 11월 12일 18시,금요일,대구광역시 중구 남산동,경상사고,0,0,1,0,차대차 - 추돌,안전운전불이행,건조,맑음,단일로 - 기타,승용,남,41세,상해없음,승합,남,47세,경상
2021111200100555,2021년 11월 12일 19시,금요일,대구광역시 달성군 현풍읍,중상사고,0,1,0,0,차대차 - 측면충돌,신호위반,건조,맑음,단일로 - 기타,화물,남,45세,상해없음,승용,남,59세,중상
2021111200100560,2021년 11월 12일 19시,금요일,대구광역시 달서구 본동,경상사고,0,0,2,0,차대차 - 측면충돌,교차로운행방법위반,건조,맑음,교차로 - 교차로안,이륜,남,25세,상해없음,승용,남,51세,경상
2021111200100561,2021년 11월 12일 19시,금요일,대구광역시 달서구 본동,경상사고,0,0,2,0,차대차 - 추돌,안전운전불이행,건조,맑음,교차로 - 교차로부근,승용,여,44세,상해없음,승용,남,54세,경상
2021111200100598,2021년 11월 12일 20시,금요일,대구광역시 동구 신서동,중상사고,0,1,1,0,차대사람 - 횡단중,신호위반,건조,맑음,교차로 - 교차로횡단보도내,승용,남,67세,상해없음,보행자,남,33세,중상
2021111300100017,2021년 11월 13일 00시,토요일,대구광역시 북구 대현동,경상사고,0,0,1,0,차대차 - 기타,안전거리미확보,건조,맑음,단일로 - 기타,승용,남,65세,상해없음,승용,남,26세,경상
2021111300100018,2021년 11월 13일 00시,토요일,대구광역시 서구 이현동,중상사고,0,1,0,0,차대사람 - 횡단중,안전운전불이행,건조,맑음,단일로 - 기타,승용,남,38세,상해없음,보행자,남,60세,중상
2021111300100053,2021년 11월 13일 02시,토요일,대구광역시 북구 칠성동2가,경상사고,0,0,1,0,차대차 - 추돌,안전거리미확보,건조,맑음,단일로 - 기타,화물,남,30세,상해없음,이륜,남,24세,경상
2021111300100060,2021년 11월 13일 03시,토요일,대구광역시 수성구 범어동,중상사고,0,1,1,0,차대사람 - 길가장자리구역통행중,안전운전불이행,건조,맑음,단일로 - 기타,승용,여,38세,경상,보행자,남,58세,중상
2021111300100071,2021년 11월 13일 05시,토요일,대구광역시 수성구 만촌동,중상사고,0,1,2,0,차대차 - 측면충돌,안전거리미확보,건조,맑음,단일로 - 기타,화물,남,60세,경상,승용,남,22세,중상
2021111300100142,2021년 11월 13일 09시,토요일,대구광역시 동구 효목동,경상사고,0,0,2,0,차대차 - 추돌,안전거리미확보,건조,맑음,단일로 - 기타,승용,남,49세,상해없음,승용,남,36세,경상
2021111300100143,2021년 11월 13일 09시,토요일,대구광역시 달서구 대곡동,경상사고,0,0,1,0,차대사람 - 차도통행중,보행자보호의무위반,건조,맑음,교차로 - 교차로횡단보도내,승용,여,64세,상해없음,보행자,남,67세,경상
2021111300100144,2021년 11월 13일 09시,토요일,대구광역시 달서구 이곡동,경상사고,0,0,1,0,차대사람 - 횡단중,안전운전불이행,건조,맑음,단일로 - 기타,승용,남,64세,상해없음,보행자,남,33세,경상
2021111300100182,2021년 11월 13일 10시,토요일,대구광역시 서구 내당동,경상사고,0,0,3,0,차대차 - 측면충돌,안전운전불이행,건조,맑음,단일로 - 기타,승용,남,59세,상해없음,승용,여,35세,경상
2021111300100228,2021년 11월 13일 11시,토요일,대구광역시 남구 봉덕동,중상사고,0,1,0,0,차대차 - 측면충돌,안전운전불이행,건조,맑음,교차로 - 교차로횡단보도내,승용,남,43세,상해없음,자전거,남,52세,중상
2021111300100229,2021년 11월 13일 11시,토요일,대구광역시 수성구 수성동2가,경상사고,0,0,1,0,차대차 - 측면충돌,신호위반,건조,맑음,교차로 - 교차로부근,승용,여,31세,상해없음,승용,남,63세,경상
2021111300100230,2021년 11월 13일 11시,토요일,대구광역시 달성군 현풍읍,경상사고,0,0,1,0,차대차 - 측면충돌,안전운전불이행,건조,맑음,단일로 - 기타,승용,남,55세,상해없음,승용,남,40세,경상
2021111300100263,2021년 11월 13일 12시,토요일,대구광역시 달서구 대천동,경상사고,0,0,1,0,차대차 - 측면충돌,안전거리미확보,건조,맑음,단일로 - 기타,화물,남,55세,상해없음,승용,여,43세,경상
2021111300100304,2021년 11월 13일 13시,토요일,대구광역시 동구 신암동,경상사고,0,0,1,0,차대차 - 측면충돌,안전운전불이행,건조,맑음,단일로 - 기타,승용,여,43세,상해없음,승용,남,28세,경상
2021111300100305,2021년 11월 13일 13시,토요일,대구광역시 수성구 수성동2가,경상사고,0,0,1,0,차대차 - 측면충돌,안전거리미확보,건조,맑음,단일로 - 기타,승용,남,67세,상해없음,승용,남,30세,경상
2021111300100306,2021년 11월 13일 13시,토요일,대구광역시 중구 남산동,경상사고,0,0,1,0,차대차 - 기타,기타,건조,맑음,단일로 - 기타,승용,남,22세,상해없음,승합,남,49세,상해없음
2021111300100307,2021년 11월 13일 13시,토요일,대구광역시 달서구 감삼동,중상사고,0,2,1,0,차대차 - 측면충돌,안전운전불이행,건조,맑음,단일로 - 기타,화물,남,50세,경상,승용,여,61세,중상
2021111300100340,2021년 11월 13일 14시,토요일,대구광역시 동구 신천동,경상사고,0,0,1,0,차대차 - 측면충돌,안전거리미확보,건조,맑음,단일로 - 기타,승용,남,57세,상해없음,화물,남,48세,경상
2021111300100341,2021년 11월 13일 14시,토요일,대구광역시 중구 대신동,경상사고,0,0,1,0,차량단독 - 기타,안전운전불이행,건조,맑음,단일로 - 기타,기타불명,남,63세,상해없음,,,,
2021111300100385,2021년 11월 13일 15시,토요일,대구광역시 수성구 만촌동,경상사고,0,0,4,0,차대차 - 추돌,안전운전불이행,건조,맑음,단일로 - 기타,화물,남,61세,상해없음,승용,남,34세,경상
2021111300100410,2021년 11월 13일 16시,토요일,대구광역시 북구 금호동,경상사고,0,0,1,0,차대차 - 추돌,안전운전불이행,건조,맑음,단일로 - 기타,승용,여,45세,상해없음,승용,여,33세,경상
2021111300100415,2021년 11월 13일 16시,토요일,대구광역시 동구 지저동,경상사고,0,0,1,0,차대사람 - 횡단중,안전운전불이행,건조,맑음,단일로 - 기타,승용,남,54세,상해없음,보행자,남,51세,경상
2021111300100416,2021년 11월 13일 16시,토요일,대구광역시 서구 평리동,경상사고,0,0,1,0,차대사람 - 차도통행중,안전운전불이행,건조,맑음,단일로 - 기타,승용,남,23세,상해없음,보행자,남,61세,경상
2021111300100459,2021년 11월 13일 17시,토요일,대구광역시 수성구 범어동,부상신고사고,0,0,0,1,차대차 - 기타,안전운전불이행,건조,맑음,기타 - 기타,승용,남,82세,상해없음,이륜,남,41세,부상신고
2021111300100460,2021년 11월 13일 17시,토요일,대구광역시 수성구 파동,경상사고,0,0,2,0,차대차 - 기타,안전운전불이행,건조,맑음,교차로 - 교차로안,승용,남,42세,상해없음,승용,남,39세,경상
2021111300100544,2021년 11월 13일 19시,토요일,대구광역시 남구 대명동,경상사고,0,0,1,0,차대차 - 추돌,안전운전불이행,건조,맑음,교차로 - 교차로부근,이륜,남,30세,상해없음,승용,남,69세,경상
2021111300100545,2021년 11월 13일 19시,토요일,대구광역시 달서구 상인동,경상사고,0,0,1,0,차대차 - 기타,교차로운행방법위반,건조,맑음,교차로 - 교차로안,승용,남,48세,상해없음,이륜,남,28세,경상
2021111300100546,2021년 11월 13일 19시,토요일,대구광역시 서구 내당동,중상사고,0,1,1,0,차대차 - 정면충돌,신호위반,건조,맑음,교차로 - 교차로안,이륜,남,30세,경상,이륜,남,58세,중상
2021111300100547,2021년 11월 13일 19시,토요일,대구광역시 달서구 감삼동,중상사고,0,1,1,0,차대사람 - 기타,안전운전불이행,건조,맑음,단일로 - 기타,승용,여,63세,상해없음,보행자,여,38세,중상
2021111300100548,2021년 11월 13일 19시,토요일,대구광역시 북구 태전동,부상신고사고,0,0,0,2,차대차 - 측면충돌,교차로운행방법위반,건조,맑음,교차로 - 교차로안,이륜,남,35세,부상신고,승용,남,59세,부상신고
2021111300100575,2021년 11월 13일 20시,토요일,대구광역시 수성구 지산동,경상사고,0,0,1,0,차대차 - 기타,안전운전불이행,건조,맑음,교차로 - 교차로안,승용,남,54세,상해없음,이륜,남,18세,경상
2021111300100576,2021년 11월 13일 20시,토요일,대구광역시 북구 침산동,경상사고,0,0,1,0,차대차 - 측면충돌,안전운전불이행,건조,맑음,단일로 - 기타,승용,남,27세,상해없음,승합,남,57세,경상
2021111300100603,2021년 11월 13일 21시,토요일,대구광역시 수성구 시지동,부상신고사고,0,0,0,1,차대차 - 기타,안전운전불이행,건조,맑음,교차로 - 교차로부근,승용,여,52세,상해없음,승용,남,59세,부상신고
2021111300100604,2021년 11월 13일 21시,토요일,대구광역시 달서구 상인동,경상사고,0,0,1,0,차대차 - 측면충돌,신호위반,건조,맑음,기타 - 기타,승용,남,65세,기타불명,승용,여,53세,경상
2021111300100605,2021년 11월 13일 21시,토요일,대구광역시 북구 동천동,경상사고,0,0,2,0,차대차 - 추돌,안전거리미확보,건조,맑음,단일로 - 기타,이륜,남,16세,경상,승용,남,45세,경상
2021111300100630,2021년 11월 13일 22시,토요일,대구광역시 남구 대명동,경상사고,0,0,1,0,차대차 - 측면충돌,안전운전불이행,건조,맑음,교차로 - 교차로안,승용,남,30세,상해없음,승용,남,34세,경상
2021111300100631,2021년 11월 13일 22시,토요일,대구광역시 동구 신천동,경상사고,0,0,6,0,차대차 - 측면충돌,안전거리미확보,건조,맑음,단일로 - 기타,승용,남,27세,기타불명,승용,여,62세,경상
2021111300100632,2021년 11월 13일 22시,토요일,대구광역시 달서구 대천동,경상사고,0,0,1,0,차대차 - 정면충돌,신호위반,건조,맑음,교차로 - 교차로안,승용,남,44세,상해없음,승용,남,32세,경상
2021111300100633,2021년 11월 13일 22시,토요일,대구광역시 서구 내당동,중상사고,0,1,0,0,차대차 - 측면충돌,안전운전불이행,건조,맑음,교차로 - 교차로안,승용,남,60세,상해없음,자전거,여,61세,중상
2021111300100634,2021년 11월 13일 22시,토요일,대구광역시 북구 동천동,경상사고,0,0,1,0,차대차 - 기타,신호위반,건조,맑음,교차로 - 교차로부근,이륜,남,20세,경상,이륜,남,46세,상해없음
2021111300100652,2021년 11월 13일 23시,토요일,대구광역시 수성구 수성동1가,경상사고,0,0,3,0,차대차 - 추돌,안전운전불이행,건조,맑음,단일로 - 기타,승용,남,27세,상해없음,승용,남,22세,경상
2021111400100066,2021년 11월 14일 04시,일요일,대구광역시 달서구 신당동,중상사고,0,1,0,0,차량단독 - 전도전복 - 전도,안전운전불이행,건조,맑음,교차로 - 교차로안,이륜,남,27세,중상,,,,
2021111400100123,2021년 11월 14일 10시,일요일,대구광역시 동구 각산동,경상사고,0,0,2,0,차대차 - 측면충돌,안전운전불이행,건조,맑음,교차로 - 교차로부근,승용,여,37세,경상,이륜,남,54세,경상
2021111400100125,2021년 11월 14일 10시,일요일,대구광역시 북구 산격동,경상사고,0,0,3,0,차대차 - 측면충돌,안전운전불이행,건조,맑음,단일로 - 기타,승용,남,59세,경상,화물,남,65세,경상
2021111400100148,2021년 11월 14일 11시,일요일,대구광역시 동구 신기동,중상사고,0,1,1,0,차대차 - 추돌,안전운전불이행,건조,맑음,단일로 - 기타,이륜,남,27세,중상,승용,남,62세,경상
2021111400100149,2021년 11월 14일 11시,일요일,대구광역시 수성구 황금동,경상사고,0,0,2,0,차대차 - 측면충돌,안전운전불이행,건조,맑음,교차로 - 교차로안,승용,남,70세,상해없음,승용,남,25세,경상
2021111400100150,2021년 11월 14일 11시,일요일,대구광역시 북구 태전동,경상사고,0,0,1,0,차대차 - 측면충돌,교차로운행방법위반,건조,맑음,교차로 - 교차로안,승용,남,30세,상해없음,이륜,남,23세,경상
2021111400100176,2021년 11월 14일 12시,일요일,대구광역시 수성구 범어동,경상사고,0,0,1,0,차대차 - 측면충돌,안전운전불이행,건조,맑음,교차로 - 교차로안,승용,남,51세,상해없음,승용,남,41세,경상
2021111400100201,2021년 11월 14일 13시,일요일,대구광역시 동구 괴전동,중상사고,0,1,0,0,차대차 - 측면충돌,안전운전불이행,건조,맑음,교차로 - 교차로횡단보도내,승용,남,64세,상해없음,자전거,여,50세,중상
2021111400100202,2021년 11월 14일 13시,일요일,대구광역시 수성구 상동,경상사고,0,0,2,0,차대차 - 추돌,안전운전불이행,건조,맑음,단일로 - 기타,승합,남,48세,상해없음,승용,남,56세,경상
2021111400100203,2021년 11월 14일 13시,일요일,대구광역시 달서구 송현동,경상사고,0,0,1,0,차대차 - 측면충돌,안전운전불이행,건조,맑음,교차로 - 교차로부근,승용,남,50세,상해없음,승용,여,57세,경상
2021111400100204,2021년 11월 14일 13시,일요일,대구광역시 북구 대현동,경상사고,0,0,2,1,차대차 - 측면충돌,안전거리미확보,건조,맑음,단일로 - 기타,승용,남,66세,부상신고,승용,남,39세,경상
2021111400100205,2021년 11월 14일 13시,일요일,대구광역시 서구 원대동2가,중상사고,0,1,0,0,차대차 - 측면충돌,안전운전불이행,건조,맑음,교차로 - 교차로안,자전거,남,15세,중상,승용,남,51세,상해없음
2021111400100206,2021년 11월 14일 13시,일요일,대구광역시 북구 연경동,경상사고,0,0,3,0,차대차 - 측면충돌,안전거리미확보,건조,맑음,단일로 - 고가도로위,승용,남,36세,경상,승용,남,51세,상해없음
2021111400100262,2021년 11월 14일 15시,일요일,대구광역시 남구 대명동,경상사고,0,0,2,0,차대차 - 추돌,안전운전불이행,건조,맑음,교차로 - 교차로부근,승용,여,44세,상해없음,승용,남,33세,경상
2021111400100263,2021년 11월 14일 15시,일요일,대구광역시 달성군 다사읍,경상사고,0,0,2,1,차대차 - 측면충돌,직진우회전진행방해,건조,맑음,교차로 - 교차로안,승용,남,20세,부상신고,승용,남,66세,경상
2021111400100292,2021년 11월 14일 16시,일요일,대구광역시 동구 효목동,경상사고,0,0,1,0,차대차 - 측면충돌,안전운전불이행,건조,맑음,단일로 - 기타,승용,남,68세,상해없음,자전거,남,47세,경상
2021111400100335,2021년 11월 14일 17시,일요일,대구광역시 남구 대명동,중상사고,0,1,1,0,차대차 - 추돌,안전운전불이행,건조,맑음,단일로 - 기타,화물,남,63세,상해없음,이륜,남,35세,경상
2021111400100336,2021년 11월 14일 17시,일요일,대구광역시 동구 신서동,중상사고,0,1,0,0,차대차 - 측면충돌,안전운전불이행,건조,맑음,교차로 - 교차로안,승용,여,59세,상해없음,자전거,남,11세,중상
2021111400100337,2021년 11월 14일 17시,일요일,대구광역시 북구 산격동,경상사고,0,0,2,0,차대차 - 측면충돌,안전운전불이행,건조,맑음,기타 - 기타,승용,남,66세,경상,승용,남,39세,상해없음
2021111400100404,2021년 11월 14일 19시,일요일,대구광역시 수성구 수성동4가,경상사고,0,0,1,0,차대차 - 추돌,안전운전불이행,건조,맑음,기타 - 기타,승용,남,62세,상해없음,이륜,남,44세,경상
2021111400100405,2021년 11월 14일 19시,일요일,대구광역시 달성군 유가읍,경상사고,0,0,1,0,차대차 - 측면충돌,안전운전불이행,건조,맑음,교차로 - 교차로부근,승용,남,56세,기타불명,승용,남,41세,경상
2021111400100453,2021년 11월 14일 21시,일요일,대구광역시 동구 율하동,경상사고,0,0,1,0,차대차 - 추돌,안전운전불이행,건조,맑음,교차로 - 교차로부근,승용,여,38세,기타불명,승용,여,47세,경상
2021111400100454,2021년 11월 14일 21시,일요일,대구광역시 달서구 도원동,경상사고,0,0,1,0,차대사람 - 횡단중,신호위반,건조,맑음,단일로 - 기타,이륜,남,18세,상해없음,보행자,남,42세,경상
2021111400100455,2021년 11월 14일 21시,일요일,대구광역시 달서구 도원동,경상사고,0,0,1,0,차대차 - 추돌,안전운전불이행,건조,맑음,단일로 - 터널,승용,남,48세,상해없음,승용,남,35세,경상
2021111400100456,2021년 11월 14일 21시,일요일,대구광역시 중구 태평로1가,경상사고,0,0,2,0,차대차 - 기타,중앙선침범,건조,맑음,단일로 - 기타,승용,여,24세,상해없음,승용,남,28세,경상
2021111400100469,2021년 11월 14일 22시,일요일,대구광역시 동구 효목동,경상사고,0,0,1,0,차대차 - 측면충돌,직진우회전진행방해,건조,맑음,교차로 - 교차로안,승용,남,62세,상해없음,이륜,남,18세,경상
2021111500100016,2021년 11월 15일 01시,월요일,대구광역시 서구 내당동,중상사고,0,2,0,0,차량단독 - 공작물충돌,기타,건조,맑음,교차로 - 교차로부근,승용,남,63세,중상,,,,
2021111500100022,2021년 11월 15일 02시,월요일,대구광역시 수성구 만촌동,중상사고,0,1,0,0,차량단독 - 전도전복 - 전도,안전운전불이행,건조,맑음,단일로 - 기타,이륜,남,39세,중상,,,,