사고번호,사고일시,요일,시군구,사고내용,사망자수,중상자수,경상자수,부상신고자수,사고유형,법규위반,노면상태,기상상태,도로형태,가해운전자 차종,가해운전자 성별,가해운전자 연령,가해운전자 상해정도,피해운전자 차종,피해운전자 성별,피해운전자 연령,피해운전자 상해정도
2021111500100045,2021년 11월 15일 05시,월요일,대구광역시 북구 노원동3가,경상사고,0,0,1,1,차대차 - 추돌,안전거리미확보,건조,기타,단일로 - 기타,승용,남,33세,상해없음,승용,남,73세,경상
2021111500100058,2021년 11월 15일 06시,월요일,대구광역시 달서구 송현동,경상사고,0,0,2,0,차대차 - 측면충돌,안전거리미확보,건조,맑음,단일로 - 기타,승용,남,21세,경상,승용,남,20세,경상
2021111500100077,2021년 11월 15일 07시,월요일,대구광역시 동구 지저동,경상사고,0,0,1,0,차대차 - 추돌,안전거리미확보,건조,맑음,단일로 - 기타,승용,남,41세,상해없음,승용,남,39세,경상
2021111500100078,2021년 11월 15일 07시,월요일,대구광역시 수성구 범어동,경상사고,0,0,1,0,차대차 - 추돌,안전운전불이행,건조,맑음,교차로 - 교차로부근,승용,남,56세,상해없음,승용,여,33세,경상
2021111500100079,2021년 11월 15일 07시,월요일,대구광역시 달서구 이곡동,중상사고,0,1,1,0,차대차 - 측면충돌,신호위반,건조,맑음,교차로 - 교차로안,화물,남,38세,상해없음,승용,남,45세,중상
2021111500100116,2021년 11월 15일 08시,월요일,대구광역시 서구 이현동,중상사고,0,1,0,0,차대사람 - 횡단중,보행자보호의무위반,건조,맑음,교차로 - 교차로안,화물,남,82세,상해없음,보행자,여,47세,중상
2021111500100117,2021년 11월 15일 08시,월요일,대구광역시 달서구 본리동,경상사고,0,0,1,0,차대차 - 기타,안전운전불이행,건조,맑음,교차로 - 교차로안,승용,남,75세,상해없음,승용,남,30세,경상
2021111500100144,2021년 11월 15일 09시,월요일,대구광역시 동구 신천동,경상사고,0,0,1,0,차대차 - 기타,안전거리미확보,건조,맑음,단일로 - 기타,화물,남,66세,상해없음,승용,여,62세,경상
2021111500100145,2021년 11월 15일 09시,월요일,대구광역시 달서구 유천동,경상사고,0,0,1,0,차대차 - 추돌,안전운전불이행,건조,맑음,단일로 - 기타,승용,여,57세,상해없음,승용,여,54세,경상
2021111500100175,2021년 11월 15일 10시,월요일,대구광역시 수성구 만촌동,경상사고,0,0,2,0,차대차 - 추돌,안전거리미확보,건조,맑음,단일로 - 기타,승합,남,53세,상해없음,승용,여,39세,경상
2021111500100176,2021년 11월 15일 10시,월요일,대구광역시 달서구 송현동,경상사고,0,0,1,0,차대차 - 측면충돌,교차로운행방법위반,건조,맑음,교차로 - 교차로안,승용,여,58세,상해없음,승용,남,47세,경상
2021111500100177,2021년 11월 15일 10시,월요일,대구광역시 달성군 화원읍,경상사고,0,0,1,0,차대차 - 추돌,안전운전불이행,건조,맑음,교차로 - 교차로부근,화물,남,82세,상해없음,승용,남,25세,경상
2021111500100178,2021년 11월 15일 10시,월요일,대구광역시 서구 내당동,경상사고,0,0,2,0,차대차 - 기타,안전거리미확보,건조,맑음,단일로 - 기타,승용,남,47세,기타불명,승용,남,39세,경상
2021111500100206,2021년 11월 15일 11시,월요일,대구광역시 동구 봉무동,중상사고,0,1,0,0,차대차 - 추돌,안전운전불이행,건조,맑음,교차로 - 교차로부근,승용,여,44세,상해없음,이륜,남,46세,중상
2021111500100207,2021년 11월 15일 11시,월요일,대구광역시 중구 동산동,경상사고,0,0,1,0,차대사람 - 기타,안전운전불이행,건조,맑음,단일로 - 기타,승용,남,61세,상해없음,보행자,남,71세,경상
2021111500100249,2021년 11월 15일 12시,월요일,대구광역시 동구 지묘동,경상사고,0,0,1,0,차대차 - 기타,직진우회전진행방해,건조,맑음,교차로 - 교차로안,승용,여,29세,상해없음,승용,남,57세,상해없음
2021111500100278,2021년 11월 15일 13시,월요일,대구광역시 수성구 범어동,중상사고,0,2,1,0,차대차 - 측면충돌,안전거리미확보,건조,맑음,교차로 - 교차로부근,승용,여,49세,상해없음,승용,여,54세,경상
2021111500100279,2021년 11월 15일 13시,월요일,대구광역시 달성군 다사읍,부상신고사고,0,0,0,1,차대사람 - 기타,안전운전불이행,건조,맑음,단일로 - 기타,승용,남,33세,상해없음,보행자,여,43세,부상신고
2021111500100310,2021년 11월 15일 14시,월요일,대구광역시 동구 효목동,중상사고,0,1,0,0,차대사람 - 횡단중,보행자보호의무위반,건조,맑음,단일로 - 기타,이륜,남,30세,상해없음,보행자,남,60세,중상
2021111500100311,2021년 11월 15일 14시,월요일,대구광역시 수성구 범어동,경상사고,0,0,1,0,차대차 - 추돌,안전운전불이행,건조,맑음,기타 - 기타,승용,남,56세,상해없음,승용,여,25세,경상
2021111500100312,2021년 11월 15일 14시,월요일,대구광역시 서구 비산동,중상사고,0,1,0,0,차대차 - 측면충돌,안전운전불이행,건조,맑음,기타 - 기타,승용,남,30세,상해없음,화물,남,66세,중상
2021111500100313,2021년 11월 15일 14시,월요일,대구광역시 서구 평리동,경상사고,0,0,1,0,차대차 - 추돌,안전운전불이행,건조,맑음,교차로 - 교차로부근,승용,여,54세,상해없음,승용,남,45세,경상
2021111500100314,2021년 11월 15일 14시,월요일,대구광역시 달서구 두류동,경상사고,0,0,1,0,차대차 - 기타,안전운전불이행,건조,맑음,교차로 - 교차로안,이륜,남,40세,경상,승용,여,28세,상해없음
2021111500100315,2021년 11월 15일 14시,월요일,대구광역시 달서구 장기동,경상사고,0,0,2,0,차대차 - 기타,교차로운행방법위반,건조,맑음,교차로 - 교차로안,건설기계,남,72세,상해없음,승용,남,73세,경상
2021111500100316,2021년 11월 15일 14시,월요일,대구광역시 북구 서변동,경상사고,0,0,1,0,차대차 - 측면충돌,교차로운행방법위반,건조,맑음,교차로 - 교차로안,건설기계,남,50세,기타불명,승용,여,53세,경상
2021111500100347,2021년 11월 15일 15시,월요일,대구광역시 동구 불로동,경상사고,0,0,2,0,차대차 - 기타,안전거리미확보,건조,맑음,단일로 - 기타,승용,여,48세,상해없음,승합,남,37세,상해없음
2021111500100348,2021년 11월 15일 15시,월요일,대구광역시 달서구 본리동,중상사고,0,1,0,0,차대차 - 기타,안전운전불이행,건조,맑음,단일로 - 기타,승용,남,61세,상해없음,자전거,여,64세,중상
2021111500100385,2021년 11월 15일 16시,월요일,대구광역시 달서구 상인동,경상사고,0,0,2,0,차대차 - 후진중충돌,안전운전불이행,건조,맑음,교차로 - 교차로횡단보도내,승용,여,56세,상해없음,승용,남,41세,경상
2021111500100386,2021년 11월 15일 16시,월요일,대구광역시 중구 동인동1가,경상사고,0,0,1,0,차대차 - 기타,안전운전불이행,건조,맑음,교차로 - 교차로안,승용,남,63세,상해없음,화물,남,53세,경상
2021111500100438,2021년 11월 15일 17시,월요일,대구광역시 북구 팔달동,경상사고,0,0,1,0,차대차 - 추돌,안전운전불이행,건조,맑음,단일로 - 교량,화물,남,25세,상해없음,승용,여,42세,경상
2021111500100505,2021년 11월 15일 18시,월요일,대구광역시 북구 침산동,부상신고사고,0,0,0,1,차량단독 - 전도전복 - 전도,안전거리미확보,건조,맑음,단일로 - 기타,이륜,남,38세,부상신고,,,,
2021111500100506,2021년 11월 15일 18시,월요일,대구광역시 북구 산격동,경상사고,0,0,1,0,차대차 - 측면충돌,안전운전불이행,건조,맑음,교차로 - 교차로안,화물,남,27세,상해없음,화물,남,43세,경상
2021111500100507,2021년 11월 15일 18시,월요일,대구광역시 북구 침산동,부상신고사고,0,0,0,1,차대차 - 추돌,안전운전불이행,건조,맑음,교차로 - 교차로안,자전거,남,66세,부상신고,승용,남,54세,상해없음
2021111500100548,2021년 11월 15일 19시,월요일,대구광역시 달서구 대곡동,중상사고,0,1,0,0,차대사람 - 기타,안전운전불이행,건조,맑음,교차로 - 교차로안,화물,남,54세,상해없음,보행자,남,70세,중상
2021111500100549,2021년 11월 15일 19시,월요일,대구광역시 달서구 송현동,중상사고,0,1,0,0,차대차 - 기타,교차로운행방법위반,건조,맑음,교차로 - 교차로안,이륜,남,34세,상해없음,이륜,남,41세,중상
2021111500100550,2021년 11월 15일 19시,월요일,대구광역시 북구 복현동,부상신고사고,0,0,0,2,차대차 - 기타,안전운전불이행,건조,맑음,단일로 - 기타,승용,남,49세,상해없음,기타불명,기타불명,미분류,기타불명
2021111500100551,2021년 11월 15일 19시,월요일,대구광역시 북구 서변동,경상사고,0,0,2,0,차대차 - 측면충돌,안전운전불이행,건조,맑음,단일로 - 기타,승용,여,45세,경상,화물,남,45세,경상
2021111500100552,2021년 11월 15일 19시,월요일,대구광역시 북구 서변동,경상사고,0,0,1,0,차대차 - 측면충돌,신호위반,건조,맑음,교차로 - 교차로안,승용,남,66세,상해없음,승용,남,37세,경상
2021111500100579,2021년 11월 15일 20시,월요일,대구광역시 달서구 죽전동,경상사고,0,0,1,0,차대차 - 추돌,안전운전불이행,건조,맑음,교차로 - 교차로부근,승용,남,38세,상해없음,승용,남,63세,경상
2021111500100629,2021년 11월 15일 22시,월요일,대구광역시 수성구 범어동,중상사고,0,1,0,0,차대차 - 추돌,안전운전불이행,건조,맑음,단일로 - 기타,승용,남,29세,상해없음,이륜,남,59세,중상
2021111500100642,2021년 11월 15일 23시,월요일,대구광역시 동구 효목동,경상사고,0,0,3,0,차대차 - 측면충돌,안전운전불이행,건조,맑음,단일로 - 기타,승용,남,74세,상해없음,승합,남,46세,경상
2021111500100643,2021년 11월 15일 23시,월요일,대구광역시 북구 매천동,중상사고,0,1,0,0,차량단독 - 기타,안전운전불이행,건조,맑음,교차로 - 교차로안,승합,남,46세,상해없음,,,,
2021111600100016,2021년 11월 16일 00시,화요일,대구광역시 동구 효목동,중상사고,0,1,0,0,차대사람 - 횡단중,안전운전불이행,건조,맑음,단일로 - 기타,승용,남,28세,상해없음,보행자,남,47세,중상
2021111600100034,2021년 11월 16일 03시,화요일,대구광역시 달서구 신당동,중상사고,0,1,1,0,차대차 - 측면충돌,교차로운행방법위반,건조,맑음,교차로 - 교차로안,승용,남,31세,중상,승용,여,47세,경상
2021111600100135,2021년 11월 16일 08시,화요일,대구광역시 북구 동천동,부상신고사고,0,0,0,1,차대차 - 측면충돌,안전운전불이행,건조,맑음,단일로 - 기타,자전거,남,79세,부상신고,승용,여,33세,상해없음
2021111600100172,2021년 11월 16일 09시,화요일,대구광역시 달성군 다사읍,경상사고,0,0,1,0,차대차 - 기타,안전운전불이행,건조,맑음,교차로 - 교차로안,승용,여,38세,상해없음,자전거,남,35세,경상
2021111600100173,2021년 11월 16일 09시,화요일,대구광역시 달성군 다사읍,경상사고,0,0,1,0,차대차 - 정면충돌,안전운전불이행,건조,맑음,기타 - 기타,승용,남,43세,상해없음,승용,여,61세,경상
2021111600100174,2021년 11월 16일 09시,화요일,대구광역시 북구 복현동,경상사고,0,0,2,0,차대차 - 기타,안전운전불이행,건조,맑음,교차로 - 교차로부근,승용,여,53세,경상,승용,남,73세,경상
2021111600100207,2021년 11월 16일 10시,화요일,대구광역시 동구 봉무동,중상사고,0,1,0,0,차량단독 - 기타,안전운전불이행,건조,맑음,단일로 - 기타,승합,남,56세,상해없음,,,,
2021111600100208,2021년 11월 16일 10시,화요일,대구광역시 수성구 대흥동,경상사고,0,0,1,0,차대차 - 측면충돌,안전운전불이행,건조,맑음,교차로 - 교차로안,승용,남,61세,상해없음,승용,남,33세,경상
2021111600100209,2021년 11월 16일 10시,화요일,대구광역시 서구 평리동,중상사고,0,1,0,0,차대사람 - 기타,안전운전불이행,건조,맑음,단일로 - 기타,승용,남,64세,상해없음,보행자,남,61세,중상
2021111600100241,2021년 11월 16일 11시,화요일,대구광역시 달서구 상인동,경상사고,0,0,2,0,차대차 - 후진중충돌,안전운전불이행,건조,맑음,단일로 - 기타,승합,남,66세,경상,승용,여,39세,경상
2021111600100242,2021년 11월 16일 11시,화요일,대구광역시 달서구 장기동,경상사고,0,0,2,0,차대차 - 기타,안전거리미확보,건조,맑음,단일로 - 기타,승용,남,66세,경상,건설기계,남,57세,경상
2021111600100278,2021년 11월 16일 12시,화요일,대구광역시 달서구 송현동,경상사고,0,0,2,0,차대차 - 기타,교차로운행방법위반,건조,맑음,단일로 - 기타,승용,여,36세,상해없음,승용,남,26세,경상
2021111600100279,2021년 11월 16일 12시,화요일,대구광역시 달성군 논공읍,경상사고,0,0,5,0,차대차 - 기타,안전운전불이행,건조,맑음,단일로 - 기타,승용,여,29세,경상,승용,여,34세,경상
2021111600100280,2021년 11월 16일 12시,화요일,대구광역시 중구 동인동2가,경상사고,0,0,1,0,차대차 - 측면충돌,안전거리미확보,건조,맑음,단일로 - 기타,승용,남,57세,상해없음,이륜,남,48세,경상
2021111600100281,2021년 11월 16일 12시,화요일,대구광역시 달서구 갈산동,중상사고,0,1,0,0,차대사람 - 횡단중,안전운전불이행,건조,맑음,교차로 - 교차로부근,화물,남,67세,상해없음,보행자,남,52세,중상
2021111600100282,2021년 11월 16일 12시,화요일,대구광역시 달서구 본리동,중상사고,0,1,0,0,차대차 - 측면충돌,신호위반,건조,맑음,단일로 - 기타,승용,남,68세,상해없음,이륜,남,23세,중상
2021111600100315,2021년 11월 16일 13시,화요일,대구광역시 남구 봉덕동,경상사고,0,0,2,0,차대차 - 측면충돌,차로위반,건조,맑음,교차로 - 교차로부근,승용,여,59세,상해없음,승용,남,49세,경상
2021111600100344,2021년 11월 16일 14시,화요일,대구광역시 북구 산격동,경상사고,0,0,1,0,차대차 - 기타,기타,건조,맑음,단일로 - 기타,화물,남,60세,경상,승용,남,45세,상해없음
2021111600100345,2021년 11월 16일 14시,화요일,대구광역시 달서구 신당동,경상사고,0,0,2,0,차대차 - 측면충돌,신호위반,건조,맑음,교차로 - 교차로부근,승용,여,60세,상해없음,승용,여,30세,경상
2021111600100377,2021년 11월 16일 15시,화요일,대구광역시 동구 신천동,경상사고,0,0,1,0,차대차 - 측면충돌,안전운전불이행,건조,맑음,교차로 - 교차로부근,건설기계,남,54세,상해없음,승용,남,33세,경상
2021111600100414,2021년 11월 16일 16시,화요일,대구광역시 동구 신천동,경상사고,0,0,1,0,차대차 - 측면충돌,안전거리미확보,건조,맑음,단일로 - 기타,승용,남,64세,상해없음,승용,남,39세,경상
2021111600100415,2021년 11월 16일 16시,화요일,대구광역시 수성구 범어동,경상사고,0,0,1,0,차대사람 - 차도통행중,안전운전불이행,건조,맑음,교차로 - 교차로부근,승용,여,51세,기타불명,보행자,남,64세,경상
2021111600100416,2021년 11월 16일 16시,화요일,대구광역시 수성구 상동,중상사고,0,1,2,0,차대차 - 측면충돌,안전운전불이행,건조,맑음,교차로 - 교차로부근,승용,여,60세,경상,이륜,남,67세,중상
2021111600100417,2021년 11월 16일 16시,화요일,대구광역시 중구 봉산동,중상사고,0,1,0,0,차대차 - 측면충돌,안전운전불이행,건조,맑음,교차로 - 교차로안,승용,남,66세,상해없음,이륜,남,39세,중상
2021111600100418,2021년 11월 16일 16시,화요일,대구광역시 달서구 이곡동,경상사고,0,0,1,0,차대차 - 기타,기타,건조,맑음,단일로 - 기타,승용,남,54세,상해없음,자전거,여,59세,경상
2021111600100470,2021년 11월 16일 17시,화요일,대구광역시 동구 각산동,경상사고,0,0,2,0,차대차 - 측면충돌,안전거리미확보,건조,맑음,단일로 - 기타,승용,남,24세,상해없음,승용,남,20세,경상
2021111600100471,2021년 11월 16일 17시,화요일,대구광역시 남구 대명동,경상사고,0,0,1,0,차대차 - 기타,안전거리미확보,건조,맑음,교차로 - 교차로안,승합,남,67세,상해없음,승용,여,42세,경상
2021111600100472,2021년 11월 16일 17시,화요일,대구광역시 달성군 유가읍,경상사고,0,0,1,0,차대차 - 기타,안전운전불이행,건조,맑음,단일로 - 기타,승용,여,49세,상해없음,승용,여,45세,경상
2021111600100517,2021년 11월 16일 18시,화요일,대구광역시 동구 용계동,경상사고,0,0,2,0,차대차 - 기타,안전운전불이행,건조,맑음,교차로 - 교차로안,승용,여,68세,경상,승용,남,49세,경상
2021111600100518,2021년 11월 16일 18시,화요일,대구광역시 수성구 범물동,중상사고,0,1,0,0,차대사람 - 차도통행중,안전운전불이행,건조,맑음,교차로 - 교차로안,승용,남,69세,상해없음,보행자,여,74세,중상
2021111600100519,2021년 11월 16일 18시,화요일,대구광역시 수성구 수성동2가,중상사고,0,1,0,0,차대사람 - 횡단중,신호위반,건조,맑음,교차로 - 교차로횡단보도내,이륜,남,21세,상해없음,보행자,남,15세,중상
2021111600100520,2021년 11월 16일 18시,화요일,대구광역시 달서구 두류동,경상사고,0,0,1,0,차대사람 - 횡단중,안전운전불이행,건조,흐림,단일로 - 기타,승용,여,26세,상해없음,보행자,남,63세,경상
2021111600100557,2021년 11월 16일 19시,화요일,대구광역시 수성구 만촌동,경상사고,0,0,1,0,차대차 - 기타,안전운전불이행,건조,흐림,단일로 - 기타,승용,여,58세,상해없음,승용,남,58세,경상
2021111600100558,2021년 11월 16일 19시,화요일,대구광역시 달서구 이곡동,경상사고,0,0,1,0,차대차 - 기타,안전운전불이행,건조,맑음,기타 - 기타,화물,남,37세,상해없음,자전거,여,58세,경상
2021111600100638,2021년 11월 16일 23시,화요일,대구광역시 동구 지저동,경상사고,0,0,1,0,차대차 - 측면충돌,안전운전불이행,건조,맑음,단일로 - 기타,승용,남,63세,상해없음,승용,여,61세,경상
2021111600100639,2021년 11월 16일 23시,화요일,대구광역시 달서구 호산동,경상사고,0,0,1,0,차대차 - 측면충돌,교차로운행방법위반,건조,맑음,교차로 - 교차로안,승용,남,39세,상해없음,승용,남,63세,경상
2021111700100073,2021년 11월 17일 07시,수요일,대구광역시 북구 관음동,경상사고,0,0,1,0,차대차 - 측면충돌,안전운전불이행,건조,맑음,단일로 - 기타,승용,남,31세,기타불명,승용,남,24세,경상
2021111700100111,2021년 11월 17일 08시,수요일,대구광역시 동구 율하동,중상사고,0,2,2,0,차대차 - 추돌,안전운전불이행,건조,맑음,단일로 - 기타,승용,남,36세,중상,승용,여,48세,상해없음
2021111700100117,2021년 11월 17일 08시,수요일,대구광역시 수성구 범어동,경상사고,0,0,2,0,차대차 - 측면충돌,교차로운행방법위반,건조,맑음,교차로 - 교차로안,승용,여,74세,경상,승용,여,23세,경상
2021111700100147,2021년 11월 17일 09시,수요일,대구광역시 동구 신천동,경상사고,0,0,1,0,차대사람 - 횡단중,신호위반,건조,맑음,교차로 - 교차로횡단보도내,승용,남,52세,상해없음,보행자,여,23세,경상
2021111700100190,2021년 11월 17일 10시,수요일,대구광역시 북구 검단동,중상사고,0,1,0,0,차대차 - 측면충돌,직진우회전진행방해,건조,맑음,교차로 - 교차로안,화물,남,27세,상해없음,이륜,남,68세,중상
2021111700100191,2021년 11월 17일 10시,수요일,대구광역시 달서구 용산동,경상사고,0,0,1,1,차대차 - 기타,차로위반,건조,맑음,단일로 - 기타,승용,여,67세,부상신고,화물,남,34세,경상
2021111700100192,2021년 11월 17일 10시,수요일,대구광역시 북구 구암동,경상사고,0,0,1,0,차대차 - 추돌,안전운전불이행,건조,맑음,교차로 - 교차로안,승합,남,61세,상해없음,승용,여,43세,경상
2021111700100228,2021년 11월 17일 11시,수요일,대구광역시 동구 신암동,중상사고,0,1,0,0,차량단독 - 기타,안전운전불이행,건조,맑음,단일로 - 기타,승합,남,50세,상해없음,,,,
2021111700100229,2021년 11월 17일 11시,수요일,대구광역시 수성구 범어동,경상사고,0,0,1,1,차대차 - 측면충돌,안전운전불이행,건조,맑음,교차로 - 교차로부근,승용,남,67세,부상신고,승용,남,64세,경상
2021111700100230,2021년 11월 17일 11시,수요일,대구광역시 달서구 용산동,중상사고,0,1,0,0,차대차 - 기타,안전운전불이행,건조,맑음,단일로 - 기타,승용,남,33세,상해없음,이륜,여,32세,중상
2021111700100267,2021년 11월 17일 12시,수요일,대구광역시 달서구 이곡동,중상사고,0,1,0,0,차대차 - 측면충돌,교차로운행방법위반,건조,맑음,교차로 - 교차로안,승용,여,48세,상해없음,이륜,여,47세,중상
2021111700100307,2021년 11월 17일 13시,수요일,대구광역시 동구 신암동,경상사고,0,0,1,0,차대차 - 정면충돌,안전운전불이행,건조,맑음,단일로 - 기타,이륜,남,51세,경상,승용,남,37세,상해없음
2021111700100308,2021년 11월 17일 13시,수요일,대구광역시 북구 국우동,경상사고,0,0,1,0,차대차 - 측면충돌,안전운전불이행,건조,맑음,단일로 - 고가도로위,승용,남,48세,상해없음,승용,여,58세,상해없음
2021111700100342,2021년 11월 17일 14시,수요일,대구광역시 동구 신기동,경상사고,0,0,1,0,차대사람 - 길가장자리구역통행중,안전운전불이행,건조,맑음,단일로 - 기타,승용,여,38세,기타불명,보행자,남,68세,경상
2021111700100343,2021년 11월 17일 14시,수요일,대구광역시 수성구 사월동,경상사고,0,0,1,0,차대차 - 측면충돌,교차로운행방법위반,건조,맑음,교차로 - 교차로안,승용,여,60세,상해없음,이륜,남,31세,경상
2021111700100344,2021년 11월 17일 14시,수요일,대구광역시 북구 태전동,중상사고,0,1,0,0,차대사람 - 차도통행중,안전운전불이행,건조,맑음,기타 - 기타,승용,여,44세,상해없음,보행자,여,66세,중상
2021111700100383,2021년 11월 17일 15시,수요일,대구광역시 동구 용계동,경상사고,0,0,3,0,차대차 - 추돌,안전거리미확보,건조,맑음,단일로 - 기타,승용,여,40세,경상,승용,여,34세,경상
2021111700100384,2021년 11월 17일 15시,수요일,대구광역시 수성구 만촌동,경상사고,0,0,2,0,차대차 - 측면충돌,직진우회전진행방해,건조,맑음,교차로 - 교차로안,승용,남,19세,상해없음,승용,남,26세,경상
2021111700100385,2021년 11월 17일 15시,수요일,대구광역시 수성구 중동,중상사고,0,1,0,0,차대사람 - 기타,안전운전불이행,건조,맑음,단일로 - 기타,승합,남,55세,상해없음,보행자,여,84세,중상
2021111700100422,2021년 11월 17일 16시,수요일,대구광역시 동구 부동,경상사고,0,0,1,0,차대차 - 측면충돌,안전운전불이행,건조,맑음,단일로 - 기타,승용,남,58세,상해없음,승용,남,41세,경상
2021111700100476,2021년 11월 17일 17시,수요일,대구광역시 동구 신서동,중상사고,0,1,0,0,차대사람 - 보도통행중,보행자보호의무위반,건조,맑음,교차로 - 교차로횡단보도내,승용,남,56세,상해없음,보행자,여,47세,중상
2021111700100477,2021년 11월 17일 17시,수요일,대구광역시 동구 방촌동,경상사고,0,0,1,0,차대차 - 기타,안전운전불이행,건조,맑음,기타 - 기타,자전거,남,47세,상해없음,자전거,남,63세,경상
2021111700100478,2021년 11월 17일 17시,수요일,대구광역시 수성구 황금동,중상사고,0,1,0,0,차대사람 - 길가장자리구역통행중,안전운전불이행,건조,맑음,단일로 - 기타,승용,여,68세,상해없음,보행자,여,72세,중상
2021111700100479,2021년 11월 17일 17시,수요일,대구광역시 달서구 월성동,경상사고,0,0,1,0,차대차 - 측면충돌,안전거리미확보,건조,맑음,기타 - 기타,승용,남,69세,상해없음,승용,남,42세,경상
2021111700100480,2021년 11월 17일 17시,수요일,대구광역시 북구 산격동,경상사고,0,0,1,0,차대차 - 측면충돌,안전거리미확보,건조,맑음,기타 - 기타,승용,남,57세,상해없음,승용,여,52세,경상
2021111700100481,2021년 11월 17일 17시,수요일,대구광역시 서구 내당동,경상사고,0,0,1,0,차대사람 - 횡단중,안전운전불이행,건조,맑음,단일로 - 기타,승용,남,56세,상해없음,보행자,여,9세,경상
2021111700100546,2021년 11월 17일 18시,수요일,대구광역시 수성구 두산동,경상사고,0,0,2,0,차대차 - 측면충돌,교차로운행방법위반,건조,맑음,교차로 - 교차로안,승용,남,53세,상해없음,승용,여,42세,경상
2021111700100547,2021년 11월 17일 18시,수요일,대구광역시 달성군 논공읍,경상사고,0,0,2,0,차대차 - 측면충돌,안전운전불이행,건조,맑음,단일로 - 기타,승용,여,24세,경상,이륜,남,37세,경상
2021111700100548,2021년 11월 17일 18시,수요일,대구광역시 달성군 구지면,경상사고,0,0,1,0,차대차 - 기타,안전운전불이행,건조,맑음,교차로 - 교차로안,승용,남,63세,상해없음,승용,남,66세,경상
2021111700100549,2021년 11월 17일 18시,수요일,대구광역시 중구 대봉동,경상사고,0,0,1,0,차대차 - 측면충돌,안전운전불이행,건조,맑음,단일로 - 기타,화물,남,61세,상해없음,승용,남,29세,경상
2021111700100550,2021년 11월 17일 18시,수요일,대구광역시 달서구 감삼동,경상사고,0,0,2,0,차대차 - 추돌,안전운전불이행,건조,맑음,단일로 - 기타,승용,남,80세,상해없음,승용,남,22세,경상
2021111700100597,2021년 11월 17일 19시,수요일,대구광역시 북구 금호동,경상사고,0,0,2,0,차대차 - 추돌,안전운전불이행,건조,맑음,단일로 - 기타,화물,남,34세,상해없음,승용,남,49세,경상
2021111700100601,2021년 11월 17일 19시,수요일,대구광역시 남구 대명동,부상신고사고,0,0,0,2,차대사람 - 횡단중,안전운전불이행,건조,맑음,단일로 - 기타,자전거,남,64세,부상신고,보행자,남,42세,부상신고
2021111700100602,2021년 11월 17일 19시,수요일,대구광역시 수성구 수성동4가,경상사고,0,0,1,1,차대차 - 측면충돌,교차로운행방법위반,건조,맑음,교차로 - 교차로안,승용,남,70세,부상신고,승용,남,29세,경상
2021111700100631,2021년 11월 17일 20시,수요일,대구광역시 달서구 이곡동,경상사고,0,0,1,0,차대차 - 측면충돌,신호위반,건조,맑음,교차로 - 교차로안,자전거,남,14세,경상,승용,남,56세,상해없음
2021111700100650,2021년 11월 17일 21시,수요일,대구광역시 북구 태전동,중상사고,0,2,0,0,차대차 - 추돌,안전운전불이행,건조,맑음,단일로 - 기타,승용,남,42세,상해없음,승용,여,53세,중상
2021111700100669,2021년 11월 17일 22시,수요일,대구광역시 중구 종로1가,경상사고,0,0,1,0,차대차 - 측면충돌,안전거리미확보,건조,맑음,교차로 - 교차로부근,화물,남,57세,상해없음,승용,남,23세,경상
2021111700100684,2021년 11월 17일 23시,수요일,대구광역시 수성구 수성동2가,경상사고,0,0,1,0,차대차 - 기타,안전운전불이행,건조,맑음,교차로 - 교차로부근,이륜,남,25세,상해없음,화물,남,59세,상해없음
2021111800100011,2021년 11월 18일 00시,목요일,대구광역시 달서구 송현동,경상사고,0,0,1,0,차대차 - 추돌,안전운전불이행,건조,맑음,단일로 - 기타,승용,남,26세,상해없음,승용,남,54세,경상
2021111800100012,2021년 11월 18일 00시,목요일,대구광역시 서구 비산동,경상사고,0,0,1,0,차대차 - 정면충돌,중앙선침범,건조,맑음,단일로 - 기타,승용,남,26세,상해없음,승용,남,58세,경상
2021111800100013,2021년 11월 18일 00시,목요일,대구광역시 남구 대명동,경상사고,0,0,2,0,차대차 - 기타,안전운전불이행,건조,맑음,단일로 - 기타,이륜,남,26세,경상,승용,여,61세,경상
2021111800100020,2021년 11월 18일 01시,목요일,대구광역시 수성구 수성동4가,경상사고,0,0,1,0,차대사람 - 횡단중,보행자보호의무위반,건조,맑음,교차로 - 교차로횡단보도내,승용,남,59세,상해없음,보행자,여,21세,경상
2021111800100039,2021년 11월 18일 04시,목요일,대구광역시 수성구 신매동,부상신고사고,0,0,0,1,차대사람 - 횡단중,안전운전불이행,건조,맑음,단일로 - 기타,승용,남,57세,상해없음,보행자,여,74세,부상신고
2021111800100058,2021년 11월 18일 06시,목요일,대구광역시 달서구 대천동,경상사고,0,0,1,0,차대차 - 측면충돌,안전거리미확보,건조,맑음,단일로 - 기타,자전거,남,69세,경상,승용,남,58세,상해없음