사고번호,사고일시,요일,시군구,사고내용,사망자수,중상자수,경상자수,부상신고자수,사고유형,법규위반,노면상태,기상상태,도로형태,가해운전자 차종,가해운전자 성별,가해운전자 연령,가해운전자 상해정도,피해운전자 차종,피해운전자 성별,피해운전자 연령,피해운전자 상해정도
2021111800100112,2021년 11월 18일 08시,목요일,대구광역시 동구 금강동,부상신고사고,0,0,0,1,차대차 - 정면충돌,안전운전불이행,건조,맑음,단일로 - 기타,승용,남,40세,상해없음,이륜,남,47세,부상신고
2021111800100113,2021년 11월 18일 08시,목요일,대구광역시 동구 효목동,경상사고,0,0,1,0,차대차 - 측면충돌,안전운전불이행,건조,맑음,단일로 - 교량,승용,여,25세,상해없음,승용,남,82세,경상
2021111800100153,2021년 11월 18일 09시,목요일,대구광역시 북구 칠성동1가,경상사고,0,0,1,0,차대차 - 기타,안전운전불이행,건조,맑음,단일로 - 기타,기타불명,기타불명,미분류,기타불명,자전거,남,32세,경상
2021111800100180,2021년 11월 18일 10시,목요일,대구광역시 수성구 수성동4가,경상사고,0,0,1,0,차대차 - 측면충돌,기타,건조,맑음,단일로 - 기타,승합,여,42세,상해없음,이륜,남,77세,경상
2021111800100181,2021년 11월 18일 10시,목요일,대구광역시 달서구 송현동,경상사고,0,0,2,0,차대차 - 측면충돌,안전거리미확보,건조,맑음,단일로 - 기타,건설기계,남,38세,상해없음,승용,남,81세,경상
2021111800100182,2021년 11월 18일 10시,목요일,대구광역시 중구 대신동,경상사고,0,0,1,0,차대차 - 측면충돌,안전운전불이행,건조,맑음,단일로 - 기타,화물,남,37세,상해없음,승용,여,33세,경상
2021111800100183,2021년 11월 18일 10시,목요일,대구광역시 북구 태전동,중상사고,0,1,0,0,차대차 - 측면충돌,안전운전불이행,건조,맑음,교차로 - 교차로부근,승용,남,46세,기타불명,승용,여,53세,중상
2021111800100249,2021년 11월 18일 12시,목요일,대구광역시 달서구 갈산동,경상사고,0,0,1,0,차대사람 - 횡단중,안전운전불이행,건조,맑음,교차로 - 교차로부근,승용,남,60세,상해없음,보행자,남,54세,경상
2021111800100250,2021년 11월 18일 12시,목요일,대구광역시 달서구 성당동,중상사고,0,1,0,0,차대차 - 측면충돌,안전운전불이행,건조,맑음,단일로 - 기타,이륜,남,26세,중상,승용,남,73세,상해없음
2021111800100273,2021년 11월 18일 13시,목요일,대구광역시 동구 방촌동,중상사고,0,1,1,0,차대차 - 측면충돌,안전운전불이행,건조,맑음,단일로 - 기타,승용,남,53세,상해없음,승용,남,29세,경상
2021111800100274,2021년 11월 18일 13시,목요일,대구광역시 달서구 진천동,사망사고,1,0,0,0,차대차 - 정면충돌,중앙선침범,건조,맑음,기타 - 기타,이륜,남,21세,상해없음,자전거,남,77세,사망
2021111800100275,2021년 11월 18일 13시,목요일,대구광역시 서구 상리동,경상사고,0,0,3,0,차대차 - 측면충돌,신호위반,건조,맑음,교차로 - 교차로안,승용,남,25세,상해없음,승용,남,51세,경상
2021111800100276,2021년 11월 18일 13시,목요일,대구광역시 북구 구암동,경상사고,0,0,1,0,차대사람 - 기타,안전운전불이행,건조,맑음,단일로 - 기타,화물,남,48세,상해없음,보행자,남,35세,경상
2021111800100304,2021년 11월 18일 14시,목요일,대구광역시 달성군 가창면,경상사고,0,0,1,0,차대사람 - 횡단중,안전운전불이행,기타,맑음,교차로 - 교차로안,승용,남,61세,상해없음,보행자,남,94세,경상
2021111800100305,2021년 11월 18일 14시,목요일,대구광역시 달성군 가창면,경상사고,0,0,2,0,차대차 - 기타,중앙선침범,건조,맑음,기타 - 기타,건설기계,남,50세,경상,승용,여,29세,경상
2021111800100306,2021년 11월 18일 14시,목요일,대구광역시 서구 내당동,중상사고,0,1,0,0,차대차 - 기타,중앙선침범,건조,맑음,교차로 - 교차로안,자전거,남,87세,중상,승용,여,41세,상해없음
2021111800100307,2021년 11월 18일 14시,목요일,대구광역시 달서구 성당동,중상사고,0,1,0,0,차대차 - 측면충돌,안전운전불이행,건조,맑음,교차로 - 교차로부근,승용,남,25세,상해없음,자전거,남,65세,중상
2021111800100335,2021년 11월 18일 15시,목요일,대구광역시 동구 효목동,경상사고,0,0,1,0,차대사람 - 기타,안전운전불이행,건조,맑음,교차로 - 교차로횡단보도내,승용,여,68세,상해없음,보행자,남,32세,경상
2021111800100336,2021년 11월 18일 15시,목요일,대구광역시 북구 동호동,경상사고,0,0,2,0,차대차 - 측면충돌,교차로운행방법위반,건조,맑음,교차로 - 교차로안,승용,여,18세,상해없음,승용,여,54세,경상
2021111800100371,2021년 11월 18일 16시,목요일,대구광역시 수성구 지산동,경상사고,0,0,1,0,차대사람 - 횡단중,안전운전불이행,건조,맑음,교차로 - 교차로부근,승용,여,56세,상해없음,보행자,남,22세,경상
2021111800100417,2021년 11월 18일 17시,목요일,대구광역시 수성구 만촌동,경상사고,0,0,5,0,차대차 - 추돌,안전운전불이행,건조,맑음,단일로 - 기타,승용,남,50세,기타불명,승용,여,49세,경상
2021111800100418,2021년 11월 18일 17시,목요일,대구광역시 수성구 범어동,경상사고,0,0,1,0,차대사람 - 길가장자리구역통행중,안전운전불이행,건조,맑음,기타 - 기타,화물,남,48세,상해없음,보행자,남,67세,경상
2021111800100419,2021년 11월 18일 17시,목요일,대구광역시 달서구 성당동,경상사고,0,0,1,1,차대차 - 측면충돌,안전운전불이행,건조,맑음,단일로 - 기타,화물,남,35세,기타불명,화물,남,45세,부상신고
2021111800100420,2021년 11월 18일 17시,목요일,대구광역시 서구 비산동,부상신고사고,0,0,0,1,차대사람 - 길가장자리구역통행중,안전운전불이행,건조,맑음,단일로 - 기타,기타불명,기타불명,미분류,기타불명,보행자,남,56세,부상신고
2021111800100421,2021년 11월 18일 17시,목요일,대구광역시 달서구 용산동,경상사고,0,0,1,0,차대사람 - 기타,안전운전불이행,건조,맑음,단일로 - 기타,승용,남,48세,상해없음,보행자,여,14세,경상
2021111800100422,2021년 11월 18일 17시,목요일,대구광역시 북구 태전동,경상사고,0,0,1,0,차대차 - 측면충돌,안전거리미확보,건조,맑음,교차로 - 교차로안,승용,남,51세,기타불명,승용,여,47세,경상
2021111800100475,2021년 11월 18일 18시,목요일,대구광역시 남구 봉덕동,중상사고,0,1,2,0,차대차 - 측면충돌,안전운전불이행,건조,맑음,단일로 - 기타,승용,남,28세,경상,승용,남,73세,경상
2021111800100476,2021년 11월 18일 18시,목요일,대구광역시 수성구 중동,경상사고,0,0,1,0,차대차 - 측면충돌,교차로운행방법위반,건조,맑음,교차로 - 교차로안,승용,남,42세,상해없음,승용,남,68세,경상
2021111800100477,2021년 11월 18일 18시,목요일,대구광역시 북구 태전동,경상사고,0,0,4,0,차대차 - 측면충돌,안전운전불이행,건조,맑음,단일로 - 기타,승용,여,50세,상해없음,승용,여,39세,경상
2021111800100515,2021년 11월 18일 19시,목요일,대구광역시 남구 봉덕동,경상사고,0,0,1,0,차대차 - 측면충돌,안전운전불이행,건조,맑음,단일로 - 기타,화물,남,64세,상해없음,승용,남,24세,경상
2021111800100516,2021년 11월 18일 19시,목요일,대구광역시 동구 용계동,경상사고,0,0,1,0,차대차 - 측면충돌,안전운전불이행,건조,맑음,교차로 - 교차로안,승용,남,58세,상해없음,화물,남,29세,경상
2021111800100517,2021년 11월 18일 19시,목요일,대구광역시 달성군 화원읍,중상사고,0,1,1,0,차대차 - 측면충돌,안전운전불이행,건조,맑음,교차로 - 교차로부근,승용,남,48세,상해없음,이륜,남,25세,중상
2021111800100518,2021년 11월 18일 19시,목요일,대구광역시 달서구 용산동,경상사고,0,0,1,0,차대사람 - 횡단중,보행자보호의무위반,건조,맑음,교차로 - 교차로횡단보도내,승용,남,58세,상해없음,보행자,여,31세,경상
2021111800100572,2021년 11월 18일 21시,목요일,대구광역시 수성구 두산동,경상사고,0,0,1,0,차대차 - 측면충돌,안전운전불이행,건조,맑음,단일로 - 기타,승용,남,61세,상해없음,이륜,남,21세,경상
2021111800100573,2021년 11월 18일 21시,목요일,대구광역시 달서구 진천동,경상사고,0,0,2,0,차대차 - 측면충돌,안전운전불이행,건조,맑음,교차로 - 교차로안,승용,여,23세,상해없음,승용,여,48세,경상
2021111800100598,2021년 11월 18일 22시,목요일,대구광역시 중구 태평로1가,경상사고,0,0,1,0,차대차 - 측면충돌,신호위반,건조,맑음,단일로 - 기타,승용,남,61세,상해없음,이륜,남,50세,경상
2021111800100624,2021년 11월 18일 23시,목요일,대구광역시 동구 신천동,중상사고,0,1,2,0,차대차 - 측면충돌,신호위반,건조,맑음,교차로 - 교차로안,승용,남,52세,상해없음,승용,남,68세,중상
2021111900100013,2021년 11월 19일 00시,금요일,대구광역시 중구 남일동,경상사고,0,0,1,0,차대사람 - 기타,안전운전불이행,건조,맑음,단일로 - 기타,승용,남,56세,상해없음,보행자,남,39세,경상
2021111900100046,2021년 11월 19일 03시,금요일,대구광역시 달서구 신당동,경상사고,0,0,2,0,차대차 - 측면충돌,안전운전불이행,건조,맑음,단일로 - 기타,승용,남,22세,상해없음,승용,남,41세,기타불명
2021111900100121,2021년 11월 19일 08시,금요일,대구광역시 남구 대명동,경상사고,0,0,1,0,차대차 - 측면충돌,안전운전불이행,건조,맑음,단일로 - 기타,승용,남,71세,상해없음,승용,남,24세,경상
2021111900100122,2021년 11월 19일 08시,금요일,대구광역시 수성구 노변동,부상신고사고,0,0,0,1,차대차 - 측면충돌,신호위반,건조,맑음,교차로 - 교차로횡단보도내,자전거,여,62세,부상신고,승용,남,46세,상해없음
2021111900100123,2021년 11월 19일 08시,금요일,대구광역시 달서구 월성동,경상사고,0,0,2,0,차대차 - 측면충돌,기타,건조,맑음,교차로 - 교차로안,승용,남,46세,경상,승용,남,21세,경상
2021111900100124,2021년 11월 19일 08시,금요일,대구광역시 북구 침산동,경상사고,0,0,3,0,차대차 - 측면충돌,교차로운행방법위반,건조,맑음,교차로 - 교차로안,승용,남,23세,경상,승용,남,62세,경상
2021111900100151,2021년 11월 19일 09시,금요일,대구광역시 달서구 성당동,중상사고,0,1,0,0,차대차 - 기타,중앙선침범,건조,맑음,기타 - 기타,승용,여,27세,상해없음,이륜,남,25세,중상
2021111900100180,2021년 11월 19일 10시,금요일,대구광역시 남구 이천동,경상사고,0,0,1,1,차대차 - 측면충돌,교차로운행방법위반,건조,맑음,교차로 - 교차로부근,승용,여,53세,부상신고,승용,남,31세,경상
2021111900100182,2021년 11월 19일 10시,금요일,대구광역시 북구 서변동,경상사고,0,0,1,0,차대차 - 측면충돌,안전운전불이행,건조,맑음,교차로 - 교차로안,승용,여,69세,상해없음,자전거,남,81세,경상
2021111900100248,2021년 11월 19일 12시,금요일,대구광역시 달서구 송현동,경상사고,0,0,1,0,차대차 - 측면충돌,안전운전불이행,건조,맑음,교차로 - 교차로안,승용,남,26세,상해없음,승용,여,43세,경상
2021111900100280,2021년 11월 19일 13시,금요일,대구광역시 동구 신암동,경상사고,0,0,1,0,차대차 - 기타,안전운전불이행,건조,맑음,주차장 - 주차장,자전거,남,63세,경상,승용,여,26세,상해없음
2021111900100281,2021년 11월 19일 13시,금요일,대구광역시 수성구 황금동,경상사고,0,0,1,0,차대사람 - 길가장자리구역통행중,안전운전불이행,건조,맑음,기타 - 기타,승용,여,25세,상해없음,보행자,여,69세,경상
2021111900100282,2021년 11월 19일 13시,금요일,대구광역시 달서구 호산동,중상사고,0,2,1,0,차대차 - 측면충돌,교차로운행방법위반,건조,맑음,교차로 - 교차로부근,승용,남,60세,상해없음,승용,남,64세,경상
2021111900100306,2021년 11월 19일 14시,금요일,대구광역시 남구 대명동,경상사고,0,0,1,0,차대차 - 측면충돌,신호위반,건조,맑음,단일로 - 기타,승용,남,64세,상해없음,이륜,남,38세,경상
2021111900100307,2021년 11월 19일 14시,금요일,대구광역시 달서구 신당동,경상사고,0,0,1,0,차대차 - 기타,신호위반,건조,맑음,교차로 - 교차로부근,이륜,남,22세,경상,승용,남,55세,상해없음
2021111900100389,2021년 11월 19일 16시,금요일,대구광역시 남구 대명동,경상사고,0,0,1,0,차대차 - 추돌,안전운전불이행,건조,맑음,교차로 - 교차로부근,승용,남,23세,상해없음,승용,여,51세,경상
2021111900100390,2021년 11월 19일 16시,금요일,대구광역시 동구 신기동,경상사고,0,0,1,0,차대차 - 추돌,안전거리미확보,건조,맑음,교차로 - 교차로안,승용,남,44세,상해없음,승용,남,75세,경상
2021111900100391,2021년 11월 19일 16시,금요일,대구광역시 수성구 범어동,경상사고,0,0,1,0,차대사람 - 기타,기타,건조,맑음,단일로 - 기타,승용,남,36세,기타불명,보행자,여,51세,경상
2021111900100392,2021년 11월 19일 16시,금요일,대구광역시 수성구 범어동,경상사고,0,0,1,0,차대차 - 측면충돌,안전운전불이행,건조,맑음,교차로 - 교차로부근,승용,여,57세,상해없음,이륜,남,27세,경상
2021111900100393,2021년 11월 19일 16시,금요일,대구광역시 달서구 본동,중상사고,0,1,0,0,차대사람 - 횡단중,보행자보호의무위반,건조,맑음,교차로 - 교차로횡단보도내,화물,남,47세,상해없음,보행자,남,79세,중상
2021111900100394,2021년 11월 19일 16시,금요일,대구광역시 달서구 진천동,경상사고,0,0,1,0,차대차 - 추돌,안전거리미확보,건조,맑음,교차로 - 교차로안,승용,남,47세,상해없음,승용,남,28세,경상
2021111900100395,2021년 11월 19일 16시,금요일,대구광역시 북구 산격동,중상사고,0,1,1,0,차대차 - 측면충돌,신호위반,건조,맑음,교차로 - 교차로안,승용,남,72세,상해없음,승용,남,40세,중상
2021111900100396,2021년 11월 19일 16시,금요일,대구광역시 서구 이현동,경상사고,0,0,1,0,차대차 - 추돌,안전운전불이행,건조,맑음,단일로 - 기타,화물,남,69세,상해없음,승용,여,54세,경상
2021111900100455,2021년 11월 19일 17시,금요일,대구광역시 수성구 범어동,경상사고,0,0,1,1,차대차 - 측면충돌,안전거리미확보,건조,맑음,단일로 - 기타,승용,남,66세,부상신고,승용,여,56세,경상
2021111900100456,2021년 11월 19일 17시,금요일,대구광역시 달서구 월성동,경상사고,0,0,1,0,차대차 - 추돌,안전거리미확보,건조,맑음,단일로 - 기타,승용,여,33세,상해없음,승용,여,24세,경상
2021111900100457,2021년 11월 19일 17시,금요일,대구광역시 북구 침산동,중상사고,0,1,0,0,차대차 - 측면충돌,교차로운행방법위반,건조,맑음,교차로 - 교차로부근,승합,남,69세,상해없음,이륜,남,65세,중상
2021111900100458,2021년 11월 19일 17시,금요일,대구광역시 북구 읍내동,경상사고,0,0,1,0,차대사람 - 횡단중,보행자보호의무위반,건조,맑음,교차로 - 교차로횡단보도내,이륜,남,62세,상해없음,보행자,여,24세,경상
2021111900100459,2021년 11월 19일 17시,금요일,대구광역시 북구 태전동,경상사고,0,0,1,0,차대차 - 기타,안전운전불이행,건조,맑음,단일로 - 기타,승용,여,48세,상해없음,승합,남,67세,경상
2021111900100517,2021년 11월 19일 18시,금요일,대구광역시 서구 평리동,경상사고,0,0,1,0,차대차 - 측면충돌,안전거리미확보,건조,맑음,교차로 - 교차로안,승용,남,67세,상해없음,승용,남,28세,경상
2021111900100518,2021년 11월 19일 18시,금요일,대구광역시 서구 내당동,경상사고,0,0,1,0,차대차 - 기타,안전운전불이행,건조,맑음,단일로 - 기타,승용,남,58세,상해없음,이륜,남,24세,경상
2021111900100519,2021년 11월 19일 18시,금요일,대구광역시 달서구 감삼동,경상사고,0,0,1,0,차대차 - 추돌,안전운전불이행,건조,맑음,단일로 - 기타,승용,여,29세,상해없음,승용,남,32세,경상
2021111900100564,2021년 11월 19일 19시,금요일,대구광역시 수성구 범물동,중상사고,0,1,0,0,차대사람 - 횡단중,보행자보호의무위반,건조,맑음,교차로 - 교차로횡단보도내,승용,여,60세,상해없음,보행자,남,14세,중상
2021111900100565,2021년 11월 19일 19시,금요일,대구광역시 서구 내당동,중상사고,0,1,3,0,차대차 - 측면충돌,신호위반,건조,맑음,교차로 - 교차로안,승용,여,50세,경상,승용,남,27세,중상
2021111900100566,2021년 11월 19일 19시,금요일,대구광역시 중구 삼덕동2가,경상사고,0,0,3,0,차대차 - 추돌,안전거리미확보,건조,맑음,단일로 - 기타,승용,여,58세,경상,승용,남,50세,경상
2021111900100567,2021년 11월 19일 19시,금요일,대구광역시 달서구 용산동,경상사고,0,0,1,0,차대차 - 기타,안전거리미확보,건조,흐림,기타 - 기타,이륜,남,23세,경상,승용,남,60세,상해없음
2021111900100568,2021년 11월 19일 19시,금요일,대구광역시 달서구 본리동,경상사고,0,0,1,0,차대사람 - 횡단중,안전운전불이행,건조,맑음,단일로 - 기타,승용,남,67세,상해없음,보행자,남,42세,경상
2021111900100569,2021년 11월 19일 19시,금요일,대구광역시 북구 태전동,부상신고사고,0,0,0,1,차대사람 - 횡단중,안전운전불이행,건조,맑음,단일로 - 기타,이륜,남,78세,상해없음,보행자,남,50세,부상신고
2021111900100570,2021년 11월 19일 19시,금요일,대구광역시 북구 태전동,경상사고,0,0,1,0,차대차 - 측면충돌,신호위반,건조,맑음,단일로 - 지하차도(도로)내,승용,남,63세,상해없음,승용,여,62세,경상
2021111900100631,2021년 11월 19일 21시,금요일,대구광역시 달서구 감삼동,경상사고,0,0,1,0,차대차 - 기타,안전운전불이행,건조,맑음,단일로 - 기타,승용,남,42세,경상,이륜,남,43세,상해없음
2021111900100632,2021년 11월 19일 21시,금요일,대구광역시 달서구 본리동,경상사고,0,0,1,0,차대사람 - 기타,안전운전불이행,건조,맑음,단일로 - 기타,승용,남,28세,상해없음,보행자,남,38세,경상
2021111900100663,2021년 11월 19일 22시,금요일,대구광역시 수성구 두산동,중상사고,0,1,0,0,차대차 - 추돌,안전운전불이행,건조,맑음,교차로 - 교차로부근,승용,남,31세,상해없음,이륜,남,31세,중상
2021111900100684,2021년 11월 19일 23시,금요일,대구광역시 달성군 화원읍,경상사고,0,0,3,0,차대차 - 측면충돌,안전운전불이행,건조,맑음,교차로 - 교차로부근,승용,남,50세,상해없음,이륜,남,29세,경상
2021111900100685,2021년 11월 19일 23시,금요일,대구광역시 서구 비산동,경상사고,0,0,1,0,차대차 - 추돌,안전운전불이행,건조,맑음,단일로 - 기타,승용,남,30세,상해없음,승용,남,27세,경상
2021111900100686,2021년 11월 19일 23시,금요일,대구광역시 달서구 이곡동,중상사고,0,1,0,0,차대사람 - 횡단중,신호위반,건조,맑음,교차로 - 교차로부근,승용,남,54세,상해없음,보행자,여,44세,중상
2021112000100015,2021년 11월 20일 00시,토요일,대구광역시 북구 구암동,중상사고,0,1,0,0,차대사람 - 횡단중,보행자보호의무위반,건조,맑음,교차로 - 교차로횡단보도내,승용,남,48세,상해없음,보행자,여,39세,중상
2021112000100037,2021년 11월 20일 01시,토요일,대구광역시 남구 봉덕동,경상사고,0,0,1,0,차대차 - 추돌,안전운전불이행,건조,맑음,단일로 - 기타,화물,남,72세,상해없음,승용,남,22세,경상
2021112000100085,2021년 11월 20일 06시,토요일,대구광역시 서구 비산동,중상사고,0,1,0,0,차대사람 - 횡단중,안전운전불이행,건조,맑음,단일로 - 기타,승용,남,63세,상해없음,보행자,여,80세,중상
2021112000100127,2021년 11월 20일 09시,토요일,대구광역시 서구 내당동,경상사고,0,0,1,0,차대차 - 측면충돌,안전거리미확보,건조,맑음,교차로 - 교차로부근,화물,남,74세,상해없음,승용,남,34세,경상
2021112000100151,2021년 11월 20일 10시,토요일,대구광역시 동구 효목동,중상사고,0,1,2,0,차대차 - 측면충돌,안전거리미확보,건조,맑음,단일로 - 기타,건설기계,남,54세,상해없음,승용,여,56세,중상
2021112000100188,2021년 11월 20일 11시,토요일,대구광역시 수성구 시지동,중상사고,0,1,2,0,차대차 - 추돌,안전거리미확보,건조,맑음,단일로 - 기타,화물,남,47세,경상,승합,남,49세,중상
2021112000100191,2021년 11월 20일 11시,토요일,대구광역시 달서구 송현동,경상사고,0,0,1,1,차대차 - 측면충돌,직진우회전진행방해,건조,맑음,교차로 - 교차로안,승용,남,52세,부상신고,원동기,남,20세,경상
2021112000100192,2021년 11월 20일 11시,토요일,대구광역시 중구 남산동,경상사고,0,0,2,0,차대차 - 후진중충돌,안전운전불이행,건조,흐림,기타 - 기타,건설기계,남,70세,상해없음,승용,여,47세,경상
2021112000100256,2021년 11월 20일 13시,토요일,대구광역시 남구 봉덕동,경상사고,0,0,2,0,차대차 - 측면충돌,교차로운행방법위반,건조,맑음,교차로 - 교차로부근,건설기계,남,48세,상해없음,승용,여,51세,경상
2021112000100257,2021년 11월 20일 13시,토요일,대구광역시 북구 칠성동2가,중상사고,0,1,0,0,차대차 - 측면충돌,안전운전불이행,건조,맑음,기타 - 기타,승용,여,44세,상해없음,자전거,남,26세,중상
2021112000100258,2021년 11월 20일 13시,토요일,대구광역시 북구 고성동3가,경상사고,0,0,2,1,차대차 - 측면충돌,안전운전불이행,건조,맑음,교차로 - 교차로안,승용,여,61세,부상신고,승용,남,29세,경상
2021112000100259,2021년 11월 20일 13시,토요일,대구광역시 달서구 죽전동,경상사고,0,0,1,0,차대차 - 후진중충돌,안전운전불이행,건조,맑음,단일로 - 기타,승용,남,37세,상해없음,승용,여,28세,경상
2021112000100260,2021년 11월 20일 13시,토요일,대구광역시 북구 연경동,중상사고,0,3,3,0,차대차 - 정면충돌,신호위반,건조,맑음,교차로 - 교차로안,이륜,남,41세,중상,승용,남,38세,중상
2021112000100303,2021년 11월 20일 14시,토요일,대구광역시 동구 불로동,경상사고,0,0,2,0,차대차 - 추돌,안전거리미확보,건조,맑음,단일로 - 기타,승용,여,74세,상해없음,승용,남,53세,경상
2021112000100304,2021년 11월 20일 14시,토요일,대구광역시 북구 산격동,부상신고사고,0,0,0,1,차대차 - 측면충돌,안전운전불이행,건조,맑음,단일로 - 기타,이륜,남,50세,부상신고,승용,여,58세,상해없음
2021112000100305,2021년 11월 20일 14시,토요일,대구광역시 중구 동성로3가,부상신고사고,0,0,0,1,차대사람 - 길가장자리구역통행중,안전운전불이행,건조,맑음,단일로 - 기타,승용,남,35세,상해없음,보행자,여,15세,부상신고
2021112000100339,2021년 11월 20일 15시,토요일,대구광역시 남구 대명동,경상사고,0,0,1,0,차대사람 - 기타,안전운전불이행,건조,맑음,단일로 - 기타,승용,남,68세,상해없음,보행자,여,36세,경상
2021112000100340,2021년 11월 20일 15시,토요일,대구광역시 달성군 현풍읍,경상사고,0,0,1,0,차대차 - 기타,안전운전불이행,건조,맑음,단일로 - 기타,화물,남,32세,기타불명,화물,남,47세,경상
2021112000100373,2021년 11월 20일 16시,토요일,대구광역시 달서구 대곡동,경상사고,0,0,1,0,차대차 - 추돌,안전운전불이행,건조,맑음,단일로 - 기타,화물,남,53세,상해없음,승용,여,37세,경상
2021112000100374,2021년 11월 20일 16시,토요일,대구광역시 달서구 이곡동,경상사고,0,0,1,0,차대차 - 후진중충돌,안전운전불이행,건조,맑음,주차장 - 주차장,승용,남,26세,기타불명,승용,남,38세,경상
2021112000100413,2021년 11월 20일 17시,토요일,대구광역시 남구 대명동,경상사고,0,0,1,0,차대차 - 측면충돌,안전운전불이행,건조,맑음,단일로 - 기타,승용,남,65세,상해없음,승용,여,27세,경상
2021112000100414,2021년 11월 20일 17시,토요일,대구광역시 동구 신천동,경상사고,0,0,1,0,차대차 - 후진중충돌,안전운전불이행,건조,맑음,기타 - 기타,승용,여,54세,상해없음,이륜,남,43세,경상
2021112000100415,2021년 11월 20일 17시,토요일,대구광역시 수성구 수성동4가,경상사고,0,0,3,0,차대차 - 기타,안전운전불이행,건조,맑음,단일로 - 기타,승용,여,29세,경상,이륜,남,41세,경상
2021112000100494,2021년 11월 20일 19시,토요일,대구광역시 남구 대명동,중상사고,0,1,0,0,차대차 - 측면충돌,안전운전불이행,건조,맑음,단일로 - 기타,승용,남,54세,상해없음,이륜,남,27세,중상
2021112000100521,2021년 11월 20일 20시,토요일,대구광역시 중구 북성로2가,경상사고,0,0,1,0,차대차 - 기타,안전운전불이행,건조,맑음,교차로 - 교차로안,승용,남,65세,상해없음,자전거,여,37세,경상
2021112000100522,2021년 11월 20일 20시,토요일,대구광역시 달서구 용산동,경상사고,0,0,1,0,차대사람 - 기타,안전운전불이행,건조,맑음,기타 - 기타,승용,남,38세,상해없음,보행자,여,51세,경상
2021112000100565,2021년 11월 20일 22시,토요일,대구광역시 동구 율하동,중상사고,0,1,1,0,차대차 - 측면충돌,안전운전불이행,건조,맑음,교차로 - 교차로부근,승용,남,30세,경상,이륜,남,48세,중상
2021112000100566,2021년 11월 20일 22시,토요일,대구광역시 수성구 삼덕동,경상사고,0,0,1,1,차대차 - 추돌,안전운전불이행,건조,맑음,단일로 - 기타,승용,여,63세,상해없음,승용,여,25세,경상
2021112000100567,2021년 11월 20일 22시,토요일,대구광역시 중구 덕산동,경상사고,0,0,1,0,차대차 - 측면충돌,신호위반,건조,맑음,교차로 - 교차로안,승용,남,49세,상해없음,이륜,남,25세,경상
2021112100100023,2021년 11월 21일 01시,일요일,대구광역시 수성구 황금동,경상사고,0,0,1,0,차대사람 - 길가장자리구역통행중,안전운전불이행,건조,맑음,기타 - 기타,승용,남,30세,상해없음,보행자,남,24세,경상
2021112100100024,2021년 11월 21일 01시,일요일,대구광역시 달서구 성당동,부상신고사고,0,0,0,1,차대사람 - 기타,안전운전불이행,건조,흐림,기타 - 기타,기타불명,기타불명,미분류,기타불명,보행자,남,40세,부상신고
2021112100100041,2021년 11월 21일 02시,일요일,대구광역시 중구 삼덕동1가,부상신고사고,0,0,0,2,차대사람 - 기타,안전운전불이행,건조,맑음,단일로 - 기타,승용,여,33세,상해없음,보행자,남,27세,부상신고
2021112100100050,2021년 11월 21일 04시,일요일,대구광역시 중구 삼덕동1가,부상신고사고,0,0,0,1,차대사람 - 기타,안전운전불이행,건조,맑음,단일로 - 기타,승용,남,22세,상해없음,보행자,남,26세,부상신고
2021112100100058,2021년 11월 21일 06시,일요일,대구광역시 중구 삼덕동1가,경상사고,0,0,1,0,차대차 - 측면충돌,안전운전불이행,건조,맑음,단일로 - 기타,승용,남,37세,상해없음,승용,남,68세,경상
2021112100100066,2021년 11월 21일 07시,일요일,대구광역시 달서구 갈산동,경상사고,0,0,2,0,차대차 - 추돌,안전운전불이행,건조,맑음,교차로 - 교차로부근,승용,남,33세,상해없음,승용,여,38세,경상
2021112100100075,2021년 11월 21일 08시,일요일,대구광역시 달서구 월성동,경상사고,0,0,1,0,차대차 - 측면충돌,신호위반,건조,맑음,교차로 - 교차로안,승용,남,53세,상해없음,승용,여,54세,경상
2021112100100083,2021년 11월 21일 09시,일요일,대구광역시 수성구 파동,중상사고,0,1,0,0,차대차 - 측면충돌,안전운전불이행,건조,맑음,단일로 - 기타,승용,남,36세,상해없음,승용,남,40세,중상
2021112100100084,2021년 11월 21일 09시,일요일,대구광역시 달서구 도원동,경상사고,0,0,1,0,차대차 - 기타,안전운전불이행,건조,맑음,교차로 - 교차로부근,승용,남,64세,상해없음,승용,남,55세,경상
2021112100100105,2021년 11월 21일 10시,일요일,대구광역시 동구 신암동,중상사고,0,1,0,0,차대차 - 측면충돌,안전운전불이행,건조,맑음,교차로 - 교차로부근,승용,남,65세,상해없음,자전거,남,81세,중상
2021112100100160,2021년 11월 21일 12시,일요일,대구광역시 수성구 수성동3가,경상사고,0,0,1,0,차대차 - 정면충돌,안전운전불이행,건조,맑음,단일로 - 기타,승용,남,54세,상해없음,자전거,남,14세,경상