사고번호,사고일시,요일,시군구,사고내용,사망자수,중상자수,경상자수,부상신고자수,사고유형,법규위반,노면상태,기상상태,도로형태,가해운전자 차종,가해운전자 성별,가해운전자 연령,가해운전자 상해정도,피해운전자 차종,피해운전자 성별,피해운전자 연령,피해운전자 상해정도
2021112100100161,2021년 11월 21일 12시,일요일,대구광역시 달성군 화원읍,중상사고,0,1,4,0,차대차 - 측면충돌,교차로운행방법위반,건조,맑음,교차로 - 교차로횡단보도내,승용,여,53세,경상,승용,여,27세,경상
2021112100100162,2021년 11월 21일 12시,일요일,대구광역시 중구 달성동,경상사고,0,0,5,0,차대차 - 추돌,안전운전불이행,건조,맑음,교차로 - 교차로부근,승용,남,48세,상해없음,승용,남,43세,경상
2021112100100187,2021년 11월 21일 13시,일요일,대구광역시 북구 금호동,경상사고,0,0,4,1,차대차 - 추돌,안전운전불이행,건조,맑음,단일로 - 기타,화물,남,38세,부상신고,승용,남,19세,상해없음
2021112100100221,2021년 11월 21일 14시,일요일,대구광역시 남구 대명동,경상사고,0,0,2,0,차대차 - 측면충돌,직진우회전진행방해,건조,맑음,교차로 - 교차로안,승용,여,54세,상해없음,승용,남,29세,경상
2021112100100222,2021년 11월 21일 14시,일요일,대구광역시 수성구 범어동,경상사고,0,0,3,0,차대차 - 추돌,안전운전불이행,건조,맑음,단일로 - 기타,승용,남,43세,상해없음,승용,여,51세,경상
2021112100100223,2021년 11월 21일 14시,일요일,대구광역시 수성구 황금동,경상사고,0,0,1,0,차대차 - 기타,신호위반,건조,맑음,교차로 - 교차로안,이륜,남,22세,경상,승용,여,42세,상해없음
2021112100100225,2021년 11월 21일 14시,일요일,대구광역시 서구 평리동,중상사고,0,1,1,0,차대차 - 추돌,안전거리미확보,건조,맑음,단일로 - 기타,이륜,남,49세,중상,승용,남,62세,경상
2021112100100226,2021년 11월 21일 14시,일요일,대구광역시 달서구 성당동,경상사고,0,0,1,0,차대사람 - 기타,안전운전불이행,건조,맑음,단일로 - 기타,승용,남,40세,상해없음,보행자,남,27세,경상
2021112100100227,2021년 11월 21일 14시,일요일,대구광역시 달서구 신당동,경상사고,0,0,1,0,차대차 - 측면충돌,안전운전불이행,건조,맑음,교차로 - 교차로부근,승용,남,36세,기타불명,이륜,남,32세,경상
2021112100100228,2021년 11월 21일 14시,일요일,대구광역시 북구 읍내동,경상사고,0,0,1,0,차대차 - 측면충돌,안전운전불이행,건조,맑음,교차로 - 교차로안,이륜,남,49세,경상,승용,남,42세,상해없음
2021112100100254,2021년 11월 21일 15시,일요일,대구광역시 서구 비산동,경상사고,0,0,1,0,차대사람 - 횡단중,안전운전불이행,건조,맑음,교차로 - 교차로안,승용,여,60세,상해없음,보행자,여,74세,경상
2021112100100324,2021년 11월 21일 17시,일요일,대구광역시 남구 봉덕동,중상사고,0,1,0,0,차대차 - 측면충돌,중앙선침범,건조,맑음,기타 - 기타,승용,여,44세,상해없음,이륜,남,21세,중상
2021112100100325,2021년 11월 21일 17시,일요일,대구광역시 동구 입석동,중상사고,0,1,0,0,차대차 - 측면충돌,신호위반,건조,맑음,교차로 - 교차로안,승용,남,26세,상해없음,이륜,남,47세,중상
2021112100100326,2021년 11월 21일 17시,일요일,대구광역시 수성구 범어동,경상사고,0,0,1,0,차대차 - 추돌,안전운전불이행,건조,맑음,교차로 - 교차로부근,화물,남,25세,상해없음,승용,남,49세,경상
2021112100100327,2021년 11월 21일 17시,일요일,대구광역시 달서구 도원동,경상사고,0,0,1,0,차대차 - 기타,중앙선침범,건조,맑음,교차로 - 교차로부근,기타불명,기타불명,미분류,기타불명,승용,남,57세,경상
2021112100100328,2021년 11월 21일 17시,일요일,대구광역시 서구 비산동,경상사고,0,0,1,0,차대차 - 후진중충돌,안전운전불이행,건조,맑음,교차로 - 교차로안,승용,남,63세,상해없음,승용,여,46세,경상
2021112100100330,2021년 11월 21일 17시,일요일,대구광역시 북구 읍내동,중상사고,0,1,0,0,차대차 - 측면충돌,중앙선침범,건조,맑음,교차로 - 교차로부근,승용,여,55세,기타불명,이륜,남,27세,중상
2021112100100374,2021년 11월 21일 18시,일요일,대구광역시 동구 신암동,중상사고,0,1,0,0,차대사람 - 횡단중,안전운전불이행,건조,맑음,교차로 - 교차로안,승용,남,49세,상해없음,보행자,여,87세,중상
2021112100100375,2021년 11월 21일 18시,일요일,대구광역시 수성구 신매동,경상사고,0,0,1,0,차대차 - 기타,안전운전불이행,건조,맑음,기타 - 기타,승용,남,30세,상해없음,자전거,남,32세,경상
2021112100100376,2021년 11월 21일 18시,일요일,대구광역시 수성구 삼덕동,경상사고,0,0,2,0,차대차 - 추돌,안전운전불이행,건조,맑음,기타 - 기타,승용,남,25세,경상,승용,남,75세,경상
2021112100100377,2021년 11월 21일 18시,일요일,대구광역시 달서구 상인동,경상사고,0,0,2,0,차대차 - 측면충돌,안전거리미확보,건조,맑음,단일로 - 기타,승용,남,53세,상해없음,승용,남,61세,경상
2021112100100378,2021년 11월 21일 18시,일요일,대구광역시 서구 평리동,중상사고,0,1,1,0,차대차 - 정면충돌,신호위반,건조,맑음,교차로 - 교차로안,화물,남,56세,상해없음,승용,남,24세,경상
2021112100100379,2021년 11월 21일 18시,일요일,대구광역시 서구 내당동,경상사고,0,0,1,0,차대차 - 측면충돌,안전거리미확보,건조,맑음,단일로 - 기타,승용,남,22세,상해없음,이륜,남,20세,경상
2021112100100403,2021년 11월 21일 19시,일요일,대구광역시 서구 상리동,경상사고,0,0,1,0,차대차 - 측면충돌,안전운전불이행,건조,맑음,단일로 - 기타,승용,남,61세,상해없음,승용,여,47세,경상
2021112100100405,2021년 11월 21일 19시,일요일,대구광역시 달서구 본동,경상사고,0,0,1,0,차대사람 - 횡단중,보행자보호의무위반,건조,맑음,교차로 - 교차로횡단보도내,승용,남,47세,상해없음,보행자,여,65세,경상
2021112100100406,2021년 11월 21일 19시,일요일,대구광역시 달서구 용산동,경상사고,0,0,1,0,차대차 - 기타,안전운전불이행,건조,맑음,단일로 - 기타,승용,남,24세,상해없음,승용,남,44세,경상
2021112100100427,2021년 11월 21일 20시,일요일,대구광역시 수성구 수성동3가,중상사고,0,1,2,0,차대차 - 측면충돌,신호위반,건조,맑음,교차로 - 교차로안,승용,남,63세,상해없음,승용,남,72세,경상
2021112100100455,2021년 11월 21일 21시,일요일,대구광역시 북구 칠성동1가,경상사고,0,0,1,0,차대차 - 추돌,안전거리미확보,건조,맑음,기타 - 기타,승용,남,61세,상해없음,승용,남,65세,상해없음
2021112100100456,2021년 11월 21일 21시,일요일,대구광역시 북구 태전동,중상사고,0,1,0,0,차대차 - 추돌,교차로운행방법위반,건조,맑음,교차로 - 교차로안,승용,남,28세,상해없음,이륜,남,33세,중상
2021112100100482,2021년 11월 21일 22시,일요일,대구광역시 서구 비산동,중상사고,0,1,1,0,차대차 - 측면충돌,신호위반,건조,맑음,교차로 - 교차로안,이륜,남,33세,중상,승용,남,65세,경상
2021112200100013,2021년 11월 22일 00시,월요일,대구광역시 남구 대명동,경상사고,0,0,1,1,차대차 - 정면충돌,신호위반,건조,맑음,교차로 - 교차로안,이륜,여,31세,부상신고,승용,남,71세,경상
2021112200100014,2021년 11월 22일 00시,월요일,대구광역시 북구 구암동,중상사고,0,1,5,0,차대차 - 추돌,안전거리미확보,건조,맑음,단일로 - 기타,승용,남,66세,상해없음,승용,남,23세,경상
2021112200100025,2021년 11월 22일 01시,월요일,대구광역시 북구 매천동,경상사고,0,0,1,0,차대차 - 기타,안전운전불이행,젖음/습기,맑음,단일로 - 교량,승용,남,26세,상해없음,화물,남,54세,경상
2021112200100049,2021년 11월 22일 04시,월요일,대구광역시 동구 효목동,사망사고,1,0,0,0,차대차 - 측면충돌,기타,건조,맑음,단일로 - 기타,화물,남,59세,상해없음,이륜,남,25세,사망
2021112200100057,2021년 11월 22일 05시,월요일,대구광역시 서구 비산동,경상사고,0,0,1,0,차대차 - 추돌,안전운전불이행,건조,맑음,교차로 - 교차로부근,승용,남,24세,상해없음,승용,남,60세,경상
2021112200100058,2021년 11월 22일 05시,월요일,대구광역시 북구 팔달동,사망사고,1,0,0,0,차대차 - 추돌,안전운전불이행,건조,맑음,단일로 - 기타,승용,남,30세,사망,건설기계,남,51세,기타불명
2021112200100072,2021년 11월 22일 06시,월요일,대구광역시 동구 방촌동,경상사고,0,0,1,0,차대차 - 기타,안전거리미확보,건조,맑음,단일로 - 기타,기타불명,기타불명,미분류,기타불명,승용,남,30세,경상
2021112200100073,2021년 11월 22일 06시,월요일,대구광역시 달성군 논공읍,중상사고,0,1,0,0,차대사람 - 횡단중,보행자보호의무위반,건조,맑음,단일로 - 기타,승용,남,48세,상해없음,보행자,남,65세,중상
2021112200100074,2021년 11월 22일 06시,월요일,대구광역시 서구 비산동,경상사고,0,0,1,1,차대차 - 측면충돌,안전운전불이행,건조,맑음,교차로 - 교차로안,승용,남,57세,부상신고,승용,남,49세,경상
2021112200100096,2021년 11월 22일 07시,월요일,대구광역시 북구 복현동,경상사고,0,0,1,0,차대차 - 측면충돌,교차로운행방법위반,건조,맑음,교차로 - 교차로안,화물,남,55세,상해없음,승용,남,43세,경상
2021112200100129,2021년 11월 22일 08시,월요일,대구광역시 북구 침산동,경상사고,0,0,1,0,차대차 - 추돌,안전거리미확보,건조,맑음,교차로 - 교차로부근,승용,남,41세,상해없음,승용,남,21세,경상
2021112200100153,2021년 11월 22일 09시,월요일,대구광역시 북구 서변동,경상사고,0,0,1,0,차대차 - 기타,안전거리미확보,건조,맑음,단일로 - 지하차도(도로)내,승용,여,67세,상해없음,승용,여,52세,경상
2021112200100175,2021년 11월 22일 10시,월요일,대구광역시 수성구 범어동,중상사고,0,1,0,0,차대사람 - 횡단중,안전운전불이행,건조,맑음,단일로 - 기타,화물,남,43세,상해없음,보행자,여,84세,중상
2021112200100222,2021년 11월 22일 11시,월요일,대구광역시 중구 남산동,경상사고,0,0,1,0,차대차 - 추돌,안전거리미확보,건조,맑음,교차로 - 교차로부근,승용,여,50세,상해없음,승용,여,46세,경상
2021112200100223,2021년 11월 22일 11시,월요일,대구광역시 달서구 장기동,중상사고,0,1,0,0,차대차 - 측면충돌,안전운전불이행,건조,맑음,단일로 - 기타,승용,남,54세,상해없음,원동기,여,29세,중상
2021112200100224,2021년 11월 22일 11시,월요일,대구광역시 달서구 성당동,경상사고,0,0,1,0,차대차 - 기타,안전거리미확보,건조,맑음,단일로 - 기타,승용,남,68세,상해없음,승합,남,44세,경상
2021112200100225,2021년 11월 22일 11시,월요일,대구광역시 달서구 성당동,경상사고,0,0,1,1,차대차 - 측면충돌,안전운전불이행,건조,맑음,단일로 - 기타,승용,남,74세,부상신고,승용,남,55세,경상
2021112200100259,2021년 11월 22일 12시,월요일,대구광역시 북구 읍내동,사망사고,1,1,1,0,차대차 - 정면충돌,중앙선침범,건조,맑음,단일로 - 기타,승용,여,50세,상해없음,승용,남,58세,경상
2021112200100298,2021년 11월 22일 13시,월요일,대구광역시 남구 봉덕동,경상사고,0,0,1,0,차대차 - 측면충돌,교차로운행방법위반,건조,맑음,교차로 - 교차로횡단보도내,승용,남,19세,상해없음,자전거,여,71세,경상
2021112200100299,2021년 11월 22일 13시,월요일,대구광역시 북구 읍내동,중상사고,0,1,0,0,차대차 - 측면충돌,불법유턴,건조,맑음,단일로 - 기타,승용,여,42세,상해없음,이륜,남,23세,중상
2021112200100336,2021년 11월 22일 14시,월요일,대구광역시 동구 괴전동,경상사고,0,0,1,0,차대차 - 측면충돌,안전거리미확보,건조,맑음,교차로 - 교차로안,건설기계,남,51세,상해없음,승용,여,51세,경상
2021112200100337,2021년 11월 22일 14시,월요일,대구광역시 수성구 황금동,경상사고,0,0,1,0,차대사람 - 길가장자리구역통행중,안전운전불이행,건조,맑음,교차로 - 교차로부근,승용,여,44세,상해없음,보행자,남,13세,경상
2021112200100368,2021년 11월 22일 15시,월요일,대구광역시 달서구 진천동,경상사고,0,0,1,0,차대사람 - 보도통행중,보행자보호의무위반,건조,맑음,교차로 - 교차로안,승용,남,82세,상해없음,보행자,여,28세,경상
2021112200100443,2021년 11월 22일 17시,월요일,대구광역시 수성구 만촌동,경상사고,0,0,2,0,차대차 - 정면충돌,안전거리미확보,건조,맑음,단일로 - 기타,승용,여,32세,기타불명,승용,여,30세,경상
2021112200100498,2021년 11월 22일 18시,월요일,대구광역시 동구 동호동,경상사고,0,0,1,0,차대차 - 측면충돌,안전거리미확보,건조,맑음,단일로 - 기타,승용,여,21세,상해없음,승용,남,75세,경상
2021112200100499,2021년 11월 22일 18시,월요일,대구광역시 수성구 범어동,중상사고,0,1,0,0,차대사람 - 기타,안전운전불이행,건조,맑음,단일로 - 기타,승용,남,72세,상해없음,보행자,남,57세,중상
2021112200100500,2021년 11월 22일 18시,월요일,대구광역시 수성구 중동,중상사고,0,1,0,0,차대사람 - 기타,안전운전불이행,건조,맑음,단일로 - 기타,기타불명,기타불명,미분류,기타불명,보행자,남,46세,중상
2021112200100501,2021년 11월 22일 18시,월요일,대구광역시 달서구 월성동,경상사고,0,0,1,1,차대차 - 측면충돌,안전운전불이행,건조,맑음,단일로 - 기타,이륜,남,33세,부상신고,이륜,남,34세,경상
2021112200100502,2021년 11월 22일 18시,월요일,대구광역시 달서구 월성동,중상사고,0,1,0,0,차대차 - 측면충돌,안전운전불이행,건조,맑음,교차로 - 교차로부근,승용,남,58세,상해없음,이륜,남,34세,중상
2021112200100503,2021년 11월 22일 18시,월요일,대구광역시 달서구 대곡동,경상사고,0,0,1,0,차대차 - 기타,안전거리미확보,건조,맑음,단일로 - 기타,승용,남,39세,상해없음,승용,남,43세,경상
2021112200100601,2021년 11월 22일 22시,월요일,대구광역시 북구 산격동,경상사고,0,0,1,0,차대차 - 추돌,안전운전불이행,건조,맑음,단일로 - 고가도로위,승용,여,57세,상해없음,이륜,남,28세,경상
2021112300100011,2021년 11월 23일 00시,화요일,대구광역시 중구 교동,중상사고,0,1,0,0,차대차 - 측면충돌,신호위반,건조,맑음,교차로 - 교차로안,승용,남,22세,상해없음,이륜,남,34세,중상
2021112300100019,2021년 11월 23일 01시,화요일,대구광역시 달서구 상인동,경상사고,0,0,1,0,차대차 - 측면충돌,신호위반,건조,맑음,교차로 - 교차로부근,승용,남,29세,상해없음,승용,남,68세,경상
2021112300100027,2021년 11월 23일 02시,화요일,대구광역시 북구 대현동,경상사고,0,0,2,0,차대차 - 추돌,안전운전불이행,건조,맑음,교차로 - 교차로부근,이륜,남,38세,경상,승용,남,60세,경상
2021112300100050,2021년 11월 23일 06시,화요일,대구광역시 북구 서변동,경상사고,0,0,4,0,차대차 - 측면충돌,안전운전불이행,건조,맑음,단일로 - 고가도로위,건설기계,남,64세,상해없음,승용,남,59세,경상
2021112300100110,2021년 11월 23일 08시,화요일,대구광역시 남구 대명동,경상사고,0,0,1,0,차대차 - 후진중충돌,안전운전불이행,건조,맑음,교차로 - 교차로안,승용,남,62세,상해없음,승용,여,38세,경상
2021112300100111,2021년 11월 23일 08시,화요일,대구광역시 북구 팔달동,경상사고,0,0,1,0,차대사람 - 기타,안전운전불이행,건조,맑음,단일로 - 기타,승용,여,61세,기타불명,보행자,남,14세,경상
2021112300100142,2021년 11월 23일 09시,화요일,대구광역시 수성구 만촌동,중상사고,0,1,0,0,차대차 - 기타,안전운전불이행,건조,맑음,단일로 - 기타,승용,여,36세,상해없음,이륜,남,49세,중상
2021112300100143,2021년 11월 23일 09시,화요일,대구광역시 달서구 대곡동,경상사고,0,0,1,0,차대차 - 추돌,안전운전불이행,건조,맑음,교차로 - 교차로부근,승용,남,64세,상해없음,승용,남,61세,상해없음
2021112300100173,2021년 11월 23일 10시,화요일,대구광역시 동구 동호동,경상사고,0,0,1,0,차대차 - 기타,직진우회전진행방해,건조,맑음,교차로 - 교차로안,승용,남,74세,상해없음,승용,남,56세,경상
2021112300100174,2021년 11월 23일 10시,화요일,대구광역시 동구 신천동,경상사고,0,0,2,0,차대차 - 측면충돌,교차로운행방법위반,건조,맑음,교차로 - 교차로안,화물,남,57세,상해없음,승용,남,22세,경상
2021112300100175,2021년 11월 23일 10시,화요일,대구광역시 수성구 상동,경상사고,0,0,1,0,차대차 - 측면충돌,직진우회전진행방해,건조,맑음,교차로 - 교차로안,승용,여,51세,상해없음,이륜,여,46세,경상
2021112300100176,2021년 11월 23일 10시,화요일,대구광역시 북구 칠성동1가,중상사고,0,1,0,0,차대사람 - 보도통행중,중앙선침범,건조,맑음,단일로 - 기타,화물,남,57세,상해없음,보행자,남,85세,중상
2021112300100209,2021년 11월 23일 11시,화요일,대구광역시 동구 서호동,경상사고,0,0,1,0,차대차 - 측면충돌,교차로운행방법위반,건조,맑음,교차로 - 교차로안,승용,남,35세,상해없음,자전거,여,43세,경상
2021112300100210,2021년 11월 23일 11시,화요일,대구광역시 동구 신천동,경상사고,0,0,1,0,차대차 - 추돌,안전거리미확보,건조,맑음,단일로 - 기타,승용,여,67세,상해없음,승용,여,52세,경상
2021112300100211,2021년 11월 23일 11시,화요일,대구광역시 수성구 수성동1가,경상사고,0,0,1,0,차대차 - 측면충돌,안전거리미확보,건조,맑음,단일로 - 기타,승용,남,63세,상해없음,승용,남,28세,경상
2021112300100235,2021년 11월 23일 12시,화요일,대구광역시 남구 대명동,중상사고,0,1,0,0,차대사람 - 횡단중,안전운전불이행,건조,맑음,단일로 - 기타,승용,여,32세,기타불명,보행자,남,78세,중상
2021112300100263,2021년 11월 23일 13시,화요일,대구광역시 수성구 만촌동,중상사고,0,1,0,0,차대차 - 측면충돌,안전운전불이행,건조,맑음,단일로 - 기타,승용,남,64세,상해없음,이륜,남,65세,중상
2021112300100264,2021년 11월 23일 13시,화요일,대구광역시 수성구 중동,경상사고,0,0,1,0,차대차 - 기타,안전거리미확보,건조,맑음,단일로 - 기타,승용,남,43세,상해없음,승합,남,40세,상해없음
2021112300100294,2021년 11월 23일 14시,화요일,대구광역시 수성구 범어동,경상사고,0,0,1,0,차대차 - 추돌,기타,건조,맑음,단일로 - 기타,승용,남,48세,경상,화물,남,31세,상해없음
2021112300100295,2021년 11월 23일 14시,화요일,대구광역시 수성구 상동,경상사고,0,0,1,0,차대차 - 추돌,안전운전불이행,건조,맑음,교차로 - 교차로부근,승용,남,19세,상해없음,승용,여,28세,경상
2021112300100296,2021년 11월 23일 14시,화요일,대구광역시 달서구 호산동,부상신고사고,0,0,0,1,차대사람 - 횡단중,안전운전불이행,건조,맑음,단일로 - 기타,승용,여,67세,상해없음,보행자,남,23세,부상신고
2021112300100356,2021년 11월 23일 16시,화요일,대구광역시 동구 방촌동,중상사고,0,1,0,0,차대차 - 측면충돌,안전운전불이행,건조,맑음,교차로 - 교차로안,이륜,남,41세,중상,승용,여,43세,상해없음
2021112300100357,2021년 11월 23일 16시,화요일,대구광역시 수성구 지산동,경상사고,0,0,1,0,차대사람 - 길가장자리구역통행중,보행자보호의무위반,건조,맑음,단일로 - 기타,승용,남,53세,상해없음,보행자,여,10세,경상
2021112300100358,2021년 11월 23일 16시,화요일,대구광역시 달서구 진천동,경상사고,0,0,2,0,차대차 - 기타,안전운전불이행,건조,맑음,교차로 - 교차로안,승용,남,50세,상해없음,승용,남,46세,상해없음
2021112300100359,2021년 11월 23일 16시,화요일,대구광역시 달서구 월성동,경상사고,0,0,1,0,차대차 - 기타,안전운전불이행,건조,맑음,단일로 - 기타,화물,남,70세,상해없음,자전거,남,15세,경상
2021112300100360,2021년 11월 23일 16시,화요일,대구광역시 북구 복현동,경상사고,0,0,2,0,차대차 - 측면충돌,안전거리미확보,건조,맑음,교차로 - 교차로부근,건설기계,남,55세,상해없음,승용,남,69세,경상
2021112300100406,2021년 11월 23일 17시,화요일,대구광역시 북구 산격동,경상사고,0,0,1,0,차대차 - 측면충돌,신호위반,건조,맑음,교차로 - 교차로안,화물,남,63세,상해없음,승용,남,64세,경상
2021112300100407,2021년 11월 23일 17시,화요일,대구광역시 서구 이현동,중상사고,0,1,0,0,차대차 - 측면충돌,안전운전불이행,건조,맑음,단일로 - 기타,승용,남,51세,상해없음,자전거,여,53세,중상
2021112300100460,2021년 11월 23일 18시,화요일,대구광역시 수성구 두산동,경상사고,0,0,1,0,차대차 - 측면충돌,안전거리미확보,건조,맑음,단일로 - 기타,이륜,여,30세,경상,승용,남,52세,상해없음
2021112300100461,2021년 11월 23일 18시,화요일,대구광역시 수성구 범어동,중상사고,0,1,0,0,차대차 - 기타,신호위반,건조,맑음,교차로 - 교차로안,승용,여,56세,상해없음,원동기,남,43세,중상
2021112300100462,2021년 11월 23일 18시,화요일,대구광역시 달서구 유천동,경상사고,0,0,1,0,차대차 - 추돌,안전운전불이행,건조,맑음,교차로 - 교차로안,승용,남,35세,상해없음,승용,남,46세,경상
2021112300100463,2021년 11월 23일 18시,화요일,대구광역시 달서구 송현동,경상사고,0,0,1,0,차대차 - 측면충돌,차로위반,건조,맑음,기타 - 기타,승용,여,64세,상해없음,승용,여,47세,경상
2021112300100464,2021년 11월 23일 18시,화요일,대구광역시 달성군 현풍읍,경상사고,0,0,1,0,차대차 - 추돌,안전운전불이행,건조,맑음,교차로 - 교차로부근,승용,남,43세,상해없음,원동기,남,49세,경상
2021112300100465,2021년 11월 23일 18시,화요일,대구광역시 달서구 장기동,경상사고,0,0,2,0,차대차 - 기타,안전거리미확보,건조,맑음,단일로 - 기타,승용,남,47세,상해없음,승용,남,47세,경상
2021112300100505,2021년 11월 23일 19시,화요일,대구광역시 달성군 화원읍,경상사고,0,0,1,0,차대사람 - 기타,안전운전불이행,건조,맑음,교차로 - 교차로안,승용,여,52세,상해없음,보행자,남,58세,경상
2021112300100506,2021년 11월 23일 19시,화요일,대구광역시 달성군 구지면,중상사고,0,1,0,0,차대사람 - 길가장자리구역통행중,안전운전불이행,건조,맑음,단일로 - 기타,승용,남,40세,상해없음,보행자,남,52세,중상
2021112300100507,2021년 11월 23일 19시,화요일,대구광역시 중구 남산동,경상사고,0,0,1,0,차대차 - 측면충돌,안전거리미확보,건조,맑음,단일로 - 기타,승용,여,44세,상해없음,승용,남,31세,경상
2021112300100598,2021년 11월 23일 23시,화요일,대구광역시 중구 공평동,경상사고,0,0,2,0,차대차 - 측면충돌,직진우회전진행방해,건조,맑음,교차로 - 교차로안,승용,남,66세,상해없음,승용,남,28세,경상
2021112400100018,2021년 11월 24일 02시,수요일,대구광역시 북구 산격동,경상사고,0,0,2,0,차대차 - 측면충돌,안전운전불이행,건조,맑음,교차로 - 교차로부근,승용,남,24세,기타불명,승용,남,30세,경상
2021112400100023,2021년 11월 24일 03시,수요일,대구광역시 중구 포정동,부상신고사고,0,0,0,1,차대차 - 추돌,안전운전불이행,건조,맑음,단일로 - 기타,승용,남,30세,상해없음,승용,남,70세,부상신고
2021112400100034,2021년 11월 24일 05시,수요일,대구광역시 달성군 논공읍,경상사고,0,0,1,0,차대차 - 추돌,안전운전불이행,건조,맑음,교차로 - 교차로부근,화물,남,37세,상해없음,이륜,남,62세,경상
2021112400100051,2021년 11월 24일 06시,수요일,대구광역시 달성군 현풍읍,중상사고,0,1,0,0,차대사람 - 횡단중,보행자보호의무위반,건조,맑음,기타 - 기타,승용,남,56세,상해없음,보행자,남,28세,중상
2021112400100075,2021년 11월 24일 07시,수요일,대구광역시 달서구 대천동,경상사고,0,0,1,0,차대차 - 기타,안전거리미확보,건조,맑음,단일로 - 기타,기타불명,기타불명,미분류,기타불명,승용,여,42세,경상
2021112400100076,2021년 11월 24일 07시,수요일,대구광역시 달서구 이곡동,중상사고,0,1,0,0,차대차 - 기타,기타,건조,맑음,기타 - 기타,화물,남,27세,중상,승용,여,64세,기타불명
2021112400100101,2021년 11월 24일 08시,수요일,대구광역시 남구 대명동,경상사고,0,0,1,0,차대사람 - 횡단중,보행자보호의무위반,건조,맑음,교차로 - 교차로횡단보도내,승용,여,57세,상해없음,보행자,여,9세,경상
2021112400100102,2021년 11월 24일 08시,수요일,대구광역시 서구 평리동,경상사고,0,0,1,0,차대사람 - 횡단중,안전운전불이행,건조,맑음,단일로 - 기타,승용,남,59세,상해없음,보행자,남,10세,경상
2021112400100156,2021년 11월 24일 10시,수요일,대구광역시 달성군 화원읍,경상사고,0,0,1,0,차대차 - 측면충돌,안전운전불이행,건조,맑음,교차로 - 교차로부근,화물,남,44세,상해없음,승용,여,60세,경상
2021112400100219,2021년 11월 24일 12시,수요일,대구광역시 달서구 유천동,경상사고,0,0,3,0,차대차 - 측면충돌,안전거리미확보,건조,맑음,단일로 - 기타,승용,여,70세,경상,승용,남,46세,경상
2021112400100220,2021년 11월 24일 12시,수요일,대구광역시 달서구 신당동,경상사고,0,0,1,0,차대차 - 추돌,안전운전불이행,건조,맑음,단일로 - 기타,승용,여,43세,상해없음,승용,남,41세,경상
2021112400100221,2021년 11월 24일 12시,수요일,대구광역시 북구 동천동,경상사고,0,0,1,0,차대차 - 정면충돌,안전운전불이행,건조,맑음,교차로 - 교차로횡단보도내,자전거,여,57세,경상,승용,여,45세,상해없음
2021112400100253,2021년 11월 24일 13시,수요일,대구광역시 달서구 성당동,경상사고,0,0,1,0,차대차 - 측면충돌,안전운전불이행,건조,맑음,단일로 - 기타,승용,남,27세,상해없음,이륜,남,36세,경상
2021112400100275,2021년 11월 24일 14시,수요일,대구광역시 수성구 범어동,경상사고,0,0,2,1,차대차 - 기타,교차로운행방법위반,건조,맑음,교차로 - 교차로안,승용,여,60세,부상신고,승용,남,52세,경상
2021112400100276,2021년 11월 24일 14시,수요일,대구광역시 달서구 용산동,경상사고,0,0,2,0,차대차 - 추돌,안전거리미확보,건조,맑음,단일로 - 기타,승용,여,46세,상해없음,승용,여,27세,경상
2021112400100302,2021년 11월 24일 15시,수요일,대구광역시 남구 대명동,경상사고,0,0,2,0,차대차 - 측면충돌,신호위반,건조,맑음,교차로 - 교차로안,승용,남,84세,상해없음,승용,여,23세,경상
2021112400100379,2021년 11월 24일 17시,수요일,대구광역시 달서구 상인동,경상사고,0,0,2,0,차대차 - 측면충돌,안전거리미확보,건조,맑음,단일로 - 기타,승용,남,65세,상해없음,승용,남,52세,경상
2021112400100380,2021년 11월 24일 17시,수요일,대구광역시 북구 노원동3가,경상사고,0,0,1,1,차대차 - 측면충돌,직진우회전진행방해,건조,맑음,교차로 - 교차로안,승용,남,50세,부상신고,승용,남,51세,경상
2021112400100381,2021년 11월 24일 17시,수요일,대구광역시 달서구 신당동,경상사고,0,0,1,0,차대차 - 정면충돌,안전운전불이행,건조,맑음,교차로 - 교차로부근,승용,남,54세,기타불명,승용,남,35세,경상
2021112400100454,2021년 11월 24일 18시,수요일,대구광역시 동구 지저동,부상신고사고,0,0,0,2,차대차 - 기타,차로위반,건조,맑음,단일로 - 기타,기타불명,기타불명,미분류,기타불명,이륜,남,16세,부상신고
2021112400100455,2021년 11월 24일 18시,수요일,대구광역시 수성구 만촌동,경상사고,0,0,2,0,차대차 - 기타,중앙선침범,건조,맑음,단일로 - 기타,화물,남,66세,상해없음,승용,여,56세,경상
2021112400100456,2021년 11월 24일 18시,수요일,대구광역시 수성구 지산동,중상사고,0,2,0,0,차대사람 - 차도통행중,안전운전불이행,건조,맑음,단일로 - 기타,승용,남,82세,상해없음,보행자,여,86세,중상