사고번호,사고일시,요일,시군구,사고내용,사망자수,중상자수,경상자수,부상신고자수,사고유형,법규위반,노면상태,기상상태,도로형태,가해운전자 차종,가해운전자 성별,가해운전자 연령,가해운전자 상해정도,피해운전자 차종,피해운전자 성별,피해운전자 연령,피해운전자 상해정도
2021112400100457,2021년 11월 24일 18시,수요일,대구광역시 수성구 수성동1가,경상사고,0,0,1,0,차대차 - 측면충돌,안전운전불이행,건조,맑음,기타 - 기타,기타불명,기타불명,미분류,기타불명,이륜,남,60세,경상
2021112400100496,2021년 11월 24일 19시,수요일,대구광역시 수성구 만촌동,경상사고,0,0,1,0,차대차 - 기타,안전거리미확보,건조,맑음,단일로 - 기타,승용,남,77세,상해없음,승용,남,58세,상해없음
2021112400100521,2021년 11월 24일 20시,수요일,대구광역시 달서구 진천동,중상사고,0,1,0,0,차대사람 - 횡단중,안전운전불이행,건조,맑음,교차로 - 교차로안,승용,남,31세,상해없음,보행자,남,63세,중상
2021112400100543,2021년 11월 24일 21시,수요일,대구광역시 수성구 만촌동,경상사고,0,0,1,0,차대차 - 측면충돌,교차로운행방법위반,건조,맑음,교차로 - 교차로안,승용,여,60세,상해없음,승용,여,50세,경상
2021112500100012,2021년 11월 25일 00시,목요일,대구광역시 동구 신천동,경상사고,0,0,1,0,차대차 - 기타,안전운전불이행,건조,맑음,단일로 - 기타,승용,남,66세,상해없음,승용,남,30세,상해없음
2021112500100031,2021년 11월 25일 02시,목요일,대구광역시 동구 대림동,사망사고,1,0,0,0,차량단독 - 공작물충돌,기타,건조,맑음,기타 - 기타,승용,남,23세,사망,,,,
2021112500100035,2021년 11월 25일 03시,목요일,대구광역시 중구 남산동,사망사고,1,0,0,0,차량단독 - 공작물충돌,안전운전불이행,건조,맑음,단일로 - 기타,원동기,남,26세,사망,,,,
2021112500100036,2021년 11월 25일 03시,목요일,대구광역시 달서구 호산동,부상신고사고,0,0,0,1,차대차 - 측면충돌,교차로운행방법위반,건조,맑음,교차로 - 교차로부근,승용,남,66세,상해없음,이륜,여,21세,부상신고
2021112500100040,2021년 11월 25일 04시,목요일,대구광역시 북구 산격동,경상사고,0,0,2,0,차대차 - 측면충돌,안전거리미확보,건조,맑음,단일로 - 기타,승용,남,72세,경상,화물,남,72세,경상
2021112500100065,2021년 11월 25일 06시,목요일,대구광역시 서구 내당동,경상사고,0,0,1,0,차대차 - 측면충돌,안전운전불이행,건조,맑음,교차로 - 교차로부근,승용,남,31세,상해없음,승용,여,54세,경상
2021112500100066,2021년 11월 25일 06시,목요일,대구광역시 중구 남산동,경상사고,0,0,1,0,차대사람 - 횡단중,신호위반,건조,맑음,교차로 - 교차로부근,화물,남,45세,상해없음,보행자,여,50세,경상
2021112500100084,2021년 11월 25일 07시,목요일,대구광역시 북구 동천동,중상사고,0,1,0,0,차대사람 - 횡단중,안전운전불이행,건조,맑음,교차로 - 교차로부근,승용,여,55세,기타불명,보행자,남,10세,중상
2021112500100160,2021년 11월 25일 09시,목요일,대구광역시 남구 대명동,경상사고,0,0,1,0,차대사람 - 횡단중,보행자보호의무위반,건조,맑음,단일로 - 기타,승용,남,79세,상해없음,보행자,여,28세,경상
2021112500100161,2021년 11월 25일 09시,목요일,대구광역시 수성구 두산동,경상사고,0,0,1,1,차대차 - 측면충돌,안전운전불이행,건조,맑음,단일로 - 기타,승용,남,47세,부상신고,승용,남,61세,경상
2021112500100162,2021년 11월 25일 09시,목요일,대구광역시 달서구 본동,경상사고,0,0,1,0,차대차 - 추돌,안전거리미확보,건조,맑음,단일로 - 기타,승용,여,48세,상해없음,승용,남,68세,경상
2021112500100163,2021년 11월 25일 09시,목요일,대구광역시 달서구 감삼동,경상사고,0,0,1,0,차대차 - 측면충돌,안전운전불이행,건조,맑음,단일로 - 기타,승용,여,53세,상해없음,이륜,남,53세,경상
2021112500100191,2021년 11월 25일 10시,목요일,대구광역시 달서구 송현동,중상사고,0,1,0,0,차대사람 - 기타,안전운전불이행,건조,맑음,단일로 - 기타,승합,남,59세,상해없음,보행자,남,75세,중상
2021112500100192,2021년 11월 25일 10시,목요일,대구광역시 북구 침산동,경상사고,0,0,1,0,차대사람 - 횡단중,안전운전불이행,건조,맑음,교차로 - 교차로부근,승용,여,56세,상해없음,보행자,여,44세,경상
2021112500100193,2021년 11월 25일 10시,목요일,대구광역시 서구 상리동,경상사고,0,0,1,0,차대차 - 추돌,안전운전불이행,건조,맑음,교차로 - 교차로부근,건설기계,남,61세,상해없음,승용,여,61세,경상
2021112500100234,2021년 11월 25일 11시,목요일,대구광역시 동구 신기동,경상사고,0,0,1,0,차대차 - 측면충돌,안전운전불이행,건조,맑음,단일로 - 기타,승용,여,55세,상해없음,승용,여,58세,경상
2021112500100263,2021년 11월 25일 12시,목요일,대구광역시 달서구 상인동,경상사고,0,0,1,0,차대차 - 측면충돌,신호위반,건조,맑음,교차로 - 교차로안,승용,여,35세,상해없음,승용,여,54세,경상
2021112500100264,2021년 11월 25일 12시,목요일,대구광역시 서구 비산동,경상사고,0,0,1,0,차대차 - 기타,신호위반,건조,맑음,교차로 - 교차로부근,이륜,남,17세,상해없음,승용,여,74세,경상
2021112500100265,2021년 11월 25일 12시,목요일,대구광역시 서구 비산동,경상사고,0,0,1,0,차량단독 - 기타,기타,건조,맑음,단일로 - 기타,승합,남,56세,상해없음,,,,
2021112500100344,2021년 11월 25일 14시,목요일,대구광역시 달서구 도원동,경상사고,0,0,1,0,차대차 - 측면충돌,안전운전불이행,건조,맑음,교차로 - 교차로부근,승용,남,65세,상해없음,승용,남,43세,경상
2021112500100345,2021년 11월 25일 14시,목요일,대구광역시 달서구 본리동,중상사고,0,1,0,0,차대사람 - 횡단중,안전운전불이행,건조,맑음,기타 - 기타,승용,여,53세,상해없음,보행자,남,12세,중상
2021112500100381,2021년 11월 25일 15시,목요일,대구광역시 동구 숙천동,중상사고,0,1,0,0,차량단독 - 공작물충돌,안전운전불이행,건조,맑음,단일로 - 기타,승용,여,62세,중상,,,,
2021112500100382,2021년 11월 25일 15시,목요일,대구광역시 수성구 황금동,중상사고,0,1,0,0,차대차 - 추돌,안전운전불이행,건조,맑음,교차로 - 교차로부근,승용,여,41세,상해없음,승용,여,35세,중상
2021112500100383,2021년 11월 25일 15시,목요일,대구광역시 중구 대신동,경상사고,0,0,1,0,차대사람 - 횡단중,보행자보호의무위반,건조,맑음,단일로 - 기타,승용,남,34세,상해없음,보행자,남,68세,경상
2021112500100428,2021년 11월 25일 16시,목요일,대구광역시 달서구 본리동,경상사고,0,0,1,0,차대사람 - 기타,안전운전불이행,건조,맑음,단일로 - 기타,승용,여,61세,상해없음,보행자,남,45세,경상
2021112500100482,2021년 11월 25일 17시,목요일,대구광역시 남구 대명동,경상사고,0,0,1,0,차대사람 - 횡단중,안전운전불이행,건조,맑음,교차로 - 교차로횡단보도내,승용,남,66세,상해없음,보행자,여,21세,경상
2021112500100483,2021년 11월 25일 17시,목요일,대구광역시 달성군 다사읍,경상사고,0,0,2,0,차대차 - 측면충돌,교차로운행방법위반,건조,맑음,교차로 - 교차로안,승용,여,64세,경상,이륜,남,18세,경상
2021112500100537,2021년 11월 25일 18시,목요일,대구광역시 달서구 장기동,경상사고,0,0,1,0,차대차 - 측면충돌,직진우회전진행방해,건조,맑음,교차로 - 교차로안,승용,여,34세,기타불명,승용,남,59세,경상
2021112500100538,2021년 11월 25일 18시,목요일,대구광역시 북구 읍내동,경상사고,0,0,2,0,차대차 - 측면충돌,안전거리미확보,건조,맑음,단일로 - 지하차도(도로)내,승용,남,58세,기타불명,승용,남,53세,경상
2021112500100583,2021년 11월 25일 19시,목요일,대구광역시 수성구 범어동,중상사고,0,2,1,0,차대차 - 측면충돌,교차로운행방법위반,건조,맑음,교차로 - 교차로부근,승용,여,52세,중상,승용,남,23세,경상
2021112500100584,2021년 11월 25일 19시,목요일,대구광역시 달서구 월성동,경상사고,0,0,1,0,차대차 - 측면충돌,교차로운행방법위반,건조,맑음,교차로 - 교차로안,승용,여,37세,상해없음,개인형이동수단(PM),남,36세,경상
2021112500100606,2021년 11월 25일 20시,목요일,대구광역시 동구 율하동,부상신고사고,0,0,0,1,차대차 - 측면충돌,안전운전불이행,건조,맑음,단일로 - 기타,자전거,남,59세,부상신고,승용,여,38세,상해없음
2021112500100607,2021년 11월 25일 20시,목요일,대구광역시 수성구 만촌동,경상사고,0,0,1,0,차대차 - 측면충돌,안전운전불이행,건조,맑음,교차로 - 교차로안,승용,남,55세,상해없음,승용,남,72세,경상
2021112500100608,2021년 11월 25일 20시,목요일,대구광역시 달서구 감삼동,경상사고,0,0,1,0,차대사람 - 횡단중,보행자보호의무위반,건조,맑음,교차로 - 교차로횡단보도내,승용,남,69세,상해없음,보행자,여,54세,경상
2021112500100634,2021년 11월 25일 21시,목요일,대구광역시 달서구 본리동,경상사고,0,0,4,0,차대차 - 측면충돌,안전거리미확보,건조,맑음,교차로 - 교차로부근,승용,여,47세,경상,승용,남,28세,경상
2021112500100674,2021년 11월 25일 23시,목요일,대구광역시 달서구 이곡동,경상사고,0,0,1,0,차대차 - 측면충돌,안전거리미확보,건조,흐림,단일로 - 기타,승용,남,56세,상해없음,승용,남,26세,경상
2021112600100012,2021년 11월 26일 00시,금요일,대구광역시 동구 신기동,경상사고,0,0,1,0,차대사람 - 기타,안전운전불이행,건조,맑음,교차로 - 교차로안,화물,남,54세,상해없음,보행자,남,68세,경상
2021112600100039,2021년 11월 26일 03시,금요일,대구광역시 수성구 시지동,경상사고,0,0,1,0,차대차 - 기타,안전운전불이행,건조,맑음,단일로 - 기타,승용,여,20세,상해없음,승용,여,49세,경상
2021112600100096,2021년 11월 26일 07시,금요일,대구광역시 달서구 도원동,중상사고,0,1,1,0,차대차 - 측면충돌,안전거리미확보,건조,맑음,단일로 - 기타,화물,남,62세,경상,승용,여,29세,중상
2021112600100097,2021년 11월 26일 07시,금요일,대구광역시 달성군 다사읍,경상사고,0,0,1,0,차대차 - 측면충돌,신호위반,건조,맑음,교차로 - 교차로안,건설기계,남,50세,상해없음,승용,남,54세,경상
2021112600100144,2021년 11월 26일 08시,금요일,대구광역시 동구 지묘동,경상사고,0,0,1,0,차대사람 - 기타,안전운전불이행,건조,맑음,단일로 - 기타,기타불명,기타불명,미분류,기타불명,보행자,여,39세,경상
2021112600100145,2021년 11월 26일 08시,금요일,대구광역시 달서구 상인동,경상사고,0,0,4,0,차대차 - 측면충돌,중앙선침범,건조,맑음,단일로 - 기타,이륜,남,16세,경상,승용,여,38세,경상
2021112600100146,2021년 11월 26일 08시,금요일,대구광역시 달서구 진천동,경상사고,0,0,1,0,차대차 - 측면충돌,안전운전불이행,건조,맑음,단일로 - 기타,승용,여,36세,상해없음,승용,남,33세,경상
2021112600100147,2021년 11월 26일 08시,금요일,대구광역시 달서구 이곡동,경상사고,0,0,1,0,차대차 - 측면충돌,안전운전불이행,건조,맑음,교차로 - 교차로안,자전거,여,58세,경상,승용,여,38세,상해없음
2021112600100185,2021년 11월 26일 09시,금요일,대구광역시 동구 둔산동,경상사고,0,0,1,0,차대차 - 측면충돌,안전운전불이행,건조,맑음,단일로 - 기타,승합,남,52세,상해없음,승용,남,47세,경상
2021112600100216,2021년 11월 26일 10시,금요일,대구광역시 남구 대명동,중상사고,0,1,0,0,차대차 - 기타,안전운전불이행,건조,맑음,단일로 - 기타,승용,남,71세,상해없음,이륜,여,62세,중상
2021112600100217,2021년 11월 26일 10시,금요일,대구광역시 달성군 화원읍,경상사고,0,0,1,0,차대차 - 기타,안전운전불이행,건조,맑음,교차로 - 교차로안,승용,남,70세,상해없음,자전거,여,75세,경상
2021112600100218,2021년 11월 26일 10시,금요일,대구광역시 북구 노원동3가,경상사고,0,0,2,0,차대차 - 추돌,안전거리미확보,건조,맑음,단일로 - 기타,화물,남,49세,상해없음,승용,여,51세,경상
2021112600100219,2021년 11월 26일 10시,금요일,대구광역시 달서구 이곡동,중상사고,0,1,0,0,차대사람 - 횡단중,보행자보호의무위반,건조,맑음,교차로 - 교차로횡단보도내,승용,여,39세,상해없음,보행자,남,81세,중상
2021112600100287,2021년 11월 26일 12시,금요일,대구광역시 동구 신기동,중상사고,0,1,1,0,차대차 - 측면충돌,교차로운행방법위반,건조,맑음,교차로 - 교차로안,승용,남,46세,경상,이륜,남,19세,중상
2021112600100288,2021년 11월 26일 12시,금요일,대구광역시 서구 평리동,중상사고,0,1,0,0,차대사람 - 기타,안전운전불이행,건조,맑음,단일로 - 기타,자전거,여,32세,상해없음,보행자,여,66세,중상
2021112600100289,2021년 11월 26일 12시,금요일,대구광역시 서구 상리동,경상사고,0,0,2,1,차대차 - 추돌,안전운전불이행,건조,맑음,단일로 - 기타,승용,남,64세,부상신고,승용,남,45세,상해없음
2021112600100290,2021년 11월 26일 12시,금요일,대구광역시 중구 대신동,부상신고사고,0,0,0,1,차대차 - 측면충돌,안전운전불이행,건조,맑음,교차로 - 교차로안,이륜,남,64세,부상신고,화물,남,61세,상해없음
2021112600100330,2021년 11월 26일 13시,금요일,대구광역시 북구 국우동,경상사고,0,0,3,0,차대차 - 측면충돌,안전운전불이행,건조,맑음,단일로 - 고가도로위,승용,여,39세,경상,승용,남,39세,경상
2021112600100331,2021년 11월 26일 13시,금요일,대구광역시 북구 도남동,경상사고,0,0,3,0,차대차 - 측면충돌,직진우회전진행방해,건조,맑음,교차로 - 교차로안,화물,남,61세,경상,승합,남,49세,경상
2021112600100345,2021년 11월 26일 14시,금요일,대구광역시 서구 상리동,경상사고,0,0,1,0,차대차 - 측면충돌,안전운전불이행,건조,맑음,단일로 - 기타,건설기계,남,41세,상해없음,승용,남,28세,경상
2021112600100353,2021년 11월 26일 14시,금요일,대구광역시 동구 신암동,경상사고,0,0,4,0,차대차 - 추돌,안전운전불이행,건조,맑음,단일로 - 기타,화물,남,56세,상해없음,승용,남,46세,경상
2021112600100354,2021년 11월 26일 14시,금요일,대구광역시 수성구 범어동,경상사고,0,0,1,0,차대차 - 측면충돌,안전운전불이행,건조,맑음,단일로 - 기타,승용,남,71세,상해없음,원동기,남,52세,경상
2021112600100355,2021년 11월 26일 14시,금요일,대구광역시 수성구 범어동,경상사고,0,0,1,0,차대사람 - 길가장자리구역통행중,안전운전불이행,건조,맑음,기타 - 기타,승용,남,64세,상해없음,보행자,여,25세,경상
2021112600100356,2021년 11월 26일 14시,금요일,대구광역시 수성구 중동,경상사고,0,0,1,1,차대차 - 측면충돌,안전거리미확보,건조,맑음,단일로 - 기타,승용,여,55세,부상신고,승용,남,23세,경상
2021112600100357,2021년 11월 26일 14시,금요일,대구광역시 북구 침산동,경상사고,0,0,1,0,차대차 - 측면충돌,안전운전불이행,건조,맑음,단일로 - 기타,승용,남,29세,상해없음,승용,남,38세,경상
2021112600100358,2021년 11월 26일 14시,금요일,대구광역시 북구 산격동,중상사고,0,1,0,0,차대차 - 측면충돌,안전운전불이행,건조,맑음,단일로 - 기타,건설기계,남,55세,상해없음,승용,여,39세,중상
2021112600100359,2021년 11월 26일 14시,금요일,대구광역시 북구 학정동,부상신고사고,0,0,0,1,차대차 - 추돌,불법유턴,건조,맑음,단일로 - 기타,승용,남,21세,상해없음,화물,남,32세,부상신고
2021112600100403,2021년 11월 26일 15시,금요일,대구광역시 달서구 진천동,중상사고,0,1,0,0,차대차 - 측면충돌,안전운전불이행,건조,맑음,단일로 - 기타,승용,남,63세,상해없음,자전거,여,56세,중상
2021112600100404,2021년 11월 26일 15시,금요일,대구광역시 북구 칠성동2가,중상사고,0,1,0,0,차대차 - 측면충돌,안전운전불이행,건조,맑음,단일로 - 기타,승용,남,28세,상해없음,자전거,남,63세,중상
2021112600100406,2021년 11월 26일 15시,금요일,대구광역시 남구 대명동,경상사고,0,0,1,0,차대차 - 측면충돌,안전운전불이행,건조,맑음,교차로 - 교차로안,승용,여,34세,상해없음,승용,남,45세,경상
2021112600100442,2021년 11월 26일 16시,금요일,대구광역시 수성구 범어동,경상사고,0,0,1,0,차대차 - 기타,신호위반,건조,맑음,단일로 - 기타,승합,남,37세,상해없음,이륜,남,25세,경상
2021112600100443,2021년 11월 26일 16시,금요일,대구광역시 수성구 만촌동,경상사고,0,0,1,0,차대사람 - 횡단중,안전운전불이행,건조,맑음,단일로 - 기타,승용,여,48세,상해없음,보행자,남,8세,경상
2021112600100444,2021년 11월 26일 16시,금요일,대구광역시 달서구 상인동,중상사고,0,1,0,0,차대차 - 측면충돌,안전운전불이행,건조,맑음,교차로 - 교차로부근,승용,남,71세,상해없음,이륜,남,29세,중상
2021112600100445,2021년 11월 26일 16시,금요일,대구광역시 달서구 월성동,경상사고,0,0,1,0,차대차 - 기타,불법유턴,건조,맑음,교차로 - 교차로부근,승용,여,52세,기타불명,승용,여,29세,경상
2021112600100446,2021년 11월 26일 16시,금요일,대구광역시 북구 팔달동,경상사고,0,0,3,0,차대차 - 추돌,안전운전불이행,건조,맑음,단일로 - 기타,승용,남,62세,기타불명,승용,남,68세,경상
2021112600100517,2021년 11월 26일 17시,금요일,대구광역시 동구 지저동,경상사고,0,0,1,0,차대차 - 추돌,안전운전불이행,건조,맑음,교차로 - 교차로안,승용,남,41세,상해없음,승용,남,53세,경상
2021112600100518,2021년 11월 26일 17시,금요일,대구광역시 수성구 만촌동,경상사고,0,0,1,0,차대차 - 측면충돌,안전운전불이행,건조,맑음,교차로 - 교차로부근,승합,여,56세,상해없음,이륜,남,36세,경상
2021112600100519,2021년 11월 26일 17시,금요일,대구광역시 달성군 다사읍,경상사고,0,0,2,0,차대차 - 기타,안전운전불이행,건조,맑음,단일로 - 기타,승용,남,29세,상해없음,승용,남,57세,경상
2021112600100520,2021년 11월 26일 17시,금요일,대구광역시 달서구 성당동,경상사고,0,0,1,0,차대차 - 추돌,안전운전불이행,건조,맑음,교차로 - 교차로부근,승용,남,65세,상해없음,승용,남,58세,경상
2021112600100521,2021년 11월 26일 17시,금요일,대구광역시 북구 국우동,경상사고,0,0,1,0,차대차 - 측면충돌,교차로운행방법위반,건조,맑음,교차로 - 교차로안,승합,남,50세,상해없음,승용,여,59세,경상
2021112600100578,2021년 11월 26일 18시,금요일,대구광역시 동구 각산동,경상사고,0,0,5,0,차대차 - 측면충돌,신호위반,건조,맑음,교차로 - 교차로안,승용,남,41세,상해없음,승용,남,36세,경상
2021112600100579,2021년 11월 26일 18시,금요일,대구광역시 동구 불로동,경상사고,0,0,1,0,차대차 - 측면충돌,안전거리미확보,건조,맑음,단일로 - 기타,승용,남,29세,상해없음,승용,남,59세,경상
2021112600100580,2021년 11월 26일 18시,금요일,대구광역시 수성구 지산동,중상사고,0,2,0,0,차대차 - 측면충돌,안전운전불이행,건조,맑음,교차로 - 교차로안,승용,남,53세,상해없음,개인형이동수단(PM),여,18세,중상
2021112600100581,2021년 11월 26일 18시,금요일,대구광역시 수성구 중동,경상사고,0,0,1,0,차대차 - 측면충돌,안전운전불이행,건조,흐림,단일로 - 기타,승용,여,58세,상해없음,승용,여,32세,경상
2021112600100582,2021년 11월 26일 18시,금요일,대구광역시 달서구 도원동,경상사고,0,0,1,0,차대차 - 기타,안전거리미확보,건조,맑음,단일로 - 기타,승용,남,56세,상해없음,이륜,남,62세,경상
2021112600100583,2021년 11월 26일 18시,금요일,대구광역시 중구 태평로3가,부상신고사고,0,0,0,2,차대차 - 기타,교차로운행방법위반,건조,맑음,교차로 - 교차로안,기타불명,기타불명,미분류,기타불명,승용,남,70세,상해없음
2021112600100584,2021년 11월 26일 18시,금요일,대구광역시 달서구 본리동,경상사고,0,0,1,0,차대차 - 측면충돌,안전운전불이행,건조,맑음,단일로 - 기타,승용,여,23세,경상,승용,남,23세,기타불명
2021112600100637,2021년 11월 26일 19시,금요일,대구광역시 서구 상리동,경상사고,0,0,3,0,차대차 - 측면충돌,안전운전불이행,건조,맑음,단일로 - 기타,화물,남,66세,상해없음,승용,남,45세,경상
2021112600100641,2021년 11월 26일 19시,금요일,대구광역시 남구 대명동,경상사고,0,0,1,0,차대사람 - 기타,기타,건조,맑음,단일로 - 기타,승용,남,56세,상해없음,보행자,남,60세,경상
2021112600100642,2021년 11월 26일 19시,금요일,대구광역시 달서구 이곡동,중상사고,0,1,1,0,차대차 - 측면충돌,신호위반,건조,맑음,단일로 - 기타,승용,여,57세,경상,이륜,남,36세,중상
2021112600100673,2021년 11월 26일 20시,금요일,대구광역시 수성구 이천동,중상사고,0,1,1,0,차대차 - 추돌,안전운전불이행,건조,맑음,단일로 - 기타,승용,남,45세,상해없음,승용,여,31세,경상
2021112600100674,2021년 11월 26일 20시,금요일,대구광역시 달서구 송현동,경상사고,0,0,2,0,차대차 - 측면충돌,교차로운행방법위반,건조,맑음,교차로 - 교차로안,승용,남,54세,상해없음,승용,여,45세,경상
2021112600100675,2021년 11월 26일 20시,금요일,대구광역시 달성군 화원읍,경상사고,0,0,1,0,차대차 - 측면충돌,안전운전불이행,건조,맑음,교차로 - 교차로안,승용,남,24세,상해없음,이륜,남,60세,경상
2021112600100703,2021년 11월 26일 21시,금요일,대구광역시 달서구 장동,경상사고,0,0,2,0,차대차 - 추돌,안전운전불이행,건조,맑음,단일로 - 기타,화물,남,65세,상해없음,승용,남,22세,경상
2021112600100723,2021년 11월 26일 22시,금요일,대구광역시 달서구 본리동,경상사고,0,0,1,0,차대사람 - 차도통행중,안전운전불이행,건조,맑음,단일로 - 기타,승용,여,48세,기타불명,보행자,남,50세,경상
2021112600100744,2021년 11월 26일 23시,금요일,대구광역시 북구 대현동,부상신고사고,0,0,0,1,차대차 - 기타,중앙선침범,건조,맑음,교차로 - 교차로횡단보도내,개인형이동수단(PM),남,35세,부상신고,승용,여,43세,상해없음
2021112600100745,2021년 11월 26일 23시,금요일,대구광역시 서구 비산동,경상사고,0,0,3,1,차대차 - 추돌,안전운전불이행,건조,맑음,교차로 - 교차로부근,승용,남,37세,상해없음,승용,남,45세,경상
2021112700100045,2021년 11월 27일 04시,토요일,대구광역시 달서구 죽전동,중상사고,0,1,0,0,차대사람 - 횡단중,안전운전불이행,건조,맑음,단일로 - 기타,승용,남,61세,상해없음,보행자,여,71세,중상
2021112700100046,2021년 11월 27일 04시,토요일,대구광역시 달서구 신당동,경상사고,0,0,1,0,차대사람 - 기타,안전운전불이행,건조,맑음,단일로 - 기타,승용,여,30세,상해없음,보행자,남,21세,경상
2021112700100060,2021년 11월 27일 06시,토요일,대구광역시 동구 신암동,경상사고,0,0,4,0,차대차 - 측면충돌,안전거리미확보,건조,맑음,교차로 - 교차로부근,승용,여,52세,상해없음,승용,남,40세,경상
2021112700100061,2021년 11월 27일 06시,토요일,대구광역시 달성군 화원읍,중상사고,0,1,0,0,차대사람 - 횡단중,안전운전불이행,건조,맑음,단일로 - 기타,화물,남,54세,상해없음,보행자,여,69세,중상
2021112700100062,2021년 11월 27일 06시,토요일,대구광역시 북구 태전동,경상사고,0,0,1,0,차대차 - 추돌,안전운전불이행,건조,맑음,교차로 - 교차로횡단보도내,승용,남,30세,상해없음,승용,여,61세,경상
2021112700100084,2021년 11월 27일 08시,토요일,대구광역시 동구 부동,경상사고,0,0,2,0,차대차 - 추돌,안전운전불이행,건조,맑음,단일로 - 기타,화물,남,34세,경상,특수,남,34세,상해없음
2021112700100109,2021년 11월 27일 09시,토요일,대구광역시 남구 봉덕동,경상사고,0,0,3,0,차대차 - 측면충돌,교차로운행방법위반,건조,맑음,교차로 - 교차로안,승용,여,50세,경상,승용,여,64세,경상
2021112700100110,2021년 11월 27일 09시,토요일,대구광역시 달서구 월성동,경상사고,0,0,2,0,차대차 - 측면충돌,안전운전불이행,건조,맑음,교차로 - 교차로안,승용,여,62세,상해없음,승용,남,61세,경상
2021112700100147,2021년 11월 27일 10시,토요일,대구광역시 동구 방촌동,중상사고,0,1,0,0,차대차 - 측면충돌,교차로운행방법위반,건조,맑음,교차로 - 교차로안,승용,남,57세,상해없음,자전거,여,73세,중상
2021112700100148,2021년 11월 27일 10시,토요일,대구광역시 달서구 신당동,경상사고,0,0,1,0,차대차 - 기타,안전운전불이행,건조,맑음,단일로 - 기타,자전거,남,48세,경상,승용,남,53세,기타불명
2021112700100182,2021년 11월 27일 11시,토요일,대구광역시 달서구 이곡동,중상사고,0,1,1,0,차대사람 - 횡단중,안전운전불이행,건조,맑음,단일로 - 기타,이륜,남,24세,경상,보행자,여,73세,중상
2021112700100221,2021년 11월 27일 12시,토요일,대구광역시 동구 신암동,중상사고,0,1,0,0,차대차 - 측면충돌,신호위반,건조,맑음,교차로 - 교차로안,승용,여,40세,상해없음,이륜,남,72세,중상
2021112700100222,2021년 11월 27일 12시,토요일,대구광역시 수성구 범어동,중상사고,0,1,0,0,차대사람 - 횡단중,안전운전불이행,건조,맑음,단일로 - 기타,승용,여,47세,상해없음,보행자,남,29세,중상
2021112700100223,2021년 11월 27일 12시,토요일,대구광역시 수성구 만촌동,경상사고,0,0,1,0,차대차 - 측면충돌,안전운전불이행,건조,맑음,교차로 - 교차로안,승용,남,32세,상해없음,승용,여,38세,경상
2021112700100224,2021년 11월 27일 12시,토요일,대구광역시 서구 이현동,경상사고,0,0,1,1,차대차 - 측면충돌,안전거리미확보,건조,맑음,단일로 - 기타,승용,남,51세,부상신고,화물,남,61세,경상
2021112700100225,2021년 11월 27일 12시,토요일,대구광역시 중구 남산동,부상신고사고,0,0,0,2,차대차 - 기타,안전거리미확보,건조,맑음,단일로 - 기타,이륜,남,50세,부상신고,이륜,남,22세,부상신고
2021112700100265,2021년 11월 27일 13시,토요일,대구광역시 수성구 상동,중상사고,0,1,0,0,차대차 - 측면충돌,교차로운행방법위반,건조,맑음,단일로 - 기타,승합,남,52세,상해없음,승용,여,28세,중상
2021112700100266,2021년 11월 27일 13시,토요일,대구광역시 수성구 파동,중상사고,0,1,0,0,차대차 - 측면충돌,안전운전불이행,건조,맑음,단일로 - 기타,이륜,남,26세,중상,승용,남,53세,상해없음
2021112700100267,2021년 11월 27일 13시,토요일,대구광역시 북구 산격동,경상사고,0,0,2,0,차대차 - 측면충돌,안전운전불이행,건조,맑음,단일로 - 기타,승용,여,52세,상해없음,승용,여,60세,경상
2021112700100310,2021년 11월 27일 14시,토요일,대구광역시 동구 검사동,경상사고,0,0,1,0,차대차 - 추돌,안전운전불이행,건조,맑음,교차로 - 교차로안,승용,남,45세,상해없음,승용,여,64세,경상
2021112700100311,2021년 11월 27일 14시,토요일,대구광역시 달서구 송현동,경상사고,0,0,3,0,차대차 - 기타,안전운전불이행,건조,맑음,단일로 - 기타,승용,여,26세,상해없음,승용,남,56세,상해없음
2021112700100352,2021년 11월 27일 15시,토요일,대구광역시 남구 대명동,부상신고사고,0,0,0,1,차대차 - 기타,안전운전불이행,건조,맑음,교차로 - 교차로부근,승용,남,58세,상해없음,이륜,남,41세,부상신고
2021112700100353,2021년 11월 27일 15시,토요일,대구광역시 동구 용계동,중상사고,0,1,0,1,차대차 - 기타,안전운전불이행,건조,맑음,기타 - 기타,원동기,남,82세,상해없음,자전거,남,23세,중상
2021112700100354,2021년 11월 27일 15시,토요일,대구광역시 달서구 감삼동,경상사고,0,0,2,0,차대차 - 추돌,안전운전불이행,건조,맑음,교차로 - 교차로부근,승용,남,22세,기타불명,승용,남,67세,경상
2021112700100355,2021년 11월 27일 15시,토요일,대구광역시 북구 태전동,중상사고,0,1,0,0,차대사람 - 보도통행중,기타,건조,맑음,단일로 - 교량,자전거,남,14세,상해없음,보행자,여,72세,중상