사고번호,사고일시,요일,시군구,사고내용,사망자수,중상자수,경상자수,부상신고자수,사고유형,법규위반,노면상태,기상상태,도로형태,가해운전자 차종,가해운전자 성별,가해운전자 연령,가해운전자 상해정도,피해운전자 차종,피해운전자 성별,피해운전자 연령,피해운전자 상해정도
2021112700100390,2021년 11월 27일 16시,토요일,대구광역시 남구 봉덕동,경상사고,0,0,2,0,차대차 - 측면충돌,직진우회전진행방해,건조,맑음,교차로 - 교차로안,승용,여,47세,경상,승용,남,62세,경상
2021112700100391,2021년 11월 27일 16시,토요일,대구광역시 동구 신천동,부상신고사고,0,0,0,1,차대사람 - 기타,안전운전불이행,건조,맑음,단일로 - 기타,기타불명,기타불명,미분류,기타불명,보행자,여,59세,부상신고
2021112700100392,2021년 11월 27일 16시,토요일,대구광역시 북구 노원동1가,경상사고,0,0,1,0,차대사람 - 기타,기타,건조,맑음,단일로 - 기타,자전거,남,15세,상해없음,보행자,여,61세,경상
2021112700100435,2021년 11월 27일 17시,토요일,대구광역시 북구 칠성동1가,중상사고,0,1,0,0,차대차 - 기타,신호위반,건조,맑음,교차로 - 교차로횡단보도내,화물,남,50세,상해없음,자전거,남,74세,중상
2021112700100436,2021년 11월 27일 17시,토요일,대구광역시 중구 동인동4가,경상사고,0,0,1,0,차대차 - 추돌,안전운전불이행,건조,맑음,단일로 - 교량,이륜,남,68세,상해없음,승용,남,38세,경상
2021112700100437,2021년 11월 27일 17시,토요일,대구광역시 달서구 호림동,중상사고,0,1,0,0,차대차 - 기타,안전거리미확보,건조,맑음,교차로 - 교차로부근,승용,여,38세,상해없음,이륜,남,18세,중상
2021112700100484,2021년 11월 27일 18시,토요일,대구광역시 동구 신서동,경상사고,0,0,1,0,차대차 - 추돌,안전거리미확보,건조,맑음,단일로 - 기타,승용,남,48세,상해없음,이륜,남,23세,경상
2021112700100485,2021년 11월 27일 18시,토요일,대구광역시 북구 침산동,중상사고,0,2,2,0,차대차 - 측면충돌,안전운전불이행,건조,맑음,단일로 - 교량,승용,여,53세,상해없음,승용,남,57세,경상
2021112700100486,2021년 11월 27일 18시,토요일,대구광역시 북구 산격동,중상사고,0,1,0,0,차대차 - 측면충돌,안전운전불이행,건조,맑음,단일로 - 기타,승용,남,49세,상해없음,개인형이동수단(PM),남,28세,중상
2021112700100527,2021년 11월 27일 19시,토요일,대구광역시 수성구 중동,경상사고,0,0,1,1,차대차 - 측면충돌,신호위반,건조,맑음,교차로 - 교차로안,이륜,남,43세,부상신고,이륜,남,35세,경상
2021112700100528,2021년 11월 27일 19시,토요일,대구광역시 수성구 만촌동,경상사고,0,0,1,0,차대차 - 추돌,안전운전불이행,건조,맑음,단일로 - 기타,승용,여,26세,상해없음,승용,여,55세,경상
2021112700100529,2021년 11월 27일 19시,토요일,대구광역시 북구 칠성동1가,중상사고,0,1,0,0,차대사람 - 기타,안전운전불이행,건조,맑음,단일로 - 기타,승용,남,62세,상해없음,보행자,여,71세,중상
2021112700100530,2021년 11월 27일 19시,토요일,대구광역시 달서구 장기동,중상사고,0,1,0,0,차대차 - 기타,안전운전불이행,건조,맑음,단일로 - 기타,승용,남,47세,상해없음,이륜,남,37세,중상
2021112700100552,2021년 11월 27일 20시,토요일,대구광역시 달서구 상인동,경상사고,0,0,1,0,차대차 - 측면충돌,안전운전불이행,건조,맑음,단일로 - 기타,승용,남,68세,상해없음,승용,남,43세,경상
2021112700100582,2021년 11월 27일 22시,토요일,대구광역시 동구 지저동,경상사고,0,0,1,0,차대차 - 기타,안전운전불이행,건조,맑음,교차로 - 교차로안,승용,남,47세,상해없음,개인형이동수단(PM),남,57세,경상
2021112800100014,2021년 11월 28일 00시,일요일,대구광역시 달성군 화원읍,경상사고,0,0,3,0,차대차 - 추돌,안전운전불이행,건조,맑음,단일로 - 기타,승용,여,28세,기타불명,승용,여,62세,경상
2021112800100058,2021년 11월 28일 05시,일요일,대구광역시 중구 동인동2가,부상신고사고,0,0,0,1,차대차 - 기타,신호위반,건조,맑음,교차로 - 교차로안,승용,남,27세,상해없음,승용,남,66세,상해없음
2021112800100066,2021년 11월 28일 06시,일요일,대구광역시 동구 검사동,경상사고,0,0,1,0,차대차 - 정면충돌,직진우회전진행방해,건조,맑음,교차로 - 교차로안,승용,남,63세,상해없음,승합,남,57세,상해없음
2021112800100180,2021년 11월 28일 12시,일요일,대구광역시 동구 지묘동,중상사고,0,2,0,0,차대차 - 측면충돌,안전거리미확보,건조,맑음,단일로 - 기타,승용,여,41세,상해없음,승용,남,63세,중상
2021112800100210,2021년 11월 28일 13시,일요일,대구광역시 동구 신천동,경상사고,0,0,1,0,차대차 - 측면충돌,불법유턴,건조,맑음,교차로 - 교차로안,자전거,남,75세,경상,승용,남,65세,상해없음
2021112800100211,2021년 11월 28일 13시,일요일,대구광역시 달서구 감삼동,경상사고,0,0,1,0,차대사람 - 기타,안전운전불이행,건조,맑음,단일로 - 기타,승용,여,58세,기타불명,보행자,여,25세,경상
2021112800100244,2021년 11월 28일 14시,일요일,대구광역시 동구 송정동,경상사고,0,0,4,0,차대차 - 후진중충돌,안전운전불이행,건조,맑음,단일로 - 기타,승용,남,40세,상해없음,승용,남,35세,경상
2021112800100279,2021년 11월 28일 15시,일요일,대구광역시 달성군 현풍읍,경상사고,0,0,2,0,차대차 - 추돌,안전운전불이행,건조,맑음,단일로 - 기타,이륜,남,22세,경상,승용,남,60세,경상
2021112800100280,2021년 11월 28일 15시,일요일,대구광역시 북구 산격동,경상사고,0,0,2,0,차대차 - 측면충돌,신호위반,건조,맑음,교차로 - 교차로부근,원동기,남,64세,상해없음,화물,남,48세,경상
2021112800100302,2021년 11월 28일 16시,일요일,대구광역시 중구 봉산동,경상사고,0,0,1,0,차대사람 - 기타,안전운전불이행,건조,맑음,단일로 - 기타,개인형이동수단(PM),여,16세,상해없음,보행자,여,27세,경상
2021112800100327,2021년 11월 28일 17시,일요일,대구광역시 동구 지묘동,부상신고사고,0,0,0,1,차대차 - 측면충돌,안전운전불이행,건조,맑음,교차로 - 교차로부근,원동기,남,27세,부상신고,승용,남,29세,상해없음
2021112800100361,2021년 11월 28일 18시,일요일,대구광역시 동구 지저동,중상사고,0,1,1,0,차대차 - 추돌,안전거리미확보,건조,맑음,단일로 - 지하차도(도로)내,이륜,남,37세,중상,승용,남,61세,경상
2021112800100362,2021년 11월 28일 18시,일요일,대구광역시 동구 방촌동,경상사고,0,0,2,1,차대차 - 추돌,기타,건조,맑음,교차로 - 교차로안,승용,여,33세,경상,승용,남,51세,부상신고
2021112800100363,2021년 11월 28일 18시,일요일,대구광역시 수성구 범어동,경상사고,0,0,2,0,차대차 - 기타,교차로운행방법위반,건조,맑음,교차로 - 교차로부근,승용,남,51세,상해없음,승용,남,47세,경상
2021112800100364,2021년 11월 28일 18시,일요일,대구광역시 북구 침산동,중상사고,0,1,0,0,차량단독 - 전도전복 - 전도,안전운전불이행,건조,맑음,교차로 - 교차로부근,원동기,남,70세,중상,,,,
2021112800100365,2021년 11월 28일 18시,일요일,대구광역시 서구 원대동1가,중상사고,0,1,2,0,차대차 - 측면충돌,안전운전불이행,건조,맑음,교차로 - 교차로안,승용,남,27세,상해없음,승용,남,52세,중상
2021112800100366,2021년 11월 28일 18시,일요일,대구광역시 달서구 신당동,중상사고,0,1,0,0,차대차 - 측면충돌,안전운전불이행,건조,흐림,단일로 - 기타,이륜,남,20세,상해없음,이륜,남,38세,중상
2021112800100399,2021년 11월 28일 19시,일요일,대구광역시 수성구 황금동,경상사고,0,0,1,0,차대차 - 측면충돌,안전거리미확보,건조,맑음,단일로 - 기타,승용,여,30세,상해없음,이륜,남,57세,경상
2021112800100428,2021년 11월 28일 20시,일요일,대구광역시 수성구 두산동,경상사고,0,0,2,0,차대차 - 추돌,안전거리미확보,건조,맑음,단일로 - 기타,승용,남,61세,상해없음,승용,남,24세,경상
2021112800100472,2021년 11월 28일 22시,일요일,대구광역시 달서구 본리동,경상사고,0,0,1,0,차대사람 - 기타,안전운전불이행,건조,맑음,단일로 - 기타,화물,남,71세,상해없음,보행자,여,17세,경상
2021112800100483,2021년 11월 28일 23시,일요일,대구광역시 동구 신암동,경상사고,0,0,1,0,차대차 - 측면충돌,안전운전불이행,건조,맑음,교차로 - 교차로부근,승용,여,42세,상해없음,이륜,남,49세,경상
2021112900100007,2021년 11월 29일 00시,월요일,대구광역시 달성군 논공읍,경상사고,0,0,1,0,차대차 - 추돌,안전운전불이행,건조,맑음,단일로 - 기타,승용,남,32세,상해없음,승용,남,42세,경상
2021112900100052,2021년 11월 29일 06시,월요일,대구광역시 달서구 송현동,경상사고,0,0,1,0,차대차 - 추돌,안전운전불이행,건조,맑음,기타 - 기타,승용,여,66세,상해없음,승용,남,39세,경상
2021112900100086,2021년 11월 29일 07시,월요일,대구광역시 달서구 장동,경상사고,0,0,1,0,차대차 - 측면충돌,안전거리미확보,건조,맑음,단일로 - 기타,화물,남,53세,상해없음,승용,남,35세,경상
2021112900100087,2021년 11월 29일 07시,월요일,대구광역시 달서구 장동,경상사고,0,0,1,0,차대사람 - 길가장자리구역통행중,안전운전불이행,건조,맑음,단일로 - 기타,승용,남,58세,상해없음,보행자,남,54세,경상
2021112900100130,2021년 11월 29일 08시,월요일,대구광역시 수성구 만촌동,경상사고,0,0,1,0,차대차 - 측면충돌,안전거리미확보,건조,맑음,단일로 - 기타,화물,남,60세,상해없음,승용,남,26세,경상
2021112900100131,2021년 11월 29일 08시,월요일,대구광역시 수성구 범어동,경상사고,0,0,1,0,차대사람 - 횡단중,안전운전불이행,건조,맑음,단일로 - 기타,승합,남,47세,상해없음,보행자,여,48세,경상
2021112900100132,2021년 11월 29일 08시,월요일,대구광역시 달서구 송현동,경상사고,0,0,1,0,차대사람 - 보도통행중,기타,건조,맑음,기타 - 기타,승용,남,70세,상해없음,보행자,남,52세,경상
2021112900100133,2021년 11월 29일 08시,월요일,대구광역시 북구 읍내동,중상사고,0,1,3,0,차대차 - 측면충돌,안전운전불이행,건조,맑음,교차로 - 교차로부근,승용,여,67세,중상,승합,남,62세,경상
2021112900100187,2021년 11월 29일 10시,월요일,대구광역시 서구 상리동,경상사고,0,0,1,0,차대차 - 측면충돌,안전운전불이행,건조,맑음,단일로 - 기타,승용,여,24세,상해없음,승용,남,56세,경상
2021112900100190,2021년 11월 29일 10시,월요일,대구광역시 수성구 파동,경상사고,0,0,1,0,차대사람 - 기타,안전운전불이행,건조,맑음,단일로 - 기타,승용,여,36세,상해없음,보행자,여,37세,경상
2021112900100191,2021년 11월 29일 10시,월요일,대구광역시 달서구 두류동,경상사고,0,0,1,0,차대차 - 측면충돌,안전운전불이행,건조,맑음,단일로 - 기타,승용,남,48세,상해없음,승용,여,29세,경상
2021112900100192,2021년 11월 29일 10시,월요일,대구광역시 북구 태전동,경상사고,0,0,1,0,차대차 - 측면충돌,교차로운행방법위반,건조,맑음,교차로 - 교차로안,승용,여,59세,상해없음,승용,여,25세,경상
2021112900100222,2021년 11월 29일 11시,월요일,대구광역시 남구 대명동,경상사고,0,0,1,0,차대사람 - 길가장자리구역통행중,보행자보호의무위반,건조,맑음,단일로 - 기타,승용,여,44세,상해없음,보행자,여,18세,경상
2021112900100223,2021년 11월 29일 11시,월요일,대구광역시 북구 매천동,중상사고,0,1,1,0,차대차 - 기타,안전운전불이행,건조,맑음,단일로 - 고가도로위,화물,남,59세,상해없음,승용,남,64세,중상
2021112900100253,2021년 11월 29일 12시,월요일,대구광역시 북구 구암동,경상사고,0,0,1,0,차대차 - 측면충돌,안전운전불이행,건조,맑음,교차로 - 교차로부근,승용,여,57세,경상,이륜,남,48세,상해없음
2021112900100285,2021년 11월 29일 13시,월요일,대구광역시 달서구 상인동,부상신고사고,0,0,0,1,차대사람 - 횡단중,안전운전불이행,건조,맑음,단일로 - 기타,이륜,남,21세,부상신고,보행자,남,63세,상해없음
2021112900100327,2021년 11월 29일 14시,월요일,대구광역시 서구 상리동,중상사고,0,1,0,0,차대차 - 측면충돌,안전운전불이행,건조,맑음,단일로 - 기타,승용,여,22세,상해없음,승용,남,53세,중상
2021112900100332,2021년 11월 29일 14시,월요일,대구광역시 남구 봉덕동,경상사고,0,0,1,0,차대차 - 추돌,안전운전불이행,건조,맑음,단일로 - 기타,승용,남,35세,상해없음,이륜,남,55세,경상
2021112900100333,2021년 11월 29일 14시,월요일,대구광역시 달서구 이곡동,경상사고,0,0,1,0,차대차 - 측면충돌,차로위반,건조,맑음,단일로 - 기타,승용,여,59세,상해없음,승용,여,58세,경상
2021112900100377,2021년 11월 29일 15시,월요일,대구광역시 남구 봉덕동,경상사고,0,0,1,0,차대사람 - 기타,안전운전불이행,건조,맑음,단일로 - 기타,화물,남,30세,상해없음,보행자,남,41세,경상
2021112900100378,2021년 11월 29일 15시,월요일,대구광역시 북구 침산동,경상사고,0,0,1,0,차대차 - 기타,차로위반,건조,맑음,교차로 - 교차로부근,승용,남,62세,상해없음,승용,여,35세,상해없음
2021112900100412,2021년 11월 29일 16시,월요일,대구광역시 북구 침산동,경상사고,0,0,1,0,차대차 - 측면충돌,안전거리미확보,건조,맑음,교차로 - 교차로부근,화물,남,68세,상해없음,승용,여,64세,경상
2021112900100413,2021년 11월 29일 16시,월요일,대구광역시 달서구 용산동,중상사고,0,1,0,0,차대차 - 측면충돌,안전운전불이행,건조,맑음,단일로 - 기타,승용,남,36세,상해없음,이륜,남,55세,중상
2021112900100414,2021년 11월 29일 16시,월요일,대구광역시 북구 읍내동,부상신고사고,0,0,0,1,차대차 - 측면충돌,안전운전불이행,건조,맑음,교차로 - 교차로안,자전거,남,9세,부상신고,화물,남,57세,상해없음
2021112900100457,2021년 11월 29일 17시,월요일,대구광역시 동구 신서동,경상사고,0,0,1,0,차량단독 - 기타,안전운전불이행,건조,맑음,단일로 - 기타,승합,남,40세,상해없음,,,,
2021112900100458,2021년 11월 29일 17시,월요일,대구광역시 서구 상리동,경상사고,0,0,1,0,차대차 - 측면충돌,직진우회전진행방해,건조,맑음,교차로 - 교차로안,화물,남,30세,상해없음,화물,여,27세,경상
2021112900100459,2021년 11월 29일 17시,월요일,대구광역시 달서구 용산동,중상사고,0,1,0,0,차대차 - 측면충돌,안전운전불이행,건조,맑음,교차로 - 교차로부근,승용,남,54세,상해없음,이륜,남,44세,중상
2021112900100460,2021년 11월 29일 17시,월요일,대구광역시 달서구 장기동,경상사고,0,0,1,0,차대차 - 기타,중앙선침범,건조,맑음,단일로 - 기타,화물,남,71세,상해없음,이륜,남,42세,경상
2021112900100461,2021년 11월 29일 17시,월요일,대구광역시 달서구 호산동,경상사고,0,0,1,0,차대차 - 측면충돌,차로위반,건조,맑음,단일로 - 교량,승합,남,51세,상해없음,승용,남,28세,경상
2021112900100509,2021년 11월 29일 18시,월요일,대구광역시 서구 비산동,경상사고,0,0,1,0,차대차 - 측면충돌,안전운전불이행,건조,맑음,단일로 - 기타,승합,남,39세,상해없음,승용,남,59세,경상
2021112900100553,2021년 11월 29일 19시,월요일,대구광역시 동구 신기동,경상사고,0,0,1,0,차대사람 - 기타,기타,건조,맑음,기타 - 기타,승합,남,49세,상해없음,보행자,여,8세,경상
2021112900100554,2021년 11월 29일 19시,월요일,대구광역시 북구 산격동,부상신고사고,0,0,0,1,차대사람 - 횡단중,안전운전불이행,건조,맑음,단일로 - 기타,승용,남,50세,상해없음,보행자,남,58세,부상신고
2021112900100555,2021년 11월 29일 19시,월요일,대구광역시 서구 비산동,경상사고,0,0,1,0,차대사람 - 보도통행중,기타,건조,맑음,단일로 - 기타,자전거,남,27세,상해없음,보행자,여,61세,경상
2021112900100556,2021년 11월 29일 19시,월요일,대구광역시 북구 읍내동,경상사고,0,0,1,0,차대사람 - 길가장자리구역통행중,안전운전불이행,건조,맑음,교차로 - 교차로안,승합,남,65세,상해없음,보행자,남,66세,경상
2021112900100604,2021년 11월 29일 21시,월요일,대구광역시 동구 신서동,부상신고사고,0,0,0,1,차대차 - 기타,직진우회전진행방해,건조,맑음,교차로 - 교차로안,기타불명,기타불명,미분류,기타불명,자전거,남,36세,부상신고
2021112900100605,2021년 11월 29일 21시,월요일,대구광역시 수성구 욱수동,부상신고사고,0,0,0,1,차대차 - 기타,중앙선침범,건조,맑음,단일로 - 기타,기타불명,기타불명,미분류,기타불명,승용,남,63세,부상신고
2021112900100623,2021년 11월 29일 22시,월요일,대구광역시 북구 태전동,경상사고,0,0,3,0,차대차 - 측면충돌,안전거리미확보,건조,맑음,단일로 - 기타,승용,남,53세,상해없음,승용,남,49세,경상
2021112900100640,2021년 11월 29일 23시,월요일,대구광역시 동구 신천동,경상사고,0,0,2,0,차대차 - 측면충돌,안전거리미확보,건조,맑음,단일로 - 기타,승용,남,68세,상해없음,승용,남,50세,경상
2021113000100019,2021년 11월 30일 01시,화요일,대구광역시 중구 삼덕동1가,경상사고,0,0,1,0,차대사람 - 기타,안전운전불이행,건조,흐림,단일로 - 기타,승용,남,22세,상해없음,보행자,남,18세,경상
2021113000100156,2021년 11월 30일 08시,화요일,대구광역시 수성구 만촌동,경상사고,0,0,2,0,차대차 - 추돌,안전운전불이행,젖음/습기,비,단일로 - 기타,승용,여,28세,상해없음,승용,남,27세,경상
2021113000100189,2021년 11월 30일 09시,화요일,대구광역시 남구 대명동,중상사고,0,1,0,0,차대사람 - 기타,안전운전불이행,건조,맑음,단일로 - 기타,승용,남,70세,상해없음,보행자,여,40세,중상
2021113000100190,2021년 11월 30일 09시,화요일,대구광역시 수성구 지산동,경상사고,0,0,2,0,차대차 - 추돌,안전운전불이행,건조,맑음,단일로 - 기타,승용,여,44세,상해없음,승용,남,69세,경상
2021113000100191,2021년 11월 30일 09시,화요일,대구광역시 수성구 중동,경상사고,0,0,1,0,차대차 - 기타,안전운전불이행,젖음/습기,비,단일로 - 기타,승용,남,25세,상해없음,자전거,여,59세,경상
2021113000100227,2021년 11월 30일 10시,화요일,대구광역시 서구 내당동,부상신고사고,0,0,0,1,차대사람 - 기타,기타,건조,맑음,단일로 - 기타,승합,남,56세,상해없음,보행자,여,18세,부상신고
2021113000100282,2021년 11월 30일 12시,화요일,대구광역시 달성군 화원읍,경상사고,0,0,1,0,차대차 - 추돌,안전거리미확보,젖음/습기,비,단일로 - 기타,승용,남,59세,상해없음,승용,남,29세,경상
2021113000100286,2021년 11월 30일 12시,화요일,대구광역시 북구 산격동,경상사고,0,0,1,0,차대차 - 측면충돌,안전운전불이행,건조,맑음,교차로 - 교차로부근,승용,여,43세,상해없음,승용,남,33세,경상
2021113000100343,2021년 11월 30일 14시,화요일,대구광역시 달서구 송현동,경상사고,0,0,1,0,차대차 - 측면충돌,교차로운행방법위반,건조,맑음,교차로 - 교차로안,승용,남,68세,상해없음,이륜,남,45세,경상
2021113000100344,2021년 11월 30일 14시,화요일,대구광역시 달서구 도원동,경상사고,0,0,1,0,차대차 - 후진중충돌,안전운전불이행,젖음/습기,비,교차로 - 교차로부근,화물,남,77세,상해없음,화물,남,41세,경상
2021113000100375,2021년 11월 30일 15시,화요일,대구광역시 동구 각산동,중상사고,0,1,0,0,차량단독 - 공작물충돌,안전운전불이행,건조,맑음,단일로 - 기타,승용,남,23세,중상,,,,
2021113000100376,2021년 11월 30일 15시,화요일,대구광역시 동구 불로동,경상사고,0,0,2,0,차대차 - 측면충돌,안전운전불이행,건조,맑음,단일로 - 기타,승용,남,52세,상해없음,승용,여,34세,경상
2021113000100377,2021년 11월 30일 15시,화요일,대구광역시 동구 신암동,경상사고,0,0,2,0,차대차 - 추돌,안전운전불이행,건조,맑음,단일로 - 기타,승용,여,51세,상해없음,승용,남,47세,경상
2021113000100378,2021년 11월 30일 15시,화요일,대구광역시 수성구 성동,경상사고,0,0,1,1,차대차 - 측면충돌,안전운전불이행,건조,맑음,단일로 - 기타,승용,남,65세,부상신고,화물,남,55세,경상
2021113000100410,2021년 11월 30일 16시,화요일,대구광역시 달서구 상인동,경상사고,0,0,1,0,차대차 - 추돌,안전운전불이행,건조,맑음,교차로 - 교차로부근,승용,남,62세,상해없음,승용,남,48세,경상
2021113000100411,2021년 11월 30일 16시,화요일,대구광역시 북구 침산동,경상사고,0,0,1,0,차대차 - 기타,안전거리미확보,젖음/습기,맑음,단일로 - 기타,승용,남,31세,상해없음,이륜,남,55세,경상
2021113000100412,2021년 11월 30일 16시,화요일,대구광역시 북구 산격동,경상사고,0,0,5,0,차대차 - 측면충돌,안전운전불이행,건조,맑음,교차로 - 교차로부근,승용,여,44세,상해없음,승용,남,47세,경상
2021113000100413,2021년 11월 30일 16시,화요일,대구광역시 북구 서변동,경상사고,0,0,1,0,차대차 - 측면충돌,교차로운행방법위반,건조,맑음,교차로 - 교차로안,승용,남,46세,상해없음,자전거,여,61세,경상
2021113000100466,2021년 11월 30일 17시,화요일,대구광역시 동구 각산동,부상신고사고,0,0,0,1,차대차 - 측면충돌,신호위반,건조,맑음,교차로 - 교차로안,이륜,남,17세,부상신고,승용,남,24세,상해없음
2021113000100467,2021년 11월 30일 17시,화요일,대구광역시 수성구 지산동,중상사고,0,1,0,0,차대사람 - 횡단중,안전운전불이행,젖음/습기,비,단일로 - 기타,화물,남,48세,상해없음,보행자,여,76세,중상
2021113000100468,2021년 11월 30일 17시,화요일,대구광역시 수성구 수성동4가,경상사고,0,0,1,0,차대차 - 측면충돌,중앙선침범,건조,맑음,단일로 - 기타,자전거,여,58세,경상,승용,남,72세,상해없음
2021113000100469,2021년 11월 30일 17시,화요일,대구광역시 달서구 월성동,경상사고,0,0,1,0,차대차 - 측면충돌,교차로운행방법위반,젖음/습기,맑음,교차로 - 교차로안,승용,여,47세,상해없음,이륜,남,21세,경상
2021113000100517,2021년 11월 30일 18시,화요일,대구광역시 수성구 지산동,중상사고,0,1,0,0,차대차 - 측면충돌,안전운전불이행,건조,맑음,교차로 - 교차로안,승용,여,46세,상해없음,이륜,남,62세,중상
2021113000100519,2021년 11월 30일 18시,화요일,대구광역시 달서구 성당동,경상사고,0,0,1,0,차대사람 - 횡단중,보행자보호의무위반,건조,맑음,기타 - 기타,승용,여,29세,상해없음,보행자,남,10세,경상
2021113000100560,2021년 11월 30일 19시,화요일,대구광역시 북구 읍내동,중상사고,0,1,1,0,차대차 - 측면충돌,중앙선침범,젖음/습기,비,교차로 - 교차로부근,승용,여,54세,경상,이륜,남,51세,중상
2021113000100594,2021년 11월 30일 20시,화요일,대구광역시 달서구 대천동,중상사고,0,1,0,0,차대차 - 측면충돌,교차로운행방법위반,건조,맑음,교차로 - 교차로안,승용,남,63세,상해없음,이륜,남,24세,중상
2021113000100595,2021년 11월 30일 20시,화요일,대구광역시 북구 산격동,경상사고,0,0,1,0,차대차 - 추돌,안전운전불이행,젖음/습기,비,교차로 - 교차로부근,승용,남,26세,상해없음,승용,여,59세,경상
2021113000100596,2021년 11월 30일 20시,화요일,대구광역시 달서구 호산동,경상사고,0,0,1,0,차대차 - 기타,안전운전불이행,건조,맑음,교차로 - 교차로안,승용,남,44세,상해없음,이륜,남,41세,경상
2021113000100597,2021년 11월 30일 20시,화요일,대구광역시 북구 관음동,경상사고,0,0,2,0,차대차 - 측면충돌,직진우회전진행방해,젖음/습기,맑음,교차로 - 교차로안,승용,여,57세,경상,승용,남,29세,경상
2021113000100627,2021년 11월 30일 21시,화요일,대구광역시 달서구 본리동,중상사고,0,1,0,0,차대사람 - 횡단중,안전운전불이행,젖음/습기,비,교차로 - 교차로부근,승합,남,68세,상해없음,보행자,여,57세,중상
2021113000100642,2021년 11월 30일 22시,화요일,대구광역시 수성구 범어동,경상사고,0,0,1,0,차대차 - 추돌,안전운전불이행,건조,맑음,단일로 - 기타,승용,남,40세,상해없음,승용,남,49세,경상
2021113000100643,2021년 11월 30일 22시,화요일,대구광역시 달서구 용산동,경상사고,0,0,1,0,차대차 - 측면충돌,안전운전불이행,젖음/습기,비,단일로 - 기타,승용,여,43세,기타불명,이륜,남,21세,경상
2021113000100657,2021년 11월 30일 23시,화요일,대구광역시 동구 신천동,경상사고,0,0,1,1,차대차 - 측면충돌,안전운전불이행,젖음/습기,흐림,단일로 - 기타,이륜,남,28세,부상신고,승용,남,66세,경상
2021120100100010,2021년 12월 1일 00시,수요일,대구광역시 남구 봉덕동,경상사고,0,0,1,0,차대차 - 측면충돌,교차로운행방법위반,건조,맑음,교차로 - 교차로부근,승용,남,62세,상해없음,승용,남,60세,경상
2021120100100011,2021년 12월 1일 00시,수요일,대구광역시 북구 침산동,중상사고,0,1,0,0,차대사람 - 횡단중,안전운전불이행,젖음/습기,흐림,교차로 - 교차로부근,승용,여,44세,상해없음,보행자,남,49세,중상
2021120100100022,2021년 12월 1일 01시,수요일,대구광역시 달서구 대천동,경상사고,0,0,1,0,차대차 - 측면충돌,차로위반,건조,맑음,교차로 - 교차로부근,화물,여,25세,상해없음,화물,남,55세,경상
2021120100100023,2021년 12월 1일 01시,수요일,대구광역시 달서구 이곡동,경상사고,0,0,1,0,차대차 - 추돌,안전운전불이행,건조,맑음,단일로 - 기타,승용,남,29세,상해없음,승용,남,62세,경상
2021120100100033,2021년 12월 1일 03시,수요일,대구광역시 달서구 월성동,경상사고,0,0,1,0,차대차 - 기타,중앙선침범,건조,맑음,단일로 - 기타,승용,남,30세,상해없음,승용,남,44세,경상
2021120100100059,2021년 12월 1일 06시,수요일,대구광역시 달서구 용산동,중상사고,0,1,0,0,차대차 - 기타,안전거리미확보,건조,맑음,단일로 - 기타,건설기계,남,53세,상해없음,승용,여,59세,중상
2021120100100077,2021년 12월 1일 07시,수요일,대구광역시 수성구 범어동,경상사고,0,0,1,0,차대사람 - 횡단중,안전운전불이행,건조,기타,기타 - 기타,기타불명,기타불명,미분류,기타불명,보행자,여,17세,경상
2021120100100078,2021년 12월 1일 07시,수요일,대구광역시 북구 복현동,경상사고,0,0,2,0,차대차 - 측면충돌,불법유턴,건조,맑음,단일로 - 기타,화물,남,43세,상해없음,승합,남,45세,경상
2021120100100114,2021년 12월 1일 08시,수요일,대구광역시 동구 용계동,경상사고,0,0,1,0,차대차 - 후진중충돌,안전운전불이행,건조,맑음,단일로 - 기타,승용,남,25세,상해없음,승용,남,39세,경상
2021120100100115,2021년 12월 1일 08시,수요일,대구광역시 북구 복현동,경상사고,0,0,1,0,차대사람 - 횡단중,신호위반,건조,맑음,교차로 - 교차로횡단보도내,승용,여,48세,상해없음,보행자,남,8세,경상
2021120100100116,2021년 12월 1일 08시,수요일,대구광역시 북구 서변동,경상사고,0,0,1,0,차대차 - 측면충돌,안전운전불이행,건조,맑음,교차로 - 교차로횡단보도내,승용,남,34세,상해없음,자전거,남,34세,경상
2021120100100117,2021년 12월 1일 08시,수요일,대구광역시 북구 관음동,경상사고,0,0,1,0,차대차 - 기타,안전운전불이행,건조,맑음,교차로 - 교차로부근,승용,여,44세,기타불명,승용,여,27세,경상
2021120100100157,2021년 12월 1일 09시,수요일,대구광역시 동구 지저동,경상사고,0,0,1,0,차대차 - 측면충돌,안전거리미확보,건조,맑음,단일로 - 기타,승용,남,81세,상해없음,승용,남,47세,경상
2021120100100158,2021년 12월 1일 09시,수요일,대구광역시 달서구 진천동,중상사고,0,1,0,0,차대사람 - 차도통행중,안전운전불이행,건조,맑음,단일로 - 기타,승용,여,52세,상해없음,보행자,여,61세,중상
2021120100100159,2021년 12월 1일 09시,수요일,대구광역시 달성군 다사읍,중상사고,0,3,2,1,차대차 - 측면충돌,안전운전불이행,건조,맑음,단일로 - 기타,승용,여,31세,경상,승용,남,62세,경상