사고번호,사고일시,요일,시군구,사고내용,사망자수,중상자수,경상자수,부상신고자수,사고유형,법규위반,노면상태,기상상태,도로형태,가해운전자 차종,가해운전자 성별,가해운전자 연령,가해운전자 상해정도,피해운전자 차종,피해운전자 성별,피해운전자 연령,피해운전자 상해정도
2021120100100224,2021년 12월 1일 11시,수요일,대구광역시 달서구 월성동,부상신고사고,0,0,0,1,차대차 - 기타,안전운전불이행,건조,맑음,교차로 - 교차로부근,이륜,남,85세,부상신고,승용,여,54세,상해없음
2021120100100251,2021년 12월 1일 12시,수요일,대구광역시 수성구 범어동,경상사고,0,0,2,0,차대차 - 추돌,안전운전불이행,건조,맑음,단일로 - 기타,승용,남,43세,상해없음,승용,여,60세,경상
2021120100100312,2021년 12월 1일 14시,수요일,대구광역시 수성구 두산동,중상사고,0,1,0,0,차대사람 - 횡단중,안전운전불이행,건조,맑음,교차로 - 교차로안,승합,남,75세,상해없음,보행자,여,75세,중상
2021120100100313,2021년 12월 1일 14시,수요일,대구광역시 달서구 월성동,경상사고,0,0,1,0,차대차 - 측면충돌,안전운전불이행,건조,맑음,기타 - 기타,승용,여,46세,상해없음,이륜,남,32세,경상
2021120100100314,2021년 12월 1일 14시,수요일,대구광역시 달서구 호산동,중상사고,0,1,0,0,차대차 - 기타,차로위반,건조,맑음,단일로 - 기타,승용,남,71세,상해없음,이륜,남,31세,중상
2021120100100347,2021년 12월 1일 15시,수요일,대구광역시 동구 도동,중상사고,0,1,0,0,차대차 - 추돌,안전운전불이행,건조,맑음,단일로 - 기타,기타불명,남,84세,중상,화물,남,57세,상해없음
2021120100100348,2021년 12월 1일 15시,수요일,대구광역시 달서구 호산동,경상사고,0,0,1,0,차대차 - 기타,신호위반,건조,맑음,교차로 - 교차로안,승용,남,53세,상해없음,화물,남,30세,경상
2021120100100424,2021년 12월 1일 17시,수요일,대구광역시 남구 봉덕동,중상사고,0,1,0,0,차대사람 - 기타,중앙선침범,건조,맑음,기타 - 기타,승합,남,54세,상해없음,보행자,여,61세,중상
2021120100100425,2021년 12월 1일 17시,수요일,대구광역시 남구 이천동,경상사고,0,0,1,0,차대차 - 추돌,안전운전불이행,건조,맑음,기타 - 기타,승용,남,46세,상해없음,승용,남,38세,경상
2021120100100426,2021년 12월 1일 17시,수요일,대구광역시 달서구 이곡동,경상사고,0,0,1,0,차대차 - 측면충돌,안전거리미확보,건조,맑음,단일로 - 기타,승용,여,41세,상해없음,승용,여,43세,경상
2021120100100488,2021년 12월 1일 18시,수요일,대구광역시 달서구 상인동,경상사고,0,0,1,0,차대사람 - 횡단중,보행자보호의무위반,건조,맑음,교차로 - 교차로횡단보도내,승용,여,46세,상해없음,보행자,남,13세,경상
2021120100100489,2021년 12월 1일 18시,수요일,대구광역시 북구 복현동,경상사고,0,0,1,0,차대차 - 기타,안전거리미확보,건조,맑음,단일로 - 기타,승용,여,25세,상해없음,승용,남,55세,경상
2021120100100490,2021년 12월 1일 18시,수요일,대구광역시 북구 고성동3가,경상사고,0,0,3,0,차대차 - 측면충돌,직진우회전진행방해,건조,맑음,교차로 - 교차로안,승용,남,28세,상해없음,승용,남,30세,경상
2021120100100491,2021년 12월 1일 18시,수요일,대구광역시 중구 동인동4가,경상사고,0,0,1,0,차대사람 - 길가장자리구역통행중,안전운전불이행,건조,맑음,교차로 - 교차로안,승용,남,21세,상해없음,보행자,남,52세,경상
2021120100100492,2021년 12월 1일 18시,수요일,대구광역시 달서구 신당동,경상사고,0,0,1,0,차대사람 - 기타,안전운전불이행,건조,맑음,교차로 - 교차로횡단보도내,기타불명,기타불명,미분류,기타불명,보행자,남,13세,경상
2021120100100541,2021년 12월 1일 19시,수요일,대구광역시 달서구 성당동,경상사고,0,0,1,0,차대사람 - 횡단중,안전운전불이행,건조,맑음,단일로 - 기타,승용,남,59세,상해없음,보행자,여,67세,경상
2021120100100542,2021년 12월 1일 19시,수요일,대구광역시 달서구 본리동,경상사고,0,0,2,0,차대차 - 정면충돌,안전운전불이행,건조,맑음,단일로 - 기타,승용,여,44세,경상,승용,남,65세,경상
2021120100100543,2021년 12월 1일 19시,수요일,대구광역시 북구 연경동,경상사고,0,0,3,0,차대사람 - 횡단중,보행자보호의무위반,건조,맑음,교차로 - 교차로안,승용,여,33세,상해없음,보행자,여,41세,경상
2021120100100561,2021년 12월 1일 20시,수요일,대구광역시 수성구 범어동,경상사고,0,0,1,0,차대차 - 측면충돌,안전운전불이행,건조,맑음,기타 - 기타,승용,여,25세,상해없음,승용,남,34세,경상
2021120100100562,2021년 12월 1일 20시,수요일,대구광역시 달서구 진천동,경상사고,0,0,1,0,차대차 - 측면충돌,안전운전불이행,건조,맑음,단일로 - 기타,승용,남,32세,상해없음,승용,남,72세,경상
2021120100100563,2021년 12월 1일 20시,수요일,대구광역시 달서구 진천동,경상사고,0,0,1,0,차대차 - 후진중충돌,안전운전불이행,건조,맑음,단일로 - 기타,화물,여,61세,상해없음,이륜,남,26세,경상
2021120100100564,2021년 12월 1일 20시,수요일,대구광역시 달성군 논공읍,경상사고,0,0,1,0,차대차 - 측면충돌,안전운전불이행,건조,맑음,단일로 - 기타,승용,여,49세,상해없음,승용,남,27세,경상
2021120100100565,2021년 12월 1일 20시,수요일,대구광역시 서구 이현동,중상사고,0,1,4,0,차대차 - 추돌,안전운전불이행,건조,맑음,단일로 - 고가도로위,승용,남,22세,경상,승용,여,52세,중상
2021120100100595,2021년 12월 1일 21시,수요일,대구광역시 남구 대명동,경상사고,0,0,3,0,차대차 - 측면충돌,차로위반,건조,맑음,교차로 - 교차로부근,승용,남,42세,상해없음,승용,남,49세,경상
2021120100100596,2021년 12월 1일 21시,수요일,대구광역시 달서구 대천동,경상사고,0,0,1,0,차대차 - 측면충돌,신호위반,건조,맑음,교차로 - 교차로안,승용,남,64세,상해없음,승용,남,25세,경상
2021120200100035,2021년 12월 2일 05시,목요일,대구광역시 달서구 상인동,부상신고사고,0,0,0,1,차대차 - 측면충돌,교차로운행방법위반,건조,맑음,교차로 - 교차로안,자전거,기타불명,미분류,기타불명,자전거,여,61세,부상신고
2021120200100036,2021년 12월 2일 05시,목요일,대구광역시 북구 산격동,부상신고사고,0,0,0,1,차대차 - 추돌,안전운전불이행,건조,맑음,교차로 - 교차로부근,화물,남,66세,상해없음,자전거,남,69세,부상신고
2021120200100056,2021년 12월 2일 06시,목요일,대구광역시 북구 서변동,경상사고,0,0,1,0,차대차 - 추돌,안전거리미확보,건조,맑음,교차로 - 교차로부근,승용,남,20세,상해없음,화물,남,32세,경상
2021120200100078,2021년 12월 2일 07시,목요일,대구광역시 달서구 진천동,경상사고,0,0,1,0,차대차 - 기타,교차로운행방법위반,건조,맑음,교차로 - 교차로안,승용,남,30세,상해없음,자전거,여,43세,경상
2021120200100153,2021년 12월 2일 09시,목요일,대구광역시 수성구 범어동,중상사고,0,1,0,0,차대차 - 기타,안전운전불이행,건조,맑음,단일로 - 기타,승용,여,56세,상해없음,자전거,남,84세,중상
2021120200100191,2021년 12월 2일 10시,목요일,대구광역시 남구 대명동,경상사고,0,0,1,0,차대차 - 측면충돌,안전운전불이행,건조,맑음,교차로 - 교차로안,승용,남,57세,상해없음,승용,남,65세,경상
2021120200100255,2021년 12월 2일 12시,목요일,대구광역시 중구 시장북로,경상사고,0,0,1,0,차대차 - 측면충돌,신호위반,건조,맑음,교차로 - 교차로안,승용,남,51세,상해없음,승용,여,73세,경상
2021120200100256,2021년 12월 2일 12시,목요일,대구광역시 북구 태전동,중상사고,0,1,0,0,차대사람 - 기타,안전운전불이행,건조,맑음,단일로 - 기타,승용,여,19세,기타불명,보행자,남,28세,중상
2021120200100288,2021년 12월 2일 13시,목요일,대구광역시 달서구 본동,경상사고,0,0,1,1,차대차 - 측면충돌,신호위반,건조,맑음,교차로 - 교차로안,승용,여,72세,부상신고,승합,남,59세,경상
2021120200100320,2021년 12월 2일 14시,목요일,대구광역시 동구 신천동,경상사고,0,0,1,0,차대차 - 측면충돌,안전운전불이행,건조,맑음,기타 - 기타,승용,남,36세,상해없음,자전거,남,36세,경상
2021120200100321,2021년 12월 2일 14시,목요일,대구광역시 수성구 범어동,경상사고,0,0,1,1,차대차 - 추돌,안전거리미확보,건조,맑음,교차로 - 교차로안,이륜,남,22세,부상신고,승용,남,37세,경상
2021120200100393,2021년 12월 2일 16시,목요일,대구광역시 달서구 진천동,경상사고,0,0,2,0,차대차 - 측면충돌,안전거리미확보,건조,맑음,단일로 - 기타,승용,여,58세,상해없음,이륜,남,16세,경상
2021120200100394,2021년 12월 2일 16시,목요일,대구광역시 달성군 옥포읍,중상사고,0,1,0,0,차대차 - 정면충돌,신호위반,건조,맑음,교차로 - 교차로안,승용,남,31세,상해없음,화물,남,51세,중상
2021120200100395,2021년 12월 2일 16시,목요일,대구광역시 서구 내당동,중상사고,0,1,0,0,차대사람 - 길가장자리구역통행중,안전운전불이행,건조,맑음,단일로 - 기타,승용,여,30세,상해없음,보행자,여,62세,중상
2021120200100397,2021년 12월 2일 16시,목요일,대구광역시 달서구 두류동,경상사고,0,0,1,0,차대차 - 측면충돌,신호위반,건조,맑음,교차로 - 교차로안,이륜,남,16세,상해없음,승용,남,32세,경상
2021120200100436,2021년 12월 2일 17시,목요일,대구광역시 북구 읍내동,중상사고,0,1,0,0,차대사람 - 횡단중,보행자보호의무위반,건조,맑음,교차로 - 교차로횡단보도내,승용,남,65세,기타불명,보행자,남,27세,중상
2021120200100496,2021년 12월 2일 18시,목요일,대구광역시 수성구 만촌동,중상사고,0,1,0,0,차대차 - 추돌,기타,건조,맑음,단일로 - 기타,이륜,남,32세,중상,승용,남,48세,상해없음
2021120200100497,2021년 12월 2일 18시,목요일,대구광역시 수성구 수성동4가,경상사고,0,0,1,0,차대차 - 추돌,안전거리미확보,건조,맑음,교차로 - 교차로부근,화물,남,56세,상해없음,승용,여,42세,경상
2021120200100498,2021년 12월 2일 18시,목요일,대구광역시 달서구 두류동,중상사고,0,1,1,0,차대차 - 정면충돌,직진우회전진행방해,건조,맑음,교차로 - 교차로안,승용,남,40세,경상,이륜,남,27세,중상
2021120200100499,2021년 12월 2일 18시,목요일,대구광역시 달서구 호산동,경상사고,0,0,1,0,차대차 - 정면충돌,안전운전불이행,건조,맑음,교차로 - 교차로횡단보도내,승용,남,63세,상해없음,이륜,남,22세,경상
2021120200100500,2021년 12월 2일 18시,목요일,대구광역시 달서구 감삼동,경상사고,0,0,1,0,차대차 - 측면충돌,안전운전불이행,건조,흐림,단일로 - 기타,승용,남,41세,상해없음,이륜,남,20세,경상
2021120200100501,2021년 12월 2일 18시,목요일,대구광역시 북구 팔달동,중상사고,0,1,0,0,차대차 - 측면충돌,안전거리미확보,건조,맑음,단일로 - 기타,승용,여,47세,상해없음,자전거,남,62세,중상
2021120200100529,2021년 12월 2일 19시,목요일,대구광역시 달성군 화원읍,경상사고,0,0,1,0,차대차 - 기타,안전운전불이행,건조,맑음,교차로 - 교차로안,승용,여,53세,상해없음,이륜,남,50세,경상
2021120200100590,2021년 12월 2일 21시,목요일,대구광역시 달서구 신당동,경상사고,0,0,1,0,차대사람 - 기타,기타,건조,맑음,단일로 - 기타,승합,남,65세,상해없음,보행자,남,63세,경상
2021120300100011,2021년 12월 3일 00시,금요일,대구광역시 서구 내당동,경상사고,0,0,1,0,차대차 - 추돌,안전운전불이행,건조,맑음,교차로 - 교차로부근,승용,남,34세,상해없음,승용,남,69세,경상
2021120300100023,2021년 12월 3일 01시,금요일,대구광역시 수성구 신매동,부상신고사고,0,0,0,1,차대차 - 측면충돌,안전운전불이행,건조,맑음,단일로 - 기타,승용,여,54세,부상신고,승용,남,34세,상해없음
2021120300100028,2021년 12월 3일 02시,금요일,대구광역시 북구 칠성동1가,경상사고,0,0,1,0,차대차 - 측면충돌,중앙선침범,건조,맑음,단일로 - 기타,화물,남,66세,상해없음,승용,남,21세,경상
2021120300100075,2021년 12월 3일 06시,금요일,대구광역시 북구 서변동,중상사고,0,1,0,0,차대사람 - 차도통행중,기타,건조,맑음,단일로 - 교량,승용,남,35세,상해없음,보행자,남,62세,중상
2021120300100126,2021년 12월 3일 07시,금요일,대구광역시 북구 침산동,경상사고,0,0,1,0,차대차 - 측면충돌,교차로운행방법위반,건조,맑음,교차로 - 교차로안,승용,남,41세,상해없음,건설기계,남,40세,경상
2021120300100127,2021년 12월 3일 07시,금요일,대구광역시 북구 매천동,경상사고,0,0,1,0,차대차 - 추돌,안전운전불이행,건조,맑음,교차로 - 교차로부근,승용,남,32세,상해없음,화물,남,31세,경상
2021120300100177,2021년 12월 3일 08시,금요일,대구광역시 북구 침산동,경상사고,0,0,1,0,차대차 - 측면충돌,교차로운행방법위반,건조,맑음,교차로 - 교차로안,승용,남,41세,상해없음,건설기계,남,40세,경상
2021120300100209,2021년 12월 3일 09시,금요일,대구광역시 수성구 신매동,경상사고,0,0,3,0,차대차 - 측면충돌,안전운전불이행,건조,맑음,단일로 - 기타,승용,남,57세,경상,승용,여,62세,경상
2021120300100210,2021년 12월 3일 09시,금요일,대구광역시 북구 침산동,경상사고,0,0,2,0,차대차 - 추돌,안전운전불이행,건조,맑음,단일로 - 기타,승용,남,40세,상해없음,승용,남,46세,경상
2021120300100211,2021년 12월 3일 09시,금요일,대구광역시 달서구 용산동,경상사고,0,0,1,0,차대사람 - 기타,안전운전불이행,건조,맑음,단일로 - 기타,승합,남,57세,상해없음,보행자,여,85세,경상
2021120300100248,2021년 12월 3일 10시,금요일,대구광역시 달서구 장기동,경상사고,0,0,2,0,차대차 - 추돌,안전거리미확보,건조,맑음,단일로 - 기타,건설기계,남,48세,상해없음,승용,여,49세,경상
2021120300100311,2021년 12월 3일 12시,금요일,대구광역시 수성구 상동,경상사고,0,0,2,0,차대차 - 측면충돌,안전거리미확보,건조,맑음,단일로 - 기타,승용,여,59세,경상,승용,남,52세,경상
2021120300100312,2021년 12월 3일 12시,금요일,대구광역시 북구 칠성동2가,중상사고,0,1,0,0,차대사람 - 기타,안전운전불이행,건조,맑음,기타 - 기타,승용,남,45세,상해없음,보행자,여,72세,중상
2021120300100350,2021년 12월 3일 13시,금요일,대구광역시 남구 대명동,경상사고,0,0,1,0,차대사람 - 횡단중,보행자보호의무위반,건조,맑음,교차로 - 교차로횡단보도내,이륜,남,48세,상해없음,보행자,남,7세,경상
2021120300100351,2021년 12월 3일 13시,금요일,대구광역시 동구 신암동,경상사고,0,0,2,0,차대차 - 측면충돌,안전운전불이행,건조,맑음,교차로 - 교차로안,이륜,남,50세,경상,화물,남,43세,경상
2021120300100352,2021년 12월 3일 13시,금요일,대구광역시 수성구 황금동,경상사고,0,0,1,0,차대차 - 측면충돌,안전운전불이행,건조,맑음,단일로 - 기타,승용,여,59세,상해없음,자전거,남,60세,경상
2021120300100353,2021년 12월 3일 13시,금요일,대구광역시 달서구 유천동,중상사고,0,1,3,0,차대차 - 추돌,안전거리미확보,건조,맑음,단일로 - 기타,화물,남,53세,상해없음,화물,남,34세,중상
2021120300100354,2021년 12월 3일 13시,금요일,대구광역시 북구 침산동,경상사고,0,0,1,0,차대차 - 측면충돌,안전운전불이행,건조,맑음,기타 - 기타,이륜,남,29세,상해없음,자전거,여,75세,경상
2021120300100394,2021년 12월 3일 14시,금요일,대구광역시 수성구 황금동,중상사고,0,1,0,0,차대차 - 후진중충돌,안전운전불이행,건조,맑음,단일로 - 기타,승용,여,48세,상해없음,이륜,남,49세,중상
2021120300100425,2021년 12월 3일 15시,금요일,대구광역시 수성구 신매동,경상사고,0,0,1,0,차대차 - 측면충돌,안전거리미확보,건조,맑음,기타 - 기타,승용,여,69세,기타불명,이륜,남,41세,경상
2021120300100426,2021년 12월 3일 15시,금요일,대구광역시 수성구 만촌동,경상사고,0,0,1,0,차량단독 - 기타,안전운전불이행,건조,맑음,기타 - 기타,이륜,여,57세,경상,,,,
2021120300100427,2021년 12월 3일 15시,금요일,대구광역시 달서구 본동,경상사고,0,0,1,0,차대차 - 측면충돌,안전운전불이행,건조,맑음,단일로 - 기타,승용,여,58세,상해없음,자전거,여,66세,경상
2021120300100428,2021년 12월 3일 15시,금요일,대구광역시 중구 태평로3가,경상사고,0,0,1,0,차대차 - 기타,안전운전불이행,건조,맑음,단일로 - 기타,화물,남,37세,상해없음,이륜,남,61세,경상
2021120300100471,2021년 12월 3일 16시,금요일,대구광역시 달성군 화원읍,경상사고,0,0,1,0,차대차 - 기타,안전운전불이행,건조,맑음,단일로 - 기타,이륜,남,20세,상해없음,승용,남,38세,경상
2021120300100525,2021년 12월 3일 17시,금요일,대구광역시 달서구 성당동,부상신고사고,0,0,0,1,차대사람 - 기타,안전운전불이행,건조,맑음,기타 - 기타,승용,여,43세,상해없음,보행자,남,69세,부상신고
2021120300100526,2021년 12월 3일 17시,금요일,대구광역시 달서구 신당동,경상사고,0,0,2,0,차대차 - 측면충돌,차로위반,건조,맑음,단일로 - 기타,승용,여,64세,상해없음,승용,여,39세,경상
2021120300100579,2021년 12월 3일 18시,금요일,대구광역시 남구 봉덕동,경상사고,0,0,1,0,차대사람 - 횡단중,보행자보호의무위반,건조,맑음,교차로 - 교차로횡단보도내,승용,남,72세,상해없음,보행자,남,53세,경상
2021120300100580,2021년 12월 3일 18시,금요일,대구광역시 수성구 범어동,경상사고,0,0,1,0,차대차 - 추돌,안전운전불이행,건조,맑음,기타 - 기타,기타불명,기타불명,미분류,기타불명,승용,여,21세,경상
2021120300100581,2021년 12월 3일 18시,금요일,대구광역시 수성구 매호동,경상사고,0,0,1,0,차대차 - 후진중충돌,안전운전불이행,건조,맑음,단일로 - 기타,승용,남,61세,상해없음,이륜,남,50세,경상
2021120300100582,2021년 12월 3일 18시,금요일,대구광역시 수성구 중동,중상사고,0,1,0,0,차대차 - 측면충돌,안전운전불이행,건조,맑음,단일로 - 기타,승용,남,61세,상해없음,이륜,남,30세,중상
2021120300100583,2021년 12월 3일 18시,금요일,대구광역시 달서구 감삼동,경상사고,0,0,1,0,차대차 - 측면충돌,불법유턴,건조,맑음,단일로 - 기타,화물,남,28세,상해없음,원동기,남,32세,경상
2021120300100629,2021년 12월 3일 19시,금요일,대구광역시 수성구 만촌동,경상사고,0,0,1,0,차대사람 - 기타,안전운전불이행,건조,맑음,단일로 - 기타,승용,남,51세,상해없음,보행자,남,71세,경상
2021120300100630,2021년 12월 3일 19시,금요일,대구광역시 북구 서변동,중상사고,0,1,0,0,차대사람 - 횡단중,보행자보호의무위반,건조,맑음,교차로 - 교차로횡단보도내,승용,여,59세,상해없음,보행자,남,29세,중상
2021120300100666,2021년 12월 3일 20시,금요일,대구광역시 수성구 두산동,경상사고,0,0,2,0,차대차 - 측면충돌,안전운전불이행,건조,맑음,단일로 - 기타,승합,남,42세,상해없음,승용,남,66세,경상
2021120300100667,2021년 12월 3일 20시,금요일,대구광역시 달서구 대곡동,중상사고,0,1,0,0,차대차 - 측면충돌,안전운전불이행,건조,맑음,단일로 - 기타,승용,남,38세,상해없음,자전거,남,13세,중상
2021120300100668,2021년 12월 3일 20시,금요일,대구광역시 달성군 논공읍,중상사고,0,1,0,0,차대사람 - 기타,안전운전불이행,건조,맑음,단일로 - 기타,승용,남,54세,상해없음,보행자,남,52세,중상
2021120300100740,2021년 12월 3일 23시,금요일,대구광역시 달서구 죽전동,중상사고,0,1,1,0,차대차 - 정면충돌,신호위반,건조,맑음,교차로 - 교차로안,승용,남,34세,상해없음,승용,남,34세,경상
2021120400100040,2021년 12월 4일 02시,토요일,대구광역시 동구 신암동,부상신고사고,0,0,0,1,차량단독 - 공작물충돌,안전운전불이행,건조,맑음,단일로 - 기타,원동기,남,37세,부상신고,,,,
2021120400100050,2021년 12월 4일 03시,토요일,대구광역시 북구 관음동,경상사고,0,0,1,0,차대차 - 측면충돌,교차로운행방법위반,건조,맑음,교차로 - 교차로안,승용,남,56세,상해없음,자전거,남,62세,경상
2021120400100068,2021년 12월 4일 06시,토요일,대구광역시 남구 이천동,부상신고사고,0,0,0,1,차대차 - 측면충돌,안전운전불이행,건조,맑음,단일로 - 기타,이륜,남,59세,부상신고,승용,남,73세,상해없음
2021120400100069,2021년 12월 4일 06시,토요일,대구광역시 서구 내당동,경상사고,0,0,1,0,차대사람 - 횡단중,보행자보호의무위반,건조,맑음,교차로 - 교차로부근,승용,남,73세,상해없음,보행자,여,66세,경상
2021120400100080,2021년 12월 4일 07시,토요일,대구광역시 서구 내당동,경상사고,0,0,1,0,차대차 - 측면충돌,교차로운행방법위반,건조,맑음,교차로 - 교차로안,화물,남,50세,상해없음,승용,남,55세,경상
2021120400100097,2021년 12월 4일 08시,토요일,대구광역시 수성구 욱수동,중상사고,0,1,1,0,차대차 - 추돌,안전운전불이행,건조,맑음,단일로 - 기타,승합,남,59세,상해없음,이륜,남,16세,중상
2021120400100110,2021년 12월 4일 09시,토요일,대구광역시 동구 방촌동,경상사고,0,0,2,0,차대차 - 측면충돌,안전거리미확보,건조,맑음,교차로 - 교차로부근,승용,여,71세,상해없음,승용,남,56세,경상
2021120400100111,2021년 12월 4일 09시,토요일,대구광역시 달성군 다사읍,경상사고,0,0,1,0,차대차 - 기타,안전운전불이행,건조,맑음,단일로 - 기타,화물,남,29세,상해없음,승용,남,28세,경상
2021120400100137,2021년 12월 4일 10시,토요일,대구광역시 수성구 범어동,중상사고,0,1,0,0,차대차 - 기타,안전운전불이행,건조,맑음,단일로 - 기타,승용,남,51세,상해없음,이륜,남,56세,중상
2021120400100167,2021년 12월 4일 11시,토요일,대구광역시 남구 봉덕동,경상사고,0,0,1,0,차대차 - 측면충돌,안전거리미확보,건조,맑음,단일로 - 기타,건설기계,남,51세,상해없음,승용,남,68세,경상
2021120400100168,2021년 12월 4일 11시,토요일,대구광역시 수성구 범어동,경상사고,0,0,1,0,차대차 - 측면충돌,안전운전불이행,건조,맑음,단일로 - 기타,승용,남,47세,상해없음,이륜,남,48세,경상
2021120400100169,2021년 12월 4일 11시,토요일,대구광역시 수성구 범어동,경상사고,0,0,1,0,차대차 - 추돌,안전운전불이행,건조,맑음,단일로 - 기타,승용,남,60세,기타불명,승용,남,51세,경상
2021120400100170,2021년 12월 4일 11시,토요일,대구광역시 달서구 월성동,경상사고,0,0,3,0,차대차 - 추돌,안전운전불이행,건조,맑음,기타 - 기타,승용,남,44세,상해없음,승용,남,23세,경상
2021120400100171,2021년 12월 4일 11시,토요일,대구광역시 북구 복현동,경상사고,0,0,1,0,차대사람 - 기타,보행자보호의무위반,건조,맑음,교차로 - 교차로안,이륜,남,52세,상해없음,보행자,남,69세,경상
2021120400100211,2021년 12월 4일 12시,토요일,대구광역시 남구 대명동,경상사고,0,0,1,0,차대차 - 추돌,안전운전불이행,건조,맑음,단일로 - 기타,승용,남,68세,상해없음,이륜,남,58세,경상
2021120400100212,2021년 12월 4일 12시,토요일,대구광역시 동구 불로동,경상사고,0,0,1,0,차대차 - 추돌,안전거리미확보,건조,맑음,단일로 - 기타,승합,남,29세,상해없음,화물,남,29세,경상
2021120400100213,2021년 12월 4일 12시,토요일,대구광역시 수성구 노변동,경상사고,0,0,1,0,차대차 - 추돌,신호위반,건조,맑음,단일로 - 기타,화물,남,40세,상해없음,이륜,남,65세,경상
2021120400100214,2021년 12월 4일 12시,토요일,대구광역시 북구 동호동,경상사고,0,0,2,0,차대차 - 측면충돌,안전운전불이행,건조,맑음,교차로 - 교차로안,화물,남,70세,기타불명,승용,남,55세,경상
2021120400100247,2021년 12월 4일 13시,토요일,대구광역시 동구 효목동,경상사고,0,0,2,0,차대차 - 측면충돌,안전운전불이행,건조,맑음,단일로 - 기타,이륜,남,44세,경상,승용,남,51세,경상
2021120400100248,2021년 12월 4일 13시,토요일,대구광역시 동구 중대동,중상사고,0,1,0,0,차대사람 - 기타,안전운전불이행,건조,맑음,주차장 - 주차장,승용,여,21세,상해없음,보행자,여,57세,중상
2021120400100249,2021년 12월 4일 13시,토요일,대구광역시 달서구 이곡동,경상사고,0,0,1,0,차대차 - 후진중충돌,불법유턴,건조,맑음,교차로 - 교차로부근,승용,남,83세,상해없음,승용,남,36세,경상
2021120400100274,2021년 12월 4일 14시,토요일,대구광역시 동구 효목동,경상사고,0,0,1,0,차대차 - 기타,안전운전불이행,건조,맑음,교차로 - 교차로안,기타불명,기타불명,미분류,기타불명,이륜,남,28세,경상
2021120400100275,2021년 12월 4일 14시,토요일,대구광역시 달서구 대천동,경상사고,0,0,2,0,차대차 - 측면충돌,중앙선침범,건조,맑음,단일로 - 기타,승용,여,46세,상해없음,승용,남,41세,경상
2021120400100276,2021년 12월 4일 14시,토요일,대구광역시 달서구 갈산동,경상사고,0,0,1,0,차대차 - 측면충돌,안전거리미확보,건조,맑음,단일로 - 기타,승용,남,36세,상해없음,승용,남,59세,경상
2021120400100277,2021년 12월 4일 14시,토요일,대구광역시 중구 태평로2가,경상사고,0,0,5,0,차대차 - 측면충돌,교차로운행방법위반,건조,맑음,교차로 - 교차로부근,승용,남,70세,상해없음,승용,남,71세,경상
2021120400100309,2021년 12월 4일 15시,토요일,대구광역시 동구 신암동,경상사고,0,0,1,2,차대사람 - 기타,안전운전불이행,건조,맑음,단일로 - 기타,승용,남,73세,부상신고,보행자,여,35세,부상신고
2021120400100332,2021년 12월 4일 16시,토요일,대구광역시 남구 봉덕동,경상사고,0,0,1,0,차대차 - 추돌,안전운전불이행,건조,맑음,단일로 - 기타,승용,여,65세,상해없음,승용,남,62세,경상
2021120400100333,2021년 12월 4일 16시,토요일,대구광역시 동구 율하동,중상사고,0,1,0,0,차대차 - 측면충돌,신호위반,건조,맑음,교차로 - 교차로안,승용,남,31세,상해없음,이륜,남,25세,중상
2021120400100334,2021년 12월 4일 16시,토요일,대구광역시 달서구 이곡동,경상사고,0,0,1,0,차대사람 - 기타,안전운전불이행,건조,맑음,교차로 - 교차로안,화물,남,64세,상해없음,보행자,남,40세,경상
2021120400100374,2021년 12월 4일 17시,토요일,대구광역시 동구 용계동,경상사고,0,0,1,0,차대차 - 측면충돌,안전거리미확보,건조,맑음,단일로 - 기타,승용,남,65세,상해없음,승합,남,59세,경상
2021120400100375,2021년 12월 4일 17시,토요일,대구광역시 달성군 논공읍,중상사고,0,1,0,0,차대사람 - 기타,안전운전불이행,건조,맑음,단일로 - 기타,승용,남,42세,상해없음,보행자,남,11세,중상
2021120400100376,2021년 12월 4일 17시,토요일,대구광역시 북구 매천동,경상사고,0,0,1,0,차대차 - 측면충돌,안전운전불이행,건조,맑음,교차로 - 교차로횡단보도내,승용,남,66세,상해없음,승용,남,59세,경상
2021120400100377,2021년 12월 4일 17시,토요일,대구광역시 북구 읍내동,경상사고,0,0,1,0,차대차 - 측면충돌,안전거리미확보,건조,맑음,교차로 - 교차로부근,승용,남,49세,상해없음,승용,남,40세,경상
2021120400100425,2021년 12월 4일 18시,토요일,대구광역시 수성구 만촌동,경상사고,0,0,1,0,차대차 - 측면충돌,안전운전불이행,건조,맑음,단일로 - 기타,승용,여,61세,상해없음,화물,남,26세,경상
2021120400100426,2021년 12월 4일 18시,토요일,대구광역시 수성구 수성동4가,경상사고,0,0,1,0,차대차 - 측면충돌,불법유턴,건조,맑음,기타 - 기타,승용,남,35세,상해없음,이륜,남,56세,경상
2021120400100481,2021년 12월 4일 20시,토요일,대구광역시 수성구 만촌동,경상사고,0,0,1,1,차대차 - 측면충돌,불법유턴,건조,맑음,교차로 - 교차로부근,승용,여,63세,부상신고,승용,여,62세,경상