사고번호,사고일시,요일,시군구,사고내용,사망자수,중상자수,경상자수,부상신고자수,사고유형,법규위반,노면상태,기상상태,도로형태,가해운전자 차종,가해운전자 성별,가해운전자 연령,가해운전자 상해정도,피해운전자 차종,피해운전자 성별,피해운전자 연령,피해운전자 상해정도
2021121600100262,2021년 12월 16일 14시,목요일,대구광역시 남구 대명동,경상사고,0,0,2,0,차대차 - 측면충돌,안전운전불이행,건조,맑음,교차로 - 교차로안,승용,여,54세,경상,이륜,남,52세,경상
2021121600100263,2021년 12월 16일 14시,목요일,대구광역시 수성구 지산동,경상사고,0,0,1,0,차대차 - 추돌,안전운전불이행,건조,맑음,단일로 - 기타,승용,남,71세,상해없음,이륜,남,47세,경상
2021121600100264,2021년 12월 16일 14시,목요일,대구광역시 서구 비산동,경상사고,0,0,1,0,차대차 - 측면충돌,교차로운행방법위반,건조,맑음,교차로 - 교차로안,승용,여,63세,상해없음,승용,남,61세,경상
2021121600100363,2021년 12월 16일 17시,목요일,대구광역시 달서구 대곡동,경상사고,0,0,1,0,차대차 - 추돌,안전거리미확보,건조,맑음,단일로 - 기타,승용,남,62세,상해없음,승용,여,46세,경상
2021121600100364,2021년 12월 16일 17시,목요일,대구광역시 달성군 옥포읍,경상사고,0,0,1,0,차대차 - 측면충돌,신호위반,건조,맑음,교차로 - 교차로안,승용,여,57세,상해없음,이륜,남,22세,경상
2021121600100365,2021년 12월 16일 17시,목요일,대구광역시 중구 공평동,중상사고,0,1,0,0,차대차 - 측면충돌,안전거리미확보,건조,맑음,기타 - 기타,화물,남,67세,기타불명,승용,남,36세,중상
2021121600100366,2021년 12월 16일 17시,목요일,대구광역시 북구 태전동,경상사고,0,0,1,0,차대차 - 측면충돌,신호위반,건조,맑음,교차로 - 교차로안,승용,남,68세,상해없음,이륜,남,20세,경상
2021121600100407,2021년 12월 16일 18시,목요일,대구광역시 남구 대명동,경상사고,0,0,1,0,차대차 - 정면충돌,안전운전불이행,건조,맑음,교차로 - 교차로안,자전거,남,64세,경상,화물,남,44세,상해없음
2021121600100408,2021년 12월 16일 18시,목요일,대구광역시 동구 용계동,중상사고,0,1,0,0,차대차 - 측면충돌,신호위반,건조,맑음,교차로 - 교차로횡단보도내,승용,여,35세,상해없음,자전거,여,72세,중상
2021121600100409,2021년 12월 16일 18시,목요일,대구광역시 북구 대현동,중상사고,0,1,0,0,차대차 - 측면충돌,교차로운행방법위반,건조,맑음,교차로 - 교차로안,승용,여,54세,상해없음,승용,여,49세,중상
2021121600100440,2021년 12월 16일 19시,목요일,대구광역시 달서구 용산동,경상사고,0,0,1,0,차대차 - 추돌,안전운전불이행,건조,맑음,단일로 - 기타,화물,남,47세,기타불명,승용,남,24세,경상
2021121600100467,2021년 12월 16일 20시,목요일,대구광역시 동구 율하동,부상신고사고,0,0,0,1,차대차 - 기타,안전운전불이행,건조,맑음,교차로 - 교차로부근,기타불명,기타불명,미분류,기타불명,이륜,남,17세,부상신고
2021121600100524,2021년 12월 16일 23시,목요일,대구광역시 달성군 구지면,경상사고,0,0,1,0,차대차 - 기타,안전운전불이행,건조,맑음,교차로 - 교차로부근,승용,남,32세,상해없음,승용,남,37세,경상
2021121700100036,2021년 12월 17일 03시,금요일,대구광역시 달서구 감삼동,경상사고,0,0,2,0,차대차 - 추돌,안전운전불이행,건조,맑음,교차로 - 교차로부근,승용,여,39세,상해없음,승용,남,55세,경상
2021121700100062,2021년 12월 17일 06시,금요일,대구광역시 달서구 상인동,중상사고,0,1,0,0,차량단독 - 기타,안전운전불이행,건조,맑음,단일로 - 기타,승합,남,56세,상해없음,,,,
2021121700100109,2021년 12월 17일 08시,금요일,대구광역시 남구 봉덕동,경상사고,0,0,1,0,차대차 - 측면충돌,불법유턴,건조,맑음,단일로 - 기타,승용,여,26세,상해없음,승용,남,41세,경상
2021121700100133,2021년 12월 17일 09시,금요일,대구광역시 달서구 상인동,중상사고,0,1,0,0,차대사람 - 횡단중,보행자보호의무위반,건조,맑음,교차로 - 교차로횡단보도내,승용,여,22세,상해없음,보행자,여,72세,중상
2021121700100134,2021년 12월 17일 09시,금요일,대구광역시 달서구 송현동,경상사고,0,0,1,0,차대차 - 후진중충돌,안전운전불이행,건조,맑음,교차로 - 교차로안,승용,여,56세,상해없음,이륜,남,30세,경상
2021121700100135,2021년 12월 17일 09시,금요일,대구광역시 달서구 용산동,경상사고,0,0,1,0,차대차 - 측면충돌,차로위반,건조,맑음,단일로 - 기타,승용,여,48세,상해없음,승용,남,50세,상해없음
2021121700100162,2021년 12월 17일 10시,금요일,대구광역시 동구 신암동,부상신고사고,0,0,0,1,차대차 - 측면충돌,안전운전불이행,건조,맑음,단일로 - 기타,이륜,남,84세,부상신고,승용,여,55세,상해없음
2021121700100200,2021년 12월 17일 11시,금요일,대구광역시 동구 율하동,경상사고,0,0,1,0,차대차 - 측면충돌,안전거리미확보,건조,맑음,단일로 - 기타,이륜,남,64세,경상,승용,여,52세,상해없음
2021121700100231,2021년 12월 17일 12시,금요일,대구광역시 북구 태전동,경상사고,0,0,1,0,차대차 - 측면충돌,안전운전불이행,건조,맑음,교차로 - 교차로안,승용,여,42세,기타불명,승용,여,60세,경상
2021121700100264,2021년 12월 17일 13시,금요일,대구광역시 수성구 만촌동,중상사고,0,1,0,0,차대사람 - 횡단중,안전운전불이행,건조,맑음,교차로 - 교차로안,승용,여,33세,상해없음,보행자,여,80세,중상
2021121700100298,2021년 12월 17일 14시,금요일,대구광역시 동구 율하동,중상사고,0,1,0,0,차대사람 - 횡단중,안전운전불이행,건조,맑음,단일로 - 기타,승용,여,73세,상해없음,보행자,남,69세,중상
2021121700100299,2021년 12월 17일 14시,금요일,대구광역시 달성군 구지면,경상사고,0,0,1,0,차대차 - 측면충돌,안전거리미확보,기타,맑음,단일로 - 기타,화물,남,25세,상해없음,승용,남,30세,경상
2021121700100300,2021년 12월 17일 14시,금요일,대구광역시 북구 학정동,경상사고,0,0,1,0,차대차 - 측면충돌,기타,건조,맑음,단일로 - 기타,화물,남,41세,상해없음,승용,여,39세,경상
2021121700100381,2021년 12월 17일 16시,금요일,대구광역시 달서구 본동,경상사고,0,0,2,0,차대차 - 추돌,안전거리미확보,건조,맑음,단일로 - 기타,승합,남,55세,상해없음,승용,남,20세,경상
2021121700100382,2021년 12월 17일 16시,금요일,대구광역시 중구 대신동,경상사고,0,0,1,0,차대차 - 측면충돌,직진우회전진행방해,건조,맑음,교차로 - 교차로안,승용,여,50세,상해없음,개인형이동수단(PM),여,30세,경상
2021121700100437,2021년 12월 17일 17시,금요일,대구광역시 수성구 상동,중상사고,0,1,0,0,차대차 - 측면충돌,안전거리미확보,건조,맑음,기타 - 기타,승용,여,67세,상해없음,이륜,남,29세,중상
2021121700100438,2021년 12월 17일 17시,금요일,대구광역시 달서구 월성동,경상사고,0,0,1,0,차대차 - 기타,교차로운행방법위반,건조,맑음,교차로 - 교차로안,승용,남,31세,기타불명,승용,남,54세,경상
2021121700100439,2021년 12월 17일 17시,금요일,대구광역시 달성군 유가읍,경상사고,0,0,1,0,차대차 - 기타,안전운전불이행,건조,맑음,교차로 - 교차로안,승용,남,46세,상해없음,승용,남,55세,경상
2021121700100440,2021년 12월 17일 17시,금요일,대구광역시 북구 대현동,부상신고사고,0,0,0,1,차량단독 - 전도전복 - 전도,안전운전불이행,건조,맑음,단일로 - 기타,이륜,남,57세,부상신고,,,,
2021121700100441,2021년 12월 17일 17시,금요일,대구광역시 달서구 감삼동,경상사고,0,0,1,0,차대차 - 측면충돌,안전운전불이행,건조,흐림,단일로 - 기타,승용,여,50세,상해없음,승용,여,49세,경상
2021121700100442,2021년 12월 17일 17시,금요일,대구광역시 달서구 감삼동,경상사고,0,0,1,0,차대차 - 측면충돌,안전운전불이행,건조,맑음,교차로 - 교차로부근,승용,남,49세,상해없음,승용,여,56세,경상
2021121700100443,2021년 12월 17일 17시,금요일,대구광역시 북구 읍내동,경상사고,0,0,1,0,차대차 - 추돌,안전운전불이행,건조,맑음,단일로 - 기타,승용,남,48세,상해없음,승용,남,59세,경상
2021121700100514,2021년 12월 17일 18시,금요일,대구광역시 북구 침산동,경상사고,0,0,1,0,차대차 - 기타,안전운전불이행,건조,맑음,교차로 - 교차로안,승용,여,64세,상해없음,자전거,여,71세,경상
2021121700100515,2021년 12월 17일 18시,금요일,대구광역시 북구 침산동,경상사고,0,0,2,0,차대차 - 추돌,안전운전불이행,건조,맑음,교차로 - 교차로부근,승용,남,48세,상해없음,승용,남,62세,경상
2021121700100516,2021년 12월 17일 18시,금요일,대구광역시 중구 공평동,경상사고,0,0,1,0,차대차 - 측면충돌,신호위반,건조,맑음,교차로 - 교차로부근,승용,남,21세,상해없음,승용,남,69세,경상
2021121700100517,2021년 12월 17일 18시,금요일,대구광역시 중구 남산동,경상사고,0,0,1,0,차대차 - 기타,신호위반,건조,맑음,단일로 - 기타,승용,여,48세,상해없음,개인형이동수단(PM),여,17세,경상
2021121700100518,2021년 12월 17일 18시,금요일,대구광역시 달서구 호산동,경상사고,0,0,2,0,차대차 - 기타,안전운전불이행,건조,맑음,교차로 - 교차로안,승용,남,61세,경상,화물,남,34세,경상
2021121700100519,2021년 12월 17일 18시,금요일,대구광역시 달서구 감삼동,경상사고,0,0,2,0,차대차 - 측면충돌,안전거리미확보,건조,맑음,교차로 - 교차로부근,승용,여,45세,경상,승용,남,56세,경상
2021121700100520,2021년 12월 17일 18시,금요일,대구광역시 북구 동천동,경상사고,0,0,2,0,차대차 - 측면충돌,직진우회전진행방해,건조,맑음,교차로 - 교차로안,이륜,남,20세,상해없음,승용,남,49세,경상
2021121700100521,2021년 12월 17일 18시,금요일,대구광역시 북구 태전동,경상사고,0,0,1,0,차대차 - 정면충돌,중앙선침범,건조,맑음,교차로 - 교차로안,승용,여,55세,상해없음,이륜,남,24세,경상
2021121700100522,2021년 12월 17일 18시,금요일,대구광역시 북구 서변동,중상사고,0,1,0,0,차대차 - 측면충돌,안전운전불이행,건조,맑음,교차로 - 교차로안,승용,남,33세,상해없음,승용,남,58세,중상
2021121700100567,2021년 12월 17일 19시,금요일,대구광역시 서구 내당동,경상사고,0,0,1,0,차대차 - 측면충돌,안전거리미확보,건조,맑음,단일로 - 기타,승용,남,40세,상해없음,승용,남,63세,경상
2021121700100608,2021년 12월 17일 20시,금요일,대구광역시 북구 산격동,경상사고,0,0,1,0,차대차 - 측면충돌,기타,건조,맑음,교차로 - 교차로부근,승용,남,61세,상해없음,이륜,남,54세,경상
2021121700100637,2021년 12월 17일 21시,금요일,대구광역시 달서구 본동,경상사고,0,0,1,0,차대차 - 측면충돌,안전거리미확보,건조,맑음,기타 - 기타,승용,여,60세,상해없음,승용,남,32세,경상
2021121700100638,2021년 12월 17일 21시,금요일,대구광역시 달서구 이곡동,경상사고,0,0,1,0,차대차 - 추돌,안전거리미확보,건조,맑음,단일로 - 기타,특수,남,52세,상해없음,승용,남,66세,상해없음
2021121700100670,2021년 12월 17일 22시,금요일,대구광역시 북구 동천동,중상사고,0,1,0,0,차대차 - 측면충돌,차로위반,건조,맑음,단일로 - 지하차도(도로)내,승용,남,21세,상해없음,이륜,남,45세,중상
2021121800100023,2021년 12월 18일 00시,토요일,대구광역시 남구 봉덕동,경상사고,0,0,1,0,차대차 - 추돌,안전거리미확보,건조,맑음,단일로 - 기타,승용,남,29세,상해없음,승용,여,53세,경상
2021121800100024,2021년 12월 18일 00시,토요일,대구광역시 서구 내당동,중상사고,0,2,3,0,차대차 - 추돌,안전운전불이행,건조,맑음,단일로 - 기타,승용,여,30세,상해없음,승용,남,26세,경상
2021121800100025,2021년 12월 18일 00시,토요일,대구광역시 서구 원대동3가,중상사고,0,1,1,0,차대차 - 기타,안전운전불이행,건조,맑음,교차로 - 교차로횡단보도내,자전거,남,21세,중상,이륜,남,29세,경상
2021121800100026,2021년 12월 18일 00시,토요일,대구광역시 중구 삼덕동1가,경상사고,0,0,1,0,차대사람 - 길가장자리구역통행중,안전운전불이행,건조,맑음,기타 - 기타,승용,남,30세,상해없음,보행자,남,31세,경상
2021121800100051,2021년 12월 18일 01시,토요일,대구광역시 수성구 만촌동,경상사고,0,0,1,0,차대차 - 추돌,안전운전불이행,건조,맑음,교차로 - 교차로부근,승용,남,56세,상해없음,승용,여,51세,경상
2021121800100052,2021년 12월 18일 01시,토요일,대구광역시 달서구 본리동,경상사고,0,0,1,0,차대차 - 측면충돌,안전운전불이행,건조,맑음,교차로 - 교차로안,승용,남,32세,상해없음,승용,남,38세,경상
2021121800100065,2021년 12월 18일 03시,토요일,대구광역시 수성구 황금동,경상사고,0,0,3,0,차대차 - 기타,안전운전불이행,건조,맑음,기타 - 기타,기타불명,기타불명,미분류,기타불명,승용,남,37세,경상
2021121800100074,2021년 12월 18일 05시,토요일,대구광역시 서구 비산동,경상사고,0,0,1,0,차대차 - 측면충돌,기타,건조,맑음,단일로 - 기타,승용,남,65세,상해없음,이륜,남,56세,경상
2021121800100107,2021년 12월 18일 08시,토요일,대구광역시 달서구 송현동,경상사고,0,0,2,0,차대차 - 측면충돌,기타,건조,맑음,교차로 - 교차로안,승용,남,63세,경상,승용,남,59세,경상
2021121800100127,2021년 12월 18일 09시,토요일,대구광역시 중구 남산동,경상사고,0,0,1,0,차대차 - 측면충돌,안전운전불이행,건조,흐림,기타 - 기타,승용,남,63세,상해없음,이륜,남,36세,경상
2021121800100151,2021년 12월 18일 10시,토요일,대구광역시 중구 삼덕동2가,경상사고,0,0,1,0,차대사람 - 기타,보행자보호의무위반,건조,맑음,단일로 - 기타,승용,남,67세,상해없음,보행자,여,21세,경상
2021121800100181,2021년 12월 18일 11시,토요일,대구광역시 남구 봉덕동,경상사고,0,0,2,0,차대차 - 측면충돌,신호위반,건조,맑음,단일로 - 기타,승합,남,63세,상해없음,승용,남,54세,경상
2021121800100182,2021년 12월 18일 11시,토요일,대구광역시 북구 산격동,경상사고,0,0,1,0,차대사람 - 기타,기타,건조,맑음,기타 - 기타,승용,남,54세,상해없음,보행자,남,49세,경상
2021121800100183,2021년 12월 18일 11시,토요일,대구광역시 서구 내당동,중상사고,0,1,0,0,차대차 - 기타,안전거리미확보,건조,맑음,단일로 - 기타,화물,남,69세,상해없음,이륜,남,38세,중상
2021121800100184,2021년 12월 18일 11시,토요일,대구광역시 달서구 용산동,경상사고,0,0,1,1,차대차 - 기타,불법유턴,건조,맑음,교차로 - 교차로부근,승용,남,42세,부상신고,화물,남,38세,경상
2021121800100240,2021년 12월 18일 13시,토요일,대구광역시 달성군 논공읍,경상사고,0,0,2,0,차대차 - 측면충돌,안전운전불이행,건조,맑음,단일로 - 기타,승용,남,23세,상해없음,승용,남,46세,경상
2021121800100242,2021년 12월 18일 13시,토요일,대구광역시 동구 용계동,경상사고,0,0,1,0,차대차 - 측면충돌,안전거리미확보,건조,맑음,단일로 - 기타,승용,남,66세,상해없음,승용,여,34세,경상
2021121800100243,2021년 12월 18일 13시,토요일,대구광역시 수성구 두산동,중상사고,0,1,1,0,차대차 - 기타,안전거리미확보,건조,맑음,단일로 - 기타,승합,남,72세,경상,이륜,남,62세,중상
2021121800100244,2021년 12월 18일 13시,토요일,대구광역시 수성구 수성동4가,경상사고,0,0,2,0,차대차 - 측면충돌,안전운전불이행,건조,맑음,단일로 - 기타,이륜,남,27세,경상,승용,남,50세,경상
2021121800100285,2021년 12월 18일 14시,토요일,대구광역시 달서구 감삼동,부상신고사고,0,0,0,1,차대차 - 측면충돌,안전거리미확보,건조,맑음,단일로 - 기타,건설기계,남,53세,상해없음,이륜,남,24세,부상신고
2021121800100338,2021년 12월 18일 15시,토요일,대구광역시 남구 봉덕동,부상신고사고,0,0,0,1,차대사람 - 길가장자리구역통행중,안전운전불이행,건조,맑음,단일로 - 기타,승용,남,35세,상해없음,보행자,남,62세,부상신고
2021121800100339,2021년 12월 18일 15시,토요일,대구광역시 달성군 구지면,경상사고,0,0,1,0,차대차 - 측면충돌,안전운전불이행,건조,맑음,단일로 - 기타,이륜,남,22세,경상,화물,남,62세,상해없음
2021121800100442,2021년 12월 18일 17시,토요일,대구광역시 달서구 상인동,중상사고,0,1,2,0,차대차 - 추돌,안전운전불이행,건조,맑음,단일로 - 기타,승용,남,51세,상해없음,승용,여,52세,경상
2021121800100485,2021년 12월 18일 18시,토요일,대구광역시 서구 비산동,경상사고,0,0,1,0,차대차 - 기타,중앙선침범,건조,맑음,단일로 - 기타,원동기,남,43세,기타불명,승용,남,61세,경상
2021121800100542,2021년 12월 18일 20시,토요일,대구광역시 달서구 대천동,경상사고,0,0,1,0,차대차 - 추돌,신호위반,건조,맑음,교차로 - 교차로부근,승용,여,50세,상해없음,승용,남,52세,경상
2021121800100574,2021년 12월 18일 21시,토요일,대구광역시 중구 봉산동,경상사고,0,0,1,0,차대차 - 기타,안전거리미확보,건조,맑음,단일로 - 기타,승용,남,45세,상해없음,승용,여,30세,경상
2021121900100029,2021년 12월 19일 02시,일요일,대구광역시 동구 도학동,경상사고,0,0,2,0,차대차 - 측면충돌,안전거리미확보,서리/결빙,눈,단일로 - 기타,승용,남,29세,상해없음,승용,남,23세,경상
2021121900100036,2021년 12월 19일 05시,일요일,대구광역시 동구 대림동,사망사고,1,0,0,0,차량단독 - 기타,안전운전불이행,젖음/습기,눈,단일로 - 기타,이륜,남,30세,사망,,,,
2021121900100046,2021년 12월 19일 07시,일요일,대구광역시 수성구 삼덕동,중상사고,0,1,0,0,차대사람 - 기타,안전운전불이행,건조,맑음,단일로 - 기타,승합,남,73세,상해없음,보행자,남,73세,중상
2021121900100068,2021년 12월 19일 09시,일요일,대구광역시 달서구 이곡동,중상사고,0,1,0,0,차대차 - 측면충돌,안전운전불이행,건조,맑음,교차로 - 교차로부근,승용,남,33세,기타불명,이륜,남,69세,중상
2021121900100112,2021년 12월 19일 12시,일요일,대구광역시 달성군 화원읍,중상사고,0,1,0,0,차대차 - 측면충돌,안전운전불이행,건조,맑음,단일로 - 기타,승용,남,60세,상해없음,승용,여,63세,중상
2021121900100145,2021년 12월 19일 13시,일요일,대구광역시 남구 대명동,경상사고,0,0,1,0,차대차 - 추돌,안전운전불이행,건조,맑음,교차로 - 교차로부근,화물,남,66세,상해없음,승용,남,62세,경상
2021121900100173,2021년 12월 19일 14시,일요일,대구광역시 동구 신천동,경상사고,0,0,2,0,차대차 - 기타,교차로운행방법위반,건조,맑음,교차로 - 교차로부근,승용,남,19세,상해없음,승용,남,22세,상해없음
2021121900100174,2021년 12월 19일 14시,일요일,대구광역시 서구 비산동,부상신고사고,0,0,0,1,차량단독 - 공작물충돌,안전운전불이행,건조,맑음,단일로 - 지하차도(도로)내,화물,남,48세,부상신고,,,,
2021121900100175,2021년 12월 19일 14시,일요일,대구광역시 북구 침산동,부상신고사고,0,0,0,1,차대차 - 기타,안전운전불이행,건조,맑음,교차로 - 교차로부근,자전거,남,7세,부상신고,승용,남,39세,상해없음
2021121900100234,2021년 12월 19일 17시,일요일,대구광역시 달서구 상인동,경상사고,0,0,2,0,차대차 - 추돌,안전운전불이행,건조,맑음,교차로 - 교차로부근,승용,남,44세,상해없음,화물,남,63세,경상
2021121900100264,2021년 12월 19일 18시,일요일,대구광역시 동구 신서동,경상사고,0,0,3,0,차대차 - 측면충돌,교차로운행방법위반,건조,맑음,교차로 - 교차로안,승합,남,60세,상해없음,승용,여,58세,경상
2021121900100265,2021년 12월 19일 18시,일요일,대구광역시 동구 신암동,경상사고,0,0,1,0,차대차 - 측면충돌,차로위반,건조,맑음,단일로 - 기타,승용,여,25세,상해없음,승용,남,36세,경상
2021121900100266,2021년 12월 19일 18시,일요일,대구광역시 수성구 두산동,경상사고,0,0,1,2,차대차 - 측면충돌,안전거리미확보,건조,맑음,교차로 - 교차로부근,승용,남,61세,상해없음,승용,남,28세,경상
2021121900100267,2021년 12월 19일 18시,일요일,대구광역시 달서구 대천동,경상사고,0,0,2,0,차대차 - 측면충돌,신호위반,건조,맑음,교차로 - 교차로안,승용,남,27세,상해없음,승용,남,53세,경상
2021121900100284,2021년 12월 19일 19시,일요일,대구광역시 남구 대명동,경상사고,0,0,1,0,차대차 - 측면충돌,안전운전불이행,건조,맑음,교차로 - 교차로부근,승용,남,57세,상해없음,이륜,남,48세,경상
2021121900100285,2021년 12월 19일 19시,일요일,대구광역시 달서구 용산동,경상사고,0,0,1,0,차대차 - 정면충돌,안전운전불이행,건조,흐림,단일로 - 기타,승용,남,22세,상해없음,이륜,남,37세,경상
2021121900100316,2021년 12월 19일 20시,일요일,대구광역시 동구 중대동,경상사고,0,0,1,0,차대차 - 정면충돌,중앙선침범,건조,맑음,단일로 - 기타,승용,여,60세,기타불명,승용,여,57세,경상
2021121900100317,2021년 12월 19일 20시,일요일,대구광역시 동구 율하동,경상사고,0,0,1,0,차대차 - 추돌,안전운전불이행,건조,맑음,교차로 - 교차로부근,이륜,남,29세,기타불명,승용,남,39세,경상
2021121900100318,2021년 12월 19일 20시,일요일,대구광역시 수성구 범어동,부상신고사고,0,0,0,1,차대차 - 측면충돌,기타,건조,맑음,교차로 - 교차로안,이륜,남,40세,부상신고,승용,남,58세,상해없음
2021121900100319,2021년 12월 19일 20시,일요일,대구광역시 북구 노원동3가,경상사고,0,0,1,0,차대차 - 측면충돌,안전거리미확보,건조,맑음,단일로 - 기타,화물,남,47세,기타불명,승용,여,50세,경상
2021122000100085,2021년 12월 20일 08시,월요일,대구광역시 달서구 호산동,경상사고,0,0,1,0,차대차 - 기타,교차로운행방법위반,건조,맑음,교차로 - 교차로안,화물,남,64세,상해없음,승용,여,35세,경상
2021122000100117,2021년 12월 20일 09시,월요일,대구광역시 수성구 상동,중상사고,0,1,0,0,차대사람 - 횡단중,안전운전불이행,건조,맑음,단일로 - 기타,승용,여,51세,상해없음,보행자,남,30세,중상
2021122000100118,2021년 12월 20일 09시,월요일,대구광역시 서구 내당동,경상사고,0,0,1,0,차대차 - 측면충돌,불법유턴,건조,맑음,교차로 - 교차로부근,승용,여,40세,상해없음,승용,여,56세,경상
2021122000100119,2021년 12월 20일 09시,월요일,대구광역시 달서구 장기동,경상사고,0,0,1,0,차대차 - 기타,안전운전불이행,건조,맑음,기타 - 기타,승용,남,66세,상해없음,승용,남,25세,경상
2021122000100136,2021년 12월 20일 10시,월요일,대구광역시 동구 신천동,경상사고,0,0,1,0,차대차 - 추돌,안전운전불이행,건조,맑음,교차로 - 교차로안,화물,남,57세,상해없음,화물,남,57세,경상
2021122000100137,2021년 12월 20일 10시,월요일,대구광역시 수성구 수성동4가,경상사고,0,0,1,1,차대차 - 기타,차로위반,건조,맑음,단일로 - 기타,승용,남,58세,부상신고,승용,남,36세,경상
2021122000100138,2021년 12월 20일 10시,월요일,대구광역시 서구 비산동,경상사고,0,0,4,0,차대차 - 추돌,안전운전불이행,건조,맑음,단일로 - 기타,승용,남,48세,상해없음,화물,남,48세,경상
2021122000100139,2021년 12월 20일 10시,월요일,대구광역시 북구 침산동,경상사고,0,0,1,0,차대사람 - 기타,안전운전불이행,건조,맑음,기타 - 기타,승용,남,52세,경상,보행자,남,53세,상해없음
2021122000100140,2021년 12월 20일 10시,월요일,대구광역시 달서구 이곡동,경상사고,0,0,1,0,차대차 - 기타,안전운전불이행,건조,맑음,교차로 - 교차로안,승용,여,37세,상해없음,이륜,남,37세,경상
2021122000100171,2021년 12월 20일 11시,월요일,대구광역시 동구 신천동,부상신고사고,0,0,0,1,차대차 - 측면충돌,신호위반,건조,맑음,교차로 - 교차로부근,이륜,남,37세,부상신고,승용,남,70세,상해없음
2021122000100172,2021년 12월 20일 11시,월요일,대구광역시 달성군 구지면,경상사고,0,0,1,0,차대차 - 측면충돌,안전운전불이행,건조,맑음,단일로 - 기타,화물,남,72세,상해없음,이륜,남,30세,경상
2021122000100173,2021년 12월 20일 11시,월요일,대구광역시 서구 원대동3가,경상사고,0,0,2,0,차대차 - 측면충돌,안전운전불이행,건조,맑음,교차로 - 교차로부근,승용,여,29세,경상,승합,남,58세,경상
2021122000100174,2021년 12월 20일 11시,월요일,대구광역시 중구 동인동1가,중상사고,0,1,0,0,차대차 - 측면충돌,교차로운행방법위반,건조,맑음,교차로 - 교차로안,화물,남,42세,상해없음,이륜,남,77세,중상
2021122000100207,2021년 12월 20일 12시,월요일,대구광역시 남구 대명동,경상사고,0,0,1,0,차대차 - 정면충돌,안전운전불이행,건조,맑음,단일로 - 기타,이륜,남,51세,상해없음,자전거,남,70세,경상
2021122000100208,2021년 12월 20일 12시,월요일,대구광역시 달성군 논공읍,경상사고,0,0,2,0,차대차 - 기타,신호위반,건조,맑음,교차로 - 교차로부근,화물,남,50세,상해없음,승용,여,25세,경상
2021122000100209,2021년 12월 20일 12시,월요일,대구광역시 북구 대현동,경상사고,0,0,1,0,차대차 - 후진중충돌,안전운전불이행,건조,맑음,단일로 - 기타,승용,남,82세,상해없음,승용,여,29세,경상
2021122000100210,2021년 12월 20일 12시,월요일,대구광역시 중구 대봉동,경상사고,0,0,1,0,차대차 - 추돌,안전운전불이행,건조,맑음,단일로 - 기타,화물,남,31세,상해없음,화물,여,38세,경상
2021122000100243,2021년 12월 20일 13시,월요일,대구광역시 달서구 대천동,경상사고,0,0,1,0,차대차 - 측면충돌,신호위반,건조,맑음,교차로 - 교차로안,승용,여,51세,상해없음,승용,남,63세,경상
2021122000100244,2021년 12월 20일 13시,월요일,대구광역시 달서구 본동,경상사고,0,0,2,0,차대차 - 측면충돌,안전거리미확보,건조,맑음,교차로 - 교차로안,승용,남,27세,상해없음,승용,남,35세,경상
2021122000100245,2021년 12월 20일 13시,월요일,대구광역시 달서구 감삼동,경상사고,0,0,2,0,차대차 - 기타,안전운전불이행,건조,맑음,단일로 - 기타,승용,여,51세,상해없음,이륜,남,27세,경상
2021122000100274,2021년 12월 20일 14시,월요일,대구광역시 동구 입석동,경상사고,0,0,2,0,차대차 - 측면충돌,안전운전불이행,건조,맑음,교차로 - 교차로부근,승용,남,58세,상해없음,승용,여,36세,경상
2021122000100275,2021년 12월 20일 14시,월요일,대구광역시 수성구 범어동,경상사고,0,0,1,0,차대차 - 측면충돌,안전운전불이행,건조,맑음,단일로 - 기타,이륜,남,30세,상해없음,승용,남,41세,경상
2021122000100276,2021년 12월 20일 14시,월요일,대구광역시 남구 대명동,경상사고,0,0,2,0,차대차 - 측면충돌,안전운전불이행,건조,맑음,교차로 - 교차로안,화물,남,77세,상해없음,승합,남,61세,경상
2021122000100277,2021년 12월 20일 14시,월요일,대구광역시 북구 복현동,부상신고사고,0,0,0,1,차대사람 - 길가장자리구역통행중,안전운전불이행,건조,맑음,단일로 - 기타,승용,남,66세,상해없음,보행자,여,32세,부상신고
2021122000100278,2021년 12월 20일 14시,월요일,대구광역시 중구 대신동,중상사고,0,1,0,0,차대사람 - 횡단중,보행자보호의무위반,건조,맑음,단일로 - 기타,이륜,남,67세,상해없음,보행자,여,76세,중상
2021122000100279,2021년 12월 20일 14시,월요일,대구광역시 달서구 월암동,경상사고,0,0,2,0,차대차 - 측면충돌,안전거리미확보,건조,맑음,기타 - 기타,승용,남,20세,상해없음,승용,남,67세,상해없음
2021122000100323,2021년 12월 20일 15시,월요일,대구광역시 동구 신천동,경상사고,0,0,1,0,차대사람 - 기타,안전운전불이행,건조,맑음,단일로 - 기타,승합,남,56세,상해없음,보행자,여,78세,경상