사고번호,사고일시,요일,시군구,사고내용,사망자수,중상자수,경상자수,부상신고자수,사고유형,법규위반,노면상태,기상상태,도로형태,가해운전자 차종,가해운전자 성별,가해운전자 연령,가해운전자 상해정도,피해운전자 차종,피해운전자 성별,피해운전자 연령,피해운전자 상해정도
2021122400100204,2021년 12월 24일 12시,금요일,대구광역시 달서구 진천동,경상사고,0,0,1,0,차대차 - 측면충돌,교차로운행방법위반,건조,맑음,교차로 - 교차로안,이륜,남,42세,상해없음,승용,남,28세,경상
2021122400100205,2021년 12월 24일 12시,금요일,대구광역시 서구 평리동,경상사고,0,0,1,0,차대차 - 측면충돌,안전운전불이행,건조,맑음,교차로 - 교차로부근,승용,남,42세,상해없음,자전거,남,86세,경상
2021122400100206,2021년 12월 24일 12시,금요일,대구광역시 중구 동문동,경상사고,0,0,2,0,차대차 - 기타,안전운전불이행,건조,맑음,단일로 - 기타,이륜,남,61세,경상,승용,남,48세,상해없음
2021122400100231,2021년 12월 24일 13시,금요일,대구광역시 동구 신암동,중상사고,0,1,0,0,차대사람 - 기타,안전운전불이행,건조,맑음,단일로 - 기타,원동기,남,26세,상해없음,보행자,여,58세,중상
2021122400100232,2021년 12월 24일 13시,금요일,대구광역시 달서구 송현동,중상사고,0,1,2,0,차대차 - 추돌,안전운전불이행,건조,맑음,단일로 - 기타,승용,남,65세,중상,승합,남,53세,경상
2021122400100233,2021년 12월 24일 13시,금요일,대구광역시 북구 산격동,중상사고,0,1,0,0,차대차 - 추돌,신호위반,건조,맑음,교차로 - 교차로부근,이륜,남,41세,상해없음,승용,여,47세,중상
2021122400100254,2021년 12월 24일 14시,금요일,대구광역시 북구 산격동,경상사고,0,0,1,0,차대차 - 기타,교차로운행방법위반,건조,맑음,교차로 - 교차로부근,화물,남,61세,상해없음,특수,남,45세,경상
2021122400100291,2021년 12월 24일 15시,금요일,대구광역시 달서구 본동,경상사고,0,0,1,0,차대차 - 측면충돌,교차로운행방법위반,건조,맑음,교차로 - 교차로안,승용,남,66세,상해없음,승용,남,68세,경상
2021122400100374,2021년 12월 24일 17시,금요일,대구광역시 북구 복현동,경상사고,0,0,1,0,차대사람 - 기타,안전운전불이행,건조,맑음,단일로 - 기타,이륜,기타불명,미분류,기타불명,보행자,남,23세,경상
2021122400100375,2021년 12월 24일 17시,금요일,대구광역시 서구 비산동,경상사고,0,0,2,0,차대차 - 측면충돌,안전거리미확보,건조,맑음,단일로 - 기타,승용,여,63세,경상,화물,남,57세,경상
2021122400100376,2021년 12월 24일 17시,금요일,대구광역시 달서구 호산동,경상사고,0,0,1,0,차대차 - 측면충돌,교차로운행방법위반,건조,맑음,교차로 - 교차로안,화물,남,60세,상해없음,승용,남,73세,경상
2021122400100434,2021년 12월 24일 18시,금요일,대구광역시 동구 방촌동,부상신고사고,0,0,0,1,차대차 - 측면충돌,안전거리미확보,건조,맑음,단일로 - 기타,이륜,남,64세,부상신고,화물,남,65세,상해없음
2021122400100435,2021년 12월 24일 18시,금요일,대구광역시 동구 신천동,경상사고,0,0,1,0,차대차 - 측면충돌,안전운전불이행,건조,맑음,단일로 - 기타,이륜,남,36세,경상,승용,남,53세,상해없음
2021122400100436,2021년 12월 24일 18시,금요일,대구광역시 서구 내당동,경상사고,0,0,1,0,차대차 - 측면충돌,안전운전불이행,건조,맑음,단일로 - 기타,승용,여,38세,기타불명,승용,여,63세,경상
2021122400100437,2021년 12월 24일 18시,금요일,대구광역시 중구 동산동,경상사고,0,0,2,0,차대차 - 측면충돌,안전거리미확보,건조,흐림,기타 - 기타,승용,남,57세,경상,승용,여,48세,경상
2021122400100438,2021년 12월 24일 18시,금요일,대구광역시 북구 구암동,중상사고,0,1,0,0,차대사람 - 횡단중,안전운전불이행,건조,맑음,단일로 - 기타,승합,남,62세,상해없음,보행자,남,55세,중상
2021122400100499,2021년 12월 24일 19시,금요일,대구광역시 달성군 화원읍,경상사고,0,0,1,0,차대차 - 추돌,안전운전불이행,건조,맑음,교차로 - 교차로부근,승용,남,78세,상해없음,승용,남,28세,상해없음
2021122400100545,2021년 12월 24일 20시,금요일,대구광역시 남구 대명동,경상사고,0,0,1,0,차대차 - 측면충돌,안전운전불이행,건조,맑음,교차로 - 교차로부근,승용,남,36세,기타불명,이륜,남,35세,경상
2021122400100546,2021년 12월 24일 20시,금요일,대구광역시 수성구 신매동,경상사고,0,0,3,0,차대차 - 추돌,안전운전불이행,건조,맑음,단일로 - 기타,승용,남,49세,기타불명,승용,여,52세,경상
2021122400100547,2021년 12월 24일 20시,금요일,대구광역시 북구 대현동,경상사고,0,0,1,0,차대차 - 측면충돌,안전운전불이행,건조,맑음,교차로 - 교차로횡단보도내,승용,여,47세,상해없음,개인형이동수단(PM),남,24세,경상
2021122400100548,2021년 12월 24일 20시,금요일,대구광역시 서구 평리동,경상사고,0,0,1,0,차대사람 - 보도통행중,안전운전불이행,건조,맑음,기타 - 기타,승용,남,59세,상해없음,보행자,여,39세,경상
2021122400100549,2021년 12월 24일 20시,금요일,대구광역시 서구 중리동,경상사고,0,0,2,0,차대차 - 측면충돌,안전운전불이행,건조,맑음,단일로 - 기타,승용,남,42세,상해없음,승용,남,33세,경상
2021122400100550,2021년 12월 24일 20시,금요일,대구광역시 중구 봉산동,경상사고,0,0,2,0,차대차 - 측면충돌,중앙선침범,건조,맑음,단일로 - 기타,기타불명,기타불명,미분류,기타불명,승용,남,36세,경상
2021122400100551,2021년 12월 24일 20시,금요일,대구광역시 북구 태전동,중상사고,0,1,0,0,차대차 - 추돌,기타,건조,맑음,단일로 - 지하차도(도로)내,승용,남,30세,상해없음,이륜,여,59세,중상
2021122400100589,2021년 12월 24일 21시,금요일,대구광역시 수성구 사월동,경상사고,0,0,2,0,차대차 - 측면충돌,안전운전불이행,건조,맑음,단일로 - 기타,승용,남,41세,상해없음,개인형이동수단(PM),남,25세,경상
2021122400100590,2021년 12월 24일 21시,금요일,대구광역시 달서구 이곡동,중상사고,0,2,0,0,차대사람 - 기타,신호위반,건조,맑음,단일로 - 기타,이륜,남,40세,상해없음,보행자,여,15세,중상
2021122400100591,2021년 12월 24일 21시,금요일,대구광역시 북구 연경동,경상사고,0,0,2,0,차대차 - 측면충돌,직진우회전진행방해,건조,맑음,교차로 - 교차로안,이륜,남,42세,경상,승용,여,52세,경상
2021122400100624,2021년 12월 24일 22시,금요일,대구광역시 동구 신암동,중상사고,0,1,0,0,차대차 - 측면충돌,교차로운행방법위반,건조,맑음,교차로 - 교차로안,승용,여,44세,상해없음,이륜,남,31세,중상
2021122400100625,2021년 12월 24일 22시,금요일,대구광역시 달서구 본리동,경상사고,0,0,1,0,차대차 - 측면충돌,안전거리미확보,건조,맑음,단일로 - 기타,승용,남,47세,상해없음,이륜,남,22세,경상
2021122500100022,2021년 12월 25일 03시,토요일,대구광역시 중구 남산동,경상사고,0,0,3,0,차대차 - 측면충돌,안전거리미확보,건조,맑음,단일로 - 기타,승용,남,19세,상해없음,승용,남,21세,경상
2021122500100026,2021년 12월 25일 04시,토요일,대구광역시 서구 내당동,경상사고,0,0,2,0,차대차 - 기타,신호위반,건조,맑음,단일로 - 기타,승용,남,69세,상해없음,승용,남,47세,상해없음
2021122500100027,2021년 12월 25일 04시,토요일,대구광역시 달서구 감삼동,경상사고,0,0,2,0,차대차 - 측면충돌,신호위반,건조,맑음,교차로 - 교차로안,승용,남,50세,상해없음,승용,여,54세,경상
2021122500100051,2021년 12월 25일 08시,토요일,대구광역시 수성구 지산동,경상사고,0,0,2,0,차대차 - 측면충돌,불법유턴,건조,맑음,단일로 - 기타,특수,남,52세,경상,승용,남,31세,경상
2021122500100052,2021년 12월 25일 08시,토요일,대구광역시 서구 원대동1가,중상사고,0,1,0,0,차대차 - 기타,직진우회전진행방해,건조,맑음,교차로 - 교차로안,자전거,여,71세,중상,이륜,남,53세,상해없음
2021122500100099,2021년 12월 25일 11시,토요일,대구광역시 서구 상리동,중상사고,0,2,0,0,차대차 - 측면충돌,신호위반,건조,맑음,단일로 - 기타,승용,남,30세,상해없음,승용,여,26세,중상
2021122500100131,2021년 12월 25일 12시,토요일,대구광역시 수성구 범어동,경상사고,0,0,1,0,차대차 - 추돌,안전거리미확보,건조,맑음,교차로 - 교차로부근,승용,남,33세,상해없음,승용,여,34세,경상
2021122500100161,2021년 12월 25일 13시,토요일,대구광역시 수성구 두산동,경상사고,0,0,1,0,차대차 - 측면충돌,안전운전불이행,건조,맑음,단일로 - 기타,승용,남,79세,상해없음,이륜,남,24세,경상
2021122500100189,2021년 12월 25일 14시,토요일,대구광역시 동구 도동,경상사고,0,0,4,0,차대차 - 측면충돌,안전거리미확보,건조,맑음,단일로 - 기타,화물,남,54세,상해없음,승용,남,26세,경상
2021122500100190,2021년 12월 25일 14시,토요일,대구광역시 달서구 도원동,경상사고,0,0,1,0,차대사람 - 기타,안전운전불이행,건조,맑음,교차로 - 교차로부근,승용,남,26세,상해없음,보행자,남,9세,경상
2021122500100217,2021년 12월 25일 15시,토요일,대구광역시 서구 내당동,중상사고,0,1,2,0,차대차 - 측면충돌,안전거리미확보,건조,맑음,단일로 - 기타,승용,남,77세,상해없음,승용,남,41세,경상
2021122500100218,2021년 12월 25일 15시,토요일,대구광역시 서구 이현동,중상사고,0,1,0,0,차대차 - 측면충돌,안전운전불이행,건조,맑음,교차로 - 교차로안,승합,남,47세,상해없음,이륜,남,61세,중상
2021122500100268,2021년 12월 25일 17시,토요일,대구광역시 북구 산격동,중상사고,0,1,0,0,차대차 - 측면충돌,안전거리미확보,건조,맑음,단일로 - 기타,승용,남,26세,상해없음,이륜,남,23세,중상
2021122500100269,2021년 12월 25일 17시,토요일,대구광역시 달서구 이곡동,경상사고,0,0,2,0,차대차 - 기타,안전운전불이행,건조,맑음,단일로 - 기타,승용,남,42세,상해없음,승용,남,40세,경상
2021122500100301,2021년 12월 25일 18시,토요일,대구광역시 동구 신천동,경상사고,0,0,1,0,차대사람 - 기타,보행자보호의무위반,건조,맑음,교차로 - 교차로안,승용,남,73세,상해없음,보행자,여,56세,경상
2021122500100302,2021년 12월 25일 18시,토요일,대구광역시 달서구 파호동,경상사고,0,0,1,0,차대차 - 기타,안전거리미확보,건조,맑음,단일로 - 기타,승용,남,30세,상해없음,이륜,남,18세,경상
2021122500100303,2021년 12월 25일 18시,토요일,대구광역시 북구 사수동,경상사고,0,0,1,0,차대차 - 측면충돌,불법유턴,건조,맑음,교차로 - 교차로부근,승용,남,39세,상해없음,이륜,남,36세,경상
2021122500100350,2021년 12월 25일 20시,토요일,대구광역시 남구 대명동,경상사고,0,0,3,0,차대차 - 추돌,안전운전불이행,건조,맑음,단일로 - 기타,승용,남,72세,상해없음,승용,여,47세,경상
2021122500100351,2021년 12월 25일 20시,토요일,대구광역시 남구 이천동,경상사고,0,0,2,0,차대차 - 측면충돌,안전운전불이행,건조,맑음,교차로 - 교차로부근,승용,남,55세,경상,승용,남,62세,상해없음
2021122500100352,2021년 12월 25일 20시,토요일,대구광역시 달서구 본리동,경상사고,0,0,1,0,차대차 - 측면충돌,차로위반,건조,맑음,단일로 - 기타,승용,여,50세,상해없음,승용,남,29세,경상
2021122500100383,2021년 12월 25일 21시,토요일,대구광역시 수성구 수성동3가,경상사고,0,0,1,0,차대사람 - 횡단중,안전운전불이행,건조,맑음,기타 - 기타,승용,여,54세,기타불명,보행자,여,15세,경상
2021122500100384,2021년 12월 25일 21시,토요일,대구광역시 달서구 장기동,경상사고,0,0,1,0,차대사람 - 차도통행중,안전운전불이행,건조,맑음,단일로 - 기타,승용,남,63세,상해없음,보행자,여,63세,경상
2021122500100410,2021년 12월 25일 22시,토요일,대구광역시 중구 삼덕동1가,중상사고,0,1,0,0,차대차 - 측면충돌,안전운전불이행,건조,맑음,단일로 - 기타,승용,남,23세,상해없음,승용,남,30세,중상
2021122600100021,2021년 12월 26일 06시,일요일,대구광역시 서구 비산동,경상사고,0,0,1,0,차대사람 - 차도통행중,안전운전불이행,건조,맑음,단일로 - 기타,승용,남,45세,상해없음,보행자,남,66세,경상
2021122600100051,2021년 12월 26일 10시,일요일,대구광역시 달서구 용산동,중상사고,0,1,2,0,차대차 - 측면충돌,교차로운행방법위반,건조,맑음,교차로 - 교차로안,승용,남,73세,경상,승용,여,49세,중상
2021122600100082,2021년 12월 26일 12시,일요일,대구광역시 달서구 상인동,경상사고,0,0,1,0,차대차 - 측면충돌,신호위반,건조,맑음,단일로 - 기타,승용,여,54세,상해없음,승용,여,46세,경상
2021122600100142,2021년 12월 26일 14시,일요일,대구광역시 수성구 황금동,중상사고,0,1,1,0,차대차 - 측면충돌,신호위반,건조,맑음,교차로 - 교차로안,이륜,남,33세,중상,승용,남,28세,경상
2021122600100143,2021년 12월 26일 14시,일요일,대구광역시 수성구 만촌동,경상사고,0,0,1,0,차대차 - 기타,기타,건조,맑음,기타 - 기타,이륜,남,31세,경상,승용,여,49세,상해없음
2021122600100144,2021년 12월 26일 14시,일요일,대구광역시 달서구 송현동,경상사고,0,0,1,0,차대차 - 측면충돌,교차로운행방법위반,건조,맑음,교차로 - 교차로안,승용,남,63세,상해없음,이륜,남,25세,경상
2021122600100145,2021년 12월 26일 14시,일요일,대구광역시 북구 침산동,경상사고,0,0,2,0,차대차 - 추돌,안전거리미확보,건조,맑음,단일로 - 고가도로위,승용,남,39세,상해없음,승용,남,50세,경상
2021122600100146,2021년 12월 26일 14시,일요일,대구광역시 북구 태전동,경상사고,0,0,5,0,차대차 - 측면충돌,안전운전불이행,건조,맑음,교차로 - 교차로안,승용,남,36세,경상,승용,남,26세,경상
2021122600100170,2021년 12월 26일 15시,일요일,대구광역시 달성군 화원읍,경상사고,0,0,1,0,차대차 - 측면충돌,안전운전불이행,건조,맑음,단일로 - 기타,이륜,남,29세,상해없음,이륜,남,29세,경상
2021122600100171,2021년 12월 26일 15시,일요일,대구광역시 달서구 용산동,경상사고,0,0,2,0,차대차 - 측면충돌,신호위반,건조,맑음,단일로 - 기타,승용,남,55세,상해없음,승용,남,54세,경상
2021122600100193,2021년 12월 26일 16시,일요일,대구광역시 동구 효목동,경상사고,0,0,2,0,차대차 - 기타,차로위반,건조,맑음,단일로 - 기타,승용,남,65세,상해없음,승용,남,25세,경상
2021122600100194,2021년 12월 26일 16시,일요일,대구광역시 동구 지저동,경상사고,0,0,4,1,차대차 - 측면충돌,안전거리미확보,건조,맑음,단일로 - 교량,승용,남,28세,경상,승용,여,33세,경상
2021122600100195,2021년 12월 26일 16시,일요일,대구광역시 수성구 파동,경상사고,0,0,1,0,차대차 - 측면충돌,교차로운행방법위반,건조,맑음,교차로 - 교차로안,승용,남,77세,상해없음,승합,남,62세,경상
2021122600100256,2021년 12월 26일 18시,일요일,대구광역시 수성구 범어동,경상사고,0,0,1,0,차대차 - 측면충돌,안전운전불이행,건조,맑음,교차로 - 교차로안,기타불명,기타불명,미분류,기타불명,승용,남,57세,경상
2021122600100257,2021년 12월 26일 18시,일요일,대구광역시 달성군 다사읍,경상사고,0,0,1,0,차대차 - 측면충돌,중앙선침범,건조,맑음,단일로 - 기타,승용,남,53세,상해없음,이륜,남,23세,경상
2021122600100282,2021년 12월 26일 19시,일요일,대구광역시 북구 태전동,중상사고,0,1,1,0,차대차 - 측면충돌,안전운전불이행,건조,맑음,교차로 - 교차로안,승용,남,48세,상해없음,화물,남,61세,경상
2021122600100311,2021년 12월 26일 20시,일요일,대구광역시 달서구 두류동,경상사고,0,0,2,0,차대차 - 기타,중앙선침범,건조,맑음,단일로 - 기타,승용,여,24세,상해없음,승용,남,25세,경상
2021122600100352,2021년 12월 26일 22시,일요일,대구광역시 북구 서변동,중상사고,0,1,0,0,차대차 - 추돌,안전운전불이행,건조,맑음,단일로 - 기타,화물,남,61세,상해없음,화물,남,63세,중상
2021122600100354,2021년 12월 26일 22시,일요일,대구광역시 남구 봉덕동,경상사고,0,0,2,0,차대차 - 추돌,안전운전불이행,건조,맑음,단일로 - 기타,승용,남,45세,상해없음,승용,여,43세,경상
2021122700100001,2021년 12월 27일 00시,월요일,대구광역시 수성구 삼덕동,부상신고사고,0,0,0,1,차량단독 - 공작물충돌,안전운전불이행,건조,맑음,단일로 - 기타,승용,남,25세,부상신고,,,,
2021122700100018,2021년 12월 27일 05시,월요일,대구광역시 달서구 이곡동,경상사고,0,0,1,0,차량단독 - 기타,기타,건조,흐림,기타 - 기타,개인형이동수단(PM),남,21세,경상,,,,
2021122700100037,2021년 12월 27일 06시,월요일,대구광역시 북구 산격동,경상사고,0,0,1,0,차대차 - 기타,신호위반,건조,맑음,단일로 - 기타,이륜,남,62세,경상,승용,남,67세,상해없음
2021122700100049,2021년 12월 27일 07시,월요일,대구광역시 남구 대명동,경상사고,0,0,2,0,차대차 - 측면충돌,안전운전불이행,건조,맑음,교차로 - 교차로부근,승용,여,49세,상해없음,승용,남,38세,경상
2021122700100081,2021년 12월 27일 08시,월요일,대구광역시 동구 용계동,경상사고,0,0,1,0,차대차 - 추돌,안전운전불이행,건조,맑음,단일로 - 기타,승용,남,34세,상해없음,승용,남,37세,경상
2021122700100083,2021년 12월 27일 08시,월요일,대구광역시 동구 괴전동,경상사고,0,0,1,0,차대사람 - 횡단중,신호위반,건조,맑음,교차로 - 교차로부근,승용,남,65세,상해없음,보행자,여,8세,경상
2021122700100084,2021년 12월 27일 08시,월요일,대구광역시 수성구 중동,경상사고,0,0,1,0,차대사람 - 기타,안전운전불이행,건조,맑음,교차로 - 교차로안,승용,여,53세,상해없음,보행자,여,20세,경상
2021122700100085,2021년 12월 27일 08시,월요일,대구광역시 서구 평리동,경상사고,0,0,1,0,차대차 - 측면충돌,안전운전불이행,건조,맑음,단일로 - 기타,화물,남,68세,상해없음,화물,남,44세,경상
2021122700100116,2021년 12월 27일 09시,월요일,대구광역시 동구 방촌동,중상사고,0,1,0,0,차대차 - 측면충돌,안전운전불이행,건조,맑음,단일로 - 기타,승용,남,49세,상해없음,이륜,남,57세,중상
2021122700100142,2021년 12월 27일 10시,월요일,대구광역시 수성구 수성동4가,경상사고,0,0,2,0,차대차 - 정면충돌,직진우회전진행방해,건조,맑음,교차로 - 교차로안,승용,남,26세,상해없음,승용,남,51세,경상
2021122700100143,2021년 12월 27일 10시,월요일,대구광역시 서구 이현동,경상사고,0,0,1,0,차대차 - 측면충돌,안전운전불이행,건조,맑음,단일로 - 기타,승용,남,41세,상해없음,승용,남,31세,경상
2021122700100144,2021년 12월 27일 10시,월요일,대구광역시 북구 읍내동,경상사고,0,0,1,0,차대차 - 추돌,안전운전불이행,건조,맑음,단일로 - 지하차도(도로)내,승합,남,42세,경상,승용,남,36세,상해없음
2021122700100172,2021년 12월 27일 11시,월요일,대구광역시 동구 검사동,경상사고,0,0,2,0,차대차 - 추돌,안전운전불이행,건조,맑음,기타 - 기타,승용,남,64세,상해없음,승용,남,22세,경상
2021122700100173,2021년 12월 27일 11시,월요일,대구광역시 달서구 월성동,경상사고,0,0,2,0,차대차 - 측면충돌,안전운전불이행,건조,맑음,교차로 - 교차로안,승용,여,73세,상해없음,승용,남,34세,경상
2021122700100174,2021년 12월 27일 11시,월요일,대구광역시 달서구 진천동,경상사고,0,0,2,0,차대차 - 측면충돌,안전운전불이행,건조,맑음,교차로 - 교차로횡단보도내,이륜,남,15세,상해없음,이륜,남,17세,경상
2021122700100201,2021년 12월 27일 12시,월요일,대구광역시 수성구 시지동,경상사고,0,0,1,0,차대차 - 측면충돌,교차로운행방법위반,건조,맑음,교차로 - 교차로안,승용,남,55세,상해없음,이륜,남,20세,경상
2021122700100223,2021년 12월 27일 13시,월요일,대구광역시 달성군 화원읍,중상사고,0,1,2,0,차대차 - 측면충돌,안전운전불이행,건조,맑음,단일로 - 기타,화물,남,61세,상해없음,승용,남,51세,경상
2021122700100229,2021년 12월 27일 13시,월요일,대구광역시 서구 내당동,경상사고,0,0,1,0,차대차 - 측면충돌,신호위반,건조,맑음,단일로 - 기타,승용,여,52세,상해없음,이륜,남,23세,경상
2021122700100230,2021년 12월 27일 13시,월요일,대구광역시 달서구 감삼동,경상사고,0,0,1,0,차대차 - 기타,안전거리미확보,건조,맑음,단일로 - 기타,승용,남,78세,상해없음,승용,남,30세,경상
2021122700100313,2021년 12월 27일 15시,월요일,대구광역시 북구 검단동,경상사고,0,0,1,0,차대차 - 추돌,교차로운행방법위반,건조,맑음,교차로 - 교차로안,승용,남,34세,상해없음,화물,남,65세,경상
2021122700100314,2021년 12월 27일 15시,월요일,대구광역시 서구 비산동,경상사고,0,0,1,0,차대차 - 측면충돌,안전운전불이행,건조,맑음,교차로 - 교차로안,승용,여,49세,상해없음,이륜,남,56세,경상
2021122700100377,2021년 12월 27일 17시,월요일,대구광역시 달서구 월성동,경상사고,0,0,1,2,차대차 - 추돌,안전거리미확보,건조,맑음,단일로 - 기타,승용,남,23세,부상신고,화물,남,43세,경상
2021122700100426,2021년 12월 27일 18시,월요일,대구광역시 북구 구암동,경상사고,0,0,1,0,차대차 - 측면충돌,안전거리미확보,건조,맑음,교차로 - 교차로부근,승합,남,71세,상해없음,승용,남,35세,경상
2021122700100462,2021년 12월 27일 19시,월요일,대구광역시 수성구 지산동,경상사고,0,0,1,0,차대차 - 기타,신호위반,건조,맑음,단일로 - 기타,승용,남,66세,상해없음,승용,여,50세,경상
2021122700100463,2021년 12월 27일 19시,월요일,대구광역시 수성구 범어동,경상사고,0,0,1,0,차대차 - 추돌,안전운전불이행,건조,맑음,단일로 - 교량,승용,여,52세,상해없음,승용,남,51세,경상
2021122700100464,2021년 12월 27일 19시,월요일,대구광역시 달서구 월암동,중상사고,0,1,0,0,차대사람 - 횡단중,안전운전불이행,건조,맑음,교차로 - 교차로부근,승용,남,53세,상해없음,보행자,여,58세,중상
2021122700100465,2021년 12월 27일 19시,월요일,대구광역시 달서구 월성동,중상사고,0,1,0,0,차대차 - 정면충돌,안전운전불이행,건조,맑음,기타 - 기타,승용,남,45세,상해없음,원동기,남,49세,중상
2021122700100496,2021년 12월 27일 20시,월요일,대구광역시 수성구 신매동,부상신고사고,0,0,0,1,차대사람 - 횡단중,안전운전불이행,건조,맑음,단일로 - 기타,승용,남,77세,상해없음,보행자,남,71세,부상신고
2021122700100497,2021년 12월 27일 20시,월요일,대구광역시 수성구 매호동,경상사고,0,0,2,0,차대차 - 기타,교차로운행방법위반,건조,맑음,교차로 - 교차로안,승용,여,58세,경상,승용,남,60세,경상
2021122700100498,2021년 12월 27일 20시,월요일,대구광역시 달서구 진천동,경상사고,0,0,1,0,차대차 - 측면충돌,안전운전불이행,건조,맑음,교차로 - 교차로부근,승용,남,60세,상해없음,승용,여,55세,경상
2021122700100499,2021년 12월 27일 20시,월요일,대구광역시 북구 동변동,경상사고,0,0,1,0,차대사람 - 횡단중,보행자보호의무위반,건조,맑음,교차로 - 교차로부근,승용,여,50세,상해없음,보행자,남,24세,경상
2021122700100529,2021년 12월 27일 21시,월요일,대구광역시 수성구 황금동,중상사고,0,1,2,0,차대차 - 측면충돌,안전운전불이행,건조,맑음,단일로 - 기타,승용,남,33세,상해없음,승용,남,38세,경상
2021122700100530,2021년 12월 27일 21시,월요일,대구광역시 달서구 상인동,경상사고,0,0,1,0,차대차 - 기타,안전운전불이행,건조,맑음,교차로 - 교차로부근,승용,남,58세,상해없음,이륜,남,32세,경상
2021122700100531,2021년 12월 27일 21시,월요일,대구광역시 북구 침산동,중상사고,0,1,0,0,차대차 - 측면충돌,기타,건조,맑음,교차로 - 교차로안,승용,남,52세,상해없음,이륜,남,39세,중상
2021122700100559,2021년 12월 27일 22시,월요일,대구광역시 수성구 범어동,경상사고,0,0,1,0,차대사람 - 횡단중,보행자보호의무위반,건조,맑음,교차로 - 교차로횡단보도내,승용,여,69세,상해없음,보행자,남,63세,경상
2021122700100560,2021년 12월 27일 22시,월요일,대구광역시 서구 비산동,중상사고,0,1,0,0,차대차 - 측면충돌,기타,건조,맑음,교차로 - 교차로부근,승용,남,23세,상해없음,승용,남,59세,중상
2021122700100561,2021년 12월 27일 22시,월요일,대구광역시 달서구 신당동,중상사고,0,1,0,1,차대차 - 측면충돌,안전운전불이행,건조,맑음,단일로 - 기타,승용,남,60세,상해없음,이륜,남,42세,중상
2021122700100577,2021년 12월 27일 23시,월요일,대구광역시 중구 남산동,경상사고,0,0,1,0,차대차 - 측면충돌,안전거리미확보,건조,흐림,기타 - 기타,승용,남,62세,상해없음,승용,남,21세,경상
2021122800100034,2021년 12월 28일 05시,화요일,대구광역시 달서구 진천동,중상사고,0,1,0,0,차대사람 - 횡단중,신호위반,건조,맑음,기타 - 기타,승용,남,72세,상해없음,보행자,여,57세,중상
2021122800100052,2021년 12월 28일 06시,화요일,대구광역시 수성구 두산동,경상사고,0,0,1,0,차대차 - 추돌,안전운전불이행,건조,맑음,기타 - 기타,승용,남,24세,상해없음,승합,남,53세,경상
2021122800100053,2021년 12월 28일 06시,화요일,대구광역시 수성구 지산동,경상사고,0,0,1,1,차대차 - 측면충돌,안전운전불이행,건조,맑음,교차로 - 교차로안,승용,남,64세,부상신고,승용,여,50세,경상
2021122800100106,2021년 12월 28일 08시,화요일,대구광역시 달서구 신당동,경상사고,0,0,1,0,차대차 - 측면충돌,안전거리미확보,건조,맑음,단일로 - 기타,승용,여,44세,상해없음,승용,여,54세,경상
2021122800100161,2021년 12월 28일 10시,화요일,대구광역시 수성구 수성동4가,중상사고,0,1,0,0,차대사람 - 횡단중,안전운전불이행,건조,맑음,단일로 - 기타,승용,여,45세,상해없음,보행자,여,67세,중상
2021122800100162,2021년 12월 28일 10시,화요일,대구광역시 달서구 상인동,경상사고,0,0,1,0,차대차 - 후진중충돌,안전운전불이행,건조,맑음,교차로 - 교차로부근,승용,여,61세,상해없음,승용,남,20세,경상
2021122800100163,2021년 12월 28일 10시,화요일,대구광역시 달서구 성당동,경상사고,0,0,1,0,차대사람 - 길가장자리구역통행중,안전운전불이행,건조,맑음,단일로 - 기타,승용,남,26세,상해없음,보행자,여,73세,경상
2021122800100186,2021년 12월 28일 11시,화요일,대구광역시 달서구 상인동,경상사고,0,0,1,0,차대차 - 측면충돌,차로위반,건조,맑음,단일로 - 기타,이륜,남,85세,경상,승합,남,45세,상해없음
2021122800100187,2021년 12월 28일 11시,화요일,대구광역시 달서구 상인동,경상사고,0,0,2,0,차대차 - 측면충돌,안전운전불이행,건조,맑음,기타 - 기타,승용,여,41세,상해없음,승용,여,69세,경상
2021122800100215,2021년 12월 28일 12시,화요일,대구광역시 남구 대명동,경상사고,0,0,1,0,차대사람 - 기타,안전운전불이행,건조,맑음,단일로 - 기타,승용,남,36세,상해없음,보행자,남,71세,경상
2021122800100233,2021년 12월 28일 13시,화요일,대구광역시 동구 효목동,경상사고,0,0,1,0,차대차 - 측면충돌,기타,건조,맑음,교차로 - 교차로횡단보도내,승용,남,69세,상해없음,승용,남,65세,경상
2021122800100234,2021년 12월 28일 13시,화요일,대구광역시 수성구 지산동,경상사고,0,0,1,0,차대차 - 측면충돌,안전거리미확보,건조,맑음,단일로 - 기타,승용,여,64세,상해없음,승용,남,66세,경상
2021122800100235,2021년 12월 28일 13시,화요일,대구광역시 달서구 진천동,경상사고,0,0,1,0,차대사람 - 기타,안전운전불이행,건조,맑음,단일로 - 기타,기타불명,기타불명,미분류,기타불명,보행자,여,64세,경상